english	word	script	field_per_million	general_per_million	field_to_general	computing	fan_in
time	日	other	5833	9041.5	0.6	no	16
time	時	other	4201	1843.2	2.3	no	16
time	次	other	3640	222.5	16.4	no	16
time	際	other	1311	601.4	2.2	no	16
time	時間	other	859	551.1	1.6	no	16
time	間	other	730	565.0	1.3	no	16
time	度	other	546	575.2	0.9	no	16
time	節	other	376	148.3	2.5	no	16
time	時刻	other	308	23.4	13.1	no	16
time	タイム	katakana	282	180.1	1.6	no	16
time	頃	other	250	520.7	0.5	no	16
time	時期	other	137	203.6	0.7	no	16
time	段	other	117	128.6	0.9	no	16
time	比	other	103	52.1	2.0	no	16
time	秋	other	63	130.8	0.5	no	16
time	期	other	57	501.1	0.1	no	16
case	場合	other	14158	925.0	15.3	no	15
case	例	other	6343	223.3	28.4	no	15
case	日	other	5833	9041.5	0.6	no	15
case	時	other	4201	1843.2	2.3	no	15
case	問題	other	1312	399.2	3.3	no	15
case	際	other	1311	601.4	2.2	no	15
case	側	other	471	364.7	1.3	no	15
case	ケース	katakana	326	80.7	4.0	yes	15
case	訳	other	289	313.6	0.9	no	15
case	件	other	97	137.3	0.7	no	15
case	筐体	other	95	9.8	9.6	no	15
case	事例	other	82	47.9	1.7	no	15
case	事件	other	66	488.5	0.1	no	15
case	場面	other	64	67.9	0.9	no	15
case	秋	other	63	130.8	0.5	no	15
part	点	other	885	363.9	2.4	no	15
part	部分	other	798	249.0	3.2	no	15
part	側	other	471	364.7	1.3	no	15
part	分	other	388	1042.5	0.4	no	15
part	節	other	376	148.3	2.5	no	15
part	部	other	252	1097.4	0.2	no	15
part	所	other	234	343.3	0.7	no	15
part	役割	other	201	96.3	2.1	no	15
part	パート	katakana	153	120.4	1.3	no	15
part	役	other	128	903.1	0.1	no	15
part	箇所	other	121	124.1	1.0	no	15
part	構成要素	other	89	5.7	15.7	no	15
part	パーツ	katakana	79	37.0	2.1	no	15
part	ステージ	katakana	67	278.1	0.2	no	15
part	一環	other	57	43.2	1.3	no	15
plan	設計	other	1209	207.1	5.8	no	15
plan	文	other	583	127.3	4.6	no	15
plan	計画	other	377	414.4	0.9	no	15
plan	仕組み	other	242	24.8	9.8	no	15
plan	寸法	other	212	9.6	22.1	no	15
plan	策	other	162	27.5	5.9	no	15
plan	方針	other	111	72.4	1.5	no	15
plan	企画	other	104	324.3	0.3	no	15
plan	プラン	katakana	95	38.3	2.5	no	15
plan	コンセプト	katakana	91	51.7	1.8	no	15
plan	規模	other	86	82.6	1.0	no	15
plan	考案	other	76	29.1	2.6	no	15
plan	略	other	72	36.9	1.9	no	15
plan	地図	other	65	75.9	0.9	no	15
plan	考え	other	52	46.2	1.1	no	15
side	際	other	1311	601.4	2.2	no	15
side	元	other	624	867.7	0.7	no	15
side	側	other	471	364.7	1.3	no	15
side	方	other	462	268.2	1.7	no	15
side	下	other	432	387.7	1.1	no	15
side	面	other	242	379.0	0.6	no	15
side	所	other	234	343.3	0.7	no	15
side	サイド	katakana	216	79.9	2.7	no	15
side	基	other	136	144.4	0.9	no	15
side	辺	other	94	21.2	4.4	no	15
side	本	other	72	160.2	0.4	no	15
side	側面	other	54	51.4	1.0	no	15
side	横	other	54	60.1	0.9	no	15
side	左右	other	53	56.5	0.9	no	15
side	辺り	other	51	36.3	1.4	no	15
end	前	other	1519	937.1	1.6	no	14
end	後	other	1236	1707.5	0.7	no	14
end	端末	other	851	32.5	26.2	no	14
end	最後	other	706	339.7	2.1	no	14
end	終了	other	687	382.3	1.8	no	14
end	完了	other	523	72.6	7.2	no	14
end	下	other	432	387.7	1.1	no	14
end	限り	other	422	87.3	4.8	no	14
end	先	other	370	156.6	2.4	no	14
end	末尾	other	283	7.5	37.6	no	14
end	段落	other	194	1.8	107.0	no	14
end	区切り	other	141	3.8	37.0	no	14
end	端	other	105	30.3	3.5	no	14
end	終わり	other	99	44.4	2.2	no	14
group	ブロック	katakana	1276	91.1	14.0	no	14
group	グループ	katakana	714	452.3	1.6	no	14
group	単位	other	590	88.7	6.6	no	14
group	列	other	484	58.2	8.3	no	14
group	群	other	335	167.1	2.0	no	14
group	層	other	282	76.8	3.7	no	14
group	ユニット	katakana	271	134.3	2.0	no	14
group	部門	other	186	213.2	0.9	no	14
group	基	other	136	144.4	0.9	no	14
group	団体	other	121	185.9	0.7	no	14
group	財団	other	107	61.3	1.7	no	14
group	組	other	77	255.8	0.3	no	14
group	集団	other	58	112.0	0.5	no	14
group	系統	other	51	154.0	0.3	no	14
operation	動作	other	1672	48.3	34.6	no	14
operation	操作	other	1216	82.4	14.8	no	14
operation	実施	other	901	326.0	2.8	no	14
operation	運用	other	593	152.5	3.9	no	14
operation	作業	other	476	88.5	5.4	no	14
operation	演算	other	407	10.5	38.7	no	14
operation	事業	other	277	433.3	0.6	no	14
operation	運営	other	220	233.9	0.9	no	14
operation	活動	other	207	652.2	0.3	no	14
operation	稼働	other	144	36.0	4.0	no	14
operation	オペレーション	katakana	80	21.7	3.7	no	14
operation	工程	other	75	21.1	3.6	no	14
operation	経営	other	69	183.4	0.4	no	14
operation	扱い	other	62	87.4	0.7	no	14
appearance	名	other	1968	938.7	2.1	no	12
appearance	状態	other	1574	286.5	5.5	no	12
appearance	色	other	910	159.2	5.7	no	12
appearance	表	other	521	142.8	3.6	no	12
appearance	登場	other	477	848.1	0.6	no	12
appearance	方	other	462	268.2	1.7	no	12
appearance	形	other	316	272.3	1.2	no	12
appearance	目	other	127	180.7	0.7	no	12
appearance	体	other	91	244.2	0.4	no	12
appearance	出現	other	74	72.8	1.0	no	12
appearance	見た目	other	52	21.6	2.4	no	12
appearance	様	other	51	51.9	1.0	no	12
beginning	最初	other	1344	321.3	4.2	no	12
beginning	上	other	1233	475.6	2.6	no	12
beginning	開始	other	779	770.6	1.0	no	12
beginning	元	other	624	867.7	0.7	no	12
beginning	初期	other	434	185.1	2.3	no	12
beginning	当初	other	403	333.5	1.2	no	12
beginning	スタート	katakana	141	148.0	1.0	no	12
beginning	基	other	136	144.4	0.9	no	12
beginning	端	other	105	30.3	3.5	no	12
beginning	原点	other	87	14.6	6.0	no	12
beginning	本	other	72	160.2	0.4	no	12
beginning	初頭	other	64	52.0	1.2	no	12
character	文字	other	1351	166.1	8.1	no	12
character	色	other	910	159.2	5.7	no	12
character	文	other	583	127.3	4.6	no	12
character	人	other	284	482.4	0.6	no	12
character	カラー	katakana	276	107.2	2.6	no	12
character	人間	other	224	306.9	0.7	no	12
character	キャラクター	katakana	203	373.1	0.5	yes	12
character	人気	other	145	208.0	0.7	no	12
character	役	other	128	903.1	0.1	no	12
character	性質	other	111	47.2	2.3	no	12
character	字	other	97	243.4	0.4	no	12
character	人物	other	80	471.6	0.2	no	12
circumstances	場合	other	14158	925.0	15.3	no	12
circumstances	状態	other	1574	286.5	5.5	no	12
circumstances	際	other	1311	601.4	2.2	no	12
circumstances	環境	other	1151	235.4	4.9	no	12
circumstances	状況	other	517	177.9	2.9	no	12
circumstances	事	other	452	429.9	1.1	no	12
circumstances	訳	other	289	313.6	0.9	no	12
circumstances	背景	other	271	76.7	3.5	no	12
circumstances	バックグラウンド	katakana	223	9.4	23.7	no	12
circumstances	辺	other	94	21.2	4.4	no	12
circumstances	文脈	other	90	10.4	8.7	no	12
circumstances	故	other	51	56.6	0.9	no	12
development	開発	other	3365	505.6	6.7	no	12
development	発生	other	2052	301.8	6.8	no	12
development	展開	other	246	199.7	1.2	no	12
development	整備	other	240	203.5	1.2	no	12
development	ディベロップメント	katakana	178	26.5	6.7	no	12
development	制作	other	151	476.1	0.3	no	12
development	発展	other	143	143.5	1.0	no	12
development	進化	other	118	60.1	2.0	no	12
development	経過	other	97	39.7	2.4	no	12
development	動き	other	80	75.5	1.1	no	12
development	成長	other	65	112.0	0.6	no	12
development	推移	other	55	42.6	1.3	no	12
figure	スタイル	katakana	1602	140.6	11.4	no	12
figure	数	other	1186	430.3	2.8	no	12
figure	数値	other	855	33.7	25.4	no	12
figure	文	other	583	127.3	4.6	no	12
figure	図	other	423	109.2	3.9	no	12
figure	形	other	316	272.3	1.2	no	12
figure	数字	other	185	51.1	3.6	no	12
figure	図形	other	138	6.2	22.3	no	12
figure	形態	other	116	103.8	1.1	no	12
figure	体	other	91	244.2	0.4	no	12
figure	人物	other	80	471.6	0.2	no	12
figure	影	other	76	55.1	1.4	no	12
form	型	other	2046	26.9	76.0	no	12
form	形式	other	1198	216.9	5.5	no	12
form	フォーム	katakana	1051	27.8	37.8	no	12
form	方式	other	712	134.8	5.3	no	12
form	フォーマット	katakana	603	19.8	30.4	no	12
form	式	other	585	419.6	1.4	no	12
form	形	other	316	272.3	1.2	no	12
form	線	other	177	344.9	0.5	no	12
form	形態	other	116	103.8	1.1	no	12
form	形状	other	105	66.2	1.6	no	12
form	体	other	91	244.2	0.4	no	12
form	様	other	51	51.9	1.0	no	12
level	値	other	8157	54.2	150.4	no	12
level	レベル	katakana	669	110.7	6.0	no	12
level	高さ	other	322	79.0	4.1	no	12
level	台	other	308	313.7	1.0	no	12
level	水平	other	201	20.8	9.7	no	12
level	段階	other	192	85.6	2.2	no	12
level	線	other	177	344.9	0.5	no	12
level	次元	other	174	53.2	3.3	no	12
level	階層	other	146	13.9	10.5	no	12
level	水準	other	126	20.6	6.1	no	12
level	段	other	117	128.6	0.9	no	12
level	ステージ	katakana	67	278.1	0.2	no	12
matter	問題	other	1312	399.2	3.3	no	12
matter	事項	other	1255	29.5	42.6	no	12
matter	内容	other	1107	227.6	4.9	no	12
matter	点	other	885	363.9	2.4	no	12
matter	事	other	452	429.9	1.1	no	12
matter	課題	other	272	48.8	5.6	no	12
matter	所	other	234	343.3	0.7	no	12
matter	イシュー	katakana	139	15.6	8.9	no	12
matter	事象	other	128	11.0	11.7	no	12
matter	段	other	117	128.6	0.9	no	12
matter	種	other	113	277.4	0.4	no	12
matter	件	other	97	137.3	0.7	no	12
point	前	other	1519	937.1	1.6	no	12
point	点	other	885	363.9	2.4	no	12
point	単位	other	590	88.7	6.6	no	12
point	節	other	376	148.3	2.5	no	12
point	先	other	370	156.6	2.4	no	12
point	ポイント	katakana	244	131.5	1.9	no	12
point	所	other	234	343.3	0.7	no	12
point	趣旨	other	178	14.7	12.1	no	12
point	目	other	127	180.7	0.7	no	12
point	ドット	katakana	123	18.4	6.7	no	12
point	箇所	other	121	124.1	1.0	no	12
point	端	other	105	30.3	3.5	no	12
situation	場合	other	14158	925.0	15.3	no	12
situation	状態	other	1574	286.5	5.5	no	12
situation	位置	other	1430	332.7	4.3	no	12
situation	状況	other	517	177.9	2.9	no	12
situation	方	other	462	268.2	1.7	no	12
situation	事	other	452	429.9	1.1	no	12
situation	境界	other	366	49.6	7.4	no	12
situation	形	other	316	272.3	1.2	no	12
situation	局	other	118	596.1	0.2	no	12
situation	段	other	117	128.6	0.9	no	12
situation	場	other	85	94.8	0.9	no	12
situation	様	other	51	51.9	1.0	no	12
type	属性	other	3208	33.9	94.5	no	12
type	型	other	2046	26.9	76.0	no	12
type	色	other	910	159.2	5.7	no	12
type	種類	other	752	143.0	5.3	no	12
type	タイプ	katakana	648	165.8	3.9	no	12
type	式	other	585	419.6	1.4	no	12
type	方	other	462	268.2	1.7	no	12
type	種	other	113	277.4	0.4	no	12
type	手	other	110	271.5	0.4	no	12
type	比	other	103	52.1	2.0	no	12
type	体	other	91	244.2	0.4	no	12
type	類型	other	60	8.6	7.0	no	12
way	方法	other	2802	171.6	16.3	no	12
way	モード	katakana	972	118.3	8.2	no	12
way	点	other	885	363.9	2.4	no	12
way	方向	other	864	104.6	8.3	no	12
way	仕様	other	762	119.7	6.4	no	12
way	式	other	585	419.6	1.4	no	12
way	方	other	462	268.2	1.7	no	12
way	形	other	316	272.3	1.2	no	12
way	手段	other	174	50.2	3.5	no	12
way	ウェイ	katakana	112	144.7	0.8	no	12
way	手	other	110	271.5	0.4	no	12
way	ウエー	katakana	53	28.7	1.8	no	12
application	使用	other	12300	861.7	14.3	no	11
application	開発	other	3365	505.6	6.7	no	11
application	利用	other	3346	394.5	8.5	no	11
application	アプリケーション	katakana	1907	25.4	75.2	yes	11
application	適用	other	1494	73.3	20.4	no	11
application	アプリ	katakana	714	58.2	12.3	yes	11
application	運用	other	593	152.5	3.9	no	11
application	反映	other	374	33.2	11.3	yes	11
application	活用	other	295	70.9	4.2	no	11
application	応用	other	163	47.0	3.5	no	11
application	申請	other	108	49.0	2.2	no	11
area	場所	other	567	333.5	1.7	no	11
area	領域	other	519	78.4	6.6	no	11
area	方	other	462	268.2	1.7	no	11
area	部	other	252	1097.4	0.2	no	11
area	所	other	234	343.3	0.7	no	11
area	箇所	other	121	124.1	1.0	no	11
area	区域	other	120	101.7	1.2	no	11
area	辺	other	94	21.2	4.4	no	11
area	地域	other	89	591.9	0.2	no	11
area	エリア	katakana	77	111.7	0.7	no	11
area	積	other	51	20.2	2.5	no	11
business	企業	other	657	239.3	2.7	no	11
business	業務	other	622	129.5	4.8	no	11
business	ビジネス	katakana	519	126.4	4.1	no	11
business	事	other	452	429.9	1.1	no	11
business	事業	other	277	433.3	0.6	no	11
business	商用	other	210	8.6	24.5	no	11
business	用	other	163	9.4	17.4	no	11
business	取り引き	other	95	57.2	1.7	no	11
business	仕事	other	77	171.3	0.5	no	11
business	商業	other	64	117.8	0.5	no	11
business	事務	other	51	58.2	0.9	no	11
change	変更	other	3224	505.2	6.4	no	11
change	変換	other	1149	47.2	24.3	no	11
change	変化	other	422	170.5	2.5	no	11
change	スイッチ	katakana	223	60.9	3.7	no	11
change	動き	other	80	75.5	1.1	no	11
change	変	other	78	40.3	1.9	no	11
change	チェンジ	katakana	67	37.9	1.8	no	11
change	改変	other	59	13.7	4.3	no	11
change	反応	other	59	94.6	0.6	no	11
change	推移	other	55	42.6	1.3	no	11
change	改訂	other	55	35.9	1.5	no	11
organization	機関	other	811	154.7	5.2	no	11
organization	構成	other	757	280.0	2.7	no	11
organization	構造	other	521	190.6	2.7	no	11
organization	組織	other	406	242.9	1.7	no	11
organization	機構	other	253	154.1	1.6	no	11
organization	体制	other	248	103.4	2.4	no	11
organization	協会	other	145	494.6	0.3	no	11
organization	団体	other	121	185.9	0.7	no	11
organization	整理	other	104	54.3	1.9	no	11
organization	制度	other	60	181.9	0.3	no	11
organization	体系	other	60	31.3	1.9	no	11
origin	元	other	624	867.7	0.7	no	11
origin	オリジン	katakana	491	3.0	164.1	no	11
origin	原因	other	189	117.4	1.6	no	11
origin	由来	other	143	178.5	0.8	no	11
origin	基	other	136	144.4	0.9	no	11
origin	種	other	113	277.4	0.4	no	11
origin	端	other	105	30.3	3.5	no	11
origin	原点	other	87	14.6	6.0	no	11
origin	起点	other	81	55.5	1.5	no	11
origin	本	other	72	160.2	0.4	no	11
origin	誕生	other	69	158.3	0.4	no	11
passage	行	other	1071	114.6	9.3	no	11
passage	通り	other	812	439.9	1.8	no	11
passage	節	other	376	148.3	2.5	no	11
passage	所	other	234	343.3	0.7	no	11
passage	条	other	231	264.0	0.9	no	11
passage	箇所	other	121	124.1	1.0	no	11
passage	段	other	117	128.6	0.9	no	11
passage	件	other	97	137.3	0.7	no	11
passage	経過	other	97	39.7	2.4	no	11
passage	文章	other	79	30.5	2.6	no	11
passage	流れ	other	78	59.3	1.3	no	11
program	コード	katakana	3590	108.1	33.2	yes	11
program	プログラム	katakana	1773	122.2	14.5	yes	11
program	プロ	katakana	519	278.0	1.9	no	11
program	カード	katakana	459	188.3	2.4	no	11
program	計画	other	377	414.4	0.9	no	11
program	事業	other	277	433.3	0.6	no	11
program	メニュー	katakana	244	32.4	7.5	no	11
program	予定	other	193	261.8	0.7	no	11
program	スケジュール	katakana	188	33.1	5.7	no	11
program	放送	other	98	1445.8	0.1	no	11
program	番組	other	59	793.9	0.1	no	11
section	部分	other	798	249.0	3.2	no	11
section	セクション	katakana	464	20.6	22.5	no	11
section	節	other	376	148.3	2.5	no	11
section	部	other	252	1097.4	0.2	no	11
section	条	other	231	264.0	0.9	no	11
section	章	other	219	214.2	1.0	no	11
section	区域	other	120	101.7	1.2	no	11
section	段	other	117	128.6	0.9	no	11
section	切断	other	64	22.1	2.9	no	11
section	区分	other	63	45.5	1.4	no	11
section	課	other	58	211.3	0.3	no	11
style	型	other	2046	26.9	76.0	no	11
style	スタイル	katakana	1602	140.6	11.4	no	11
style	形式	other	1198	216.9	5.5	no	11
style	タイプ	katakana	648	165.8	3.9	no	11
style	式	other	585	419.6	1.4	no	11
style	文	other	583	127.3	4.6	no	11
style	形	other	316	272.3	1.2	no	11
style	タッチ	katakana	185	20.7	8.9	no	11
style	体	other	91	244.2	0.4	no	11
style	文章	other	79	30.5	2.6	no	11
style	様	other	51	51.9	1.0	no	11
system	システム	katakana	3604	363.0	9.9	no	11
system	機関	other	811	154.7	5.2	no	11
system	方式	other	712	134.8	5.3	no	11
system	式	other	585	419.6	1.4	no	11
system	組織	other	406	242.9	1.7	no	11
system	機構	other	253	154.1	1.6	no	11
system	体制	other	248	103.4	2.4	no	11
system	系列	other	68	145.2	0.5	no	11
system	制度	other	60	181.9	0.3	no	11
system	体系	other	60	31.3	1.9	no	11
system	系統	other	51	154.0	0.3	no	11
work	業務	other	622	129.5	4.8	no	11
work	作業	other	476	88.5	5.4	no	11
work	事	other	452	429.9	1.1	no	11
work	事業	other	277	433.3	0.6	no	11
work	職	other	234	66.6	3.5	no	11
work	制作	other	151	476.1	0.3	no	11
work	ワーク	katakana	125	42.1	3.0	no	11
work	作品	other	120	908.8	0.1	no	11
work	著	other	86	210.6	0.4	no	11
work	仕事	other	77	171.3	0.5	no	11
work	細工	other	60	8.7	7.0	no	11
class	クラス	katakana	1870	163.1	11.5	no	10
class	時間	other	859	551.1	1.6	no	10
class	レベル	katakana	669	110.7	6.0	no	10
class	層	other	282	76.8	3.7	no	10
class	部	other	252	1097.4	0.2	no	10
class	部門	other	186	213.2	0.9	no	10
class	階層	other	146	13.9	10.5	no	10
class	段	other	117	128.6	0.9	no	10
class	種	other	113	277.4	0.4	no	10
class	組	other	77	255.8	0.3	no	10
occasion	場合	other	14158	925.0	15.3	no	10
occasion	時	other	4201	1843.2	2.3	no	10
occasion	時点	other	1352	979.9	1.4	no	10
occasion	際	other	1311	601.4	2.2	no	10
occasion	節	other	376	148.3	2.5	no	10
occasion	段	other	117	128.6	0.9	no	10
occasion	場	other	85	94.8	0.9	no	10
occasion	秋	other	63	130.8	0.5	no	10
occasion	期	other	57	501.1	0.1	no	10
occasion	機会	other	52	65.9	0.8	no	10
order	次	other	3640	222.5	16.4	no	10
order	命令	other	1019	94.3	10.8	no	10
order	順序	other	462	14.2	32.6	no	10
order	体制	other	248	103.4	2.4	no	10
order	順	other	247	89.5	2.8	no	10
order	段階	other	192	85.6	2.2	no	10
order	順番	other	143	14.3	10.0	no	10
order	目	other	127	180.7	0.7	no	10
order	オーダー	katakana	79	33.2	2.4	no	10
order	前後	other	51	81.2	0.6	no	10
production	発生	other	2052	301.8	6.8	no	10
production	プロ	katakana	519	278.0	1.9	no	10
production	製造	other	383	243.3	1.6	no	10
production	制作	other	151	476.1	0.3	no	10
production	提出	other	142	75.2	1.9	no	10
production	生産	other	137	211.3	0.6	no	10
production	作品	other	120	908.8	0.1	no	10
production	プロダクション	katakana	105	77.8	1.3	no	10
production	提示	other	87	37.0	2.4	no	10
production	製作	other	86	288.3	0.3	no	10
setting	設定	other	6695	265.4	25.2	no	10
setting	モード	katakana	972	118.3	8.2	no	10
setting	セット	katakana	398	87.3	4.6	no	10
setting	記録	other	395	526.6	0.7	no	10
setting	台	other	308	313.7	1.0	no	10
setting	背景	other	271	76.7	3.5	no	10
setting	マーク	katakana	136	100.3	1.4	no	10
setting	予約	other	94	33.1	2.8	no	10
setting	シーン	katakana	86	133.3	0.6	no	10
setting	場面	other	64	67.9	0.9	no	10
source	ソース	katakana	632	47.8	13.2	no	10
source	元	other	624	867.7	0.7	no	10
source	条	other	231	264.0	0.9	no	10
source	出典	other	211	196.8	1.1	no	10
source	原因	other	189	117.4	1.6	no	10
source	由来	other	143	178.5	0.8	no	10
source	基	other	136	144.4	0.9	no	10
source	種	other	113	277.4	0.4	no	10
source	送信元	other	82	0.5	165.8	no	10
source	本	other	72	160.2	0.4	no	10
state	状態	other	1574	286.5	5.5	no	10
state	モード	katakana	972	118.3	8.2	no	10
state	ステート	katakana	506	57.0	8.9	no	10
state	方	other	462	268.2	1.7	no	10
state	分	other	388	1042.5	0.4	no	10
state	形	other	316	272.3	1.2	no	10
state	国	other	106	272.5	0.4	no	10
state	体	other	91	244.2	0.4	no	10
state	国家	other	67	201.0	0.3	no	10
state	様	other	51	51.9	1.0	no	10
subject	問題	other	1312	399.2	3.3	no	10
subject	対象	other	959	195.8	4.9	no	10
subject	主体	other	280	43.1	6.5	no	10
subject	課題	other	272	48.8	5.6	no	10
subject	種	other	113	277.4	0.4	no	10
subject	主	other	102	128.6	0.8	no	10
subject	件	other	97	137.3	0.7	no	10
subject	題材	other	82	40.4	2.0	no	10
subject	実体	other	69	12.0	5.7	no	10
subject	話題	other	51	71.6	0.7	no	10
about	通り	other	812	439.9	1.8	no	9
about	方	other	462	268.2	1.7	no	9
about	程度	other	268	168.3	1.6	no	9
about	頃	other	250	520.7	0.5	no	9
about	所	other	234	343.3	0.7	no	9
about	比	other	103	52.1	2.0	no	9
about	略	other	72	36.9	1.9	no	9
about	前後	other	51	81.2	0.6	no	9
about	辺り	other	51	36.3	1.4	no	9
base	ベース	katakana	964	145.9	6.6	no	9
base	元	other	624	867.7	0.7	no	9
base	台	other	308	313.7	1.0	no	9
base	キャンバス	katakana	231	8.6	26.8	no	9
base	基盤	other	204	36.2	5.6	no	9
base	基	other	136	144.4	0.9	no	9
base	基底	other	103	8.6	12.0	no	9
base	本	other	72	160.2	0.4	no	9
base	拠点	other	67	120.9	0.6	no	9
basis	ベース	katakana	964	145.9	6.6	no	9
basis	基本	other	709	92.1	7.7	no	9
basis	元	other	624	867.7	0.7	no	9
basis	基準	other	581	104.6	5.5	no	9
basis	基盤	other	204	36.2	5.6	no	9
basis	基	other	136	144.4	0.9	no	9
basis	基底	other	103	8.6	12.0	no	9
basis	基礎	other	101	90.5	1.1	no	9
basis	本	other	72	160.2	0.4	no	9
chance	時	other	4201	1843.2	2.3	no	9
chance	可能性	other	1647	188.1	8.8	no	9
chance	間	other	730	565.0	1.3	no	9
chance	機	other	349	378.2	0.9	no	9
chance	時刻	other	308	23.4	13.1	no	9
chance	目	other	127	180.7	0.7	no	9
chance	秋	other	63	130.8	0.5	no	9
chance	期	other	57	501.1	0.1	no	9
chance	機会	other	52	65.9	0.8	no	9
first	前	other	1519	937.1	1.6	no	9
first	最初	other	1344	321.3	4.2	no	9
first	上	other	1233	475.6	2.6	no	9
first	先	other	370	156.6	2.4	no	9
first	初	other	147	695.5	0.2	no	9
first	ピン	katakana	143	11.8	12.1	no	9
first	端	other	105	30.3	3.5	no	9
first	一番	other	78	219.3	0.4	no	9
first	ファースト	katakana	54	138.1	0.4	no	9
foundation	基本	other	709	92.1	7.7	no	9
foundation	元	other	624	867.7	0.7	no	9
foundation	ファンデーション	katakana	308	23.1	13.3	no	9
foundation	基盤	other	204	36.2	5.6	no	9
foundation	基	other	136	144.4	0.9	no	9
foundation	財団	other	107	61.3	1.7	no	9
foundation	基底	other	103	8.6	12.0	no	9
foundation	基礎	other	101	90.5	1.1	no	9
foundation	本	other	72	160.2	0.4	no	9
maintenance	サービス	katakana	2486	273.2	9.1	no	9
maintenance	保存	other	807	101.2	8.0	no	9
maintenance	保持	other	441	46.2	9.6	no	9
maintenance	維持	other	269	98.5	2.7	no	9
maintenance	整備	other	240	203.5	1.2	no	9
maintenance	継続	other	173	98.4	1.8	no	9
maintenance	保守	other	148	19.8	7.5	no	9
maintenance	メンテナンス	katakana	117	90.6	1.3	no	9
maintenance	保有	other	79	56.9	1.4	no	9
management	管理	other	1747	228.0	7.7	no	9
management	操作	other	1216	82.4	14.8	no	9
management	制御	other	1140	100.9	11.3	no	9
management	使い方	other	509	637.8	0.8	no	9
management	マネージメント	katakana	290	55.9	5.2	no	9
management	運営	other	220	233.9	0.9	no	9
management	取り扱い	other	213	58.6	3.6	no	9
management	経営	other	69	183.4	0.4	no	9
management	扱い	other	62	87.4	0.7	no	9
model	モデル	katakana	2092	351.7	5.9	no	9
model	型	other	2046	26.9	76.0	no	9
model	標準	other	997	83.2	12.0	no	9
model	法	other	505	388.4	1.3	no	9
model	機種	other	416	47.5	8.8	no	9
model	号	other	280	2122.2	0.1	no	9
model	典型的	other	81	20.3	4.0	no	9
model	代表	other	78	532.7	0.1	no	9
model	代表的	other	71	31.7	2.2	no	9
position	位置	other	1430	332.7	4.3	no	9
position	場所	other	567	333.5	1.7	no	9
position	職	other	234	66.6	3.5	no	9
position	線	other	177	344.9	0.5	no	9
position	役	other	128	903.1	0.1	no	9
position	ポスト	katakana	123	117.5	1.0	no	9
position	ポジション	katakana	94	83.6	1.1	no	9
position	番	other	74	422.5	0.2	no	9
position	拠点	other	67	120.9	0.6	no	9
sequence	次	other	3640	222.5	16.4	no	9
sequence	配列	other	1551	23.0	67.3	no	9
sequence	手順	other	521	11.6	45.1	no	9
sequence	列	other	484	58.2	8.3	no	9
sequence	順序	other	462	14.2	32.6	no	9
sequence	シークエンス	katakana	241	9.3	25.9	no	9
sequence	一連	other	185	37.3	5.0	no	9
sequence	連続	other	143	269.0	0.5	no	9
sequence	系列	other	68	145.2	0.5	no	9
shape	スタイル	katakana	1602	140.6	11.4	no	9
shape	形	other	316	272.3	1.2	no	9
shape	図形	other	138	6.2	22.3	no	9
shape	形態	other	116	103.8	1.1	no	9
shape	形状	other	105	66.2	1.6	no	9
shape	体	other	91	244.2	0.4	no	9
shape	シェープ	katakana	81	1.8	45.3	no	9
shape	影	other	76	55.1	1.4	no	9
shape	類型	other	60	8.6	7.0	no	9
support	対応	other	2662	263.7	10.1	no	9
support	サポート	katakana	2214	102.9	21.5	no	9
support	バック	katakana	675	235.9	2.9	no	9
support	支援	other	403	241.6	1.7	no	9
support	台	other	308	313.7	1.0	no	9
support	背景	other	271	76.7	3.5	no	9
support	バックアップ	katakana	151	10.3	14.6	no	9
support	補助	other	94	41.6	2.3	no	9
support	協力	other	94	236.7	0.4	no	9
term	条件	other	544	135.5	4.0	no	9
term	節	other	376	148.3	2.5	no	9
term	用語	other	370	142.6	2.6	no	9
term	語	other	315	494.4	0.6	no	9
term	期間	other	211	144.5	1.5	no	9
term	ターム	katakana	181	11.3	16.0	no	9
term	項	other	169	102.0	1.7	no	9
term	言葉	other	118	197.6	0.6	no	9
term	期	other	57	501.1	0.1	no	9
action	実行	other	4043	65.8	61.5	no	8
action	動作	other	1672	48.3	34.6	no	8
action	行	other	1071	114.6	9.3	no	8
action	アクション	katakana	509	94.5	5.4	no	8
action	措置	other	321	46.0	7.0	no	8
action	活動	other	207	652.2	0.3	no	8
action	行動	other	102	193.2	0.5	no	8
action	訴訟	other	63	46.4	1.4	no	8
around	方	other	462	268.2	1.7	no	8
around	頃	other	250	520.7	0.5	no	8
around	所	other	234	343.3	0.7	no	8
around	周辺	other	152	172.9	0.9	no	8
around	比	other	103	52.1	2.0	no	8
around	略	other	72	36.9	1.9	no	8
around	前後	other	51	81.2	0.6	no	8
around	辺り	other	51	36.3	1.4	no	8
average	中	other	1063	859.6	1.2	no	8
average	標準	other	997	83.2	12.0	no	8
average	間	other	730	565.0	1.3	no	8
average	一般	other	465	256.6	1.8	no	8
average	普通	other	118	130.0	0.9	no	8
average	標準的	other	101	12.2	8.3	no	8
average	平均	other	78	109.3	0.7	no	8
average	平均的	other	57	8.8	6.4	no	8
cancellation	解除	other	189	44.0	4.3	no	8
cancellation	キャンセル	katakana	163	11.4	14.3	no	8
cancellation	破棄	other	138	14.9	9.3	no	8
cancellation	中止	other	82	112.2	0.7	no	8
cancellation	流れ	other	78	59.3	1.3	no	8
cancellation	抹消	other	77	24.3	3.2	no	8
cancellation	廃棄	other	63	11.0	5.7	no	8
cancellation	解消	other	50	43.1	1.2	no	8
condition	状態	other	1574	286.5	5.5	no	8
condition	条件	other	544	135.5	4.0	no	8
condition	分	other	388	1042.5	0.4	no	8
condition	制約	other	379	21.0	18.0	no	8
condition	形	other	316	272.3	1.2	no	8
condition	人気	other	145	208.0	0.7	no	8
condition	前提	other	122	27.9	4.4	no	8
condition	体	other	91	244.2	0.4	no	8
content	コンテンツ	katakana	2039	64.8	31.5	no	8
content	内容	other	1107	227.6	4.9	no	8
content	子	other	606	265.3	2.3	no	8
content	分	other	388	1042.5	0.4	no	8
content	コンテント	katakana	260	29.7	8.8	no	8
content	実	other	88	137.0	0.6	no	8
content	中身	other	75	11.8	6.4	no	8
content	実体	other	69	12.0	5.7	no	8
control	管理	other	1747	228.0	7.7	no	8
control	制御	other	1140	100.9	11.3	no	8
control	コントロール	katakana	693	48.8	14.2	no	8
control	統括	other	198	33.0	6.0	no	8
control	把握	other	195	21.4	9.1	no	8
control	抑制	other	87	28.0	3.1	no	8
control	規制	other	61	74.1	0.8	no	8
control	左右	other	53	56.5	0.9	no	8
course	方向	other	864	104.6	8.3	no	8
course	メニュー	katakana	244	32.4	7.5	no	8
course	経路	other	123	42.7	2.9	no	8
course	方針	other	111	72.4	1.5	no	8
course	経過	other	97	39.7	2.4	no	8
course	場	other	85	94.8	0.9	no	8
course	流れ	other	78	59.3	1.3	no	8
course	過程	other	77	59.3	1.3	no	8
design	設計	other	1209	207.1	5.8	no	8
design	文	other	583	127.3	4.6	no	8
design	デザイン	katakana	550	312.7	1.8	no	8
design	意図	other	230	32.4	7.1	no	8
design	コンセプト	katakana	91	51.7	1.8	no	8
design	考案	other	76	29.1	2.6	no	8
design	考え	other	52	46.2	1.1	no	8
design	様	other	51	51.9	1.0	no	8
difference	別	other	875	421.0	2.1	no	8
difference	幅	other	547	69.4	7.9	no	8
difference	違い	other	296	69.3	4.3	no	8
difference	区別	other	207	65.4	3.2	no	8
difference	距離	other	116	118.3	1.0	no	8
difference	差	other	62	114.4	0.5	no	8
difference	差分	other	54	2.5	21.4	no	8
difference	誤差	other	50	8.1	6.2	no	8
division	分野	other	346	114.7	3.0	no	8
division	分割	other	281	79.6	3.5	no	8
division	部	other	252	1097.4	0.2	no	8
division	部門	other	186	213.2	0.9	no	8
division	線	other	177	344.9	0.5	no	8
division	目	other	127	180.7	0.7	no	8
division	区分	other	63	45.5	1.4	no	8
division	課	other	58	211.3	0.3	no	8
edge	際	other	1311	601.4	2.2	no	8
edge	側	other	471	364.7	1.3	no	8
edge	角	other	398	62.4	6.4	no	8
edge	エッジ	katakana	166	24.8	6.7	no	8
edge	ボーダー	katakana	151	10.4	14.6	no	8
edge	端	other	105	30.3	3.5	no	8
edge	辺	other	94	21.2	4.4	no	8
edge	辺り	other	51	36.3	1.4	no	8
effect	為	other	9021	3426.6	2.6	no	8
effect	結果	other	1963	464.9	4.2	no	8
effect	影響	other	838	329.7	2.5	no	8
effect	関係	other	762	424.1	1.8	no	8
effect	効果	other	443	134.4	3.3	no	8
effect	エフェクト	katakana	309	18.1	17.1	no	8
effect	趣旨	other	178	14.7	12.1	no	8
effect	反応	other	59	94.6	0.6	no	8
entry	入力	other	1524	39.8	38.3	no	8
entry	項目	other	786	201.8	3.9	no	8
entry	記載	other	636	145.4	4.4	no	8
entry	登録	other	549	202.4	2.7	no	8
entry	参加	other	288	489.4	0.6	no	8
entry	書き込み	other	237	6.6	35.6	no	8
entry	エントリー	katakana	222	40.5	5.5	no	8
entry	記入	other	54	45.4	1.2	no	8
establishment	設定	other	6695	265.4	25.2	no	8
establishment	設立	other	314	405.2	0.8	no	8
establishment	設置	other	139	471.7	0.3	no	8
establishment	確立	other	109	52.5	2.1	no	8
establishment	開設	other	67	163.7	0.4	no	8
establishment	制定	other	63	100.3	0.6	no	8
establishment	成立	other	59	158.0	0.4	no	8
establishment	確定	other	57	55.3	1.0	no	8
examination	テスト	katakana	1374	77.7	17.7	no	8
examination	チェック	katakana	713	28.4	25.2	no	8
examination	試験	other	596	154.9	3.9	no	8
examination	検討	other	425	84.0	5.1	no	8
examination	調査	other	353	522.4	0.7	no	8
examination	検査	other	217	74.0	2.9	no	8
examination	審査	other	62	54.8	1.1	no	8
examination	検定	other	62	31.0	2.0	no	8
exchange	代わり	other	918	90.4	10.2	no	8
exchange	市場	other	392	121.3	3.2	no	8
exchange	交換	other	271	97.7	2.8	no	8
exchange	局	other	118	596.1	0.2	no	8
exchange	遣り取り	other	100	15.9	6.3	no	8
exchange	エクスチェンジ	katakana	95	8.8	10.8	no	8
exchange	切り替え	other	75	13.3	5.6	no	8
exchange	チェンジ	katakana	67	37.9	1.8	no	8
expectation	計算	other	862	68.6	12.6	no	8
expectation	期待	other	354	78.2	4.5	no	8
expectation	想定	other	318	37.4	8.5	no	8
expectation	予定	other	193	261.8	0.7	no	8
expectation	希望	other	78	74.6	1.0	no	8
expectation	予期	other	76	4.8	15.8	no	8
expectation	予想	other	69	48.5	1.4	no	8
expectation	考え	other	52	46.2	1.1	no	8
field	フィールド	katakana	967	79.6	12.1	yes	8
field	領域	other	519	78.4	6.6	no	8
field	方	other	462	268.2	1.7	no	8
field	分野	other	346	114.7	3.0	no	8
field	部門	other	186	213.2	0.9	no	8
field	体	other	91	244.2	0.4	no	8
field	場	other	85	94.8	0.9	no	8
field	専門	other	78	128.2	0.6	no	8
head	前	other	1519	937.1	1.6	no	8
head	上	other	1233	475.6	2.6	no	8
head	先	other	370	156.6	2.4	no	8
head	先頭	other	324	91.6	3.5	no	8
head	マスター	katakana	143	89.3	1.6	no	8
head	主	other	102	128.6	0.8	no	8
head	ヘッド	katakana	78	36.5	2.1	no	8
head	本	other	72	160.2	0.4	no	8
implementation	実行	other	4043	65.8	61.5	no	8
implementation	版	other	3542	2474.4	1.4	no	8
implementation	実装	other	1724	39.1	44.1	no	8
implementation	実施	other	901	326.0	2.8	no	8
implementation	実現	other	520	114.9	4.5	no	8
implementation	履行	other	164	5.3	30.7	no	8
implementation	処理系	other	100	1.5	67.2	yes	8
implementation	インプリメンテーション	katakana	71	2.1	34.2	no	8
line	行	other	1071	114.6	9.3	no	8
line	列	other	484	58.2	8.3	no	8
line	回線	other	319	13.9	23.0	no	8
line	条	other	231	264.0	0.9	no	8
line	行列	other	202	30.0	6.7	no	8
line	線	other	177	344.9	0.5	no	8
line	ライン	katakana	122	101.3	1.2	no	8
line	並び	other	52	35.4	1.5	no	8
material	元	other	624	867.7	0.7	no	8
material	代	other	611	785.4	0.8	no	8
material	具体的	other	331	43.8	7.5	no	8
material	基	other	136	144.4	0.9	no	8
material	資料	other	120	197.9	0.6	no	8
material	種	other	113	277.4	0.4	no	8
material	テックス	katakana	74	3.5	21.4	no	8
material	本	other	72	160.2	0.4	no	8
measure	方法	other	2802	171.6	16.3	no	8
measure	対策	other	2110	125.4	16.8	no	8
measure	基準	other	581	104.6	5.5	no	8
measure	措置	other	321	46.0	7.0	no	8
measure	手段	other	174	50.2	3.5	no	8
measure	策	other	162	27.5	5.9	no	8
measure	ビル	katakana	86	145.9	0.6	no	8
measure	メジャー	katakana	80	94.2	0.8	no	8
method	メソッド	katakana	4475	14.9	300.4	yes	8
method	方法	other	2802	171.6	16.3	no	8
method	仕様	other	762	119.7	6.4	no	8
method	方式	other	712	134.8	5.3	no	8
method	式	other	585	419.6	1.4	no	8
method	法	other	505	388.4	1.3	no	8
method	手法	other	462	55.7	8.3	no	8
method	方	other	462	268.2	1.7	no	8
normal	通常	other	1117	240.5	4.6	no	8
normal	規定	other	331	125.9	2.6	no	8
normal	正規	other	304	23.0	13.2	no	8
normal	正常	other	155	13.8	11.2	no	8
normal	本来	other	128	95.3	1.3	no	8
normal	普通	other	118	130.0	0.9	no	8
normal	標準的	other	101	12.2	8.3	no	8
normal	平均的	other	57	8.8	6.4	no	8
organisation	機関	other	811	154.7	5.2	no	8
organisation	構成	other	757	280.0	2.7	no	8
organisation	組織	other	406	242.9	1.7	no	8
organisation	体制	other	248	103.4	2.4	no	8
organisation	協会	other	145	494.6	0.3	no	8
organisation	団体	other	121	185.9	0.7	no	8
organisation	制度	other	60	181.9	0.3	no	8
organisation	体系	other	60	31.3	1.9	no	8
originally	元	other	624	867.7	0.7	no	8
originally	当初	other	403	333.5	1.2	no	8
originally	自体	other	316	92.0	3.4	no	8
originally	旧	other	223	597.4	0.4	no	8
originally	由来	other	143	178.5	0.8	no	8
originally	本来	other	128	95.3	1.3	no	8
originally	元々	other	53	36.0	1.5	no	8
originally	故	other	51	56.6	0.9	no	8
period	時間	other	859	551.1	1.6	no	8
period	代	other	611	785.4	0.8	no	8
period	頃	other	250	520.7	0.5	no	8
period	期間	other	211	144.5	1.5	no	8
period	時代	other	187	941.0	0.2	no	8
period	時期	other	137	203.6	0.7	no	8
period	比	other	103	52.1	2.0	no	8
period	期	other	57	501.1	0.1	no	8
principal	重要	other	1001	165.3	6.1	no	8
principal	元	other	624	867.7	0.7	no	8
principal	メイン	katakana	368	156.6	2.3	no	8
principal	主要	other	213	146.2	1.5	no	8
principal	基	other	136	144.4	0.9	no	8
principal	主	other	102	128.6	0.8	no	8
principal	重	other	85	88.8	1.0	no	8
principal	本	other	72	160.2	0.4	no	8
process	方法	other	2802	171.6	16.3	no	8
process	プロセス	katakana	980	40.6	24.1	no	8
process	手順	other	521	11.6	45.1	no	8
process	手続き	other	163	43.2	3.8	no	8
process	経路	other	123	42.7	2.9	no	8
process	流れ	other	78	59.3	1.3	no	8
process	過程	other	77	59.3	1.3	no	8
process	工程	other	75	21.1	3.6	no	8
provision	規定	other	331	125.9	2.6	no	8
provision	用意	other	327	60.1	5.4	no	8
provision	調達	other	249	23.8	10.5	no	8
provision	整備	other	240	203.5	1.2	no	8
provision	条	other	231	264.0	0.9	no	8
provision	準備	other	197	77.2	2.6	no	8
provision	供給	other	122	74.5	1.6	no	8
provision	支給	other	119	17.5	6.8	no	8
reality	実際	other	854	216.2	4.0	no	8
reality	真	other	136	105.0	1.3	no	8
reality	体	other	91	244.2	0.4	no	8
reality	実	other	88	137.0	0.6	no	8
reality	実体	other	69	12.0	5.7	no	8
reality	本当	other	65	79.1	0.8	no	8
reality	事実	other	56	73.1	0.8	no	8
reality	現実	other	51	41.0	1.3	no	8
recording	記録	other	395	526.6	0.7	no	8
recording	マーク	katakana	136	100.3	1.4	no	8
recording	収録	other	123	527.2	0.2	no	8
recording	音源	other	85	49.5	1.7	no	8
recording	撮影	other	69	258.7	0.3	no	8
recording	録音	other	65	93.6	0.7	no	8
recording	録画	other	55	15.7	3.5	no	8
recording	可視化	other	52	4.2	12.4	no	8
reduction	縮小	other	149	31.9	4.7	no	8
reduction	削減	other	111	29.7	3.7	no	8
reduction	軽減	other	74	18.9	3.9	no	8
reduction	短縮	other	71	37.8	1.9	no	8
reduction	減少	other	65	90.8	0.7	no	8
reduction	低減	other	59	11.8	5.0	no	8
reduction	カット	katakana	58	63.2	0.9	no	8
reduction	解消	other	50	43.1	1.2	no	8
regular	通常	other	1117	240.5	4.6	no	8
regular	正規	other	304	23.0	13.2	no	8
regular	正式	other	240	131.4	1.8	no	8
regular	正	other	204	72.8	2.8	no	8
regular	定期的	other	177	21.8	8.2	no	8
regular	正常	other	155	13.8	11.2	no	8
regular	普通	other	118	130.0	0.9	no	8
regular	本	other	72	160.2	0.4	no	8
right	適切	other	983	145.1	6.8	no	8
right	ライト	katakana	315	179.3	1.8	no	8
right	右	other	238	92.2	2.6	no	8
right	正	other	204	72.8	2.8	no	8
right	真	other	136	105.0	1.3	no	8
right	権利	other	90	74.7	1.2	no	8
right	本当	other	65	79.1	0.8	no	8
right	妥当	other	56	5.7	9.7	no	8
rule	ルール	katakana	854	84.0	10.2	no	8
rule	代	other	611	785.4	0.8	no	8
rule	法	other	505	388.4	1.3	no	8
rule	規定	other	331	125.9	2.6	no	8
rule	規則	other	195	59.6	3.3	no	8
rule	スケール	katakana	77	21.3	3.6	no	8
rule	罫線	other	57	0.4	131.4	no	8
rule	法則	other	53	27.9	1.9	no	8
scene	設定	other	6695	265.4	25.2	no	8
scene	画面	other	564	77.0	7.3	no	8
scene	図	other	423	109.2	3.9	no	8
scene	所	other	234	343.3	0.7	no	8
scene	段	other	117	128.6	0.9	no	8
scene	シーン	katakana	86	133.3	0.6	no	8
scene	場	other	85	94.8	0.9	no	8
scene	場面	other	64	67.9	0.9	no	8
service	サービス	katakana	2486	273.2	9.1	no	8
service	業務	other	622	129.5	4.8	no	8
service	事業	other	277	433.3	0.6	no	8
service	用途	other	263	37.0	7.1	no	8
service	取り扱い	other	213	58.6	3.6	no	8
service	役	other	128	903.1	0.1	no	8
service	供給	other	122	74.5	1.6	no	8
service	扱い	other	62	87.4	0.7	no	8
simple	簡単	other	614	41.5	14.8	no	8
simple	単一	other	583	17.9	32.5	no	8
simple	単純	other	311	35.7	8.7	no	8
simple	容易	other	293	40.7	7.2	no	8
simple	シンプル	katakana	207	22.1	9.4	no	8
simple	初	other	147	695.5	0.2	no	8
simple	生	other	87	90.6	1.0	no	8
simple	簡易	other	66	33.7	2.0	no	8
space	空間	other	867	108.8	8.0	no	8
space	間	other	730	565.0	1.3	no	8
space	場所	other	567	333.5	1.7	no	8
space	世界	other	357	1109.7	0.3	no	8
space	所	other	234	343.3	0.7	no	8
space	スペース	katakana	185	109.2	1.7	no	8
space	間隔	other	97	25.2	3.8	no	8
space	場	other	85	94.8	0.9	no	8
stage	次	other	3640	222.5	16.4	no	8
stage	ステップ	katakana	247	27.5	9.0	no	8
stage	段階	other	192	85.6	2.2	no	8
stage	時期	other	137	203.6	0.7	no	8
stage	段	other	117	128.6	0.9	no	8
stage	ステージ	katakana	67	278.1	0.2	no	8
stage	期	other	57	501.1	0.1	no	8
stage	板	other	52	40.7	1.3	no	8
standard	標準	other	997	83.2	12.0	no	8
standard	レベル	katakana	669	110.7	6.0	no	8
standard	規格	other	639	55.3	11.6	no	8
standard	基準	other	581	104.6	5.5	no	8
standard	スタンダード	katakana	277	37.0	7.5	no	8
standard	程度	other	268	168.3	1.6	no	8
standard	水準	other	126	20.6	6.1	no	8
standard	標準的	other	101	12.2	8.3	no	8
structure	構成	other	757	280.0	2.7	no	8
structure	構造	other	521	190.6	2.7	no	8
structure	組織	other	406	242.9	1.7	no	8
structure	機構	other	253	154.1	1.6	no	8
structure	体制	other	248	103.4	2.4	no	8
structure	仕組み	other	242	24.8	9.8	no	8
structure	構造体	other	151	2.6	58.1	no	8
structure	規模	other	86	82.6	1.0	no	8
substance	物	other	3627	2080.8	1.7	no	8
substance	内容	other	1107	227.6	4.9	no	8
substance	子	other	606	265.3	2.3	no	8
substance	本体	other	235	43.3	5.4	no	8
substance	体	other	91	244.2	0.4	no	8
substance	実	other	88	137.0	0.6	no	8
substance	中身	other	75	11.8	6.4	no	8
substance	実体	other	69	12.0	5.7	no	8
use	使用	other	12300	861.7	14.3	no	8
use	利用	other	3346	394.5	8.5	no	8
use	採用	other	1086	251.2	4.3	no	8
use	使い方	other	509	637.8	0.8	no	8
use	用途	other	263	37.0	7.1	no	8
use	用	other	163	9.4	17.4	no	8
use	扱い	other	62	87.4	0.7	no	8
use	用法	other	53	84.0	0.6	no	8
volume	ボリューム	katakana	529	48.4	10.9	yes	8
volume	容量	other	424	30.3	14.0	no	8
volume	量	other	181	94.6	1.9	no	8
volume	大きさ	other	169	47.0	3.6	no	8
volume	巻	other	102	805.0	0.1	no	8
volume	編	other	93	922.4	0.1	no	8
volume	本	other	72	160.2	0.4	no	8
volume	積	other	51	20.2	2.5	no	8
aim	為	other	9021	3426.6	2.6	no	7
aim	目的	other	686	219.8	3.1	no	7
aim	意図	other	230	32.4	7.1	no	7
aim	趣旨	other	178	14.7	12.1	no	7
aim	目標	other	161	83.4	1.9	no	7
aim	前提	other	122	27.9	4.4	no	7
aim	コンセプト	katakana	91	51.7	1.8	no	7
arrangement	配列	other	1551	23.0	67.3	no	7
arrangement	配置	other	862	116.8	7.4	no	7
arrangement	仕組み	other	242	24.8	9.8	no	7
arrangement	寸法	other	212	9.6	22.1	no	7
arrangement	予定	other	193	261.8	0.7	no	7
arrangement	整理	other	104	54.3	1.9	no	7
arrangement	成立	other	59	158.0	0.4	no	7
assignment	指定	other	6373	334.7	19.0	no	7
assignment	代入	other	416	2.6	157.9	yes	7
assignment	課題	other	272	48.8	5.6	no	7
assignment	付与	other	159	27.8	5.7	no	7
assignment	割り当て	other	159	9.8	16.2	no	7
assignment	役	other	128	903.1	0.1	no	7
assignment	仕事	other	77	171.3	0.5	no	7
background	バック	katakana	675	235.9	2.9	no	7
background	背景	other	271	76.7	3.5	no	7
background	バックグラウンド	katakana	223	9.4	23.7	yes	7
background	履歴	other	120	9.8	12.2	no	7
background	文脈	other	90	10.4	8.7	no	7
background	影	other	76	55.1	1.4	no	7
background	背後	other	59	20.8	2.9	no	7
cause	元	other	624	867.7	0.7	no	7
cause	訳	other	289	313.6	0.9	no	7
cause	原因	other	189	117.4	1.6	no	7
cause	基	other	136	144.4	0.9	no	7
cause	種	other	113	277.4	0.4	no	7
cause	本	other	72	160.2	0.4	no	7
cause	故	other	51	56.6	0.9	no	7
center	中	other	1063	859.6	1.2	no	7
center	軸	other	415	56.4	7.4	no	7
center	センター	katakana	328	510.6	0.6	no	7
center	中心	other	227	402.9	0.6	no	7
center	中央	other	113	374.1	0.3	no	7
center	中間	other	101	48.2	2.1	no	7
center	拠点	other	67	120.9	0.6	no	7
check	確認	other	2121	171.0	12.4	no	7
check	チェック	katakana	713	28.4	25.2	no	7
check	防止	other	224	47.9	4.7	no	7
check	検査	other	217	74.0	2.9	no	7
check	照合	other	173	2.1	83.8	no	7
check	抑制	other	87	28.0	3.1	no	7
check	ビル	katakana	86	145.9	0.6	no	7
comment	コメント	katakana	286	86.7	3.3	no	7
comment	注釈	other	147	22.9	6.4	no	7
comment	米	other	141	109.7	1.3	no	7
comment	言葉	other	118	197.6	0.6	no	7
comment	批判	other	92	126.9	0.7	no	7
comment	注	other	87	26.9	3.2	no	7
comment	意見	other	59	82.0	0.7	no	7
common	通常	other	1117	240.5	4.6	no	7
common	一般的	other	831	124.5	6.7	no	7
common	一般	other	465	256.6	1.8	no	7
common	共通	other	284	85.7	3.3	no	7
common	一方	other	230	203.7	1.1	no	7
common	コモン	katakana	123	15.0	8.2	no	7
common	普通	other	118	130.0	0.9	no	7
company	社	other	982	1189.1	0.8	no	7
company	企業	other	657	239.3	2.7	no	7
company	列	other	484	58.2	8.3	no	7
company	会社	other	299	332.6	0.9	no	7
company	法人	other	139	124.2	1.1	no	7
company	カンパニー	katakana	130	88.0	1.5	no	7
company	相手	other	79	221.6	0.4	no	7
composition	構成	other	757	280.0	2.7	no	7
composition	文	other	583	127.3	4.6	no	7
composition	合成	other	152	61.5	2.5	no	7
composition	成分	other	107	35.5	3.0	no	7
composition	文章	other	79	30.5	2.6	no	7
composition	組	other	77	255.8	0.3	no	7
composition	曲	other	62	615.4	0.1	no	7
conclusion	最後	other	706	339.7	2.1	no	7
conclusion	終了	other	687	382.3	1.8	no	7
conclusion	完了	other	523	72.6	7.2	no	7
conclusion	判断	other	331	92.5	3.6	no	7
conclusion	段落	other	194	1.8	107.0	no	7
conclusion	終わり	other	99	44.4	2.2	no	7
conclusion	成立	other	59	158.0	0.4	no	7
extent	範囲	other	984	78.3	12.6	no	7
extent	度	other	546	575.2	0.9	no	7
extent	スコープ	katakana	521	7.3	71.2	no	7
extent	限り	other	422	87.3	4.8	no	7
extent	分	other	388	1042.5	0.4	no	7
extent	寸法	other	212	9.6	22.1	no	7
extent	段	other	117	128.6	0.9	no	7
following	次	other	3640	222.5	16.4	no	7
following	結果	other	1963	464.9	4.2	no	7
following	通り	other	812	439.9	1.8	no	7
following	チェック	katakana	713	28.4	25.2	no	7
following	順守	other	513	6.7	77.0	no	7
following	準拠	other	164	12.9	12.6	no	7
following	トレース	katakana	117	4.8	24.7	no	7
gap	中	other	1063	859.6	1.2	no	7
gap	空間	other	867	108.8	8.0	no	7
gap	間	other	730	565.0	1.3	no	7
gap	幅	other	547	69.4	7.9	no	7
gap	空白	other	229	13.5	17.0	no	7
gap	距離	other	116	118.3	1.0	no	7
gap	誤差	other	50	8.1	6.2	no	7
improvement	向上	other	459	97.0	4.7	no	7
improvement	改善	other	363	72.0	5.0	no	7
improvement	維持	other	269	98.5	2.7	no	7
improvement	整備	other	240	203.5	1.2	no	7
improvement	改良	other	174	70.1	2.5	no	7
improvement	進化	other	118	60.1	2.0	no	7
improvement	バージョンアップ	katakana	57	4.5	12.7	no	7
information	情報	other	7012	665.5	10.5	no	7
information	報告	other	543	188.8	2.9	no	7
information	インフォメーション	katakana	324	56.5	5.7	no	7
information	知識	other	217	62.9	3.4	no	7
information	資料	other	120	197.9	0.6	no	7
information	インフォ	katakana	96	65.3	1.5	no	7
information	報	other	87	6.2	14.1	no	7
installation	実装	other	1724	39.1	44.1	no	7
installation	インストール	katakana	1020	11.5	88.5	yes	7
installation	導入	other	552	222.0	2.5	no	7
installation	装置	other	335	157.8	2.1	no	7
installation	セットアップ	katakana	276	2.2	125.2	no	7
installation	設置	other	139	471.7	0.3	no	7
installation	設備	other	51	82.9	0.6	no	7
intention	目的	other	686	219.8	3.1	no	7
intention	意図	other	230	32.4	7.1	no	7
intention	寸法	other	212	9.6	22.1	no	7
intention	前提	other	122	27.9	4.4	no	7
intention	コンセプト	katakana	91	51.7	1.8	no	7
intention	気	other	81	139.9	0.6	no	7
intention	考え	other	52	46.2	1.1	no	7
introduction	導入	other	552	222.0	2.5	no	7
introduction	登場	other	477	848.1	0.6	no	7
introduction	紹介	other	317	307.0	1.0	no	7
introduction	提出	other	142	75.2	1.9	no	7
introduction	イントロダクション	katakana	102	17.3	5.9	no	7
introduction	入門	other	96	60.3	1.6	no	7
introduction	投入	other	72	51.9	1.4	no	7
item	要素	other	7699	93.7	82.1	no	7
item	事項	other	1255	29.5	42.6	no	7
item	アイテム	katakana	865	67.7	12.8	no	7
item	項目	other	786	201.8	3.9	no	7
item	項	other	169	102.0	1.7	no	7
item	目	other	127	180.7	0.7	no	7
item	件	other	97	137.3	0.7	no	7
limit	制限	other	912	90.2	10.1	no	7
limit	度	other	546	575.2	0.9	no	7
limit	限り	other	422	87.3	4.8	no	7
limit	境界	other	366	49.6	7.4	no	7
limit	限定	other	159	227.6	0.7	no	7
limit	限界	other	66	34.7	1.9	no	7
limit	期	other	57	501.1	0.1	no	7
manner	方法	other	2802	171.6	16.3	no	7
manner	形式	other	1198	216.9	5.5	no	7
manner	モード	katakana	972	118.3	8.2	no	7
manner	色	other	910	159.2	5.7	no	7
manner	方	other	462	268.2	1.7	no	7
manner	形	other	316	272.3	1.2	no	7
manner	様	other	51	51.9	1.0	no	7
mark	標準	other	997	83.2	12.0	no	7
mark	点	other	885	363.9	2.4	no	7
mark	符号	other	339	15.9	21.3	no	7
mark	台	other	308	313.7	1.0	no	7
mark	記号	other	236	43.4	5.4	no	7
mark	目標	other	161	83.4	1.9	no	7
mark	マーク	katakana	136	100.3	1.4	no	7
means	方法	other	2802	171.6	16.3	no	7
means	仕様	other	762	119.7	6.4	no	7
means	方	other	462	268.2	1.7	no	7
means	手段	other	174	50.2	3.5	no	7
means	策	other	162	27.5	5.9	no	7
means	手	other	110	271.5	0.4	no	7
means	資産	other	91	33.7	2.7	no	7
mechanism	機関	other	811	154.7	5.2	no	7
mechanism	機構	other	253	154.1	1.6	no	7
mechanism	仕組み	other	242	24.8	9.8	no	7
mechanism	機械	other	221	90.4	2.4	no	7
mechanism	メカニズム	katakana	125	15.4	8.1	no	7
mechanism	種	other	113	277.4	0.4	no	7
mechanism	過程	other	77	59.3	1.3	no	7
outside	他	other	3005	1417.5	2.1	no	7
outside	以外	other	893	314.4	2.8	no	7
outside	外部	other	804	50.0	16.1	no	7
outside	表	other	521	142.8	3.6	no	7
outside	アウト	katakana	192	85.0	2.3	no	7
outside	外側	other	151	24.5	6.2	no	7
outside	外	other	132	73.3	1.8	no	7
paragraph	行	other	1071	114.6	9.3	no	7
paragraph	節	other	376	148.3	2.5	no	7
paragraph	条	other	231	264.0	0.9	no	7
paragraph	段落	other	194	1.8	107.0	no	7
paragraph	項	other	169	102.0	1.7	no	7
paragraph	段	other	117	128.6	0.9	no	7
paragraph	件	other	97	137.3	0.7	no	7
percentage	分	other	388	1042.5	0.4	no	7
percentage	分割	other	281	79.6	3.5	no	7
percentage	率	other	193	69.9	2.8	no	7
percentage	パーセント	katakana	181	21.1	8.6	no	7
percentage	割合	other	92	29.0	3.2	no	7
percentage	パーセンテージ	katakana	89	1.0	90.2	no	7
percentage	比率	other	60	22.1	2.7	no	7
progress	向上	other	459	97.0	4.7	no	7
progress	量	other	181	94.6	1.9	no	7
progress	進化	other	118	60.1	2.0	no	7
progress	経過	other	97	39.7	2.4	no	7
progress	進行	other	89	75.3	1.2	no	7
progress	推移	other	55	42.6	1.3	no	7
progress	進捗	other	52	3.7	13.9	no	7
publication	リリース	katakana	1543	286.2	5.4	no	7
publication	発表	other	1427	726.8	2.0	no	7
publication	公開	other	934	486.9	1.9	no	7
publication	発行	other	346	306.8	1.1	no	7
publication	出版	other	181	507.6	0.4	no	7
publication	掲載	other	157	215.3	0.7	no	7
publication	書籍	other	131	77.6	1.7	no	7
range	範囲	other	984	78.3	12.6	no	7
range	幅	other	547	69.4	7.9	no	7
range	スコープ	katakana	521	7.3	71.2	no	7
range	台	other	308	313.7	1.0	no	7
range	距離	other	116	118.3	1.0	no	7
range	場	other	85	94.8	0.9	no	7
range	帯域	other	74	4.3	17.0	no	7
reason	物	other	3627	2080.8	1.7	no	7
reason	理由	other	478	236.5	2.0	no	7
reason	付け	other	402	42.6	9.4	no	7
reason	訳	other	289	313.6	0.9	no	7
reason	条	other	231	264.0	0.9	no	7
reason	理	other	75	24.1	3.1	no	7
reason	故	other	51	56.6	0.9	no	7
region	ブロック	katakana	1276	91.1	14.0	no	7
region	領域	other	519	78.4	6.6	no	7
region	部	other	252	1097.4	0.2	no	7
region	国	other	106	272.5	0.4	no	7
region	辺	other	94	21.2	4.4	no	7
region	地域	other	89	591.9	0.2	no	7
region	リージョン	katakana	52	12.9	4.0	no	7
regulation	コード	katakana	3590	108.1	33.2	no	7
regulation	法	other	505	388.4	1.3	no	7
regulation	規定	other	331	125.9	2.6	no	7
regulation	調整	other	310	73.7	4.2	no	7
regulation	規則	other	195	59.6	3.3	no	7
regulation	整理	other	104	54.3	1.9	no	7
regulation	規制	other	61	74.1	0.8	no	7
release	リリース	katakana	1543	286.2	5.4	yes	7
release	発売	other	1227	969.6	1.3	no	7
release	公開	other	934	486.9	1.9	no	7
release	解除	other	189	44.0	4.3	no	7
release	解放	other	163	69.0	2.4	no	7
release	稼働	other	144	36.0	4.0	yes	7
release	開示	other	53	9.1	5.8	no	7
report	情報	other	7012	665.5	10.5	no	7
report	記事	other	681	314.5	2.2	no	7
report	報告	other	543	188.8	2.9	no	7
report	通知	other	411	17.9	22.9	no	7
report	レポート	katakana	298	155.6	1.9	no	7
report	報告書	other	90	75.4	1.2	no	7
report	報	other	87	6.2	14.1	no	7
season	時	other	4201	1843.2	2.3	no	7
season	節	other	376	148.3	2.5	no	7
season	頃	other	250	520.7	0.5	no	7
season	時期	other	137	203.6	0.7	no	7
season	比	other	103	52.1	2.0	no	7
season	秋	other	63	130.8	0.5	no	7
season	期	other	57	501.1	0.1	no	7
society	社	other	982	1189.1	0.8	no	7
society	代	other	611	785.4	0.8	no	7
society	世界	other	357	1109.7	0.3	no	7
society	協会	other	145	494.6	0.3	no	7
society	団体	other	121	185.9	0.7	no	7
society	社会	other	96	318.3	0.3	no	7
society	ソサエティー	katakana	86	65.9	1.3	no	7
statement	発表	other	1427	726.8	2.0	no	7
statement	命令	other	1019	94.3	10.8	yes	7
statement	記載	other	636	145.4	4.4	no	7
statement	文	other	583	127.3	4.6	yes	7
statement	言葉	other	118	197.6	0.6	no	7
statement	ステートメント	katakana	77	7.9	9.7	no	7
statement	論述	other	75	0.9	85.4	no	7
top	上	other	1233	475.6	2.6	no	7
top	表	other	521	142.8	3.6	no	7
top	上位	other	211	68.7	3.1	no	7
top	ピン	katakana	143	11.8	12.1	no	7
top	頂点	other	98	20.9	4.7	no	7
top	トップ	katakana	79	155.9	0.5	no	7
top	上端	other	60	1.6	38.0	no	7
address	前	other	1519	937.1	1.6	no	6
address	アドレス	katakana	770	14.5	53.1	yes	6
address	先	other	370	156.6	2.4	no	6
address	上書き	other	332	1.9	173.1	no	6
address	所	other	234	343.3	0.7	no	6
address	宛て先	other	68	2.0	34.2	no	6
agreement	一致	other	841	46.8	18.0	no	6
agreement	契約	other	359	283.6	1.3	no	6
agreement	承認	other	120	70.7	1.7	no	6
agreement	規約	other	67	12.9	5.2	no	6
agreement	合意	other	65	63.4	1.0	no	6
agreement	同意	other	50	28.0	1.8	no	6
alteration	変更	other	3224	505.2	6.4	no	6
alteration	修正	other	684	51.2	13.4	no	6
alteration	変化	other	422	170.5	2.5	no	6
alteration	改竄	other	93	6.3	14.7	no	6
alteration	改変	other	59	13.7	4.3	no	6
alteration	改訂	other	55	35.9	1.5	no	6
announcement	発表	other	1427	726.8	2.0	no	6
announcement	宣言	other	983	100.9	9.7	no	6
announcement	広告	other	193	73.4	2.6	no	6
announcement	放送	other	98	1445.8	0.1	no	6
announcement	アナウンス	katakana	70	34.0	2.1	no	6
announcement	表明	other	62	83.2	0.7	no	6
another	他	other	3005	1417.5	2.1	no	6
another	別	other	875	421.0	2.1	no	6
another	今	other	158	159.7	1.0	no	6
another	外	other	132	73.3	1.8	no	6
another	別個	other	60	5.1	11.7	no	6
another	別途	other	59	10.5	5.6	no	6
approval	許可	other	823	71.2	11.6	no	6
approval	承認	other	120	70.7	1.7	no	6
approval	可	other	87	31.0	2.8	no	6
approval	認可	other	82	41.6	2.0	no	6
approval	成立	other	59	158.0	0.4	no	6
approval	同意	other	50	28.0	1.8	no	6
article	物	other	3627	2080.8	1.7	no	6
article	記事	other	681	314.5	2.2	no	6
article	条	other	231	264.0	0.9	no	6
article	アーティクル	katakana	189	182.5	1.0	no	6
article	論文	other	181	87.4	2.1	no	6
article	文章	other	79	30.5	2.6	no	6
aspect	点	other	885	363.9	2.4	no	6
aspect	面	other	242	379.0	0.6	no	6
aspect	所	other	234	343.3	0.7	no	6
aspect	向き	other	91	12.1	7.6	no	6
aspect	アスペクト	katakana	81	5.3	15.3	no	6
aspect	側面	other	54	51.4	1.0	no	6
association	ブロック	katakana	1276	91.1	14.0	no	6
association	社	other	982	1189.1	0.8	no	6
association	共同	other	214	217.2	1.0	no	6
association	協会	other	145	494.6	0.3	no	6
association	団体	other	121	185.9	0.7	no	6
association	アソシエーション	katakana	92	53.3	1.7	no	6
balance	中心	other	227	402.9	0.6	no	6
balance	安定	other	157	54.5	2.9	no	6
balance	残り	other	149	56.2	2.6	no	6
balance	平均	other	78	109.3	0.7	no	6
balance	スケール	katakana	77	21.3	3.6	no	6
balance	均衡	other	52	7.5	7.0	no	6
before	前	other	1519	937.1	1.6	no	6
before	元	other	624	867.7	0.7	no	6
before	以前	other	496	227.4	2.2	no	6
before	先	other	370	156.6	2.4	no	6
before	旧	other	223	597.4	0.4	no	6
before	故	other	51	56.6	0.9	no	6
board	ボード	katakana	227	37.2	6.1	no	6
board	基盤	other	204	36.2	5.6	no	6
board	委員会	other	116	384.5	0.3	no	6
board	基板	other	92	7.8	11.8	no	6
board	ボール	katakana	62	104.9	0.6	no	6
board	板	other	52	40.7	1.3	no	6
category	項目	other	786	201.8	3.9	no	6
category	種類	other	752	143.0	5.3	no	6
category	方	other	462	268.2	1.7	no	6
category	カテゴリー	katakana	261	351.8	0.7	no	6
category	部	other	252	1097.4	0.2	no	6
category	部門	other	186	213.2	0.9	no	6
centre	中	other	1063	859.6	1.2	no	6
centre	軸	other	415	56.4	7.4	no	6
centre	センター	katakana	328	510.6	0.6	no	6
centre	中心	other	227	402.9	0.6	no	6
centre	中央	other	113	374.1	0.3	no	6
centre	中間	other	101	48.2	2.1	no	6
channel	ルート	katakana	656	94.8	6.9	no	6
channel	チャンネル	katakana	468	246.0	1.9	no	6
channel	条	other	231	264.0	0.9	no	6
channel	経路	other	123	42.7	2.9	no	6
channel	局	other	118	596.1	0.2	no	6
channel	パイプ	katakana	84	15.6	5.4	no	6
connection	関連	other	3620	424.8	8.5	no	6
connection	接続	other	1072	99.6	10.8	no	6
connection	関係	other	762	424.1	1.8	no	6
connection	コネクション	katakana	142	10.2	13.9	no	6
connection	連絡	other	111	85.7	1.3	no	6
connection	連結	other	91	43.1	2.1	no	6
construction	構築	other	958	56.2	17.1	no	6
construction	構成	other	757	280.0	2.7	no	6
construction	構造	other	521	190.6	2.7	no	6
construction	組織	other	406	242.9	1.7	no	6
construction	解釈	other	288	54.7	5.3	no	6
construction	仕組み	other	242	24.8	9.8	no	6
continuation	前	other	1519	937.1	1.6	no	6
continuation	先	other	370	156.6	2.4	no	6
continuation	継続	other	173	98.4	1.8	no	6
continuation	連続	other	143	269.0	0.5	no	6
continuation	永続	other	85	4.3	19.7	no	6
continuation	延長	other	51	117.1	0.4	no	6
corporation	社	other	982	1189.1	0.8	no	6
corporation	企業	other	657	239.3	2.7	no	6
corporation	株式会社	other	596	811.0	0.7	no	6
corporation	会社	other	299	332.6	0.9	no	6
corporation	コーポレーション	katakana	185	43.7	4.2	no	6
corporation	法人	other	139	124.2	1.1	no	6
creation	設定	other	6695	265.4	25.2	no	6
creation	生成	other	1818	57.4	31.7	no	6
creation	構築	other	958	56.2	17.1	no	6
creation	制作	other	151	476.1	0.3	no	6
creation	誕生	other	69	158.3	0.4	no	6
creation	制定	other	63	100.3	0.6	no	6
device	機関	other	811	154.7	5.2	no	6
device	デバイス	katakana	653	21.4	30.5	no	6
device	機器	other	607	74.4	8.2	no	6
device	装置	other	335	157.8	2.1	no	6
device	考案	other	76	29.1	2.6	no	6
device	細工	other	60	8.7	7.0	no	6
direction	方向	other	864	104.6	8.3	no	6
direction	方	other	462	268.2	1.7	no	6
direction	ベクトル	katakana	176	20.0	8.8	no	6
direction	手	other	110	271.5	0.4	no	6
direction	向き	other	91	12.1	7.6	no	6
direction	矢印	other	62	4.3	14.5	no	6
expansion	拡張	other	863	63.8	13.5	no	6
expansion	拡張機能	other	347	1.5	238.6	yes	6
expansion	展開	other	246	199.7	1.2	no	6
expansion	拡大	other	173	159.6	1.1	no	6
expansion	発展	other	143	143.5	1.0	no	6
expansion	増設	other	53	20.7	2.5	no	6
expression	表示	other	3311	1059.5	3.1	no	6
expression	色	other	910	159.2	5.7	no	6
expression	表現	other	829	164.0	5.1	no	6
expression	式	other	585	419.6	1.4	no	6
expression	言葉	other	118	197.6	0.6	no	6
expression	表明	other	62	83.2	0.7	no	6
extension	拡張	other	863	63.8	13.5	no	6
extension	拡大	other	173	159.6	1.1	no	6
extension	発展	other	143	143.5	1.0	no	6
extension	エクステンション	katakana	70	6.2	11.4	no	6
extension	増設	other	53	20.7	2.5	no	6
extension	延長	other	51	117.1	0.4	no	6
formation	生成	other	1818	57.4	31.7	no	6
formation	構成	other	757	280.0	2.7	no	6
formation	組織	other	406	242.9	1.7	no	6
formation	形成	other	77	152.1	0.5	no	6
formation	誕生	other	69	158.3	0.4	no	6
formation	成立	other	59	158.0	0.4	no	6
grade	点	other	885	363.9	2.4	no	6
grade	レベル	katakana	669	110.7	6.0	no	6
grade	程度	other	268	168.3	1.6	no	6
grade	段階	other	192	85.6	2.2	no	6
grade	段	other	117	128.6	0.9	no	6
grade	点数	other	104	11.5	9.1	no	6
inspection	閲覧	other	9073	7532.7	1.2	no	6
inspection	チェック	katakana	713	28.4	25.2	no	6
inspection	監査	other	575	17.0	33.9	no	6
inspection	検査	other	217	74.0	2.9	no	6
inspection	審査	other	62	54.8	1.1	no	6
inspection	検定	other	62	31.0	2.0	no	6
interest	子	other	606	265.3	2.3	no	6
interest	興味	other	87	59.0	1.5	no	6
interest	気	other	81	139.9	0.6	no	6
interest	関心	other	74	40.0	1.9	no	6
interest	曲	other	62	615.4	0.1	no	6
interest	矢印	other	62	4.3	14.5	no	6
issue	問題	other	1312	399.2	3.3	no	6
issue	発行	other	346	306.8	1.1	no	6
issue	号	other	280	2122.2	0.1	no	6
issue	課題	other	272	48.8	5.6	no	6
issue	イシュー	katakana	139	15.6	8.9	no	6
issue	種	other	113	277.4	0.4	no	6
judgement	監査	other	575	17.0	33.9	no	6
judgement	判断	other	331	92.5	3.6	no	6
judgement	目	other	127	180.7	0.7	no	6
judgement	判定	other	117	81.2	1.4	no	6
judgement	批判	other	92	126.9	0.7	no	6
judgement	考え	other	52	46.2	1.1	no	6
just	限り	other	422	87.3	4.8	no	6
just	真	other	136	105.0	1.3	no	6
just	一人	other	104	379.9	0.3	no	6
just	ジャスト	katakana	71	25.6	2.8	no	6
just	オンリー	katakana	58	23.5	2.5	no	6
just	左右	other	53	56.5	0.9	no	6
kind	色	other	910	159.2	5.7	no	6
kind	種類	other	752	143.0	5.3	no	6
kind	タイプ	katakana	648	165.8	3.9	no	6
kind	種	other	113	277.4	0.4	no	6
kind	手	other	110	271.5	0.4	no	6
kind	比	other	103	52.1	2.0	no	6
light	簡単	other	614	41.5	14.8	no	6
light	ライト	katakana	315	179.3	1.8	no	6
light	電気	other	160	186.5	0.9	no	6
light	光	other	147	193.3	0.8	no	6
light	明らか	other	133	125.8	1.1	no	6
light	影	other	76	55.1	1.4	no	6
list	リスト	katakana	2179	132.9	16.4	no	6
list	表	other	521	142.8	3.6	no	6
list	一覧	other	453	744.0	0.6	no	6
list	列挙	other	217	7.4	29.5	no	6
list	候補	other	67	112.4	0.6	no	6
list	並び	other	52	35.4	1.5	no	6
look	色	other	910	159.2	5.7	no	6
look	御覧	other	537	11.9	45.3	no	6
look	一覧	other	453	744.0	0.6	no	6
look	目	other	127	180.7	0.7	no	6
look	ルック	katakana	58	18.3	3.2	no	6
look	見た目	other	52	21.6	2.4	no	6
main	親	other	727	64.6	11.2	no	6
main	メイン	katakana	368	156.6	2.3	no	6
main	主要	other	213	146.2	1.5	no	6
main	主	other	102	128.6	0.8	no	6
main	重	other	85	88.8	1.0	no	6
main	本	other	72	160.2	0.4	no	6
nature	人	other	284	482.4	0.6	no	6
nature	人気	other	145	208.0	0.7	no	6
nature	性質	other	111	47.2	2.3	no	6
nature	自然	other	103	146.9	0.7	no	6
nature	向き	other	91	12.1	7.6	no	6
nature	気	other	81	139.9	0.6	no	6
notice	注意	other	892	61.0	14.6	no	6
notice	通知	other	411	17.9	22.9	no	6
notice	広告	other	193	73.4	2.6	no	6
notice	注目	other	131	89.7	1.5	no	6
notice	目	other	127	180.7	0.7	no	6
notice	お知らせ	other	64	184.3	0.3	no	6
number	数	other	1186	430.3	2.8	no	6
number	番号	other	406	187.9	2.2	no	6
number	号	other	280	2122.2	0.1	no	6
number	ナンバー	katakana	244	245.2	1.0	no	6
number	数字	other	185	51.1	3.6	no	6
number	番	other	74	422.5	0.2	no	6
oneself	自分	other	341	427.7	0.8	no	6
oneself	自身	other	337	422.1	0.8	no	6
oneself	自体	other	316	92.0	3.4	no	6
oneself	自分自身	other	138	14.3	9.6	no	6
oneself	自己	other	122	81.9	1.5	no	6
oneself	自ら	other	70	195.7	0.4	no	6
opinion	観測	other	385	90.3	4.3	no	6
opinion	主張	other	174	164.2	1.1	no	6
opinion	考え方	other	117	26.0	4.5	no	6
opinion	声	other	69	560.1	0.1	no	6
opinion	意見	other	59	82.0	0.7	no	6
opinion	考え	other	52	46.2	1.1	no	6
opportunity	時	other	4201	1843.2	2.3	no	6
opportunity	機	other	349	378.2	0.9	no	6
opportunity	時刻	other	308	23.4	13.1	no	6
opportunity	秋	other	63	130.8	0.5	no	6
opportunity	期	other	57	501.1	0.1	no	6
opportunity	機会	other	52	65.9	0.8	no	6
ordinary	通常	other	1117	240.5	4.6	no	6
ordinary	一般	other	465	256.6	1.8	no	6
ordinary	一方	other	230	203.7	1.1	no	6
ordinary	普通	other	118	130.0	0.9	no	6
ordinary	標準的	other	101	12.2	8.3	no	6
ordinary	平均的	other	57	8.8	6.4	no	6
pair	ペア	katakana	159	29.1	5.5	no	6
pair	対	other	107	236.2	0.5	no	6
pair	一番	other	78	219.3	0.4	no	6
pair	番	other	74	422.5	0.2	no	6
pair	両者	other	63	45.6	1.4	no	6
pair	二人	other	55	344.4	0.2	no	6
pattern	型	other	2046	26.9	76.0	no	6
pattern	パターン	katakana	624	42.3	14.8	no	6
pattern	文	other	583	127.3	4.6	no	6
pattern	構造	other	521	190.6	2.7	no	6
pattern	法	other	505	388.4	1.3	no	6
pattern	類型	other	60	8.6	7.0	no	6
person	方	other	462	268.2	1.7	no	6
person	者	other	340	283.7	1.2	no	6
person	人	other	284	482.4	0.6	no	6
person	人間	other	224	306.9	0.7	no	6
person	向き	other	91	12.1	7.6	no	6
person	人物	other	80	471.6	0.2	no	6
place	位置	other	1430	332.7	4.3	no	6
place	場所	other	567	333.5	1.7	no	6
place	所	other	234	343.3	0.7	no	6
place	箇所	other	121	124.1	1.0	no	6
place	場	other	85	94.8	0.9	no	6
place	場面	other	64	67.9	0.9	no	6
plain	単純	other	311	35.7	8.7	no	6
plain	容易	other	293	40.7	7.2	no	6
plain	プレーン	katakana	221	6.7	32.9	no	6
plain	シンプル	katakana	207	22.1	9.4	no	6
plain	明らか	other	133	125.8	1.1	no	6
plain	簡易	other	66	33.7	2.0	no	6
plot	文	other	583	127.3	4.6	no	6
plot	仕組み	other	242	24.8	9.8	no	6
plot	条	other	231	264.0	0.9	no	6
plot	コンセプト	katakana	91	51.7	1.8	no	6
plot	ストーリー	katakana	82	170.0	0.5	no	6
plot	事件	other	66	488.5	0.1	no	6
portion	前	other	1519	937.1	1.6	no	6
portion	部分	other	798	249.0	3.2	no	6
portion	分	other	388	1042.5	0.4	no	6
portion	部	other	252	1097.4	0.2	no	6
portion	量	other	181	94.6	1.9	no	6
portion	箇所	other	121	124.1	1.0	no	6
post	スレッド	katakana	408	7.4	55.4	no	6
post	メール	katakana	348	47.8	7.3	no	6
post	エントリー	katakana	222	40.5	5.5	no	6
post	投稿	other	180	67.7	2.7	no	6
post	役	other	128	903.1	0.1	no	6
post	ポスト	katakana	123	117.5	1.0	no	6
principle	法	other	505	388.4	1.3	no	6
principle	線	other	177	344.9	0.5	no	6
principle	方針	other	111	72.4	1.5	no	6
principle	原則	other	103	61.2	1.7	no	6
principle	理	other	75	24.1	3.1	no	6
principle	原理	other	66	28.6	2.3	no	6
printing	版	other	3542	2474.4	1.4	no	6
printing	プレス	katakana	221	258.6	0.9	no	6
printing	印刷	other	190	45.0	4.2	no	6
printing	掲載	other	157	215.3	0.7	no	6
printing	収録	other	123	527.2	0.2	no	6
printing	プリント	katakana	118	17.6	6.7	no	6
procedure	方法	other	2802	171.6	16.3	no	6
procedure	手順	other	521	11.6	45.1	no	6
procedure	順序	other	462	14.2	32.6	no	6
procedure	手続き	other	163	43.2	3.8	no	6
procedure	流れ	other	78	59.3	1.3	no	6
procedure	プロシージャー	katakana	68	2.1	32.8	no	6
proper	適切	other	983	145.1	6.8	no	6
proper	正式	other	240	131.4	1.8	no	6
proper	本来	other	128	95.3	1.3	no	6
proper	本	other	72	160.2	0.4	no	6
proper	本当	other	65	79.1	0.8	no	6
proper	妥当	other	56	5.7	9.7	no	6
rank	レベル	katakana	669	110.7	6.0	no	6
rank	列	other	484	58.2	8.3	no	6
rank	段階	other	192	85.6	2.2	no	6
rank	段	other	117	128.6	0.9	no	6
rank	番	other	74	422.5	0.2	no	6
rank	並び	other	52	35.4	1.5	no	6
rate	分	other	388	1042.5	0.4	no	6
rate	速度	other	306	105.0	2.9	no	6
rate	分割	other	281	79.6	3.5	no	6
rate	率	other	193	69.9	2.8	no	6
rate	レート	katakana	176	13.8	12.7	no	6
rate	割合	other	92	29.0	3.2	no	6
reading	閲覧	other	9073	7532.7	1.2	no	6
reading	数値	other	855	33.7	25.4	no	6
reading	読み込み	other	326	1.2	276.0	yes	6
reading	解釈	other	288	54.7	5.3	no	6
reading	読み取り	other	83	1.5	55.7	no	6
reading	リード	katakana	64	55.9	1.1	no	6
reference	参照	other	3414	262.0	13.0	no	6
reference	検索	other	549	65.7	8.3	no	6
reference	レファレンス	katakana	409	75.1	5.4	no	6
reference	参考	other	258	40.6	6.4	no	6
reference	引用	other	76	48.5	1.6	no	6
reference	言及	other	58	53.6	1.1	no	6
replacement	更新	other	1600	112.1	14.3	no	6
replacement	代わり	other	918	90.4	10.2	no	6
replacement	交換	other	271	97.7	2.8	no	6
replacement	置換	other	149	11.1	13.4	no	6
replacement	形成	other	77	152.1	0.5	no	6
replacement	切り替え	other	75	13.3	5.6	no	6
result	為	other	9021	3426.6	2.6	no	6
result	結果	other	1963	464.9	4.2	no	6
result	数値	other	855	33.7	25.4	no	6
result	効果	other	443	134.4	3.3	no	6
result	実	other	88	137.0	0.6	no	6
result	成果	other	67	38.4	1.8	no	6
root	ルート	katakana	656	94.8	6.9	yes	6
root	元	other	624	867.7	0.7	no	6
root	管理者	other	278	25.5	10.9	yes	6
root	基	other	136	144.4	0.9	no	6
root	解	other	78	26.0	3.0	no	6
root	本	other	72	160.2	0.4	no	6
security	セキュリティー	katakana	1782	39.4	45.2	no	6
security	安全	other	547	129.4	4.2	no	6
security	保証	other	329	23.3	14.1	no	6
security	形	other	316	272.3	1.2	no	6
security	安全性	other	110	17.5	6.3	no	6
security	安定性	other	50	11.2	4.5	no	6
sense	意味	other	889	359.7	2.5	no	6
sense	検出	other	382	30.1	12.7	no	6
sense	訳	other	289	313.6	0.9	no	6
sense	意識	other	77	89.0	0.9	no	6
sense	理	other	75	24.1	3.1	no	6
sense	声	other	69	560.1	0.1	no	6
separate	別	other	875	421.0	2.1	no	6
separate	個別	other	266	27.1	9.8	no	6
separate	個々	other	190	18.1	10.5	no	6
separate	別々	other	70	12.6	5.5	no	6
separate	別個	other	60	5.1	11.7	no	6
separate	別途	other	59	10.5	5.6	no	6
sight	一覧	other	453	744.0	0.6	no	6
sight	図	other	423	109.2	3.9	no	6
sight	目	other	127	180.7	0.7	no	6
sight	ビジョン	katakana	95	35.9	2.6	no	6
sight	シーン	katakana	86	133.3	0.6	no	6
sight	視覚	other	54	14.1	3.8	no	6
sound	色	other	910	159.2	5.7	no	6
sound	音声	other	502	72.7	6.9	no	6
sound	確実	other	193	25.4	7.6	no	6
sound	サウンド	katakana	138	110.2	1.3	no	6
sound	音	other	111	168.5	0.7	no	6
sound	声	other	69	560.1	0.1	no	6
spot	点	other	885	363.9	2.4	no	6
spot	場所	other	567	333.5	1.7	no	6
spot	ポイント	katakana	244	131.5	1.9	no	6
spot	所	other	234	343.3	0.7	no	6
spot	箇所	other	121	124.1	1.0	no	6
spot	場	other	85	94.8	0.9	no	6
stock	物	other	3627	2080.8	1.7	no	6
stock	元	other	624	867.7	0.7	no	6
stock	台	other	308	313.7	1.0	no	6
stock	商品	other	141	119.4	1.2	no	6
stock	基	other	136	144.4	0.9	no	6
stock	本	other	72	160.2	0.4	no	6
storage	保存	other	807	101.2	8.0	no	6
storage	格納	other	582	11.9	48.8	no	6
storage	ストレージ	katakana	537	9.4	57.0	yes	6
storage	記憶	other	208	89.3	2.3	yes	6
storage	記憶装置	other	112	2.0	57.3	yes	6
storage	保管	other	75	30.9	2.4	no	6
theme	ベース	katakana	964	145.9	6.6	no	6
theme	課題	other	272	48.8	5.6	no	6
theme	種	other	113	277.4	0.4	no	6
theme	テーマ	katakana	99	243.7	0.4	no	6
theme	コンセプト	katakana	91	51.7	1.8	no	6
theme	題材	other	82	40.4	2.0	no	6
tip	前	other	1519	937.1	1.6	no	6
tip	チップ	katakana	447	26.2	17.1	no	6
tip	先	other	370	156.6	2.4	no	6
tip	端	other	105	30.3	3.5	no	6
tip	上端	other	60	1.6	38.0	no	6
tip	助言	other	52	20.0	2.6	no	6
transmission	送信	other	1374	37.7	36.4	no	6
transmission	通信	other	1060	220.0	4.8	no	6
transmission	通り	other	812	439.9	1.8	no	6
transmission	転送	other	407	14.7	27.7	no	6
transmission	配信	other	214	397.5	0.5	no	6
transmission	伝送	other	99	7.2	13.8	no	6
trouble	問題	other	1312	399.2	3.3	no	6
trouble	事	other	452	429.9	1.1	no	6
trouble	困難	other	170	77.5	2.2	no	6
trouble	手	other	110	271.5	0.4	no	6
trouble	事件	other	66	488.5	0.1	no	6
trouble	故障	other	60	34.2	1.8	no	6
union	接続	other	1072	99.6	10.8	no	6
union	一致	other	841	46.8	18.0	no	6
union	結合	other	177	62.0	2.9	no	6
union	ユニオン	katakana	66	50.6	1.3	no	6
union	合併	other	60	257.1	0.2	no	6
union	連邦	other	50	91.6	0.6	no	6
unique	オリジナル	katakana	1261	964.3	1.3	no	6
unique	独自	other	449	106.2	4.2	no	6
unique	固有	other	369	31.2	11.8	no	6
unique	特殊	other	169	112.9	1.5	no	6
unique	一意	other	116	3.5	33.5	yes	6
unique	唯一	other	111	143.4	0.8	no	6
verification	確認	other	2121	171.0	12.4	no	6
verification	検証	other	596	40.3	14.8	no	6
verification	実証	other	216	18.6	11.6	no	6
verification	証明	other	187	54.5	3.4	no	6
verification	照合	other	173	2.1	83.8	no	6
verification	検定	other	62	31.0	2.0	no	6
with	上	other	1233	475.6	2.6	no	6
with	中	other	1063	859.6	1.2	no	6
with	ウィズ	katakana	742	258.8	2.9	no	6
with	下	other	432	387.7	1.1	no	6
with	内	other	391	89.1	4.4	no	6
with	侭	other	213	181.1	1.2	no	6
act	行	other	1071	114.6	9.3	no	5
act	法	other	505	388.4	1.3	no	5
act	段	other	117	128.6	0.9	no	5
act	行為	other	82	116.2	0.7	no	5
act	法律	other	60	130.3	0.5	no	5
actually	実際	other	854	216.2	4.0	no	5
actually	真	other	136	105.0	1.3	no	5
actually	実	other	88	137.0	0.6	no	5
actually	事実上	other	76	54.9	1.4	no	5
actually	事実	other	56	73.1	0.8	no	5
addition	追加	other	3607	216.8	16.6	no	5
addition	プラス	katakana	166	109.9	1.5	no	5
addition	増加	other	166	116.9	1.4	no	5
addition	加算	other	89	16.2	5.5	no	5
addition	付加	other	72	15.7	4.6	no	5
administration	運営	other	220	233.9	0.9	no	5
administration	政府	other	210	345.1	0.6	no	5
administration	行政	other	105	133.5	0.8	no	5
administration	経営	other	69	183.4	0.4	no	5
administration	事務	other	51	58.2	0.9	no	5
advantage	為	other	9021	3426.6	2.6	no	5
advantage	プラス	katakana	166	109.9	1.5	no	5
advantage	利点	other	138	13.5	10.3	no	5
advantage	利益	other	60	41.6	1.4	no	5
advantage	メリット	katakana	56	13.3	4.2	no	5
air	色	other	910	159.2	5.7	no	5
air	体	other	91	244.2	0.4	no	5
air	気	other	81	139.9	0.6	no	5
air	エアー	katakana	77	62.7	1.2	no	5
air	曲	other	62	615.4	0.1	no	5
alias	事	other	452	429.9	1.1	no	5
alias	エイリアス	katakana	140	1.0	133.9	no	5
alias	別名	other	106	39.4	2.7	no	5
alias	仮	other	64	64.9	1.0	no	5
alias	通称	other	51	102.4	0.5	no	5
all	全て	other	3784	481.7	7.9	no	5
all	中	other	1063	859.6	1.2	no	5
all	共	other	185	456.3	0.4	no	5
all	皆	other	57	156.6	0.4	no	5
all	一切	other	57	49.7	1.1	no	5
amount	数	other	1186	430.3	2.8	no	5
amount	ボリューム	katakana	529	48.4	10.9	no	5
amount	分	other	388	1042.5	0.4	no	5
amount	程度	other	268	168.3	1.6	no	5
amount	量	other	181	94.6	1.9	no	5
analysis	検討	other	425	84.0	5.1	no	5
analysis	分析	other	356	89.8	4.0	no	5
analysis	解析	other	340	44.7	7.6	no	5
analysis	アナリシス	katakana	106	23.6	4.5	no	5
analysis	分解	other	72	35.5	2.0	no	5
back	後	other	1236	1707.5	0.7	no	5
back	バック	katakana	675	235.9	2.9	no	5
back	後方	other	90	45.1	2.0	no	5
back	背後	other	59	20.8	2.9	no	5
back	後ろ	other	54	28.1	1.9	no	5
bank	行	other	1071	114.6	9.3	no	5
bank	辺	other	94	21.2	4.4	no	5
bank	バンク	katakana	61	41.4	1.5	no	5
bank	銀行	other	51	121.2	0.4	no	5
bank	辺り	other	51	36.3	1.4	no	5
behavior	動作	other	1672	48.3	34.6	no	5
behavior	振る舞い	other	166	11.1	15.0	no	5
behavior	挙動	other	154	5.9	26.3	no	5
behavior	性質	other	111	47.2	2.3	no	5
behavior	行動	other	102	193.2	0.5	no	5
behaviour	動作	other	1672	48.3	34.6	no	5
behaviour	形	other	316	272.3	1.2	no	5
behaviour	振る舞い	other	166	11.1	15.0	no	5
behaviour	挙動	other	154	5.9	26.3	no	5
behaviour	行動	other	102	193.2	0.5	no	5
best	ピン	katakana	143	11.8	12.1	no	5
best	最高	other	131	251.7	0.5	no	5
best	最適	other	122	11.0	11.1	no	5
best	ベスト	katakana	91	305.3	0.3	no	5
best	一番	other	78	219.3	0.4	no	5
beyond	他	other	3005	1417.5	2.1	no	5
beyond	前	other	1519	937.1	1.6	no	5
beyond	以上	other	782	475.0	1.6	no	5
beyond	先	other	370	156.6	2.4	no	5
beyond	外	other	132	73.3	1.8	no	5
body	機関	other	811	154.7	5.2	no	5
body	本体	other	235	43.3	5.4	no	5
body	団体	other	121	185.9	0.7	no	5
body	本文	other	96	19.6	4.9	no	5
body	体	other	91	244.2	0.4	no	5
book	文	other	583	127.3	4.6	no	5
book	ブック	katakana	156	135.1	1.2	no	5
book	書籍	other	131	77.6	1.7	no	5
book	著	other	86	210.6	0.4	no	5
book	本	other	72	160.2	0.4	no	5
capital	元	other	624	867.7	0.7	no	5
capital	基	other	136	144.4	0.9	no	5
capital	中央	other	113	374.1	0.3	no	5
capital	資金	other	87	75.9	1.1	no	5
capital	本	other	72	160.2	0.4	no	5
chart	表	other	521	142.8	3.6	no	5
chart	図	other	423	109.2	3.9	no	5
chart	グラフ	katakana	261	25.3	10.3	no	5
chart	地図	other	65	75.9	0.9	no	5
chart	罫線	other	57	0.4	131.4	no	5
chief	主要	other	213	146.2	1.5	no	5
chief	正	other	204	72.8	2.8	no	5
chief	マスター	katakana	143	89.3	1.6	no	5
chief	主	other	102	128.6	0.8	no	5
chief	重	other	85	88.8	1.0	no	5
clause	項目	other	786	201.8	3.9	no	5
clause	節	other	376	148.3	2.5	no	5
clause	条	other	231	264.0	0.9	no	5
clause	項	other	169	102.0	1.7	no	5
clause	クローズ	katakana	91	14.4	6.3	no	5
combination	統合	other	596	213.2	2.8	no	5
combination	組み合わせ	other	179	32.5	5.5	no	5
combination	結合	other	177	62.0	2.9	no	5
combination	合併	other	60	257.1	0.2	no	5
combination	総合	other	60	387.2	0.2	no	5
communication	通信	other	1060	220.0	4.8	no	5
communication	コミュニケーション	katakana	126	41.3	3.1	no	5
communication	対話	other	124	19.5	6.4	no	5
communication	連絡	other	111	85.7	1.3	no	5
communication	伝送	other	99	7.2	13.8	no	5
completion	完了	other	523	72.6	7.2	no	5
completion	アップ	katakana	240	175.9	1.4	no	5
completion	完成	other	114	235.9	0.5	no	5
completion	補完	other	63	12.4	5.1	no	5
completion	成立	other	59	158.0	0.4	no	5
component	要素	other	7699	93.7	82.1	no	5
component	コンポーネント	katakana	2177	8.8	247.5	no	5
component	成分	other	107	35.5	3.0	no	5
component	構成要素	other	89	5.7	15.7	no	5
component	パーツ	katakana	79	37.0	2.1	no	5
concern	サービス	katakana	2486	273.2	9.1	no	5
concern	関係	other	762	424.1	1.8	no	5
concern	恐れ	other	113	27.0	4.2	no	5
concern	関心	other	74	40.0	1.9	no	5
concern	懸念	other	55	30.2	1.8	no	5
consideration	計算	other	862	68.6	12.6	no	5
consideration	検討	other	425	84.0	5.1	no	5
consideration	考慮	other	348	44.3	7.9	no	5
consideration	気	other	81	139.9	0.6	no	5
consideration	考え	other	52	46.2	1.1	no	5
consistency	一致	other	841	46.8	18.0	no	5
consistency	安定	other	157	54.5	2.9	no	5
consistency	一貫	other	71	27.9	2.6	no	5
consistency	一貫性	other	68	3.4	19.8	no	5
consistency	整合性	other	53	3.0	17.8	no	5
consolidation	統合	other	596	213.2	2.8	no	5
consolidation	統一	other	168	118.5	1.4	no	5
consolidation	整理	other	104	54.3	1.9	no	5
consolidation	連結	other	91	43.1	2.1	no	5
consolidation	合併	other	60	257.1	0.2	no	5
cooperation	一致	other	841	46.8	18.0	no	5
cooperation	共同	other	214	217.2	1.0	no	5
cooperation	連携	other	188	71.7	2.6	no	5
cooperation	協力	other	94	236.7	0.4	no	5
cooperation	提携	other	82	49.4	1.7	no	5
cost	値	other	8157	54.2	150.4	no	5
cost	代	other	611	785.4	0.8	no	5
cost	価格	other	242	61.4	3.9	no	5
cost	コスト	katakana	232	32.1	7.2	no	5
cost	費用	other	84	39.6	2.1	no	5
curtailment	縮小	other	149	31.9	4.7	no	5
curtailment	削減	other	111	29.7	3.7	no	5
curtailment	整理	other	104	54.3	1.9	no	5
curtailment	抑制	other	87	28.0	3.1	no	5
curtailment	短縮	other	71	37.8	1.9	no	5
cut	限り	other	422	87.3	4.8	no	5
cut	縮小	other	149	31.9	4.7	no	5
cut	ピン	katakana	143	11.8	12.1	no	5
cut	削減	other	111	29.7	3.7	no	5
cut	カット	katakana	58	63.2	0.9	no	5
decision	決定	other	499	429.9	1.2	no	5
decision	判断	other	331	92.5	3.6	no	5
decision	策定	other	275	23.1	11.9	no	5
decision	判定	other	117	81.2	1.4	no	5
decision	確定	other	57	55.3	1.0	no	5
definite	具体的	other	331	43.8	7.5	no	5
definite	明確	other	200	44.0	4.6	no	5
definite	確実	other	193	25.4	7.6	no	5
definite	明らか	other	133	125.8	1.1	no	5
definite	一定	other	96	58.0	1.7	no	5
demonstration	表示	other	3311	1059.5	3.1	no	5
demonstration	実証	other	216	18.6	11.6	no	5
demonstration	証明	other	187	54.5	3.4	no	5
demonstration	デモ	katakana	182	40.7	4.5	no	5
demonstration	表明	other	62	83.2	0.7	no	5
different	他	other	3005	1417.5	2.1	no	5
different	別	other	875	421.0	2.1	no	5
different	外	other	132	73.3	1.8	no	5
different	別々	other	70	12.6	5.5	no	5
different	別個	other	60	5.1	11.7	no	5
disposition	処理	other	1965	91.1	21.6	no	5
disposition	配置	other	862	116.8	7.4	no	5
disposition	キャラクター	katakana	203	373.1	0.5	no	5
disposition	性質	other	111	47.2	2.3	no	5
disposition	気	other	81	139.9	0.6	no	5
distinction	別	other	875	421.0	2.1	no	5
distinction	特徴	other	368	173.4	2.1	no	5
distinction	違い	other	296	69.3	4.3	no	5
distinction	識別	other	255	16.5	15.5	no	5
distinction	区別	other	207	65.4	3.2	no	5
distribution	配布	other	337	34.9	9.7	no	5
distribution	分散	other	245	21.5	11.4	no	5
distribution	ディストリビューション	katakana	232	9.5	24.4	yes	5
distribution	配信	other	214	397.5	0.5	no	5
distribution	流通	other	50	47.5	1.1	no	5
equal	同様	other	907	331.5	2.7	no	5
equal	同じ	other	490	75.0	6.5	no	5
equal	同等	other	259	25.4	10.2	no	5
equal	同一	other	216	80.3	2.7	no	5
equal	比	other	103	52.1	2.0	no	5
event	日	other	5833	9041.5	0.6	no	5
event	イベント	katakana	3425	276.3	12.4	no	5
event	事	other	452	429.9	1.1	no	5
event	事象	other	128	11.0	11.7	no	5
event	事件	other	66	488.5	0.1	no	5
example	例	other	6343	223.3	28.4	no	5
example	サンプル	katakana	336	15.7	21.4	no	5
example	エグザンプル	katakana	97	3.2	29.7	no	5
example	事例	other	82	47.9	1.7	no	5
example	様	other	51	51.9	1.0	no	5
fact	実際	other	854	216.2	4.0	no	5
fact	真	other	136	105.0	1.3	no	5
fact	実	other	88	137.0	0.6	no	5
fact	本当	other	65	79.1	0.8	no	5
fact	事実	other	56	73.1	0.8	no	5
fall	低下	other	127	59.8	2.1	no	5
fall	ダウン	katakana	124	65.9	1.9	no	5
fall	フォール	katakana	106	25.1	4.2	no	5
fall	秋	other	63	130.8	0.5	no	5
fall	低減	other	59	11.8	5.0	no	5
feeling	モード	katakana	972	118.3	8.2	no	5
feeling	色	other	910	159.2	5.7	no	5
feeling	空	other	577	126.5	4.6	no	5
feeling	気	other	81	139.9	0.6	no	5
feeling	声	other	69	560.1	0.1	no	5
flow	通り	other	812	439.9	1.8	no	5
flow	フロー	katakana	182	7.2	25.1	no	5
flow	回転	other	174	73.0	2.4	no	5
flow	流れ	other	78	59.3	1.3	no	5
flow	流通	other	50	47.5	1.1	no	5
focus	フォーカス	katakana	487	16.6	29.4	yes	5
focus	中心	other	227	402.9	0.6	no	5
focus	ベクトル	katakana	176	20.0	8.8	no	5
focus	集中	other	59	52.0	1.1	no	5
focus	焦点	other	54	22.3	2.4	no	5
former	前	other	1519	937.1	1.6	no	5
former	元	other	624	867.7	0.7	no	5
former	先	other	370	156.6	2.4	no	5
former	旧	other	223	597.4	0.4	no	5
former	故	other	51	56.6	0.9	no	5
formula	型	other	2046	26.9	76.0	no	5
formula	公式	other	720	897.1	0.8	no	5
formula	方式	other	712	134.8	5.3	no	5
formula	式	other	585	419.6	1.4	no	5
formula	方程式	other	50	26.7	1.9	no	5
function	関数	other	4589	62.5	73.4	yes	5
function	機能	other	3403	249.4	13.6	no	5
function	回転	other	174	73.0	2.4	no	5
function	ファンクション	katakana	171	9.5	18.0	no	5
function	役	other	128	903.1	0.1	no	5
future	前	other	1519	937.1	1.6	no	5
future	後	other	1236	1707.5	0.7	no	5
future	先	other	370	156.6	2.4	no	5
future	将来	other	131	49.4	2.6	no	5
future	フューチャー	katakana	98	39.1	2.5	no	5
game	ゲーム	katakana	950	637.0	1.5	no	5
game	回	other	367	1793.0	0.2	no	5
game	プレー	katakana	168	197.1	0.9	no	5
game	局	other	118	596.1	0.2	no	5
game	一番	other	78	219.3	0.4	no	5
generation	発生	other	2052	301.8	6.8	no	5
generation	生成	other	1818	57.4	31.7	no	5
generation	代	other	611	785.4	0.8	no	5
generation	世代	other	455	71.2	6.4	no	5
generation	ジェネレーション	katakana	69	23.8	2.9	no	5
goal	点	other	885	363.9	2.4	no	5
goal	目的	other	686	219.8	3.1	no	5
goal	趣旨	other	178	14.7	12.1	no	5
goal	目標	other	161	83.4	1.9	no	5
goal	前提	other	122	27.9	4.4	no	5
heart	空	other	577	126.5	4.6	no	5
heart	中心	other	227	402.9	0.6	no	5
heart	中央	other	113	374.1	0.3	no	5
heart	実	other	88	137.0	0.6	no	5
heart	気	other	81	139.9	0.6	no	5
height	高さ	other	322	79.0	4.1	no	5
height	高度	other	197	57.6	3.4	no	5
height	頂点	other	98	20.9	4.7	no	5
height	春	other	81	176.9	0.5	no	5
height	ハイト	katakana	77	3.6	21.2	no	5
help	サービス	katakana	2486	273.2	9.1	no	5
help	ヘルプ	katakana	136	15.0	9.0	no	5
help	手	other	110	271.5	0.4	no	5
help	補助	other	94	41.6	2.3	no	5
help	協力	other	94	236.7	0.4	no	5
image	画像	other	1453	94.8	15.3	no	5
image	イメージ	katakana	1087	136.7	8.0	yes	5
image	画面	other	564	77.0	7.3	no	5
image	映像	other	170	244.5	0.7	no	5
image	影	other	76	55.1	1.4	no	5
important	重要	other	1001	165.3	6.1	no	5
important	主	other	102	128.6	0.8	no	5
important	重	other	85	88.8	1.0	no	5
important	メジャー	katakana	80	94.2	0.8	no	5
important	重大	other	60	24.1	2.5	no	5
index	インデックス	katakana	478	52.5	9.1	no	5
index	見出し	other	277	6.1	45.2	no	5
index	添え字	other	86	2.0	43.1	no	5
index	指標	other	68	14.6	4.6	no	5
index	指数	other	57	14.1	4.1	no	5
individual	単一	other	583	17.9	32.5	no	5
individual	個別	other	266	27.1	9.8	no	5
individual	個人	other	194	156.0	1.2	no	5
individual	個々	other	190	18.1	10.5	no	5
individual	個	other	163	9.3	17.5	no	5
ingredient	元	other	624	867.7	0.7	no	5
ingredient	基	other	136	144.4	0.9	no	5
ingredient	種	other	113	277.4	0.4	no	5
ingredient	成分	other	107	35.5	3.0	no	5
ingredient	本	other	72	160.2	0.4	no	5
integration	統合	other	596	213.2	2.8	no	5
integration	連携	other	188	71.7	2.6	yes	5
integration	インテグレーション	katakana	90	3.0	30.0	no	5
integration	一貫	other	71	27.9	2.6	no	5
integration	総合	other	60	387.2	0.2	no	5
interval	中	other	1063	859.6	1.2	no	5
interval	間	other	730	565.0	1.3	no	5
interval	期間	other	211	144.5	1.5	no	5
interval	距離	other	116	118.3	1.0	no	5
interval	間隔	other	97	25.2	3.8	no	5
investigation	研究	other	526	664.0	0.8	no	5
investigation	検討	other	425	84.0	5.1	no	5
investigation	調査	other	353	522.4	0.7	no	5
investigation	探索	other	199	21.0	9.5	no	5
investigation	審査	other	62	54.8	1.1	no	5
learning	文	other	583	127.3	4.6	no	5
learning	学習	other	204	57.8	3.5	no	5
learning	ラーニング	katakana	80	9.1	8.8	no	5
learning	学生	other	70	167.9	0.4	no	5
learning	学術	other	54	70.4	0.8	no	5
letter	文字	other	1351	166.1	8.1	no	5
letter	文書	other	1224	113.4	10.8	no	5
letter	文	other	583	127.3	4.6	no	5
letter	付け	other	402	42.6	9.4	no	5
letter	字	other	97	243.4	0.4	no	5
match	一致	other	841	46.8	18.0	no	5
match	マッチ	katakana	296	61.8	4.8	no	5
match	取り組み	other	125	33.8	3.7	no	5
match	比	other	103	52.1	2.0	no	5
match	番	other	74	422.5	0.2	no	5
me	中	other	1063	859.6	1.2	no	5
me	内	other	391	89.1	4.4	no	5
me	自分	other	341	427.7	0.8	no	5
me	人	other	284	482.4	0.6	no	5
me	生	other	87	90.6	1.0	no	5
meeting	該当	other	183	53.9	3.4	no	5
meeting	クリア	katakana	117	56.3	2.1	no	5
meeting	連絡	other	111	85.7	1.3	no	5
meeting	会議	other	104	191.0	0.5	no	5
meeting	合格	other	51	54.9	0.9	no	5
memory	メモリ	katakana	1447	26.6	54.4	yes	5
memory	空	other	577	126.5	4.6	no	5
memory	メモリー	katakana	245	24.9	9.8	yes	5
memory	記憶	other	208	89.3	2.3	yes	5
memory	記憶装置	other	112	2.0	57.3	yes	5
name	名前	other	2290	292.0	7.8	no	5
name	名	other	1968	938.7	2.1	no	5
name	名称	other	355	221.2	1.6	no	5
name	ネーム	katakana	284	35.1	8.1	no	5
name	呼称	other	64	64.3	1.0	no	5
necessity	必要	other	6287	367.4	17.1	no	5
necessity	事	other	452	429.9	1.1	no	5
necessity	米	other	141	109.7	1.3	no	5
necessity	要	other	98	21.1	4.6	no	5
necessity	必要性	other	69	19.0	3.6	no	5
need	必要	other	6287	367.4	17.1	no	5
need	事	other	452	429.9	1.1	no	5
need	要	other	98	21.1	4.6	no	5
need	必要性	other	69	19.0	3.6	no	5
need	需要	other	60	36.7	1.6	no	5
only	限り	other	422	87.3	4.8	no	5
only	一方	other	230	203.7	1.1	no	5
only	唯一	other	111	143.4	0.8	no	5
only	一人	other	104	379.9	0.3	no	5
only	オンリー	katakana	58	23.5	2.5	no	5
opening	空間	other	867	108.8	8.0	no	5
opening	オープン	katakana	568	188.4	3.0	no	5
opening	開催	other	153	652.7	0.2	no	5
opening	目	other	127	180.7	0.7	no	5
opening	開設	other	67	163.7	0.4	no	5
past	後	other	1236	1707.5	0.7	no	5
past	元	other	624	867.7	0.7	no	5
past	旧	other	223	597.4	0.4	no	5
past	過去	other	133	198.0	0.7	no	5
past	故	other	51	56.6	0.9	no	5
peculiar	独自	other	449	106.2	4.2	no	5
peculiar	固有	other	369	31.2	11.8	no	5
peculiar	特殊	other	169	112.9	1.5	no	5
peculiar	変	other	78	40.3	1.9	no	5
peculiar	特有	other	57	14.7	3.8	no	5
performance	性能	other	680	72.5	9.4	no	5
performance	パフォーマンス	katakana	564	62.3	9.1	no	5
performance	履行	other	164	5.3	30.7	no	5
performance	ショー	katakana	71	144.3	0.5	no	5
performance	ステージ	katakana	67	278.1	0.2	no	5
personal	独自	other	449	106.2	4.2	no	5
personal	個別	other	266	27.1	9.8	no	5
personal	個人	other	194	156.0	1.2	no	5
personal	直接	other	152	47.7	3.2	no	5
personal	パーソナル	katakana	113	14.2	8.0	no	5
picture	画像	other	1453	94.8	15.3	no	5
picture	画面	other	564	77.0	7.3	no	5
picture	図	other	423	109.2	3.9	no	5
picture	写真	other	195	212.8	0.9	no	5
picture	映像	other	170	244.5	0.7	no	5
posting	配置	other	862	116.8	7.4	no	5
posting	通知	other	411	17.9	22.9	no	5
posting	書き込み	other	237	6.6	35.6	no	5
posting	掲載	other	157	215.3	0.7	no	5
posting	マーク	katakana	136	100.3	1.4	no	5
power	権限	other	619	31.8	19.5	no	5
power	パワー	katakana	303	106.1	2.9	no	5
power	電源	other	215	24.9	8.6	no	5
power	光	other	147	193.3	0.8	no	5
power	エネルギー	katakana	76	128.9	0.6	no	5
practice	例	other	6343	223.3	28.4	no	5
practice	実行	other	4043	65.8	61.5	no	5
practice	実際	other	854	216.2	4.0	no	5
practice	訓練	other	55	89.1	0.6	no	5
practice	トレーニング	katakana	54	36.5	1.5	no	5
presentation	紹介	other	317	307.0	1.0	no	5
presentation	デモ	katakana	182	40.7	4.5	no	5
presentation	提出	other	142	75.2	1.9	no	5
presentation	提示	other	87	37.0	2.4	no	5
presentation	プレゼンテーション	katakana	74	6.5	11.5	no	5
previous	前	other	1519	937.1	1.6	no	5
previous	後	other	1236	1707.5	0.7	no	5
previous	先	other	370	156.6	2.4	no	5
previous	旧	other	223	597.4	0.4	no	5
previous	故	other	51	56.6	0.9	no	5
previously	前	other	1519	937.1	1.6	no	5
previously	元	other	624	867.7	0.7	no	5
previously	以前	other	496	227.4	2.2	no	5
previously	旧	other	223	597.4	0.4	no	5
previously	故	other	51	56.6	0.9	no	5
problem	問題	other	1312	399.2	3.3	no	5
problem	課題	other	272	48.8	5.6	no	5
problem	イシュー	katakana	139	15.6	8.9	no	5
problem	不具合	other	66	10.7	6.2	no	5
problem	故障	other	60	34.2	1.8	no	5
product	結果	other	1963	464.9	4.2	no	5
product	製品	other	1346	120.4	11.2	no	5
product	プロダクト	katakana	133	13.3	10.0	no	5
product	成果	other	67	38.4	1.8	no	5
product	積	other	51	20.2	2.5	no	5
programme	プログラム	katakana	1773	122.2	14.5	no	5
programme	計画	other	377	414.4	0.9	no	5
programme	メニュー	katakana	244	32.4	7.5	no	5
programme	予定	other	193	261.8	0.7	no	5
programme	番組	other	59	793.9	0.1	no	5
project	プロジェクト	katakana	1342	256.6	5.2	no	5
project	計画	other	377	414.4	0.9	no	5
project	事業	other	277	433.3	0.6	no	5
project	企画	other	104	324.3	0.3	no	5
project	テーマ	katakana	99	243.7	0.4	no	5
property	プロパティー	katakana	5722	6.2	918.8	no	5
property	物	other	3627	2080.8	1.7	no	5
property	属性	other	3208	33.9	94.5	no	5
property	性質	other	111	47.2	2.3	no	5
property	資産	other	91	33.7	2.7	no	5
question	問題	other	1312	399.2	3.3	no	5
question	問い	other	527	11.6	45.5	no	5
question	設問	other	308	0.7	410.7	no	5
question	課題	other	272	48.8	5.6	no	5
question	質問	other	134	48.0	2.8	no	5
ratio	分割	other	281	79.6	3.5	no	5
ratio	率	other	193	69.9	2.8	no	5
ratio	比	other	103	52.1	2.0	no	5
ratio	割合	other	92	29.0	3.2	no	5
ratio	比率	other	60	22.1	2.7	no	5
really	物	other	3627	2080.8	1.7	no	5
really	実際	other	854	216.2	4.0	no	5
really	真	other	136	105.0	1.3	no	5
really	実	other	88	137.0	0.6	no	5
really	左右	other	53	56.5	0.9	no	5
rear	後	other	1236	1707.5	0.7	no	5
rear	バック	katakana	675	235.9	2.9	no	5
rear	後方	other	90	45.1	2.0	no	5
rear	背後	other	59	20.8	2.9	no	5
rear	後ろ	other	54	28.1	1.9	no	5
recognition	評価	other	646	216.0	3.0	no	5
recognition	認識	other	304	73.5	4.1	no	5
recognition	認定	other	132	126.2	1.0	no	5
recognition	承認	other	120	70.7	1.7	no	5
recognition	認知	other	71	29.3	2.4	no	5
record	記載	other	636	145.4	4.4	no	5
record	登録	other	549	202.4	2.7	no	5
record	レコード	katakana	397	176.3	2.3	yes	5
record	記録	other	395	526.6	0.7	no	5
record	履歴	other	120	9.8	12.2	no	5
requirement	必要	other	6287	367.4	17.1	no	5
requirement	要求	other	787	88.5	8.9	no	5
requirement	条件	other	544	135.5	4.0	no	5
requirement	要件	other	515	22.5	22.9	no	5
requirement	要	other	98	21.1	4.6	no	5
restriction	制限	other	912	90.2	10.1	no	5
restriction	制約	other	379	21.0	18.0	no	5
restriction	限定	other	159	227.6	0.7	no	5
restriction	規制	other	61	74.1	0.8	no	5
restriction	束縛	other	58	3.5	16.5	no	5
return	代わり	other	918	90.4	10.2	no	5
return	返し	other	621	8.9	69.8	no	5
return	リターン	katakana	225	21.1	10.7	yes	5
return	再現	other	66	49.0	1.4	no	5
return	帰属	other	53	9.7	5.4	no	5
review	確認	other	2121	171.0	12.4	no	5
review	検討	other	425	84.0	5.1	no	5
review	レビュー	katakana	262	122.2	2.1	no	5
review	見直し	other	110	20.8	5.3	no	5
review	審査	other	62	54.8	1.1	no	5
revision	変更	other	3224	505.2	6.4	no	5
revision	修正	other	684	51.2	13.4	no	5
revision	見直し	other	110	20.8	5.3	no	5
revision	訂正	other	55	13.4	4.1	no	5
revision	改訂	other	55	35.9	1.5	no	5
ring	色	other	910	159.2	5.7	no	5
ring	コール	katakana	615	53.9	11.4	no	5
ring	ループ	katakana	476	25.3	18.9	no	5
ring	リング	katakana	123	65.8	1.9	no	5
ring	音	other	111	168.5	0.7	no	5
room	空間	other	867	108.8	8.0	no	5
room	間	other	730	565.0	1.3	no	5
room	場所	other	567	333.5	1.7	no	5
room	所	other	234	343.3	0.7	no	5
room	スペース	katakana	185	109.2	1.7	no	5
running	動作	other	1672	48.3	34.6	no	5
running	通り	other	812	439.9	1.8	no	5
running	掲載	other	157	215.3	0.7	no	5
running	稼働	other	144	36.0	4.0	no	5
running	経営	other	69	183.4	0.4	no	5
schedule	計画	other	377	414.4	0.9	no	5
schedule	メニュー	katakana	244	32.4	7.5	no	5
schedule	寸法	other	212	9.6	22.1	no	5
schedule	予定	other	193	261.8	0.7	no	5
schedule	スケジュール	katakana	188	33.1	5.7	no	5
scheme	計画	other	377	414.4	0.9	no	5
scheme	策	other	162	27.5	5.9	no	5
scheme	スキーム	katakana	106	5.9	18.0	no	5
scheme	プラン	katakana	95	38.3	2.5	no	5
scheme	略	other	72	36.9	1.9	no	5
school	群	other	335	167.1	2.0	no	5
school	条	other	231	264.0	0.9	no	5
school	流れ	other	78	59.3	1.3	no	5
school	学校	other	60	624.4	0.1	no	5
school	系統	other	51	154.0	0.3	no	5
scope	範囲	other	984	78.3	12.6	no	5
scope	スコープ	katakana	521	7.3	71.2	yes	5
scope	限り	other	422	87.3	4.8	no	5
scope	規模	other	86	82.6	1.0	no	5
scope	スケール	katakana	77	21.3	3.6	no	5
series	シリーズ	katakana	1276	783.4	1.6	no	5
series	列	other	484	58.2	8.3	no	5
series	一連	other	185	37.3	5.0	no	5
series	連続	other	143	269.0	0.5	no	5
series	系列	other	68	145.2	0.5	no	5
set	集合	other	402	52.8	7.6	no	5
set	セット	katakana	398	87.3	4.6	no	5
set	組み合わせ	other	179	32.5	5.5	no	5
set	対	other	107	236.2	0.5	no	5
set	組	other	77	255.8	0.3	no	5
settlement	解決	other	726	64.9	11.2	no	5
settlement	確立	other	109	52.5	2.1	no	5
settlement	整理	other	104	54.3	1.9	no	5
settlement	決済	other	84	13.7	6.1	no	5
settlement	確定	other	57	55.3	1.0	no	5
sign	符号	other	339	15.9	21.3	no	5
sign	記号	other	236	43.4	5.4	no	5
sign	目標	other	161	83.4	1.9	no	5
sign	マーク	katakana	136	100.3	1.4	no	5
sign	気	other	81	139.9	0.6	no	5
since	以降	other	952	531.8	1.8	no	5
since	限り	other	422	87.3	4.8	no	5
since	条	other	231	264.0	0.9	no	5
since	以来	other	66	188.7	0.4	no	5
since	以後	other	50	124.4	0.4	no	5
size	型	other	2046	26.9	76.0	no	5
size	サイズ	katakana	1093	80.8	13.5	no	5
size	号	other	280	2122.2	0.1	no	5
size	寸法	other	212	9.6	22.1	no	5
size	大きさ	other	169	47.0	3.6	no	5
solution	解決	other	726	64.9	11.2	no	5
solution	解答	other	236	18.8	12.5	no	5
solution	ソリューション	katakana	148	13.8	10.7	no	5
solution	解決策	other	92	4.8	19.3	no	5
solution	解	other	78	26.0	3.0	no	5
somewhat	物	other	3627	2080.8	1.7	no	5
somewhat	一種	other	188	64.6	2.9	no	5
somewhat	目	other	127	180.7	0.7	no	5
somewhat	生	other	87	90.6	1.0	no	5
somewhat	若干	other	55	29.7	1.9	no	5
sorting	順	other	247	89.5	2.8	no	5
sorting	分類	other	237	145.1	1.6	no	5
sorting	ソート	katakana	143	5.8	24.8	no	5
sorting	整理	other	104	54.3	1.9	no	5
sorting	区分	other	63	45.5	1.4	no	5
special	特定	other	1384	134.9	10.3	no	5
special	特別	other	283	291.6	1.0	no	5
special	特殊	other	169	112.9	1.5	no	5
special	別途	other	59	10.5	5.6	no	5
special	スペシャル	katakana	57	303.9	0.2	no	5
sphere	範囲	other	984	78.3	12.6	no	5
sphere	領域	other	519	78.4	6.6	no	5
sphere	世界	other	357	1109.7	0.3	no	5
sphere	分野	other	346	114.7	3.0	no	5
sphere	場	other	85	94.8	0.9	no	5
step	対策	other	2110	125.4	16.8	no	5
step	措置	other	321	46.0	7.0	no	5
step	ステップ	katakana	247	27.5	9.0	no	5
step	段階	other	192	85.6	2.2	no	5
step	段	other	117	128.6	0.9	no	5
substitution	代	other	611	785.4	0.8	no	5
substitution	代入	other	416	2.6	157.9	no	5
substitution	代替	other	315	42.0	7.5	no	5
substitution	交換	other	271	97.7	2.8	no	5
substitution	置換	other	149	11.1	13.4	no	5
succession	継承	other	642	98.5	6.5	no	5
succession	後継	other	335	54.5	6.1	no	5
succession	遷移	other	193	6.7	28.7	no	5
succession	連続	other	143	269.0	0.5	no	5
succession	系列	other	68	145.2	0.5	no	5
table	表	other	521	142.8	3.6	no	5
table	一覧	other	453	744.0	0.6	no	5
table	テーブル	katakana	324	30.2	10.7	no	5
table	台	other	308	313.7	1.0	no	5
table	場	other	85	94.8	0.9	no	5
task	作業	other	476	88.5	5.4	no	5
task	タスク	katakana	434	9.7	44.6	no	5
task	課題	other	272	48.8	5.6	no	5
task	用	other	163	9.4	17.4	no	5
task	仕事	other	77	171.3	0.5	no	5
technique	技術	other	1149	301.9	3.8	no	5
technique	手法	other	462	55.7	8.3	no	5
technique	手	other	110	271.5	0.4	no	5
technique	技法	other	105	22.3	4.7	no	5
technique	テクニック	katakana	67	15.2	4.4	no	5
tendency	色	other	910	159.2	5.7	no	5
tendency	向き	other	91	12.1	7.6	no	5
tendency	傾向	other	91	71.7	1.3	no	5
tendency	流れ	other	78	59.3	1.3	no	5
tendency	動向	other	71	28.3	2.5	no	5
topic	スレッド	katakana	408	7.4	55.4	no	5
topic	語	other	315	494.4	0.6	no	5
topic	トピック	katakana	100	7.9	12.7	no	5
topic	テーマ	katakana	99	243.7	0.4	no	5
topic	話題	other	51	71.6	0.7	no	5
transition	変化	other	422	170.5	2.5	no	5
transition	移行	other	286	98.1	2.9	no	5
transition	トランジション	katakana	265	3.8	70.3	no	5
transition	遷移	other	193	6.7	28.7	no	5
transition	推移	other	55	42.6	1.3	no	5
truly	物	other	3627	2080.8	1.7	no	5
truly	実際	other	854	216.2	4.0	no	5
truly	真	other	136	105.0	1.3	no	5
truly	実	other	88	137.0	0.6	no	5
truly	左右	other	53	56.5	0.9	no	5
truth	実際	other	854	216.2	4.0	no	5
truth	真	other	136	105.0	1.3	no	5
truth	実	other	88	137.0	0.6	no	5
truth	本当	other	65	79.1	0.8	no	5
truth	事実	other	56	73.1	0.8	no	5
under	以下	other	4026	502.1	8.0	no	5
under	中	other	1063	859.6	1.2	no	5
under	下	other	432	387.7	1.1	no	5
under	未満	other	127	40.7	3.1	no	5
under	アンダー	katakana	54	43.5	1.2	no	5
understanding	通り	other	812	439.9	1.8	no	5
understanding	理解	other	668	84.3	7.9	no	5
understanding	認識	other	304	73.5	4.1	no	5
understanding	把握	other	195	21.4	9.1	no	5
understanding	捕捉	other	74	4.6	16.0	no	5
usage	例	other	6343	223.3	28.4	no	5
usage	型	other	2046	26.9	76.0	no	5
usage	使い方	other	509	637.8	0.8	no	5
usage	使用量	other	64	2.6	24.5	no	5
usage	用法	other	53	84.0	0.6	no	5
value	値	other	8157	54.2	150.4	yes	5
value	取得	other	1591	163.5	9.7	no	5
value	価格	other	242	61.4	3.9	no	5
value	バリュー	katakana	195	12.2	16.0	no	5
value	価値	other	89	52.0	1.7	no	5
warning	注意	other	892	61.0	14.6	no	5
warning	警告	other	241	23.1	10.4	no	5
warning	ワーニング	katakana	165	2.8	58.7	no	5
warning	アラート	katakana	61	3.4	18.0	no	5
warning	意見	other	59	82.0	0.7	no	5
working	動作	other	1672	48.3	34.6	no	5
working	実施	other	901	326.0	2.8	no	5
working	回転	other	174	73.0	2.4	no	5
working	稼働	other	144	36.0	4.0	no	5
working	ワーキング	katakana	54	8.9	6.1	no	5
writing	文字	other	1351	166.1	8.1	no	5
writing	文書	other	1224	113.4	10.8	no	5
writing	書き込み	other	237	6.6	35.6	no	5
writing	文章	other	79	30.5	2.6	no	5
writing	ライティング	katakana	52	9.1	5.7	no	5
abbreviation	省略	other	427	79.2	5.4	no	4
abbreviation	略称	other	90	65.9	1.4	no	4
abbreviation	略	other	72	36.9	1.9	no	4
abbreviation	短縮	other	71	37.8	1.9	no	4
absolutely	真	other	136	105.0	1.3	no	4
absolutely	絶対	other	125	50.4	2.5	no	4
absolutely	実	other	88	137.0	0.6	no	4
absolutely	一切	other	57	49.7	1.1	no	4
accomplishment	達成	other	116	132.7	0.9	no	4
accomplishment	完成	other	114	235.9	0.5	no	4
accomplishment	遂行	other	81	13.9	5.8	no	4
accomplishment	成果	other	67	38.4	1.8	no	4
account	説明	other	1527	213.5	7.2	no	4
account	記述	other	901	135.2	6.7	no	4
account	記事	other	681	314.5	2.2	no	4
account	アカウント	katakana	296	35.0	8.5	no	4
acknowledgement	評価	other	646	216.0	3.0	no	4
acknowledgement	認定	other	132	126.2	1.0	no	4
acknowledgement	承認	other	120	70.7	1.7	no	4
acknowledgement	認知	other	71	29.3	2.4	no	4
acquisition	取得	other	1591	163.5	9.7	no	4
acquisition	買収	other	400	76.1	5.3	no	4
acquisition	入手	other	125	49.8	2.5	no	4
acquisition	獲得	other	100	342.0	0.3	no	4
actuality	実際	other	854	216.2	4.0	no	4
actuality	本当	other	65	79.1	0.8	no	4
actuality	事実	other	56	73.1	0.8	no	4
actuality	現実	other	51	41.0	1.3	no	4
affair	事	other	452	429.9	1.1	no	4
affair	局	other	118	596.1	0.2	no	4
affair	件	other	97	137.3	0.7	no	4
affair	事件	other	66	488.5	0.1	no	4
after	後	other	1236	1707.5	0.7	no	4
after	限り	other	422	87.3	4.8	no	4
after	アフター	katakana	77	59.9	1.3	no	4
after	以後	other	50	124.4	0.4	no	4
age	年	other	25941	46332.2	0.6	no	4
age	代	other	611	785.4	0.8	no	4
age	時代	other	187	941.0	0.2	no	4
age	期	other	57	501.1	0.1	no	4
america	アメリカ	katakana	271	597.1	0.5	no	4
america	米国	other	233	123.7	1.9	no	4
america	ア	katakana	177	37.8	4.7	no	4
america	米	other	141	109.7	1.3	no	4
angle	角	other	398	62.4	6.4	no	4
angle	観点	other	131	28.6	4.6	no	4
angle	角度	other	116	17.4	6.7	no	4
angle	視点	other	59	34.9	1.7	no	4
answer	解答	other	236	18.8	12.5	no	4
answer	応答	other	203	14.7	13.8	no	4
answer	回答	other	81	39.0	2.1	no	4
answer	解	other	78	26.0	3.0	no	4
anticipation	期待	other	354	78.2	4.5	no	4
anticipation	想定	other	318	37.4	8.5	no	4
anticipation	予期	other	76	4.8	15.8	no	4
anticipation	予想	other	69	48.5	1.4	no	4
appropriate	適切	other	983	145.1	6.8	no	4
appropriate	当該	other	548	57.0	9.6	no	4
appropriate	相当	other	219	97.4	2.3	no	4
appropriate	妥当	other	56	5.7	9.7	no	4
approximately	程度	other	268	168.3	1.6	no	4
approximately	所	other	234	343.3	0.7	no	4
approximately	略	other	72	36.9	1.9	no	4
approximately	前後	other	51	81.2	0.6	no	4
arrangements	用意	other	327	60.1	5.4	no	4
arrangements	準備	other	197	77.2	2.6	no	4
arrangements	企画	other	104	324.3	0.3	no	4
arrangements	設備	other	51	82.9	0.6	no	4
assumption	想定	other	318	37.4	8.5	no	4
assumption	前提	other	122	27.9	4.4	no	4
assumption	仮定	other	73	14.2	5.1	no	4
assumption	推定	other	57	72.6	0.8	no	4
attention	注意	other	892	61.0	14.6	no	4
attention	注目	other	131	89.7	1.5	no	4
attention	目	other	127	180.7	0.7	no	4
attention	気	other	81	139.9	0.6	no	4
attitude	形	other	316	272.3	1.2	no	4
attitude	考え方	other	117	26.0	4.5	no	4
attitude	動向	other	71	28.3	2.5	no	4
attitude	声	other	69	560.1	0.1	no	4
authority	権限	other	619	31.8	19.5	no	4
authority	出典	other	211	196.8	1.1	no	4
authority	行政	other	105	133.5	0.8	no	4
authority	専門家	other	71	31.5	2.3	no	4
automatic	自動的	other	675	17.4	38.8	no	4
automatic	自動	other	438	69.2	6.3	no	4
automatic	自然	other	103	146.9	0.7	no	4
automatic	オート	katakana	71	42.3	1.7	no	4
backing	バック	katakana	675	235.9	2.9	no	4
backing	支援	other	403	241.6	1.7	no	4
backing	背景	other	271	76.7	3.5	no	4
backing	バックアップ	katakana	151	10.3	14.6	no	4
band	ループ	katakana	476	25.3	18.9	no	4
band	群	other	335	167.1	2.0	no	4
band	ユニット	katakana	271	134.3	2.0	no	4
band	帯域	other	74	4.3	17.0	no	4
behind	後	other	1236	1707.5	0.7	no	4
behind	後方	other	90	45.1	2.0	no	4
behind	影	other	76	55.1	1.4	no	4
behind	後ろ	other	54	28.1	1.9	no	4
besides	他	other	3005	1417.5	2.1	no	4
besides	以外	other	893	314.4	2.8	no	4
besides	側	other	471	364.7	1.3	no	4
besides	外	other	132	73.3	1.8	no	4
between	中	other	1063	859.6	1.2	no	4
between	間	other	730	565.0	1.3	no	4
between	内	other	391	89.1	4.4	no	4
between	差	other	62	114.4	0.5	no	4
breaking	更新	other	1600	112.1	14.3	no	4
breaking	発表	other	1427	726.8	2.0	no	4
breaking	破棄	other	138	14.9	9.3	no	4
breaking	違反	other	102	54.7	1.9	no	4
calculation	数	other	1186	430.3	2.8	no	4
calculation	計算	other	862	68.6	12.6	no	4
calculation	演算	other	407	10.5	38.7	no	4
calculation	算出	other	76	9.7	7.8	no	4
call	コール	katakana	615	53.9	11.4	no	4
call	呼び出し	other	548	7.0	78.7	yes	4
call	判定	other	117	81.2	1.4	no	4
call	連絡	other	111	85.7	1.3	no	4
care	サービス	katakana	2486	273.2	9.1	no	4
care	注意	other	892	61.0	14.6	no	4
care	手	other	110	271.5	0.4	no	4
care	気	other	81	139.9	0.6	no	4
characteristic	独自	other	449	106.2	4.2	no	4
characteristic	固有	other	369	31.2	11.8	no	4
characteristic	特徴	other	368	173.4	2.1	no	4
characteristic	特有	other	57	14.7	3.8	no	4
circulation	回転	other	174	73.0	2.4	no	4
circulation	伝送	other	99	7.2	13.8	no	4
circulation	循環	other	57	43.0	1.3	no	4
circulation	流通	other	50	47.5	1.1	no	4
classification	分類	other	237	145.1	1.6	no	4
classification	格付け	other	131	10.6	12.4	no	4
classification	種別	other	91	18.6	4.9	no	4
classification	区分	other	63	45.5	1.4	no	4
close	終了	other	687	382.3	1.8	no	4
close	厳密	other	114	22.1	5.2	no	4
close	終わり	other	99	44.4	2.2	no	4
close	クローズ	katakana	91	14.4	6.3	no	4
closing	最終	other	124	173.5	0.7	no	4
closing	クローズ	katakana	91	14.4	6.3	no	4
closing	閉鎖	other	64	72.3	0.9	no	4
closing	成立	other	59	158.0	0.4	no	4
clue	キー	katakana	1238	21.9	56.6	no	4
clue	キーワード	katakana	637	13.3	47.8	no	4
clue	鍵	other	347	31.9	10.9	no	4
clue	ヒント	katakana	202	15.3	13.2	no	4
code	コード	katakana	3590	108.1	33.2	yes	4
code	暗号	other	561	18.9	29.7	no	4
code	符号	other	339	15.9	21.3	no	4
code	規約	other	67	12.9	5.2	no	4
collaboration	共同	other	214	217.2	1.0	no	4
collaboration	連携	other	188	71.7	2.6	no	4
collaboration	協力	other	94	236.7	0.4	no	4
collaboration	コラボレーション	katakana	50	35.9	1.4	no	4
column	列	other	484	58.2	8.3	no	4
column	桁	other	174	34.3	5.1	no	4
column	コラム	katakana	154	38.5	4.0	no	4
column	段	other	117	128.6	0.9	no	4
comparison	参照	other	3414	262.0	13.0	no	4
comparison	比較	other	457	89.1	5.1	no	4
comparison	照合	other	173	2.1	83.8	no	4
comparison	比	other	103	52.1	2.0	no	4
complete	完全	other	797	256.5	3.1	no	4
complete	円	other	287	470.4	0.6	no	4
complete	ホール	katakana	88	231.6	0.4	no	4
complete	赤	other	66	78.1	0.8	no	4
conduct	振る舞い	other	166	11.1	15.0	no	4
conduct	挙動	other	154	5.9	26.3	no	4
conduct	行動	other	102	193.2	0.5	no	4
conduct	行為	other	82	116.2	0.7	no	4
confirmation	確認	other	2121	171.0	12.4	no	4
confirmation	認証	other	1137	30.0	37.9	no	4
confirmation	検証	other	596	40.3	14.8	no	4
confirmation	確定	other	57	55.3	1.0	no	4
constant	常	other	793	101.1	7.8	no	4
constant	定数	other	267	30.9	8.6	no	4
constant	一定	other	96	58.0	1.7	no	4
constant	不変	other	79	6.5	12.1	no	4
contents	コンテンツ	katakana	2039	64.8	31.5	no	4
contents	内容	other	1107	227.6	4.9	no	4
contents	目次	other	139	5.1	27.3	no	4
contents	中身	other	75	11.8	6.4	no	4
context	コンテキスト	katakana	1130	5.0	224.8	no	4
context	背景	other	271	76.7	3.5	no	4
context	文脈	other	90	10.4	8.7	no	4
context	前後	other	51	81.2	0.6	no	4
convention	型	other	2046	26.9	76.0	no	4
convention	会議	other	104	191.0	0.5	no	4
convention	ショー	katakana	71	144.3	0.5	no	4
convention	規約	other	67	12.9	5.2	no	4
core	コア	katakana	422	21.9	19.3	no	4
core	主体	other	280	43.1	6.5	no	4
core	中心	other	227	402.9	0.6	no	4
core	実	other	88	137.0	0.6	no	4
correspondence	対応	other	2662	263.7	10.1	no	4
correspondence	通信	other	1060	220.0	4.8	no	4
correspondence	一致	other	841	46.8	18.0	no	4
correspondence	連絡	other	111	85.7	1.3	no	4
couple	対	other	107	236.2	0.5	no	4
couple	一番	other	78	219.3	0.4	no	4
couple	番	other	74	422.5	0.2	no	4
couple	二人	other	55	344.4	0.2	no	4
covering	バックアップ	katakana	151	10.3	14.6	no	4
covering	包含	other	95	3.9	24.3	no	4
covering	カバー	katakana	67	120.5	0.6	no	4
covering	網羅	other	60	6.2	9.6	no	4
cycle	回路	other	276	27.2	10.1	no	4
cycle	サイクル	katakana	128	25.5	5.0	no	4
cycle	繰り返し	other	64	4.9	12.9	no	4
cycle	循環	other	57	43.0	1.3	no	4
date	日	other	5833	9041.5	0.6	no	4
date	付け	other	402	42.6	9.4	no	4
date	日付け	other	241	118.9	2.0	no	4
date	デート	katakana	113	52.3	2.2	no	4
decoding	翻訳	other	182	70.5	2.6	no	4
decoding	デコード	katakana	179	1.6	109.9	no	4
decoding	解読	other	105	10.8	9.7	no	4
decoding	復号	other	91	1.5	58.6	no	4
degree	度	other	546	575.2	0.9	no	4
degree	限り	other	422	87.3	4.8	no	4
degree	程度	other	268	168.3	1.6	no	4
degree	段	other	117	128.6	0.9	no	4
delivery	配信	other	214	397.5	0.5	no	4
delivery	出荷	other	173	19.8	8.7	no	4
delivery	伝送	other	99	7.2	13.8	no	4
delivery	納入	other	74	13.5	5.5	no	4
department	部	other	252	1097.4	0.2	no	4
department	部門	other	186	213.2	0.9	no	4
department	局	other	118	596.1	0.2	no	4
department	課	other	58	211.3	0.3	no	4
deployment	配置	other	862	116.8	7.4	no	4
deployment	展開	other	246	199.7	1.2	no	4
deployment	デプロイ	katakana	240	0.3	741.2	no	4
deployment	稼働	other	144	36.0	4.0	yes	4
description	説明	other	1527	213.5	7.2	no	4
description	記述	other	901	135.2	6.7	no	4
description	表現	other	829	164.0	5.1	no	4
description	デスクリプション	katakana	51	6.5	7.9	no	4
discrimination	別	other	875	421.0	2.1	no	4
discrimination	識別	other	255	16.5	15.5	no	4
discrimination	区別	other	207	65.4	3.2	no	4
discrimination	目	other	127	180.7	0.7	no	4
display	表示	other	3311	1059.5	3.1	yes	4
display	ディスプレー	katakana	395	24.5	16.1	no	4
display	モニター	katakana	158	23.9	6.6	no	4
display	開示	other	53	9.1	5.8	no	4
element	要素	other	7699	93.7	82.1	yes	4
element	属性	other	3208	33.9	94.5	no	4
element	元	other	624	867.7	0.7	no	4
element	構成要素	other	89	5.7	15.7	no	4
employment	使用	other	12300	861.7	14.3	no	4
employment	採用	other	1086	251.2	4.3	no	4
employment	職	other	234	66.6	3.5	no	4
employment	仕事	other	77	171.3	0.5	no	4
encoding	暗号化	other	440	5.8	75.7	no	4
encoding	エンコード	katakana	319	2.0	157.3	no	4
encoding	符号化	other	266	5.1	52.5	no	4
encoding	エンコーディング	katakana	171	0.6	279.4	no	4
equilibrium	安定	other	157	54.5	2.9	no	4
equilibrium	平均	other	78	109.3	0.7	no	4
equilibrium	均衡	other	52	7.5	7.0	no	4
equilibrium	安定性	other	50	11.2	4.5	no	4
equipment	機器	other	607	74.4	8.2	no	4
equipment	装置	other	335	157.8	2.1	no	4
equipment	装備	other	81	163.4	0.5	no	4
equipment	設備	other	51	82.9	0.6	no	4
estimation	計算	other	862	68.6	12.6	no	4
estimation	評価	other	646	216.0	3.0	no	4
estimation	予測	other	204	32.9	6.2	no	4
estimation	推定	other	57	72.6	0.8	no	4
everything	全て	other	3784	481.7	7.9	no	4
everything	物	other	3627	2080.8	1.7	no	4
everything	皆	other	57	156.6	0.4	no	4
everything	一切	other	57	49.7	1.1	no	4
exactly	其々	other	1180	301.7	3.9	no	4
exactly	度	other	546	575.2	0.9	no	4
exactly	正	other	204	72.8	2.8	no	4
exactly	ジャスト	katakana	71	25.6	2.8	no	4
explanation	説明	other	1527	213.5	7.2	no	4
explanation	解説	other	755	146.3	5.2	no	4
explanation	解釈	other	288	54.7	5.3	no	4
explanation	解	other	78	26.0	3.0	no	4
exterior	外部	other	804	50.0	16.1	no	4
exterior	表	other	521	142.8	3.6	no	4
exterior	外側	other	151	24.5	6.2	no	4
exterior	外	other	132	73.3	1.8	no	4
eyesight	光	other	147	193.3	0.8	no	4
eyesight	目	other	127	180.7	0.7	no	4
eyesight	ビジョン	katakana	95	35.9	2.6	no	4
eyesight	視覚	other	54	14.1	3.8	no	4
failure	失敗	other	562	108.4	5.2	no	4
failure	欠点	other	78	15.4	5.0	no	4
failure	不具合	other	66	10.7	6.2	no	4
failure	故障	other	60	34.2	1.8	no	4
final	最後	other	706	339.7	2.1	no	4
final	最終的	other	196	110.6	1.8	no	4
final	最終	other	124	173.5	0.7	no	4
final	ファイナル	katakana	65	115.4	0.6	no	4
format	形式	other	1198	216.9	5.5	no	4
format	フォーマット	katakana	603	19.8	30.4	yes	4
format	書式	other	280	2.4	117.8	no	4
format	書き方	other	72	3.0	23.9	no	4
front	前	other	1519	937.1	1.6	no	4
front	表	other	521	142.8	3.6	no	4
front	先	other	370	156.6	2.4	no	4
front	先頭	other	324	91.6	3.5	no	4
general	通常	other	1117	240.5	4.6	no	4
general	一般的	other	831	124.5	6.7	no	4
general	一般	other	465	256.6	1.8	no	4
general	総合	other	60	387.2	0.2	no	4
genuine	真	other	136	105.0	1.3	no	4
genuine	純粋	other	73	25.7	2.8	no	4
genuine	本	other	72	160.2	0.4	no	4
genuine	本当	other	65	79.1	0.8	no	4
grounds	理由	other	478	236.5	2.0	no	4
grounds	訳	other	289	313.6	0.9	no	4
grounds	場	other	85	94.8	0.9	no	4
grounds	故	other	51	56.6	0.9	no	4
growth	発生	other	2052	301.8	6.8	no	4
growth	増加	other	166	116.9	1.4	no	4
growth	発展	other	143	143.5	1.0	no	4
growth	成長	other	65	112.0	0.6	no	4
guide	仕様書	other	2223	2.0	1126.4	no	4
guide	ガイド	katakana	711	111.4	6.4	no	4
guide	目標	other	161	83.4	1.9	no	4
guide	入門	other	96	60.3	1.6	no	4
handling	対応	other	2662	263.7	10.1	no	4
handling	操作	other	1216	82.4	14.8	no	4
handling	取り扱い	other	213	58.6	3.6	no	4
handling	扱い	other	62	87.4	0.7	no	4
history	ヒストリー	katakana	249	153.0	1.6	no	4
history	歴史	other	152	414.8	0.4	no	4
history	由来	other	143	178.5	0.8	no	4
history	履歴	other	120	9.8	12.2	no	4
hope	期待	other	354	78.2	4.5	no	4
hope	光	other	147	193.3	0.8	no	4
hope	希望	other	78	74.6	1.0	no	4
hope	考え	other	52	46.2	1.1	no	4
hour	時	other	4201	1843.2	2.3	no	4
hour	時間	other	859	551.1	1.6	no	4
hour	時刻	other	308	23.4	13.1	no	4
hour	秋	other	63	130.8	0.5	no	4
in	中	other	1063	859.6	1.2	no	4
in	下	other	432	387.7	1.1	no	4
in	内	other	391	89.1	4.4	no	4
in	ナウ	katakana	158	39.5	4.0	no	4
incident	事	other	452	429.9	1.1	no	4
incident	インシデント	katakana	300	3.9	76.8	no	4
incident	変	other	78	40.3	1.9	no	4
incident	事件	other	66	488.5	0.1	no	4
increase	アップ	katakana	240	175.9	1.4	no	4
increase	増加	other	166	116.9	1.4	no	4
increase	増大	other	57	22.4	2.5	no	4
increase	増設	other	53	20.7	2.5	no	4
indication	表示	other	3311	1059.5	3.1	no	4
indication	指示	other	282	62.9	4.5	no	4
indication	気	other	81	139.9	0.6	no	4
indication	表明	other	62	83.2	0.7	no	4
industry	事業	other	277	433.3	0.6	no	4
industry	産業	other	162	180.0	0.9	no	4
industry	業界	other	73	23.4	3.1	no	4
industry	インダストリー	katakana	60	17.3	3.4	no	4
influence	影響	other	838	329.7	2.5	no	4
influence	関係	other	762	424.1	1.8	no	4
influence	光	other	147	193.3	0.8	no	4
influence	左右	other	53	56.5	0.9	no	4
inside	中	other	1063	859.6	1.2	no	4
inside	内部	other	585	85.7	6.8	no	4
inside	内	other	391	89.1	4.4	no	4
inside	内側	other	128	26.1	4.9	no	4
instruction	命令	other	1019	94.3	10.8	yes	4
instruction	手順	other	521	11.6	45.1	no	4
instruction	教育	other	156	406.7	0.4	no	4
instruction	教授	other	70	280.7	0.2	no	4
interior	中	other	1063	859.6	1.2	no	4
interior	内部	other	585	85.7	6.8	no	4
interior	内側	other	128	26.1	4.9	no	4
interior	中身	other	75	11.8	6.4	no	4
japan	日	other	5833	9041.5	0.6	no	4
japan	日本	other	1042	3545.9	0.3	no	4
japan	ジャパン	katakana	373	395.7	0.9	no	4
japan	和	other	57	61.8	0.9	no	4
job	職	other	234	66.6	3.5	no	4
job	ジョブ	katakana	232	11.5	20.2	yes	4
job	役	other	128	903.1	0.1	no	4
job	仕事	other	77	171.3	0.5	no	4
joining	参加	other	288	489.4	0.6	no	4
joining	結合	other	177	62.0	2.9	no	4
joining	連絡	other	111	85.7	1.3	no	4
joining	連結	other	91	43.1	2.1	no	4
judgment	監査	other	575	17.0	33.9	no	4
judgment	判断	other	331	92.5	3.6	no	4
judgment	判定	other	117	81.2	1.4	no	4
judgment	批判	other	92	126.9	0.7	no	4
key	キー	katakana	1238	21.9	56.6	no	4
key	重要	other	1001	165.3	6.1	no	4
key	親	other	727	64.6	11.2	no	4
key	鍵	other	347	31.9	10.9	no	4
language	言語	other	2106	127.4	16.5	no	4
language	語	other	315	494.4	0.6	no	4
language	ランゲージ	katakana	312	24.5	12.7	no	4
language	言葉	other	118	197.6	0.6	no	4
last	前	other	1519	937.1	1.6	no	4
last	最後	other	706	339.7	2.1	no	4
last	先	other	370	156.6	2.4	no	4
last	最終	other	124	173.5	0.7	no	4
law	法	other	505	388.4	1.3	no	4
law	ロー	katakana	120	51.5	2.3	no	4
law	法律	other	60	130.3	0.5	no	4
law	法則	other	53	27.9	1.9	no	4
layer	レイヤー	katakana	424	7.3	58.4	no	4
layer	層	other	282	76.8	3.7	no	4
layer	階層	other	146	13.9	10.5	no	4
layer	段	other	117	128.6	0.9	no	4
layout	配列	other	1551	23.0	67.3	no	4
layout	設計	other	1209	207.1	5.8	no	4
layout	配置	other	862	116.8	7.4	no	4
layout	レイアウト	katakana	745	12.1	61.4	no	4
leader	リーダー	katakana	265	80.7	3.3	no	4
leader	マスター	katakana	143	89.3	1.6	no	4
leader	主	other	102	128.6	0.8	no	4
leader	代表	other	78	532.7	0.1	no	4
legal	正規	other	304	23.0	13.2	no	4
legal	正式	other	240	131.4	1.8	no	4
legal	本来	other	128	95.3	1.3	no	4
legal	法的	other	56	27.5	2.0	no	4
length	方	other	462	268.2	1.7	no	4
length	長さ	other	379	69.5	5.5	no	4
length	レングス	katakana	153	2.7	55.8	no	4
length	延長	other	51	117.1	0.4	no	4
license	ライセンス	katakana	870	43.6	20.0	no	4
license	許可	other	823	71.2	11.6	no	4
license	特許	other	175	32.6	5.4	no	4
license	認可	other	82	41.6	2.0	no	4
link	接続	other	1072	99.6	10.8	no	4
link	リンク	katakana	905	386.7	2.3	no	4
link	連絡	other	111	85.7	1.3	no	4
link	一環	other	57	43.2	1.3	no	4
linking	リンク	katakana	905	386.7	2.3	yes	4
linking	連携	other	188	71.7	2.6	yes	4
linking	結合	other	177	62.0	2.9	no	4
linking	連結	other	91	43.1	2.1	no	4
loading	搭載	other	1574	221.7	7.1	no	4
loading	読み込み	other	326	1.2	276.0	yes	4
loading	ロード	katakana	288	64.5	4.5	yes	4
loading	ローディング	katakana	54	1.7	32.2	no	4
location	位置	other	1430	332.7	4.3	no	4
location	場所	other	567	333.5	1.7	no	4
location	下	other	432	387.7	1.1	no	4
location	拠点	other	67	120.9	0.6	no	4
log	ログ	katakana	641	22.7	28.2	yes	4
log	記録	other	395	526.6	0.7	no	4
log	ジャーナル	katakana	242	171.5	1.4	yes	4
log	履歴	other	120	9.8	12.2	no	4
logic	論理	other	442	20.0	22.1	no	4
logic	条	other	231	264.0	0.9	no	4
logic	ロジック	katakana	189	9.1	20.7	no	4
logic	理	other	75	24.1	3.1	no	4
major	重要	other	1001	165.3	6.1	no	4
major	主要	other	213	146.2	1.5	no	4
major	メジャー	katakana	80	94.2	0.8	no	4
major	専門	other	78	128.2	0.6	no	4
majority	多く	other	985	395.7	2.5	no	4
majority	多数	other	263	162.9	1.6	no	4
majority	大半	other	54	54.7	1.0	no	4
majority	大部分	other	53	44.9	1.2	no	4
manager	責任者	other	654	27.3	23.9	no	4
manager	マネージャー	katakana	393	45.8	8.6	no	4
manager	管理者	other	278	25.5	10.9	no	4
manager	マスター	katakana	143	89.3	1.6	no	4
margin	代	other	611	785.4	0.8	no	4
margin	マージン	katakana	160	0.9	176.6	no	4
margin	端	other	105	30.3	3.5	no	4
margin	余白	other	51	1.6	31.1	no	4
merit	値	other	8157	54.2	150.4	no	4
merit	取得	other	1591	163.5	9.7	no	4
merit	価値	other	89	52.0	1.7	no	4
merit	メリット	katakana	56	13.3	4.2	no	4
middle	中	other	1063	859.6	1.2	no	4
middle	中心	other	227	402.9	0.6	no	4
middle	中央	other	113	374.1	0.3	no	4
middle	中間	other	101	48.2	2.1	no	4
modification	変更	other	3224	505.2	6.4	no	4
modification	修正	other	684	51.2	13.4	no	4
modification	修飾	other	137	5.1	26.7	no	4
modification	改変	other	59	13.7	4.3	no	4
moment	時	other	4201	1843.2	2.3	no	4
moment	段	other	117	128.6	0.9	no	4
moment	秋	other	63	130.8	0.5	no	4
moment	期	other	57	501.1	0.1	no	4
most	殆ど	other	476	214.0	2.2	no	4
most	最高	other	131	251.7	0.5	no	4
most	一番	other	78	219.3	0.4	no	4
most	大半	other	54	54.7	1.0	no	4
movement	動作	other	1672	48.3	34.6	no	4
movement	移動	other	735	171.6	4.3	no	4
movement	動き	other	80	75.5	1.1	no	4
movement	動向	other	71	28.3	2.5	no	4
naturally	自体	other	316	92.0	3.4	no	4
naturally	本来	other	128	95.3	1.3	no	4
naturally	自然	other	103	146.9	0.7	no	4
naturally	自ら	other	70	195.7	0.4	no	4
new	ニュー	katakana	598	291.5	2.1	no	4
new	新た	other	372	235.0	1.6	no	4
new	初	other	147	695.5	0.2	no	4
new	新規	other	125	55.7	2.2	no	4
news	情報	other	7012	665.5	10.5	no	4
news	通信	other	1060	220.0	4.8	no	4
news	ニュース	katakana	840	1307.2	0.6	no	4
news	報	other	87	6.2	14.1	no	4
note	文	other	583	127.3	4.6	no	4
note	メモ	katakana	166	12.6	13.1	no	4
note	音	other	111	168.5	0.7	no	4
note	ノート	katakana	98	41.8	2.3	no	4
now	現在	other	1619	990.5	1.6	no	4
now	今回	other	162	42.6	3.8	no	4
now	ナウ	katakana	158	39.5	4.0	no	4
now	今	other	158	159.7	1.0	no	4
object	オブジェクト	katakana	6215	18.0	346.2	no	4
object	物	other	3627	2080.8	1.7	no	4
object	対象	other	959	195.8	4.9	no	4
object	趣旨	other	178	14.7	12.1	no	4
obscure	不明	other	68	194.4	0.4	no	4
obscure	無名	other	66	12.3	5.4	no	4
obscure	不透明	other	56	3.6	15.5	no	4
obscure	マイナー	katakana	51	30.2	1.7	no	4
observation	観測	other	385	90.3	4.3	no	4
observation	監視	other	370	45.4	8.2	no	4
observation	注目	other	131	89.7	1.5	no	4
observation	目	other	127	180.7	0.7	no	4
obtaining	取得	other	1591	163.5	9.7	no	4
obtaining	確保	other	313	76.9	4.1	no	4
obtaining	入手	other	125	49.8	2.5	no	4
obtaining	キャッチ	katakana	59	17.6	3.3	no	4
occupation	職	other	234	66.6	3.5	no	4
occupation	産業	other	162	180.0	0.9	no	4
occupation	仕事	other	77	171.3	0.5	no	4
occupation	キャリア	katakana	54	62.4	0.9	no	4
of	オブ	katakana	2977	2125.4	1.4	no	4
of	中	other	1063	859.6	1.2	no	4
of	内	other	391	89.1	4.4	no	4
of	デ	katakana	174	491.5	0.4	no	4
office	社	other	982	1189.1	0.8	no	4
office	オフィス	katakana	433	101.3	4.3	no	4
office	役	other	128	903.1	0.1	no	4
office	局	other	118	596.1	0.2	no	4
official	公式	other	720	897.1	0.8	no	4
official	正式	other	240	131.4	1.8	no	4
official	オフィシャル	katakana	112	304.4	0.4	no	4
official	本当	other	65	79.1	0.8	no	4
on	上	other	1233	475.6	2.6	no	4
on	下	other	432	387.7	1.1	no	4
on	条	other	231	264.0	0.9	no	4
on	オン	katakana	56	27.9	2.0	no	4
one	人	other	284	482.4	0.6	no	4
one	一方	other	230	203.7	1.1	no	4
one	ワン	katakana	200	133.4	1.5	no	4
one	ピン	katakana	143	11.8	12.1	no	4
package	パッケージ	katakana	602	48.0	12.5	no	4
package	パケット	katakana	358	8.3	43.1	no	4
package	パック	katakana	128	36.8	3.5	no	4
package	プラン	katakana	95	38.3	2.5	no	4
paper	レポート	katakana	298	155.6	1.9	no	4
paper	論文	other	181	87.4	2.1	no	4
paper	紙	other	83	40.0	2.1	no	4
paper	ペーパー	katakana	69	19.7	3.5	no	4
partition	分割	other	281	79.6	3.5	no	4
partition	分離	other	190	99.4	1.9	no	4
partition	パーティション	katakana	106	2.4	44.2	yes	4
partition	区分	other	63	45.5	1.4	no	4
passing	パス	katakana	956	33.4	28.6	no	4
passing	流れ	other	78	59.3	1.3	no	4
passing	推移	other	55	42.6	1.3	no	4
passing	合格	other	51	54.9	0.9	no	4
payment	支給	other	119	17.5	6.8	no	4
payment	決済	other	84	13.7	6.1	no	4
payment	納入	other	74	13.5	5.5	no	4
payment	支払い	other	59	24.7	2.4	no	4
permission	許可	other	823	71.2	11.6	no	4
permission	許容	other	110	9.8	11.2	no	4
permission	認可	other	82	41.6	2.0	no	4
permission	パーミッション	katakana	57	0.9	65.4	no	4
perspective	次元	other	174	53.2	3.3	no	4
perspective	観点	other	131	28.6	4.6	no	4
perspective	視点	other	59	34.9	1.7	no	4
perspective	パース	katakana	53	7.1	7.4	no	4
phase	段階	other	192	85.6	2.2	no	4
phase	時期	other	137	203.6	0.7	no	4
phase	段	other	117	128.6	0.9	no	4
phase	フェーズ	katakana	86	17.2	5.0	no	4
platform	プラットフォーム	katakana	682	44.2	15.4	no	4
platform	ホーム	katakana	320	219.2	1.5	no	4
platform	台	other	308	313.7	1.0	no	4
platform	基盤	other	204	36.2	5.6	yes	4
points	点	other	885	363.9	2.4	no	4
points	ポイント	katakana	244	131.5	1.9	no	4
points	スイッチ	katakana	223	60.9	3.7	no	4
points	点数	other	104	11.5	9.1	no	4
policy	ポリシー	katakana	586	16.4	35.7	no	4
policy	線	other	177	344.9	0.5	no	4
policy	策	other	162	27.5	5.9	no	4
policy	方針	other	111	72.4	1.5	no	4
possession	獲得	other	100	342.0	0.3	no	4
possession	所有	other	83	87.0	1.0	no	4
possession	保有	other	79	56.9	1.4	no	4
possession	帰属	other	53	9.7	5.4	no	4
potential	可能	other	3569	478.8	7.5	no	4
potential	可能性	other	1647	188.1	8.8	no	4
potential	仮想	other	390	12.4	31.5	no	4
potential	潜在的	other	62	6.8	9.2	no	4
precise	正確	other	265	46.8	5.7	no	4
precise	正	other	204	72.8	2.8	no	4
precise	明確	other	200	44.0	4.6	no	4
precise	厳密	other	114	22.1	5.2	no	4
preparation	対策	other	2110	125.4	16.8	no	4
preparation	用意	other	327	60.1	5.4	no	4
preparation	整備	other	240	203.5	1.2	no	4
preparation	準備	other	197	77.2	2.6	no	4
preservation	保存	other	807	101.2	8.0	no	4
preservation	保持	other	441	46.2	9.6	no	4
preservation	保護	other	369	129.5	2.9	no	4
preservation	維持	other	269	98.5	2.7	no	4
programming	プログラム	katakana	1773	122.2	14.5	yes	4
programming	プログラミング	katakana	1163	38.9	29.9	yes	4
programming	コーディング	katakana	128	3.3	39.2	yes	4
programming	予約	other	94	33.1	2.8	no	4
proportion	率	other	193	69.9	2.8	no	4
proportion	比	other	103	52.1	2.0	no	4
proportion	割合	other	92	29.0	3.2	no	4
proportion	比率	other	60	22.1	2.7	no	4
protection	保護	other	369	129.5	2.9	no	4
protection	防御	other	72	41.5	1.7	no	4
protection	プロテクト	katakana	54	3.9	13.8	no	4
protection	プロテクション	katakana	52	5.7	9.1	no	4
public	代	other	611	785.4	0.8	no	4
public	表	other	521	142.8	3.6	no	4
public	パブリック	katakana	315	40.3	7.8	no	4
public	社会	other	96	318.3	0.3	no	4
purpose	為	other	9021	3426.6	2.6	no	4
purpose	目的	other	686	219.8	3.1	no	4
purpose	用途	other	263	37.0	7.1	no	4
purpose	用	other	163	9.4	17.4	no	4
ranking	上位	other	211	68.7	3.1	no	4
ranking	レート	katakana	176	13.8	12.7	no	4
ranking	格付け	other	131	10.6	12.4	no	4
ranking	ランキング	katakana	60	148.6	0.4	no	4
reflection	反映	other	374	33.2	11.3	no	4
reflection	映像	other	170	244.5	0.7	no	4
reflection	影	other	76	55.1	1.4	no	4
reflection	考え	other	52	46.2	1.1	no	4
removal	移動	other	735	171.6	4.3	no	4
removal	除去	other	208	20.8	10.0	no	4
removal	解除	other	189	44.0	4.3	no	4
removal	排除	other	57	33.0	1.7	no	4
representation	表示	other	3311	1059.5	3.1	no	4
representation	表現	other	829	164.0	5.1	no	4
representation	代表	other	78	532.7	0.1	no	4
representation	表明	other	62	83.2	0.7	no	4
representative	ザ	katakana	4394	3055.9	1.4	no	4
representative	典型的	other	81	20.3	4.0	no	4
representative	代表	other	78	532.7	0.1	no	4
representative	代表的	other	71	31.7	2.2	no	4
resolution	解決	other	726	64.9	11.2	no	4
resolution	解像度	other	166	8.6	19.4	no	4
resolution	分解	other	72	35.5	2.0	no	4
resolution	解消	other	50	43.1	1.2	no	4
response	対応	other	2662	263.7	10.1	no	4
response	レスポンス	katakana	807	16.6	48.6	no	4
response	応答	other	203	14.7	13.8	no	4
response	反応	other	59	94.6	0.6	no	4
restoration	重複	other	128	39.6	3.2	no	4
restoration	復旧	other	81	22.7	3.6	no	4
restoration	復元	other	72	27.6	2.6	no	4
restoration	帰属	other	53	9.7	5.4	no	4
role	ロール	katakana	462	47.0	9.8	no	4
role	役割	other	201	96.3	2.1	no	4
role	役	other	128	903.1	0.1	no	4
role	キャスト	katakana	68	154.8	0.4	no	4
round	回	other	367	1793.0	0.2	no	4
round	場	other	85	94.8	0.9	no	4
round	一番	other	78	219.3	0.4	no	4
round	ラウンド	katakana	72	66.0	1.1	no	4
route	ルート	katakana	656	94.8	6.9	no	4
route	課題	other	272	48.8	5.6	no	4
route	線	other	177	344.9	0.5	no	4
route	経路	other	123	42.7	2.9	no	4
row	行	other	1071	114.6	9.3	no	4
row	列	other	484	58.2	8.3	no	4
row	ロー	katakana	120	51.5	2.3	no	4
row	並び	other	52	35.4	1.5	no	4
same	同様	other	907	331.5	2.7	no	4
same	同じ	other	490	75.0	6.5	no	4
same	同一	other	216	80.3	2.7	no	4
same	共	other	185	456.3	0.4	no	4
score	点	other	885	363.9	2.4	no	4
score	点数	other	104	11.5	9.1	no	4
score	スコア	katakana	93	36.2	2.6	no	4
score	罫線	other	57	0.4	131.4	no	4
second	中	other	1063	859.6	1.2	no	4
second	秒	other	386	265.2	1.5	no	4
second	乙	other	210	22.9	9.2	no	4
second	セカンド	katakana	74	108.2	0.7	no	4
selection	選択	other	1367	114.8	11.9	no	4
selection	セレクト	katakana	141	22.6	6.2	no	4
selection	抽出	other	120	13.8	8.7	no	4
selection	選定	other	117	41.6	2.8	no	4
separation	分割	other	281	79.6	3.5	no	4
separation	独立	other	216	219.8	1.0	no	4
separation	分離	other	190	99.4	1.9	no	4
separation	離散	other	58	6.6	8.8	no	4
session	セッション	katakana	463	31.8	14.5	no	4
session	会議	other	104	191.0	0.5	no	4
session	場	other	85	94.8	0.9	no	4
session	期	other	57	501.1	0.1	no	4
setup	設定	other	6695	265.4	25.2	yes	4
setup	組織	other	406	242.9	1.7	no	4
setup	セットアップ	katakana	276	2.2	125.2	no	4
setup	準備	other	197	77.2	2.6	no	4
sharing	共有	other	673	41.7	16.1	no	4
sharing	展開	other	246	199.7	1.2	no	4
sharing	共同	other	214	217.2	1.0	no	4
sharing	シェア	katakana	181	32.1	5.7	no	4
site	サイト	katakana	1003	696.6	1.4	no	4
site	ポイント	katakana	244	131.5	1.9	no	4
site	所	other	234	343.3	0.7	no	4
site	拠点	other	67	120.9	0.6	no	4
somehow	物	other	3627	2080.8	1.7	no	4
somehow	空	other	577	126.5	4.6	no	4
somehow	生	other	87	90.6	1.0	no	4
somehow	気	other	81	139.9	0.6	no	4
sort	タイプ	katakana	648	165.8	3.9	no	4
sort	種	other	113	277.4	0.4	no	4
sort	手	other	110	271.5	0.4	no	4
sort	比	other	103	52.1	2.0	no	4
start	開始	other	779	770.6	1.0	no	4
start	当初	other	403	333.5	1.2	no	4
start	スタート	katakana	141	148.0	1.0	no	4
start	端	other	105	30.3	3.5	no	4
successor	後	other	1236	1707.5	0.7	no	4
successor	代わり	other	918	90.4	10.2	no	4
successor	後継	other	335	54.5	6.1	no	4
successor	後者	other	75	37.5	2.0	no	4
summary	一覧	other	453	744.0	0.6	no	4
summary	概要	other	432	68.1	6.3	no	4
summary	ダイジェスト	katakana	73	21.9	3.3	no	4
summary	纏め	other	69	13.6	5.1	no	4
supplement	追加	other	3607	216.8	16.6	no	4
supplement	補助	other	94	41.6	2.3	no	4
supplement	加算	other	89	16.2	5.5	no	4
supplement	補足	other	57	6.1	9.4	no	4
supply	調達	other	249	23.8	10.5	no	4
supply	供給	other	122	74.5	1.6	no	4
supply	支給	other	119	17.5	6.8	no	4
supply	納入	other	74	13.5	5.5	no	4
surface	上	other	1233	475.6	2.6	no	4
surface	表	other	521	142.8	3.6	no	4
surface	面	other	242	379.0	0.6	no	4
surface	上部	other	56	42.5	1.3	no	4
suspension	停止	other	473	115.8	4.1	no	4
suspension	一時停止	other	116	3.3	35.7	no	4
suspension	中断	other	84	33.0	2.5	no	4
suspension	中止	other	82	112.2	0.7	no	4
symbol	符号	other	339	15.9	21.3	no	4
symbol	記号	other	236	43.4	5.4	no	4
symbol	シンボル	katakana	190	27.0	7.0	no	4
symbol	マーク	katakana	136	100.3	1.4	no	4
talk	語	other	315	494.4	0.6	no	4
talk	対話	other	124	19.5	6.4	no	4
talk	トーク	katakana	67	98.0	0.7	no	4
talk	会話	other	51	44.6	1.2	no	4
target	対象	other	959	195.8	4.9	no	4
target	ターゲット	katakana	350	24.3	14.4	no	4
target	目標	other	161	83.4	1.9	no	4
target	標的	other	68	25.8	2.6	no	4
team	チーム	katakana	316	693.2	0.5	no	4
team	部	other	252	1097.4	0.2	no	4
team	団体	other	121	185.9	0.7	no	4
team	組	other	77	255.8	0.3	no	4
terminal	端末	other	851	32.5	26.2	yes	4
terminal	端子	other	127	11.6	10.9	no	4
terminal	ターミナル	katakana	113	33.4	3.4	no	4
terminal	終端	other	79	3.5	22.6	no	4
text	テキスト	katakana	1959	50.1	39.1	no	4
text	文	other	583	127.3	4.6	no	4
text	メール	katakana	348	47.8	7.3	no	4
text	本文	other	96	19.6	4.9	no	4
thing	物	other	3627	2080.8	1.7	no	4
thing	事	other	452	429.9	1.1	no	4
thing	所	other	234	343.3	0.7	no	4
thing	様	other	51	51.9	1.0	no	4
title	名	other	1968	938.7	2.1	no	4
title	名称	other	355	221.2	1.6	no	4
title	見出し	other	277	6.1	45.2	no	4
title	タイトル	katakana	166	254.7	0.7	no	4
tone	色	other	910	159.2	5.7	no	4
tone	人気	other	145	208.0	0.7	no	4
tone	音	other	111	168.5	0.7	no	4
tone	声	other	69	560.1	0.1	no	4
treatment	処理	other	1965	91.1	21.6	no	4
treatment	使い方	other	509	637.8	0.8	no	4
treatment	取り扱い	other	213	58.6	3.6	no	4
treatment	扱い	other	62	87.4	0.7	no	4
trend	数	other	1186	430.3	2.8	no	4
trend	傾向	other	91	71.7	1.3	no	4
trend	動き	other	80	75.5	1.1	no	4
trend	動向	other	71	28.3	2.5	no	4
true	正	other	204	72.8	2.8	no	4
true	トゥルー	katakana	139	25.7	5.4	no	4
true	真	other	136	105.0	1.3	no	4
true	純粋	other	73	25.7	2.8	no	4
trunk	元	other	624	867.7	0.7	no	4
trunk	基	other	136	144.4	0.9	no	4
trunk	体	other	91	244.2	0.4	no	4
trunk	本	other	72	160.2	0.4	no	4
turn	順	other	247	89.5	2.8	no	4
turn	回転	other	174	73.0	2.4	no	4
turn	順番	other	143	14.3	10.0	no	4
turn	番	other	74	422.5	0.2	no	4
typical	ザ	katakana	4394	3055.9	1.4	no	4
typical	一般的	other	831	124.5	6.7	no	4
typical	標準的	other	101	12.2	8.3	no	4
typical	典型的	other	81	20.3	4.0	no	4
update	更新	other	1600	112.1	14.3	no	4
update	修正	other	684	51.2	13.4	no	4
update	アップデート	katakana	444	39.3	11.3	yes	4
update	バージョンアップ	katakana	57	4.5	12.7	yes	4
variety	色	other	910	159.2	5.7	no	4
variety	種類	other	752	143.0	5.3	no	4
variety	変化	other	422	170.5	2.5	no	4
variety	種	other	113	277.4	0.4	no	4
version	版	other	3542	2474.4	1.4	no	4
version	モデル	katakana	2092	351.7	5.9	no	4
version	バージョン	katakana	1894	173.2	10.9	no	4
version	訳	other	289	313.6	0.9	no	4
vicinity	側	other	471	364.7	1.3	no	4
vicinity	方	other	462	268.2	1.7	no	4
vicinity	辺	other	94	21.2	4.4	no	4
vicinity	辺り	other	51	36.3	1.4	no	4
view	ビュー	katakana	641	19.2	33.4	no	4
view	声	other	69	560.1	0.1	no	4
view	意見	other	59	82.0	0.7	no	4
view	考え	other	52	46.2	1.1	no	4
viewpoint	点	other	885	363.9	2.4	no	4
viewpoint	観点	other	131	28.6	4.6	no	4
viewpoint	目	other	127	180.7	0.7	no	4
viewpoint	視点	other	59	34.9	1.7	no	4
vision	光	other	147	193.3	0.8	no	4
vision	目	other	127	180.7	0.7	no	4
vision	ビジョン	katakana	95	35.9	2.6	no	4
vision	視覚	other	54	14.1	3.8	no	4
void	無効	other	579	25.4	22.8	no	4
void	空	other	577	126.5	4.6	no	4
void	空白	other	229	13.5	17.0	no	4
void	ボイド	katakana	123	7.2	17.1	no	4
watching	御覧	other	537	11.9	45.3	no	4
watching	ウォッチ	katakana	471	95.3	4.9	no	4
watching	監視	other	370	45.4	8.2	no	4
watching	マーク	katakana	136	100.3	1.4	no	4
while	中	other	1063	859.6	1.2	no	4
while	側	other	471	364.7	1.3	no	4
while	内	other	391	89.1	4.4	no	4
while	侭	other	213	181.1	1.2	no	4
whole	全体	other	807	159.2	5.1	no	4
whole	単位	other	590	88.7	6.6	no	4
whole	円	other	287	470.4	0.6	no	4
whole	ホール	katakana	88	231.6	0.4	no	4
will	よう	other	10037	1988.9	5.0	no	4
will	ウイル	katakana	107	40.0	2.7	no	4
will	気	other	81	139.9	0.6	no	4
will	声	other	69	560.1	0.1	no	4
word	語	other	315	494.4	0.6	no	4
word	ワード	katakana	182	12.0	15.1	yes	4
word	単語	other	131	22.8	5.7	no	4
word	言葉	other	118	197.6	0.6	no	4
worth	値	other	8157	54.2	150.4	no	4
worth	取得	other	1591	163.5	9.7	no	4
worth	分	other	388	1042.5	0.4	no	4
worth	価値	other	89	52.0	1.7	no	4
above	上	other	1233	475.6	2.6	no	3
above	以上	other	782	475.0	1.6	no	3
above	上記	other	530	109.8	4.8	no	3
above-mentioned	上記	other	530	109.8	4.8	no	3
above-mentioned	右	other	238	92.2	2.6	no	3
above-mentioned	前述	other	109	77.5	1.4	no	3
abridgment	概要	other	432	68.1	6.3	no	3
abridgment	省略	other	427	79.2	5.4	no	3
abridgment	ダイジェスト	katakana	73	21.9	3.3	no	3
abstraction	抽出	other	120	13.8	8.7	no	3
abstraction	抽象化	other	78	1.8	43.2	no	3
abstraction	抽象	other	76	4.3	17.8	no	3
acknowledgment	認定	other	132	126.2	1.0	no	3
acknowledgment	承認	other	120	70.7	1.7	no	3
acknowledgment	認知	other	71	29.3	2.4	no	3
activity	事業	other	277	433.3	0.6	no	3
activity	活動	other	207	652.2	0.3	no	3
activity	稼働	other	144	36.0	4.0	no	3
advancement	向上	other	459	97.0	4.7	no	3
advancement	推進	other	242	120.1	2.0	no	3
advancement	発展	other	143	143.5	1.0	no	3
alignment	属性	other	3208	33.9	94.5	no	3
alignment	配列	other	1551	23.0	67.3	no	3
alignment	連携	other	188	71.7	2.6	no	3
allowance	付与	other	159	27.8	5.7	no	3
allowance	支給	other	119	17.5	6.8	no	3
allowance	許容	other	110	9.8	11.2	no	3
although	とも	other	355	430.1	0.8	no	3
although	条	other	231	264.0	0.9	no	3
although	一方	other	230	203.7	1.1	no	3
amendment	変更	other	3224	505.2	6.4	no	3
amendment	修正	other	684	51.2	13.4	no	3
amendment	訂正	other	55	13.4	4.1	no	3
among	中	other	1063	859.6	1.2	no	3
among	間	other	730	565.0	1.3	no	3
among	内	other	391	89.1	4.4	no	3
ancestor	親	other	727	64.6	11.2	no	3
ancestor	祖先	other	87	15.9	5.5	no	3
ancestor	前身	other	55	65.8	0.8	no	3
animation	アニメーション	katakana	1074	98.9	10.9	no	3
animation	動画	other	406	128.0	3.2	no	3
animation	アニメ	katakana	52	517.8	0.1	no	3
annotation	注釈	other	147	22.9	6.4	no	3
annotation	アノテーション	katakana	125	0.4	276.9	no	3
annotation	注	other	87	26.9	3.2	no	3
annulment	廃止	other	173	351.7	0.5	no	3
annulment	破棄	other	138	14.9	9.3	no	3
annulment	廃棄	other	63	11.0	5.7	no	3
apparatus	機器	other	607	74.4	8.2	no	3
apparatus	装置	other	335	157.8	2.1	no	3
apparatus	機械	other	221	90.4	2.4	no	3
appointment	指定	other	6373	334.7	19.0	no	3
appointment	採用	other	1086	251.2	4.3	no	3
appointment	予約	other	94	33.1	2.8	no	3
approach	線	other	177	344.9	0.5	no	3
approach	アプローチ	katakana	151	30.1	5.0	no	3
approach	考え方	other	117	26.0	4.5	no	3
architecture	構築	other	958	56.2	17.1	no	3
architecture	アーキテクチャー	katakana	909	21.3	42.6	no	3
architecture	体系	other	60	31.3	1.9	no	3
argument	引数	other	3053	27.5	111.2	yes	3
argument	項	other	169	102.0	1.7	no	3
argument	議論	other	125	61.3	2.0	no	3
arrival	登場	other	477	848.1	0.6	no	3
arrival	到達	other	124	41.1	3.0	no	3
arrival	出現	other	74	72.8	1.0	no	3
as	通り	other	812	439.9	1.8	no	3
as	条	other	231	264.0	0.9	no	3
as	侭	other	213	181.1	1.2	no	3
assembly	集合	other	402	52.8	7.6	no	3
assembly	アセンブリー	katakana	114	7.6	14.9	yes	3
assembly	会議	other	104	191.0	0.5	no	3
assertion	主張	other	174	164.2	1.1	no	3
assertion	アサーション	katakana	131	0.3	433.4	no	3
assertion	表明	other	62	83.2	0.7	no	3
assistance	サービス	katakana	2486	273.2	9.1	no	3
assistance	支援	other	403	241.6	1.7	no	3
assistance	補助	other	94	41.6	2.3	no	3
assortment	組み合わせ	other	179	32.5	5.5	no	3
assortment	種別	other	91	18.6	4.9	no	3
assortment	組	other	77	255.8	0.3	no	3
audio	音声	other	502	72.7	6.9	no	3
audio	オーディオ	katakana	332	33.1	10.0	no	3
audio	音源	other	85	49.5	1.7	no	3
backup	バックアップ	katakana	151	10.3	14.6	yes	3
backup	退避	other	61	4.9	12.5	yes	3
backup	サブ	katakana	51	15.9	3.2	no	3
beam	線	other	177	344.9	0.5	no	3
beam	桁	other	174	34.3	5.1	no	3
beam	光	other	147	193.3	0.8	no	3
bearing	動作	other	1672	48.3	34.6	no	3
bearing	方向	other	864	104.6	8.3	no	3
bearing	負荷	other	115	13.0	8.9	no	3
below	以下	other	4026	502.1	8.0	no	3
below	下	other	432	387.7	1.1	no	3
below	未満	other	127	40.7	3.1	no	3
benefit	為	other	9021	3426.6	2.6	no	3
benefit	利益	other	60	41.6	1.4	no	3
benefit	メリット	katakana	56	13.3	4.2	no	3
big	大幅	other	165	66.0	2.5	no	3
big	ビッグ	katakana	96	99.7	1.0	no	3
big	大型	other	83	127.9	0.6	no	3
bill	チェック	katakana	713	28.4	25.2	no	3
bill	付け	other	402	42.6	9.4	no	3
bill	ビル	katakana	86	145.9	0.6	no	3
binding	バインド	katakana	204	0.9	227.1	no	3
binding	バインディング	katakana	142	5.4	26.5	no	3
binding	束縛	other	58	3.5	16.5	no	3
blank	フィールド	katakana	967	79.6	12.1	yes	3
blank	空白	other	229	13.5	17.0	no	3
blank	生	other	87	90.6	1.0	no	3
border	境界	other	366	49.6	7.4	no	3
border	ボーダー	katakana	151	10.4	14.6	no	3
border	罫線	other	57	0.4	131.4	yes	3
bound	限り	other	422	87.3	4.8	no	3
bound	筈	other	272	53.3	5.1	no	3
bound	限界	other	66	34.7	1.9	no	3
boundary	境界	other	366	49.6	7.4	no	3
boundary	ボーダー	katakana	151	10.4	14.6	no	3
boundary	区域	other	120	101.7	1.2	no	3
bout	取り組み	other	125	33.8	3.7	no	3
bout	一番	other	78	219.3	0.4	no	3
bout	番	other	74	422.5	0.2	no	3
branch	分野	other	346	114.7	3.0	no	3
branch	部門	other	186	213.2	0.9	no	3
branch	ブランチ	katakana	60	6.9	8.7	no	3
bug	バグ	katakana	943	7.6	124.7	yes	3
bug	誤り	other	91	19.7	4.6	no	3
bug	不具合	other	66	10.7	6.2	no	3
build	スタイル	katakana	1602	140.6	11.4	no	3
build	ビルド	katakana	477	17.0	28.2	yes	3
build	体	other	91	244.2	0.4	no	3
built-in	内蔵	other	339	25.4	13.3	no	3
built-in	組み込み	other	322	4.3	74.4	no	3
built-in	ビルトイン	katakana	53	0.5	110.4	no	3
calendar	スケジュール	katakana	188	33.1	5.7	no	3
calendar	カレンダー	katakana	61	22.9	2.7	no	3
calendar	暦	other	50	8.6	5.8	no	3
caption	説明	other	1527	213.5	7.2	no	3
caption	ネーム	katakana	284	35.1	8.1	no	3
caption	見出し	other	277	6.1	45.2	no	3
cash	キャッシュ	katakana	659	21.4	30.7	no	3
cash	ドル	katakana	333	126.5	2.6	no	3
cash	生	other	87	90.6	1.0	no	3
certainly	とも	other	355	430.1	0.8	no	3
certainly	一定	other	96	58.0	1.7	no	3
certainly	左右	other	53	56.5	0.9	no	3
certification	認証	other	1137	30.0	37.9	no	3
certification	証明	other	187	54.5	3.4	no	3
certification	認定	other	132	126.2	1.0	no	3
chapter	回	other	367	1793.0	0.2	no	3
chapter	章	other	219	214.2	1.0	no	3
chapter	チャプター	katakana	60	23.0	2.6	no	3
chat	チャット	katakana	115	9.8	11.7	no	3
chat	トーク	katakana	67	98.0	0.7	no	3
chat	会話	other	51	44.6	1.2	no	3
china	中	other	1063	859.6	1.2	no	3
china	中国	other	165	480.4	0.3	no	3
china	韓国	other	63	208.8	0.3	no	3
choice	オプション	katakana	2050	38.6	53.1	no	3
choice	選択	other	1367	114.8	11.9	no	3
choice	候補	other	67	112.4	0.6	no	3
circle	世界	other	357	1109.7	0.3	no	3
circle	円	other	287	470.4	0.6	no	3
circle	条	other	231	264.0	0.9	no	3
clear	明確	other	200	44.0	4.6	no	3
clear	明らか	other	133	125.8	1.1	no	3
clear	クリア	katakana	117	56.3	2.1	no	3
clearing	交換	other	271	97.7	2.8	no	3
clearing	クリア	katakana	117	56.3	2.1	yes	3
clearing	消去	other	98	6.3	15.4	no	3
client	クライアント	katakana	918	14.8	62.2	no	3
client	利用者	other	433	35.4	12.2	no	3
client	顧客	other	220	26.9	8.2	no	3
cloth	クロス	katakana	183	75.4	2.4	no	3
cloth	切れ	other	142	99.2	1.4	no	3
cloth	テックス	katakana	74	3.5	21.4	no	3
commission	分割	other	281	79.6	3.5	no	3
commission	委託	other	226	35.4	6.4	no	3
commission	委員会	other	116	384.5	0.3	no	3
community	コミュニティー	katakana	361	65.2	5.5	no	3
community	共同	other	214	217.2	1.0	no	3
community	社会	other	96	318.3	0.3	no	3
compact	契約	other	359	283.6	1.3	no	3
compact	簡潔	other	92	4.5	20.4	no	3
compact	コンパクト	katakana	64	17.8	3.6	no	3
compatibility	対応	other	2662	263.7	10.1	no	3
compatibility	互換性	other	2162	10.8	200.6	no	3
compatibility	適合	other	90	16.5	5.5	no	3
competition	競合	other	134	19.1	7.0	no	3
competition	対抗	other	59	69.2	0.9	no	3
competition	競争	other	51	35.6	1.4	no	3
compilation	編集	other	1003	1056.2	0.9	no	3
compilation	コンパイル	katakana	368	5.9	62.3	yes	3
compilation	編	other	93	922.4	0.1	no	3
complex	複雑	other	338	43.1	7.8	no	3
complex	複雑性	other	62	1.9	32.0	no	3
complex	複合	other	53	36.0	1.5	no	3
comprehension	通り	other	812	439.9	1.8	no	3
comprehension	理解	other	668	84.3	7.9	no	3
comprehension	包含	other	95	3.9	24.3	no	3
compulsory	規定	other	331	125.9	2.6	no	3
compulsory	必須	other	253	26.8	9.4	no	3
compulsory	強制的	other	58	13.5	4.3	no	3
concept	概念	other	300	66.4	4.5	no	3
concept	コンセプト	katakana	91	51.7	1.8	no	3
concept	考え	other	52	46.2	1.1	no	3
configuration	設定	other	6695	265.4	25.2	yes	3
configuration	配置	other	862	116.8	7.4	no	3
configuration	コンフィギュレーション	katakana	53	1.2	43.3	yes	3
conformity	適合	other	90	16.5	5.5	no	3
conformity	整合性	other	53	3.0	17.8	no	3
conformity	適応	other	53	19.3	2.7	no	3
consent	承認	other	120	70.7	1.7	no	3
consent	合意	other	65	63.4	1.0	no	3
consent	同意	other	50	28.0	1.8	no	3
consequence	為	other	9021	3426.6	2.6	no	3
consequence	結果	other	1963	464.9	4.2	no	3
consequence	後	other	1236	1707.5	0.7	no	3
conservation	保存	other	807	101.2	8.0	no	3
conservation	保護	other	369	129.5	2.9	no	3
conservation	保守	other	148	19.8	7.5	no	3
consumer	利用者	other	433	35.4	12.2	no	3
consumer	消費者	other	68	22.5	3.0	no	3
consumer	コンシューマー	katakana	62	8.1	7.7	no	3
contract	契約	other	359	283.6	1.3	no	3
contract	予約	other	94	33.1	2.8	no	3
contract	請け負い	other	54	5.2	10.4	no	3
contrivance	機関	other	811	154.7	5.2	no	3
contrivance	仕組み	other	242	24.8	9.8	no	3
contrivance	考案	other	76	29.1	2.6	no	3
conversation	スレッド	katakana	408	7.4	55.4	no	3
conversation	対話	other	124	19.5	6.4	no	3
conversation	会話	other	51	44.6	1.2	no	3
coordination	対応	other	2662	263.7	10.1	no	3
coordination	調整	other	310	73.7	4.2	no	3
coordination	連携	other	188	71.7	2.6	no	3
copy	コピー	katakana	570	35.7	15.9	no	3
copy	プリント	katakana	118	17.6	6.7	no	3
copy	種	other	113	277.4	0.4	no	3
correct	正確	other	265	46.8	5.7	no	3
correct	正	other	204	72.8	2.8	no	3
correct	本当	other	65	79.1	0.8	no	3
counting	数	other	1186	430.3	2.8	no	3
counting	計算	other	862	68.6	12.6	no	3
counting	カウント	katakana	146	29.0	5.0	no	3
crash	衝突	other	78	55.7	1.4	no	3
crash	クラッシュ	katakana	66	15.7	4.2	yes	3
crash	破壊	other	60	130.7	0.5	yes	3
crossing	クロス	katakana	183	75.4	2.4	no	3
crossing	交差	other	106	28.7	3.7	no	3
crossing	横断	other	52	37.9	1.4	no	3
crude	アバウト	katakana	217	60.0	3.6	no	3
crude	プリミティブ	katakana	200	2.1	95.7	no	3
crude	生	other	87	90.6	1.0	no	3
current	流れ	other	78	59.3	1.3	no	3
current	本	other	72	160.2	0.4	no	3
current	現行	other	52	32.6	1.6	no	3
custom	例	other	6343	223.3	28.4	no	3
custom	オリジナル	katakana	1261	964.3	1.3	no	3
custom	カスタム	katakana	745	16.0	46.5	no	3
customer	利用者	other	433	35.4	12.2	no	3
customer	顧客	other	220	26.9	8.2	no	3
customer	消費者	other	68	22.5	3.0	no	3
days	日	other	5833	9041.5	0.6	no	3
days	頃	other	250	520.7	0.5	no	3
days	比	other	103	52.1	2.0	no	3
decrease	ダウン	katakana	124	65.9	1.9	no	3
decrease	減少	other	65	90.8	0.7	no	3
decrease	低減	other	59	11.8	5.0	no	3
defect	障害	other	203	84.6	2.4	no	3
defect	欠点	other	78	15.4	5.0	no	3
defect	不具合	other	66	10.7	6.2	no	3
deletion	削除	other	1755	35.2	49.8	no	3
deletion	消去	other	98	6.3	15.4	no	3
deletion	抹消	other	77	24.3	3.2	no	3
derivation	生成	other	1818	57.4	31.7	no	3
derivation	派生	other	206	33.0	6.2	no	3
derivation	由来	other	143	178.5	0.8	no	3
descendant	後	other	1236	1707.5	0.7	no	3
descendant	子孫	other	136	43.5	3.1	no	3
descendant	後者	other	75	37.5	2.0	no	3
designation	指定	other	6373	334.7	19.0	no	3
designation	指示	other	282	62.9	4.5	no	3
designation	呼称	other	64	64.3	1.0	no	3
desire	色	other	910	159.2	5.7	no	3
desire	要求	other	787	88.5	8.9	no	3
desire	ウイル	katakana	107	40.0	2.7	no	3
destination	前	other	1519	937.1	1.6	no	3
destination	先	other	370	156.6	2.4	no	3
destination	宛て先	other	68	2.0	34.2	no	3
detection	検出	other	382	30.1	12.7	no	3
detection	検知	other	174	8.7	20.1	no	3
detection	発見	other	163	215.4	0.8	no	3
developer	開発者	other	733	18.7	39.2	no	3
developer	デベロッパー	katakana	176	6.0	29.2	no	3
developer	クリエーター	katakana	54	22.3	2.4	no	3
difficulty	問題	other	1312	399.2	3.3	no	3
difficulty	障害	other	203	84.6	2.4	no	3
difficulty	困難	other	170	77.5	2.2	no	3
dimension	寸法	other	212	9.6	22.1	no	3
dimension	次元	other	174	53.2	3.3	no	3
dimension	側面	other	54	51.4	1.0	no	3
disclosure	公開	other	934	486.9	1.9	no	3
disclosure	漏洩	other	122	5.1	23.8	no	3
disclosure	開示	other	53	9.1	5.8	no	3
discovery	発見	other	163	215.4	0.8	no	3
discovery	ディスカバリー	katakana	68	15.7	4.3	no	3
discovery	開示	other	53	9.1	5.8	no	3
discrepancy	違い	other	296	69.3	4.3	no	3
discrepancy	不具合	other	66	10.7	6.2	no	3
discrepancy	誤差	other	50	8.1	6.2	no	3
discussion	検討	other	425	84.0	5.1	no	3
discussion	議論	other	125	61.3	2.0	no	3
discussion	対話	other	124	19.5	6.4	no	3
disposal	処理	other	1965	91.1	21.6	no	3
disposal	整理	other	104	54.3	1.9	no	3
disposal	廃棄	other	63	11.0	5.7	no	3
district	所	other	234	343.3	0.7	no	3
district	区域	other	120	101.7	1.2	no	3
district	地域	other	89	591.9	0.2	no	3
document	文書	other	1224	113.4	10.8	no	3
document	ドキュメント	katakana	1008	27.0	37.3	yes	3
document	記録	other	395	526.6	0.7	no	3
documentation	ドキュメント	katakana	1008	27.0	37.3	yes	3
documentation	ドキュメンテーション	katakana	162	3.5	46.0	no	3
documentation	文書化	other	65	1.2	55.6	yes	3
dot	点	other	885	363.9	2.4	no	3
dot	目	other	127	180.7	0.7	no	3
dot	ドット	katakana	123	18.4	6.7	yes	3
down	下	other	432	387.7	1.1	no	3
down	ダウン	katakana	124	65.9	1.9	no	3
down	ブルー	katakana	90	146.2	0.6	no	3
drive	ドライブ	katakana	363	48.1	7.5	yes	3
drive	推進	other	242	120.1	2.0	no	3
drive	駆動	other	123	32.7	3.8	no	3
during	中	other	1063	859.6	1.2	no	3
during	下	other	432	387.7	1.1	no	3
during	内	other	391	89.1	4.4	no	3
duties	業務	other	622	129.5	4.8	no	3
duties	職	other	234	66.6	3.5	no	3
duties	役割	other	201	96.3	2.1	no	3
easy	簡単	other	614	41.5	14.8	no	3
easy	容易	other	293	40.7	7.2	no	3
easy	簡易	other	66	33.7	2.0	no	3
edition	版	other	3542	2474.4	1.4	no	3
edition	エディション	katakana	349	70.3	5.0	no	3
edition	号	other	280	2122.2	0.1	no	3
elevation	向上	other	459	97.0	4.7	no	3
elevation	高さ	other	322	79.0	4.1	no	3
elevation	高度	other	197	57.6	3.4	no	3
elimination	削除	other	1755	35.2	49.8	no	3
elimination	消去	other	98	6.3	15.4	no	3
elimination	排除	other	57	33.0	1.7	no	3
emergency	非常	other	338	164.7	2.0	no	3
emergency	変	other	78	40.3	1.9	no	3
emergency	緊急	other	50	60.7	0.8	no	3
emperor	上	other	1233	475.6	2.6	no	3
emperor	中	other	1063	859.6	1.2	no	3
emperor	内	other	391	89.1	4.4	no	3
emphasis	中心	other	227	402.9	0.6	no	3
emphasis	主張	other	174	164.2	1.1	no	3
emphasis	強調	other	85	33.8	2.5	no	3
engineering	技術	other	1149	301.9	3.8	no	3
engineering	エンジニアリング	katakana	177	25.4	7.0	no	3
engineering	工学	other	169	83.9	2.0	no	3
english	英語	other	3489	2193.5	1.6	no	3
english	英	other	494	214.5	2.3	no	3
english	イングリッシュ	katakana	73	45.5	1.6	no	3
enlargement	拡張	other	863	63.8	13.5	no	3
enlargement	拡大	other	173	159.6	1.1	no	3
enlargement	増大	other	57	22.4	2.5	no	3
enquiry	調査	other	353	522.4	0.7	no	3
enquiry	質問	other	134	48.0	2.8	no	3
enquiry	問い合わせ	other	75	6.1	12.2	no	3
enterprise	企業	other	657	239.3	2.7	no	3
enterprise	エンタープライズ	katakana	321	19.6	16.3	no	3
enterprise	事業	other	277	433.3	0.6	no	3
entirety	全体	other	807	159.2	5.1	no	3
entirety	円	other	287	470.4	0.6	no	3
entirety	一切	other	57	49.7	1.1	no	3
equivalence	対応	other	2662	263.7	10.1	no	3
equivalence	同等	other	259	25.4	10.2	no	3
equivalence	等価	other	199	5.8	34.5	no	3
erasure	削除	other	1755	35.2	49.8	no	3
erasure	消去	other	98	6.3	15.4	no	3
erasure	抹消	other	77	24.3	3.2	no	3
error	エラー	katakana	1648	60.6	27.2	no	3
error	違い	other	296	69.3	4.3	no	3
error	誤り	other	91	19.7	4.6	no	3
escape	拡張	other	863	63.8	13.5	yes	3
escape	エスケープ	katakana	261	7.6	34.1	yes	3
escape	漏洩	other	122	5.1	23.8	no	3
essential	必要	other	6287	367.4	17.1	no	3
essential	重要	other	1001	165.3	6.1	no	3
essential	必須	other	253	26.8	9.4	no	3
established	既定	other	486	1.7	286.0	no	3
established	正規	other	304	23.0	13.2	no	3
established	既知	other	70	5.5	12.7	no	3
except	他	other	3005	1417.5	2.1	no	3
except	以外	other	893	314.4	2.8	no	3
except	外	other	132	73.3	1.8	no	3
exception	例外	other	909	26.7	34.0	no	3
exception	別	other	875	421.0	2.1	no	3
exception	除外	other	111	16.1	6.9	no	3
exclusion	別	other	875	421.0	2.1	no	3
exclusion	除外	other	111	16.1	6.9	no	3
exclusion	排除	other	57	33.0	1.7	no	3
execution	実行	other	4043	65.8	61.5	yes	3
execution	履行	other	164	5.3	30.7	no	3
execution	遂行	other	81	13.9	5.8	no	3
existing	既存	other	495	40.5	12.2	no	3
existing	従来	other	398	108.4	3.7	no	3
existing	有り	other	63	107.5	0.6	no	3
experience	経験	other	120	143.1	0.8	no	3
experience	エクスペリエンス	katakana	106	9.2	11.5	no	3
experience	体験	other	98	65.2	1.5	no	3
external	付け	other	402	42.6	9.4	no	3
external	アウト	katakana	192	85.0	2.3	no	3
external	外側	other	151	24.5	6.2	no	3
extreme	度	other	546	575.2	0.9	no	3
extreme	非常	other	338	164.7	2.0	no	3
extreme	重	other	85	88.8	1.0	no	3
face	色	other	910	159.2	5.7	no	3
face	表	other	521	142.8	3.6	no	3
face	面	other	242	379.0	0.6	no	3
faculty	機能	other	3403	249.4	13.6	no	3
faculty	部	other	252	1097.4	0.2	no	3
faculty	能力	other	207	216.2	1.0	no	3
fair	同一	other	216	80.3	2.7	no	3
fair	可	other	87	31.0	2.8	no	3
fair	ショー	katakana	71	144.3	0.5	no	3
false	空	other	577	126.5	4.6	no	3
false	疑似	other	417	11.9	35.0	no	3
false	フォールス	katakana	93	14.4	6.5	no	3
famous	名	other	1968	938.7	2.1	no	3
famous	有名	other	94	111.0	0.9	no	3
famous	メジャー	katakana	80	94.2	0.8	no	3
feature	機能	other	3403	249.4	13.6	no	3
feature	特徴	other	368	173.4	2.1	no	3
feature	フィーチャー	katakana	89	18.1	4.9	no	3
forecast	フォーカス	katakana	487	16.6	29.4	no	3
forecast	予期	other	76	4.8	15.8	no	3
forecast	予想	other	69	48.5	1.4	no	3
formal	公式	other	720	897.1	0.8	no	3
formal	正規	other	304	23.0	13.2	no	3
formal	正式	other	240	131.4	1.8	no	3
formerly	元	other	624	867.7	0.7	no	3
formerly	旧	other	223	597.4	0.4	no	3
formerly	故	other	51	56.6	0.9	no	3
frame	フレーム	katakana	407	31.2	13.1	no	3
frame	筐体	other	95	9.8	9.6	no	3
frame	体	other	91	244.2	0.4	no	3
framework	構造	other	521	190.6	2.7	no	3
framework	フレームワーク	katakana	483	9.2	52.5	no	3
framework	機構	other	253	154.1	1.6	no	3
free	フリー	katakana	385	130.8	2.9	no	3
free	無料	other	254	78.9	3.2	no	3
free	無償	other	132	14.0	9.5	no	3
freedom	幅	other	547	69.4	7.9	no	3
freedom	自由	other	404	182.2	2.2	no	3
freedom	独立	other	216	219.8	1.0	no	3
frequency	周波数	other	184	29.6	6.2	no	3
frequency	回数	other	96	44.7	2.2	no	3
frequency	頻度	other	60	17.7	3.4	no	3
fresh	新た	other	372	235.0	1.6	no	3
fresh	新規	other	125	55.7	2.2	no	3
fresh	生	other	87	90.6	1.0	no	3
fun	分	other	388	1042.5	0.4	no	3
fun	曲	other	62	615.4	0.1	no	3
fun	ファン	katakana	58	242.7	0.2	no	3
gathering	集合	other	402	52.8	7.6	no	3
gathering	群	other	335	167.1	2.0	no	3
gathering	収集	other	166	47.9	3.5	no	3
goods	物	other	3627	2080.8	1.7	no	3
goods	商品	other	141	119.4	1.2	no	3
goods	ウェア	katakana	52	10.7	4.9	no	3
government	上	other	1233	475.6	2.6	no	3
government	政府	other	210	345.1	0.6	no	3
government	行政	other	105	133.5	0.8	no	3
gradation	グラデーション	katakana	194	2.1	94.1	no	3
gradation	段階	other	192	85.6	2.2	no	3
gradation	曲	other	62	615.4	0.1	no	3
green	初	other	147	695.5	0.2	no	3
green	生	other	87	90.6	1.0	no	3
green	グリーン	katakana	74	108.3	0.7	no	3
guarding	監視	other	370	45.4	8.2	no	3
guarding	マーク	katakana	136	100.3	1.4	no	3
guarding	ガード	katakana	66	32.8	2.0	no	3
halfway	間	other	730	565.0	1.3	no	3
halfway	中間	other	101	48.2	2.1	no	3
halfway	途中	other	58	144.8	0.4	no	3
hand	カード	katakana	459	188.3	2.4	no	3
hand	役	other	128	903.1	0.1	no	3
hand	手	other	110	271.5	0.4	no	3
heading	項目	other	786	201.8	3.9	no	3
heading	見出し	other	277	6.1	45.2	no	3
heading	部	other	252	1097.4	0.2	no	3
hindrance	障害	other	203	84.6	2.4	no	3
hindrance	差	other	62	114.4	0.5	no	3
hindrance	故障	other	60	34.2	1.8	no	3
holding	開催	other	153	652.7	0.2	no	3
holding	保有	other	79	56.9	1.4	no	3
holding	成立	other	59	158.0	0.4	no	3
home	ホーム	katakana	320	219.2	1.5	no	3
home	国	other	106	272.5	0.4	no	3
home	国内	other	97	144.7	0.7	no	3
human	人	other	284	482.4	0.6	no	3
human	人間	other	224	306.9	0.7	no	3
human	ヒューマン	katakana	72	50.9	1.4	no	3
hypothesis	想定	other	318	37.4	8.5	no	3
hypothesis	前提	other	122	27.9	4.4	no	3
hypothesis	仮定	other	73	14.2	5.1	no	3
idea	考案	other	76	29.1	2.6	no	3
idea	アイデア	katakana	72	33.7	2.1	no	3
idea	考え	other	52	46.2	1.1	no	3
identical	同じ	other	490	75.0	6.5	no	3
identical	同一	other	216	80.3	2.7	no	3
identical	一緒	other	116	107.9	1.1	no	3
identification	確認	other	2121	171.0	12.4	no	3
identification	識別	other	255	16.5	15.5	no	3
identification	指摘	other	103	122.9	0.8	no	3
ignoring	無視	other	384	34.2	11.2	no	3
ignoring	外	other	132	73.3	1.8	no	3
ignoring	スルー	katakana	51	21.8	2.4	no	3
illustration	例	other	6343	223.3	28.4	no	3
illustration	図	other	423	109.2	3.9	no	3
illustration	カット	katakana	58	63.2	0.9	no	3
imagination	仮想	other	390	12.4	31.5	no	3
imagination	ビジョン	katakana	95	35.9	2.6	no	3
imagination	考え	other	52	46.2	1.1	no	3
impression	版	other	3542	2474.4	1.4	no	3
impression	型	other	2046	26.9	76.0	no	3
impression	イメージ	katakana	1087	136.7	8.0	no	3
improper	不適切	other	117	12.6	9.2	no	3
improper	不可	other	116	21.1	5.5	no	3
improper	曲	other	62	615.4	0.1	no	3
inclination	色	other	910	159.2	5.7	no	3
inclination	向き	other	91	12.1	7.6	no	3
inclination	傾向	other	91	71.7	1.3	no	3
including	収録	other	123	527.2	0.2	no	3
including	同梱	other	106	13.3	8.0	no	3
including	網羅	other	60	6.2	9.6	no	3
indeed	実際	other	854	216.2	4.0	no	3
indeed	真	other	136	105.0	1.3	no	3
indeed	実	other	88	137.0	0.6	no	3
infrastructure	基盤	other	204	36.2	5.6	no	3
infrastructure	インフラ	katakana	174	12.9	13.5	no	3
infrastructure	インフラストラクチャー	katakana	76	4.3	17.9	no	3
initiative	取り組み	other	125	33.8	3.7	no	3
initiative	イニシアチブ	katakana	65	6.9	9.3	no	3
initiative	主導	other	51	30.0	1.7	no	3
injection	インジェクション	katakana	164	1.6	105.6	no	3
injection	注入	other	107	8.5	12.7	no	3
injection	投入	other	72	51.9	1.4	no	3
inquiry	調査	other	353	522.4	0.7	no	3
inquiry	質問	other	134	48.0	2.8	no	3
inquiry	問い合わせ	other	75	6.1	12.2	no	3
insertion	挿入	other	395	27.8	14.2	no	3
insertion	組み込み	other	322	4.3	74.4	no	3
insertion	掲載	other	157	215.3	0.7	no	3
institution	機関	other	811	154.7	5.2	no	3
institution	設置	other	139	471.7	0.3	no	3
institution	制度	other	60	181.9	0.3	no	3
integrity	節	other	376	148.3	2.5	no	3
integrity	完全性	other	78	1.6	49.7	no	3
integrity	整合性	other	53	3.0	17.8	no	3
intent	趣旨	other	178	14.7	12.1	no	3
intent	前提	other	122	27.9	4.4	no	3
intent	ウイル	katakana	107	40.0	2.7	no	3
internal	内部	other	585	85.7	6.8	no	3
internal	内蔵	other	339	25.4	13.3	no	3
internal	国内	other	97	144.7	0.7	no	3
interruption	停止	other	473	115.8	4.1	no	3
interruption	中断	other	84	33.0	2.5	no	3
interruption	中止	other	82	112.2	0.7	no	3
joint	接続	other	1072	99.6	10.8	no	3
joint	節	other	376	148.3	2.5	no	3
joint	番	other	74	422.5	0.2	no	3
jurisdiction	権限	other	619	31.8	19.5	no	3
jurisdiction	所管	other	65	15.2	4.3	no	3
jurisdiction	帰属	other	53	9.7	5.4	no	3
kernel	カーネル	katakana	575	11.2	51.3	yes	3
kernel	種	other	113	277.4	0.4	no	3
kernel	実	other	88	137.0	0.6	no	3
knowledge	認識	other	304	73.5	4.1	no	3
knowledge	知識	other	217	62.9	3.4	no	3
knowledge	ナレッジ	katakana	71	8.3	8.5	no	3
label	ラベル	katakana	545	15.7	34.8	no	3
label	タグ	katakana	502	6.0	83.3	no	3
label	マーク	katakana	136	100.3	1.4	no	3
lane	アレイ	katakana	250	7.6	33.0	no	3
lane	線	other	177	344.9	0.5	no	3
lane	区分	other	63	45.5	1.4	no	3
laptop	ノート	katakana	98	41.8	2.3	no	3
laptop	ノートパソコン	katakana	81	2.6	30.4	no	3
laptop	ラップトップ	katakana	69	1.4	48.5	no	3
large	大幅	other	165	66.0	2.5	no	3
large	大型	other	83	127.9	0.6	no	3
large	メジャー	katakana	80	94.2	0.8	no	3
lead	インテル	katakana	957	22.0	43.5	no	3
lead	先頭	other	324	91.6	3.5	no	3
lead	リード	katakana	64	55.9	1.1	no	3
leading	ガイド	katakana	711	111.4	6.4	no	3
leading	アップ	katakana	240	175.9	1.4	no	3
leading	リード	katakana	64	55.9	1.1	no	3
least	最小	other	163	17.9	9.1	no	3
least	端	other	105	30.3	3.5	no	3
least	最小限	other	88	6.7	13.2	no	3
left	後	other	1236	1707.5	0.7	no	3
left	左	other	231	105.9	2.2	no	3
left	レフト	katakana	151	38.6	3.9	no	3
licence	ライセンス	katakana	870	43.6	20.0	no	3
licence	特許	other	175	32.6	5.4	no	3
licence	認可	other	82	41.6	2.0	no	3
life	代	other	611	785.4	0.8	no	3
life	ライフ	katakana	88	152.9	0.6	no	3
life	生	other	87	90.6	1.0	no	3
like	同様	other	907	331.5	2.7	no	3
like	ライク	katakana	71	31.1	2.3	no	3
like	様	other	51	51.9	1.0	no	3
likelihood	可能性	other	1647	188.1	8.8	no	3
likelihood	確率	other	141	32.7	4.3	no	3
likelihood	恐れ	other	113	27.0	4.2	no	3
lineage	条	other	231	264.0	0.9	no	3
lineage	種	other	113	277.4	0.4	no	3
lineage	系統	other	51	154.0	0.3	no	3
looks	色	other	910	159.2	5.7	no	3
looks	マスク	katakana	318	38.1	8.3	no	3
looks	形	other	316	272.3	1.2	no	3
loop	ループ	katakana	476	25.3	18.9	yes	3
loop	回路	other	276	27.2	10.1	no	3
loop	循環	other	57	43.0	1.3	no	3
lord	別	other	875	421.0	2.1	no	3
lord	ロード	katakana	288	64.5	4.5	no	3
lord	主	other	102	128.6	0.8	no	3
machine	マシン	katakana	611	184.6	3.3	no	3
machine	機	other	349	378.2	0.9	no	3
machine	機械	other	221	90.4	2.4	no	3
machinery	機関	other	811	154.7	5.2	no	3
machinery	機器	other	607	74.4	8.2	no	3
machinery	機構	other	253	154.1	1.6	no	3
makeup	構成	other	757	280.0	2.7	no	3
makeup	構造	other	521	190.6	2.7	no	3
makeup	メーク	katakana	77	39.4	2.0	no	3
making	作成	other	4069	117.1	34.7	no	3
making	形成	other	77	152.1	0.5	no	3
making	誕生	other	69	158.3	0.4	no	3
man	人	other	284	482.4	0.6	no	3
man	人間	other	224	306.9	0.7	no	3
man	人物	other	80	471.6	0.2	no	3
manual	仕様書	other	2223	2.0	1126.4	no	3
manual	手動	other	239	9.3	25.7	no	3
manual	マニュアル	katakana	234	27.6	8.5	no	3
manufacture	製造	other	383	243.3	1.6	no	3
manufacture	生産	other	137	211.3	0.6	no	3
manufacture	製作	other	86	288.3	0.3	no	3
many	多く	other	985	395.7	2.5	no	3
many	多数	other	263	162.9	1.6	no	3
many	若干	other	55	29.7	1.9	no	3
map	図	other	423	109.2	3.9	no	3
map	マップ	katakana	252	64.5	3.9	no	3
map	地図	other	65	75.9	0.9	no	3
mass	ボリューム	katakana	529	48.4	10.9	no	3
mass	大量	other	110	74.5	1.5	no	3
mass	集団	other	58	112.0	0.5	no	3
master	子	other	606	265.3	2.3	no	3
master	マスター	katakana	143	89.3	1.6	no	3
master	主	other	102	128.6	0.8	no	3
matching	対応	other	2662	263.7	10.1	no	3
matching	マッチ	katakana	296	61.8	4.8	no	3
matching	組み合わせ	other	179	32.5	5.5	no	3
meaning	意味	other	889	359.7	2.5	no	3
meaning	訳	other	289	313.6	0.9	no	3
meaning	趣旨	other	178	14.7	12.1	no	3
measurement	観測	other	385	90.3	4.3	no	3
measurement	寸法	other	212	9.6	22.1	no	3
measurement	測定	other	98	45.1	2.2	no	3
member	要素	other	7699	93.7	82.1	yes	3
member	メンバー	katakana	280	380.3	0.7	no	3
member	会員	other	75	94.1	0.8	no	3
message	メッセージ	katakana	920	68.4	13.5	no	3
message	メール	katakana	348	47.8	7.3	no	3
message	連絡	other	111	85.7	1.3	no	3
mistake	失敗	other	562	108.4	5.2	no	3
mistake	違い	other	296	69.3	4.3	no	3
mistake	誤り	other	91	19.7	4.6	no	3
mix	元	other	624	867.7	0.7	no	3
mix	基	other	136	144.4	0.9	no	3
mix	本	other	72	160.2	0.4	no	3
mostly	多く	other	985	395.7	2.5	no	3
mostly	殆ど	other	476	214.0	2.2	no	3
mostly	大半	other	54	54.7	1.0	no	3
motion	動作	other	1672	48.3	34.6	no	3
motion	動き	other	80	75.5	1.1	no	3
motion	モーション	katakana	65	20.4	3.2	no	3
motive	目的	other	686	219.8	3.1	no	3
motive	理由	other	478	236.5	2.0	no	3
motive	付け	other	402	42.6	9.4	no	3
mounting	実装	other	1724	39.1	44.1	no	3
mounting	台	other	308	313.7	1.0	no	3
mounting	マウント	katakana	283	20.3	14.0	yes	3
move	手	other	110	271.5	0.4	no	3
move	シフト	katakana	99	17.0	5.8	no	3
move	動き	other	80	75.5	1.1	no	3
myself	自分	other	341	427.7	0.8	no	3
myself	自分自身	other	138	14.3	9.6	no	3
myself	生	other	87	90.6	1.0	no	3
naive	単純	other	311	35.7	8.7	no	3
naive	初	other	147	695.5	0.2	no	3
naive	生	other	87	90.6	1.0	no	3
natural	自然	other	103	146.9	0.7	no	3
natural	生	other	87	90.6	1.0	no	3
natural	本当	other	65	79.1	0.8	no	3
nearby	側	other	471	364.7	1.3	no	3
nearby	辺	other	94	21.2	4.4	no	3
nearby	辺り	other	51	36.3	1.4	no	3
nearly	殆ど	other	476	214.0	2.2	no	3
nearly	略	other	72	36.9	1.9	no	3
nearly	大半	other	54	54.7	1.0	no	3
neighbourhood	側	other	471	364.7	1.3	no	3
neighbourhood	辺	other	94	21.2	4.4	no	3
neighbourhood	辺り	other	51	36.3	1.4	no	3
norm	標準	other	997	83.2	12.0	no	3
norm	規格	other	639	55.3	11.6	no	3
norm	基準	other	581	104.6	5.5	no	3
notion	概念	other	300	66.4	4.5	no	3
notion	コンセプト	katakana	91	51.7	1.8	no	3
notion	考え	other	52	46.2	1.1	no	3
objective	為	other	9021	3426.6	2.6	no	3
objective	目的	other	686	219.8	3.1	no	3
objective	目標	other	161	83.4	1.9	no	3
offspring	子	other	606	265.3	2.3	no	3
offspring	子孫	other	136	43.5	3.1	no	3
offspring	種	other	113	277.4	0.4	no	3
old	先	other	370	156.6	2.4	no	3
old	旧	other	223	597.4	0.4	no	3
old	故	other	51	56.6	0.9	no	3
omission	省略	other	427	79.2	5.4	no	3
omission	略	other	72	36.9	1.9	no	3
omission	カット	katakana	58	63.2	0.9	no	3
one-time	元	other	624	867.7	0.7	no	3
one-time	旧	other	223	597.4	0.4	no	3
one-time	故	other	51	56.6	0.9	no	3
original	オリジナル	katakana	1261	964.3	1.3	no	3
original	独自	other	449	106.2	4.2	no	3
original	正	other	204	72.8	2.8	no	3
outcome	結果	other	1963	464.9	4.2	no	3
outcome	数	other	1186	430.3	2.8	no	3
outcome	成果	other	67	38.4	1.8	no	3
outer	上	other	1233	475.6	2.6	no	3
outer	アウト	katakana	192	85.0	2.3	no	3
outer	外側	other	151	24.5	6.2	no	3
outline	概要	other	432	68.1	6.3	no	3
outline	線	other	177	344.9	0.5	no	3
outline	略	other	72	36.9	1.9	no	3
over	上	other	1233	475.6	2.6	no	3
over	オーバー	katakana	208	74.4	2.8	no	3
over	アウト	katakana	192	85.0	2.3	no	3
owner	親	other	727	64.6	11.2	no	3
owner	マスター	katakana	143	89.3	1.6	no	3
owner	主	other	102	128.6	0.8	no	3
parsing	解析	other	340	44.7	7.6	no	3
parsing	分解	other	72	35.5	2.0	no	3
parsing	パース	katakana	53	7.1	7.4	yes	3
participation	関係	other	762	424.1	1.8	no	3
participation	参加	other	288	489.4	0.6	no	3
participation	コミット	katakana	212	1.9	114.2	no	3
particular	特定	other	1384	134.9	10.3	no	3
particular	特別	other	283	291.6	1.0	no	3
particular	特殊	other	169	112.9	1.5	no	3
party	団体	other	121	185.9	0.7	no	3
party	組	other	77	255.8	0.3	no	3
party	系統	other	51	154.0	0.3	no	3
pass	パス	katakana	956	33.4	28.6	no	3
pass	可	other	87	31.0	2.8	no	3
pass	合格	other	51	54.9	0.9	no	3
path	パス	katakana	956	33.4	28.6	yes	3
path	ルート	katakana	656	94.8	6.9	no	3
path	経路	other	123	42.7	2.9	no	3
pause	間	other	730	565.0	1.3	no	3
pause	区切り	other	141	3.8	37.0	no	3
pause	一時停止	other	116	3.3	35.7	no	3
people	人	other	284	482.4	0.6	no	3
people	人々	other	110	166.2	0.7	no	3
people	ピープル	katakana	57	39.6	1.5	no	3
perfect	完全	other	797	256.5	3.1	no	3
perfect	完了	other	523	72.6	7.2	no	3
perfect	赤	other	66	78.1	0.8	no	3
personality	色	other	910	159.2	5.7	no	3
personality	人	other	284	482.4	0.6	no	3
personality	キャラクター	katakana	203	373.1	0.5	no	3
piece	切れ	other	142	99.2	1.4	no	3
piece	作品	other	120	908.8	0.1	no	3
piece	一番	other	78	219.3	0.4	no	3
pip	目	other	127	180.7	0.7	no	3
pip	種	other	113	277.4	0.4	no	3
pip	実	other	88	137.0	0.6	no	3
positive	正	other	204	72.8	2.8	no	3
positive	プラス	katakana	166	109.9	1.5	no	3
positive	積極的	other	52	55.6	0.9	no	3
precedent	例	other	6343	223.3	28.4	no	3
precedent	事例	other	82	47.9	1.7	no	3
precedent	様	other	51	51.9	1.0	no	3
precisely	度	other	546	575.2	0.9	no	3
precisely	正	other	204	72.8	2.8	no	3
precisely	ジャスト	katakana	71	25.6	2.8	no	3
prediction	観測	other	385	90.3	4.3	no	3
prediction	予測	other	204	32.9	6.2	no	3
prediction	予想	other	69	48.5	1.4	no	3
pretext	名	other	1968	938.7	2.1	no	3
pretext	理由	other	478	236.5	2.0	no	3
pretext	付け	other	402	42.6	9.4	no	3
price	値	other	8157	54.2	150.4	no	3
price	代	other	611	785.4	0.8	no	3
price	価格	other	242	61.4	3.9	no	3
prior	前	other	1519	937.1	1.6	no	3
prior	先	other	370	156.6	2.4	no	3
prior	事前	other	297	45.3	6.6	no	3
privacy	プライベート	katakana	177	27.8	6.4	no	3
privacy	秘密	other	150	113.8	1.3	no	3
privacy	プライバシー	katakana	144	7.4	19.4	no	3
professional	プロ	katakana	519	278.0	1.9	no	3
professional	プロフェッショナル	katakana	169	20.1	8.4	no	3
professional	専門家	other	71	31.5	2.3	no	3
profit	リターン	katakana	225	21.1	10.7	no	3
profit	プラス	katakana	166	109.9	1.5	no	3
profit	利益	other	60	41.6	1.4	no	3
progression	展開	other	246	199.7	1.2	no	3
progression	発展	other	143	143.5	1.0	no	3
progression	進行	other	89	75.3	1.2	no	3
promotion	推進	other	242	120.1	2.0	no	3
promotion	昇格	other	77	108.4	0.7	no	3
promotion	促進	other	56	45.4	1.2	no	3
proposal	提案	other	299	98.7	3.0	no	3
proposal	提案書	other	89	0.5	162.8	no	3
proposal	提唱	other	79	35.4	2.2	no	3
protocol	プロトコル	katakana	902	16.7	54.0	yes	3
protocol	手順	other	521	11.6	45.1	no	3
protocol	規約	other	67	12.9	5.2	no	3
purchase	取得	other	1591	163.5	9.7	no	3
purchase	買収	other	400	76.1	5.3	no	3
purchase	購入	other	188	114.0	1.6	no	3
pure	真	other	136	105.0	1.3	no	3
pure	生	other	87	90.6	1.0	no	3
pure	純粋	other	73	25.7	2.8	no	3
qualification	条件	other	544	135.5	4.0	no	3
qualification	修飾	other	137	5.1	26.7	no	3
qualification	合格	other	51	54.9	0.9	no	3
quality	物	other	3627	2080.8	1.7	no	3
quality	品質	other	150	22.2	6.7	no	3
quality	性質	other	111	47.2	2.3	no	3
quantity	数	other	1186	430.3	2.8	no	3
quantity	ボリューム	katakana	529	48.4	10.9	no	3
quantity	量	other	181	94.6	1.9	no	3
query	クエリー	katakana	575	5.2	110.8	yes	3
query	問い	other	527	11.6	45.5	no	3
query	問い合わせ	other	75	6.1	12.2	no	3
queue	列	other	484	58.2	8.3	no	3
queue	キュー	katakana	275	23.4	11.7	yes	3
queue	行列	other	202	30.0	6.7	no	3
quick	簡単	other	614	41.5	14.8	no	3
quick	クイック	katakana	72	11.3	6.4	no	3
quick	速やか	other	70	7.6	9.2	no	3
quite	相当	other	219	97.4	2.3	no	3
quite	真	other	136	105.0	1.3	no	3
quite	実	other	88	137.0	0.6	no	3
raising	発行	other	346	306.8	1.1	yes	3
raising	調達	other	249	23.8	10.5	no	3
raising	アップ	katakana	240	175.9	1.4	no	3
rapid	高速	other	382	118.6	3.2	no	3
rapid	速やか	other	70	7.6	9.2	no	3
rapid	急速	other	53	32.1	1.7	no	3
rating	評価	other	646	216.0	3.0	no	3
rating	レート	katakana	176	13.8	12.7	no	3
rating	格付け	other	131	10.6	12.4	no	3
real	リアル	katakana	133	89.9	1.5	no	3
real	本	other	72	160.2	0.4	no	3
real	本当	other	65	79.1	0.8	no	3
realization	実行	other	4043	65.8	61.5	no	3
realization	実現	other	520	114.9	4.5	no	3
realization	達成	other	116	132.7	0.9	no	3
realm	領域	other	519	78.4	6.6	no	3
realm	分野	other	346	114.7	3.0	no	3
realm	場	other	85	94.8	0.9	no	3
recollection	メモリ	katakana	1447	26.6	54.4	no	3
recollection	メモリー	katakana	245	24.9	9.8	no	3
recollection	記憶	other	208	89.3	2.3	no	3
register	登録	other	549	202.4	2.7	no	3
register	レジスター	katakana	484	25.0	19.4	yes	3
register	レジストリー	katakana	239	2.9	81.1	no	3
relation	関連	other	3620	424.8	8.5	no	3
relation	関係	other	762	424.1	1.8	no	3
relation	連絡	other	111	85.7	1.3	no	3
relationship	関係	other	762	424.1	1.8	no	3
relationship	間	other	730	565.0	1.3	no	3
relationship	訳	other	289	313.6	0.9	no	3
remembrance	メモリ	katakana	1447	26.6	54.4	no	3
remembrance	メモリー	katakana	245	24.9	9.8	no	3
remembrance	記憶	other	208	89.3	2.3	no	3
repetition	反復	other	380	7.6	49.8	no	3
repetition	重複	other	128	39.6	3.2	no	3
repetition	繰り返し	other	64	4.9	12.9	no	3
request	リクエスト	katakana	1969	24.9	79.1	no	3
request	アプリケーション	katakana	1907	25.4	75.2	no	3
request	申請	other	108	49.0	2.2	no	3
research	研究	other	526	664.0	0.8	no	3
research	リサーチ	katakana	245	64.9	3.8	no	3
research	探索	other	199	21.0	9.5	no	3
resource	サービス	katakana	2486	273.2	9.1	no	3
resource	リソース	katakana	1569	12.1	129.7	no	3
resource	仕様	other	762	119.7	6.4	no	3
rest	前	other	1519	937.1	1.6	no	3
rest	先	other	370	156.6	2.4	no	3
rest	台	other	308	313.7	1.0	no	3
restraint	制限	other	912	90.2	10.1	no	3
restraint	抑制	other	87	28.0	3.1	no	3
restraint	束縛	other	58	3.5	16.5	no	3
reversal	返し	other	621	8.9	69.8	no	3
reversal	破棄	other	138	14.9	9.3	no	3
reversal	反転	other	58	12.4	4.7	no	3
rise	向上	other	459	97.0	4.7	no	3
rise	アップ	katakana	240	175.9	1.4	no	3
rise	増加	other	166	116.9	1.4	no	3
rivalry	競合	other	134	19.1	7.0	no	3
rivalry	対抗	other	59	69.2	0.9	no	3
rivalry	競争	other	51	35.6	1.4	no	3
run	実行	other	4043	65.8	61.5	yes	3
run	点	other	885	363.9	2.4	no	3
run	ラン	katakana	69	39.9	1.7	no	3
sale	発売	other	1227	969.6	1.3	no	3
sale	販売	other	864	323.2	2.7	no	3
sale	売却	other	75	56.8	1.3	no	3
scan	検査	other	217	74.0	2.9	no	3
scan	スキャン	katakana	156	8.7	18.0	no	3
scan	走査	other	56	2.3	24.3	no	3
scenario	シナリオ	katakana	108	51.9	2.1	no	3
scenario	シーン	katakana	86	133.3	0.6	no	3
scenario	場面	other	64	67.9	0.9	no	3
scholarship	文	other	583	127.3	4.6	no	3
scholarship	学生	other	70	167.9	0.4	no	3
scholarship	学術	other	54	70.4	0.8	no	3
science	サイエンス	katakana	151	88.6	1.7	no	3
science	科学	other	148	224.9	0.7	no	3
science	学術	other	54	70.4	0.8	no	3
script	スクリプト	katakana	845	7.4	114.6	yes	3
script	シナリオ	katakana	108	51.9	2.1	no	3
script	本	other	72	160.2	0.4	no	3
scroll	スクロール	katakana	642	8.6	74.2	yes	3
scroll	幅	other	547	69.4	7.9	no	3
scroll	巻	other	102	805.0	0.1	no	3
search	検索	other	549	65.7	8.3	no	3
search	探索	other	199	21.0	9.5	no	3
search	サーチ	katakana	133	76.0	1.8	no	3
secret	シークレット	katakana	213	28.1	7.6	no	3
secret	秘密	other	150	113.8	1.3	no	3
secret	種	other	113	277.4	0.4	no	3
seed	子	other	606	265.3	2.3	no	3
seed	種	other	113	277.4	0.4	no	3
seed	実	other	88	137.0	0.6	no	3
serious	リアル	katakana	133	89.9	1.5	no	3
serious	重	other	85	88.8	1.0	no	3
serious	重大	other	60	24.1	2.5	no	3
shadow	シャドー	katakana	212	22.5	9.4	no	3
shadow	影	other	76	55.1	1.4	no	3
shadow	曲	other	62	615.4	0.1	no	3
shift	移行	other	286	98.1	2.9	no	3
shift	シフト	katakana	99	17.0	5.8	no	3
shift	推移	other	55	42.6	1.3	no	3
shortening	省略	other	427	79.2	5.4	no	3
shortening	圧縮	other	366	17.3	21.2	no	3
shortening	短縮	other	71	37.8	1.9	no	3
signal	通信	other	1060	220.0	4.8	no	3
signal	信号	other	388	46.4	8.4	no	3
signal	シグナル	katakana	253	16.3	15.5	no	3
signature	オリジナル	katakana	1261	964.3	1.3	no	3
signature	署名	other	157	38.8	4.0	no	3
signature	シグネチャー	katakana	84	3.9	21.7	no	3
single	単一	other	583	17.9	32.5	no	3
single	シングル	katakana	136	418.6	0.3	no	3
single	単独	other	56	99.9	0.6	no	3
skill	技術	other	1149	301.9	3.8	no	3
skill	職	other	234	66.6	3.5	no	3
skill	スキル	katakana	76	37.7	2.0	no	3
small	小型	other	100	71.9	1.4	no	3
small	スモール	katakana	52	19.4	2.7	no	3
small	マイナー	katakana	51	30.2	1.7	no	3
smart	乙	other	210	22.9	9.2	no	3
smart	スマート	katakana	158	34.7	4.6	no	3
smart	発明	other	70	34.0	2.1	no	3
soft	ソフト	katakana	817	127.7	6.4	no	3
soft	柔軟	other	68	8.4	8.0	no	3
soft	和	other	57	61.8	0.9	no	3
software	ソフトウェア	katakana	3151	74.0	42.6	yes	3
software	ソフト	katakana	817	127.7	6.4	yes	3
software	ウェア	katakana	52	10.7	4.9	yes	3
sole	単一	other	583	17.9	32.5	no	3
sole	唯一	other	111	143.4	0.8	no	3
sole	単独	other	56	99.9	0.6	no	3
specific	特定	other	1384	134.9	10.3	no	3
specific	詳細	other	1299	150.0	8.7	no	3
specific	具体的	other	331	43.8	7.5	no	3
specification	指定	other	6373	334.7	19.0	no	3
specification	仕様	other	762	119.7	6.4	no	3
specification	明示	other	525	11.4	46.1	no	3
speech	音声	other	502	72.7	6.9	no	3
speech	語	other	315	494.4	0.6	no	3
speech	言葉	other	118	197.6	0.6	no	3
status	位置	other	1430	332.7	4.3	no	3
status	ステータス	katakana	255	41.7	6.1	no	3
status	条	other	231	264.0	0.9	no	3
stone	ロック	katakana	303	210.5	1.4	no	3
stone	種	other	113	277.4	0.4	no	3
stone	実	other	88	137.0	0.6	no	3
strategy	対策	other	2110	125.4	16.8	no	3
strategy	戦略	other	239	75.3	3.2	no	3
strategy	略	other	72	36.9	1.9	no	3
stress	負荷	other	115	13.0	8.9	no	3
stress	強調	other	85	33.8	2.5	no	3
stress	声	other	69	560.1	0.1	no	3
string	コード	katakana	3590	108.1	33.2	no	3
string	条	other	231	264.0	0.9	no	3
string	ストリング	katakana	230	7.8	29.3	no	3
study	研究	other	526	664.0	0.8	no	3
study	検討	other	425	84.0	5.1	no	3
study	学習	other	204	57.8	3.5	no	3
substantial	具体的	other	331	43.8	7.5	no	3
substantial	相当	other	219	97.4	2.3	no	3
substantial	大幅	other	165	66.0	2.5	no	3
substitute	代わり	other	918	90.4	10.2	no	3
substitute	代替	other	315	42.0	7.5	no	3
substitute	サブ	katakana	51	15.9	3.2	no	3
sum	サム	katakana	91	37.6	2.4	no	3
sum	金額	other	83	22.2	3.8	no	3
sum	和	other	57	61.8	0.9	no	3
superior	上	other	1233	475.6	2.6	no	3
superior	上位	other	211	68.7	3.1	no	3
superior	プレミアム	katakana	78	80.5	1.0	no	3
supposition	仮想	other	390	12.4	31.5	no	3
supposition	想定	other	318	37.4	8.5	no	3
supposition	仮定	other	73	14.2	5.1	no	3
surroundings	環境	other	1151	235.4	4.9	no	3
surroundings	周囲	other	55	90.3	0.6	no	3
surroundings	辺り	other	51	36.3	1.4	no	3
synthesis	統合	other	596	213.2	2.8	no	3
synthesis	合成	other	152	61.5	2.5	no	3
synthesis	総合	other	60	387.2	0.2	no	3
technology	技術	other	1149	301.9	3.8	no	3
technology	テクノロジー	katakana	551	44.8	12.3	no	3
technology	科学技術	other	54	29.3	1.8	no	3
test	テスト	katakana	1374	77.7	17.7	no	3
test	試験	other	596	154.9	3.9	no	3
test	検査	other	217	74.0	2.9	no	3
texture	組織	other	406	242.9	1.7	no	3
texture	目	other	127	180.7	0.7	no	3
texture	テクスチャー	katakana	78	3.1	25.5	no	3
theory	理論	other	250	100.4	2.5	no	3
theory	セオリー	katakana	91	25.5	3.6	no	3
theory	原理	other	66	28.6	2.3	no	3
times	次	other	3640	222.5	16.4	no	3
times	度	other	546	575.2	0.9	no	3
times	倍	other	252	94.0	2.7	no	3
today	今日	other	86	136.7	0.6	no	3
today	現代	other	76	239.8	0.3	no	3
today	トゥデー	katakana	51	69.5	0.7	no	3
trace	トレース	katakana	117	4.8	24.7	no	3
trace	気	other	81	139.9	0.6	no	3
trace	影	other	76	55.1	1.4	no	3
track	トラック	katakana	378	109.5	3.5	no	3
track	線	other	177	344.9	0.5	no	3
track	曲	other	62	615.4	0.1	no	3
trademark	目標	other	161	83.4	1.9	no	3
trademark	マーク	katakana	136	100.3	1.4	no	3
trademark	商標	other	57	18.0	3.2	no	3
training	教育	other	156	406.7	0.4	no	3
training	訓練	other	55	89.1	0.6	no	3
training	トレーニング	katakana	54	36.5	1.5	no	3
transfer	移動	other	735	171.6	4.3	no	3
transfer	転送	other	407	14.7	27.7	no	3
transfer	移行	other	286	98.1	2.9	no	3
trick	機関	other	811	154.7	5.2	no	3
trick	手	other	110	271.5	0.4	no	3
trick	細工	other	60	8.7	7.0	no	3
tune	色	other	910	159.2	5.7	no	3
tune	節	other	376	148.3	2.5	no	3
tune	曲	other	62	615.4	0.1	no	3
typing	入力	other	1524	39.8	38.3	no	3
typing	タイプ	katakana	648	165.8	3.9	no	3
typing	型付け	other	66	0.5	143.6	yes	3
unclear	曖昧	other	84	156.2	0.5	no	3
unclear	不明	other	68	194.4	0.4	no	3
unclear	不透明	other	56	3.6	15.5	no	3
unification	統合	other	596	213.2	2.8	no	3
unification	統括	other	198	33.0	6.0	no	3
unification	統一	other	168	118.5	1.4	no	3
unity	一致	other	841	46.8	18.0	no	3
unity	統合	other	596	213.2	2.8	no	3
unity	統一	other	168	118.5	1.4	no	3
unknown	元	other	624	867.7	0.7	no	3
unknown	不明	other	68	194.4	0.4	no	3
unknown	無名	other	66	12.3	5.4	no	3
usa	アメリカ	katakana	271	597.1	0.5	no	3
usa	米国	other	233	123.7	1.9	no	3
usa	米	other	141	109.7	1.3	no	3
used	旧	other	223	597.4	0.4	no	3
used	ユーズド	katakana	56	7.0	8.0	no	3
used	故	other	51	56.6	0.9	no	3
useful	便利	other	369	13.1	28.2	no	3
useful	有用	other	174	9.2	19.0	no	3
useful	有益	other	110	4.1	27.1	no	3
user	ユーザー	katakana	3806	68.2	55.8	no	3
user	利用者	other	433	35.4	12.2	no	3
user	消費者	other	68	22.5	3.0	no	3
usual	通常	other	1117	240.5	4.6	no	3
usual	従来	other	398	108.4	3.7	no	3
usual	普通	other	118	130.0	0.9	no	3
various	様々	other	691	247.7	2.8	no	3
various	多様	other	62	30.0	2.0	no	3
various	左右	other	53	56.5	0.9	no	3
vector	パス	katakana	956	33.4	28.6	yes	3
vector	ベクトル	katakana	176	20.0	8.8	no	3
vector	ベクター	katakana	87	4.4	20.0	no	3
verse	行	other	1071	114.6	9.3	no	3
verse	節	other	376	148.3	2.5	no	3
verse	一連	other	185	37.3	5.0	no	3
video	ビデオ	katakana	459	138.1	3.3	no	3
video	動画	other	406	128.0	3.2	no	3
video	映像	other	170	244.5	0.7	no	3
voice	音声	other	502	72.7	6.9	no	3
voice	ボイス	katakana	77	61.6	1.2	no	3
voice	声	other	69	560.1	0.1	no	3
website	サイト	katakana	1003	696.6	1.4	no	3
website	ウェブサイト	katakana	692	208.7	3.3	no	3
website	ホームページ	katakana	126	123.4	1.0	no	3
wish	希望	other	78	74.6	1.0	no	3
wish	声	other	69	560.1	0.1	no	3
wish	考え	other	52	46.2	1.1	no	3
within	中	other	1063	859.6	1.2	no	3
within	内	other	391	89.1	4.4	no	3
within	以内	other	56	46.7	1.2	no	3
worker	ワーカー	katakana	646	3.4	190.5	no	3
worker	手	other	110	271.5	0.4	no	3
worker	従業員	other	72	32.5	2.2	no	3
workload	ワークロード	katakana	151	0.2	783.3	no	3
workload	稼働	other	144	36.0	4.0	no	3
workload	負荷	other	115	13.0	8.9	no	3
world	代	other	611	785.4	0.8	no	3
world	世界	other	357	1109.7	0.3	no	3
world	ワールド	katakana	276	381.0	0.7	no	3
year	年	other	25941	46332.2	0.6	no	3
year	代	other	611	785.4	0.8	no	3
year	イヤー	katakana	69	85.0	0.8	no	3
you	子	other	606	265.3	2.3	no	3
you	自分	other	341	427.7	0.8	no	3
you	主	other	102	128.6	0.8	no	3
zone	区域	other	120	101.7	1.2	no	3
zone	帯域	other	74	4.3	17.0	no	3
zone	ゾーン	katakana	71	58.3	1.2	no	3
ability	性能	other	680	72.5	9.4	no	2
ability	能力	other	207	216.2	1.0	no	2
abolition	廃止	other	173	351.7	0.5	no	2
abolition	廃棄	other	63	11.0	5.7	no	2
abridgement	概要	other	432	68.1	6.3	no	2
abridgement	省略	other	427	79.2	5.4	no	2
abrogation	破棄	other	138	14.9	9.3	no	2
abrogation	廃棄	other	63	11.0	5.7	no	2
acceleration	高速化	other	150	6.4	23.5	no	2
acceleration	促進	other	56	45.4	1.2	no	2
acceptable	可	other	87	31.0	2.8	no	2
acceptable	有り	other	63	107.5	0.6	no	2
acceptance	採用	other	1086	251.2	4.3	no	2
acceptance	許容	other	110	9.8	11.2	no	2
access	アクセス	katakana	2231	60.9	36.6	yes	2
access	参入	other	50	29.9	1.7	no	2
accession	継承	other	642	98.5	6.5	no	2
accession	登録	other	549	202.4	2.7	no	2
accord	一致	other	841	46.8	18.0	no	2
accord	合意	other	65	63.4	1.0	no	2
achievement	成功	other	362	202.2	1.8	no	2
achievement	達成	other	116	132.7	0.9	no	2
active	アクティブ	katakana	476	19.4	24.6	no	2
active	積極的	other	52	55.6	0.9	no	2
adding	加算	other	89	16.2	5.5	no	2
adding	増設	other	53	20.7	2.5	no	2
adjudication	判断	other	331	92.5	3.6	no	2
adjudication	判定	other	117	81.2	1.4	no	2
adjustment	調整	other	310	73.7	4.2	no	2
adjustment	整理	other	104	54.3	1.9	no	2
admonition	警告	other	241	23.1	10.4	no	2
admonition	意見	other	59	82.0	0.7	no	2
advance	進行	other	89	75.3	1.2	no	2
advance	進捗	other	52	3.7	13.9	no	2
advanced	高度	other	197	57.6	3.4	no	2
advanced	アドバンスト	katakana	134	12.7	10.6	no	2
advent	登場	other	477	848.1	0.6	no	2
advent	出現	other	74	72.8	1.0	no	2
advice	注意	other	892	61.0	14.6	no	2
advice	助言	other	52	20.0	2.6	no	2
advocacy	主張	other	174	164.2	1.1	no	2
advocacy	提唱	other	79	35.4	2.2	no	2
affiliation	所属	other	80	485.6	0.2	no	2
affiliation	合併	other	60	257.1	0.2	no	2
aforementioned	当該	other	548	57.0	9.6	no	2
aforementioned	前述	other	109	77.5	1.4	no	2
afterwards	後	other	1236	1707.5	0.7	no	2
afterwards	その後	other	184	273.9	0.7	no	2
agency	機関	other	811	154.7	5.2	no	2
agency	職	other	234	66.6	3.5	no	2
ago	前	other	1519	937.1	1.6	no	2
ago	以前	other	496	227.4	2.2	no	2
ahead	前	other	1519	937.1	1.6	no	2
ahead	先	other	370	156.6	2.4	no	2
aid	支援	other	403	241.6	1.7	no	2
aid	補助	other	94	41.6	2.3	no	2
alert	注意喚起	other	111	3.1	35.8	no	2
alert	アラート	katakana	61	3.4	18.0	no	2
alliance	提携	other	82	49.4	1.7	no	2
alliance	アライアンス	katakana	68	12.7	5.3	no	2
almost	殆ど	other	476	214.0	2.2	no	2
almost	略	other	72	36.9	1.9	no	2
also	後	other	1236	1707.5	0.7	no	2
also	とも	other	355	430.1	0.8	no	2
altitude	高さ	other	322	79.0	4.1	no	2
altitude	高度	other	197	57.6	3.4	no	2
ambiguous	曖昧	other	84	156.2	0.5	no	2
ambiguous	不明	other	68	194.4	0.4	no	2
amidst	中	other	1063	859.6	1.2	no	2
amidst	内	other	391	89.1	4.4	no	2
amongst	中	other	1063	859.6	1.2	no	2
amongst	内	other	391	89.1	4.4	no	2
ancestry	流れ	other	78	59.3	1.3	no	2
ancestry	系統	other	51	154.0	0.3	no	2
annexation	付加	other	72	15.7	4.6	no	2
annexation	合併	other	60	257.1	0.2	no	2
anxiety	恐れ	other	113	27.0	4.2	no	2
anxiety	懸念	other	55	30.2	1.8	no	2
anyway	同じ	other	490	75.0	6.5	no	2
anyway	左右	other	53	56.5	0.9	no	2
appending	追加	other	3607	216.8	16.6	no	2
appending	添付	other	64	8.4	7.7	no	2
appendix	追加	other	3607	216.8	16.6	no	2
appendix	アペンディックス	katakana	55	2.5	22.3	no	2
appreciation	理解	other	668	84.3	7.9	no	2
appreciation	評価	other	646	216.0	3.0	no	2
arena	リング	katakana	123	65.8	1.9	no	2
arena	場	other	85	94.8	0.9	no	2
arranging	配列	other	1551	23.0	67.3	no	2
arranging	セット	katakana	398	87.3	4.6	no	2
array	配列	other	1551	23.0	67.3	yes	2
array	アレイ	katakana	250	7.6	33.0	no	2
arrow	アロー	katakana	80	14.1	5.7	no	2
arrow	矢印	other	62	4.3	14.5	no	2
asset	プラス	katakana	166	109.9	1.5	no	2
asset	アセット	katakana	128	2.2	58.3	no	2
assistant	セカンド	katakana	74	108.2	0.7	no	2
assistant	アシスタント	katakana	56	57.4	1.0	no	2
atmosphere	カラー	katakana	276	107.2	2.6	no	2
atmosphere	気	other	81	139.9	0.6	no	2
attaching	連結	other	91	43.1	2.1	no	2
attaching	添付	other	64	8.4	7.7	no	2
attachment	接続	other	1072	99.6	10.8	no	2
attachment	付け	other	402	42.6	9.4	no	2
attack	攻撃	other	1048	322.2	3.3	no	2
attack	アタック	katakana	59	35.5	1.7	no	2
attribution	表示	other	3311	1059.5	3.1	no	2
attribution	帰属	other	53	9.7	5.4	no	2
audit	監査	other	575	17.0	33.9	no	2
audit	検査	other	217	74.0	2.9	no	2
author	作成者	other	84	1.7	49.6	no	2
author	作者	other	80	51.1	1.6	no	2
authorization	許可	other	823	71.2	11.6	no	2
authorization	認定	other	132	126.2	1.0	no	2
auto	オート	katakana	71	42.3	1.7	no	2
auto	自動車	other	56	185.7	0.3	no	2
automation	自動化	other	114	6.7	17.1	no	2
automation	オートメーション	katakana	67	2.7	24.7	no	2
automobile	オート	katakana	71	42.3	1.7	no	2
automobile	自動車	other	56	185.7	0.3	no	2
award	賞	other	147	630.1	0.2	no	2
award	アワード	katakana	89	64.7	1.4	no	2
awareness	認識	other	304	73.5	4.1	no	2
awareness	意識	other	77	89.0	0.9	no	2
backdrop	バック	katakana	675	235.9	2.9	no	2
backdrop	背景	other	271	76.7	3.5	no	2
ban	停止	other	473	115.8	4.1	no	2
ban	禁止	other	153	96.4	1.6	no	2
bandwidth	帯域	other	74	4.3	17.0	no	2
bandwidth	帯域幅	other	66	1.7	39.9	no	2
bar	カウンター	katakana	232	18.5	12.6	no	2
bar	バー	katakana	51	22.8	2.2	no	2
bass	ベース	katakana	964	145.9	6.6	no	2
bass	バス	katakana	272	380.0	0.7	no	2
belonging	付属	other	214	134.7	1.6	no	2
belonging	帰属	other	53	9.7	5.4	no	2
benchmark	基準	other	581	104.6	5.5	no	2
benchmark	ベンチマーク	katakana	57	1.5	36.9	no	2
beneath	以下	other	4026	502.1	8.0	no	2
beneath	下	other	432	387.7	1.1	no	2
beside	側	other	471	364.7	1.3	no	2
beside	横	other	54	60.1	0.9	no	2
birth	発生	other	2052	301.8	6.8	no	2
birth	誕生	other	69	158.3	0.4	no	2
bit	ビット	katakana	1845	37.0	49.9	yes	2
bit	バイト	katakana	513	20.8	24.7	no	2
block	版	other	3542	2474.4	1.4	no	2
block	ブロック	katakana	1276	91.1	14.0	yes	2
both	両方	other	713	51.8	13.8	no	2
both	共	other	185	456.3	0.4	no	2
bottom	後	other	1236	1707.5	0.7	no	2
bottom	下	other	432	387.7	1.1	no	2
bounds	限り	other	422	87.3	4.8	no	2
bounds	境界	other	366	49.6	7.4	no	2
brace	一番	other	78	219.3	0.4	no	2
brace	番	other	74	422.5	0.2	no	2
brand	ブランド	katakana	219	127.6	1.7	no	2
brand	マーク	katakana	136	100.3	1.4	no	2
breadth	幅	other	547	69.4	7.9	no	2
breadth	横	other	54	60.1	0.9	no	2
break	区切り	other	141	3.8	37.0	no	2
break	中断	other	84	33.0	2.5	no	2
breakup	分散	other	245	21.5	11.4	no	2
breakup	離散	other	58	6.6	8.8	no	2
breed	種	other	113	277.4	0.4	no	2
breed	類型	other	60	8.6	7.0	no	2
brief	簡単	other	614	41.5	14.8	no	2
brief	簡潔	other	92	4.5	20.4	no	2
britain	英	other	494	214.5	2.3	no	2
britain	イギリス	katakana	88	355.3	0.2	no	2
broadcast	配信	other	214	397.5	0.5	no	2
broadcast	放送	other	98	1445.8	0.1	no	2
browsing	閲覧	other	9073	7532.7	1.2	no	2
browsing	参照	other	3414	262.0	13.0	yes	2
bunch	群	other	335	167.1	2.0	no	2
bunch	組	other	77	255.8	0.3	no	2
bundle	一括	other	211	9.6	22.1	no	2
bundle	バンドル	katakana	94	4.4	21.2	no	2
bureau	部	other	252	1097.4	0.2	no	2
bureau	局	other	118	596.1	0.2	no	2
but	他	other	3005	1417.5	2.1	no	2
but	外	other	132	73.3	1.8	no	2
calculator	計算機	other	175	6.6	26.6	no	2
calculator	電卓	other	120	3.7	32.1	no	2
calyx	英	other	494	214.5	2.3	no	2
calyx	台	other	308	313.7	1.0	no	2
capacity	容量	other	424	30.3	14.0	no	2
capacity	量	other	181	94.6	1.9	no	2
capture	キャプチャー	katakana	201	3.8	53.6	yes	2
capture	捕捉	other	74	4.6	16.0	no	2
car	オート	katakana	71	42.3	1.7	no	2
car	自動車	other	56	185.7	0.3	no	2
career	履歴	other	120	9.8	12.2	no	2
career	キャリア	katakana	54	62.4	0.9	no	2
carrying	掲載	other	157	215.3	0.7	no	2
carrying	携帯	other	138	42.1	3.3	no	2
cast	版	other	3542	2474.4	1.4	no	2
cast	キャスト	katakana	68	154.8	0.4	no	2
catalog	一覧	other	453	744.0	0.6	no	2
catalog	カタログ	katakana	57	36.4	1.6	no	2
catalogue	一覧	other	453	744.0	0.6	no	2
catalogue	カタログ	katakana	57	36.4	1.6	no	2
categorization	分類	other	237	145.1	1.6	no	2
categorization	ソート	katakana	143	5.8	24.8	no	2
caution	注意	other	892	61.0	14.6	no	2
caution	警告	other	241	23.1	10.4	no	2
certain	確実	other	193	25.4	7.6	no	2
certain	一定	other	96	58.0	1.7	no	2
chain	一連	other	185	37.3	5.0	no	2
chain	チェーン	katakana	171	31.7	5.4	no	2
charge	代	other	611	785.4	0.8	no	2
charge	保管	other	75	30.9	2.4	no	2
chi	キー	katakana	1238	21.9	56.6	no	2
chi	気	other	81	139.9	0.6	no	2
chunk	ブロック	katakana	1276	91.1	14.0	no	2
chunk	チャンク	katakana	99	1.0	99.9	no	2
circuit	回線	other	319	13.9	23.0	no	2
circuit	回路	other	276	27.2	10.1	no	2
circumference	周辺	other	152	172.9	0.9	no	2
circumference	周囲	other	55	90.3	0.6	no	2
classic	ザ	katakana	4394	3055.9	1.4	no	2
classic	クラシック	katakana	98	83.8	1.2	no	2
clever	スマート	katakana	158	34.7	4.6	no	2
clever	発明	other	70	34.0	2.1	no	2
clip	動画	other	406	128.0	3.2	no	2
clip	クリップ	katakana	74	16.2	4.6	no	2
clone	互換機	other	129	2.5	52.0	yes	2
clone	クローン	katakana	59	16.1	3.7	no	2
closure	クロージャー	katakana	112	1.2	91.8	no	2
closure	閉鎖	other	64	72.3	0.9	no	2
clothing	形	other	316	272.3	1.2	no	2
clothing	ウェア	katakana	52	10.7	4.9	no	2
coast	方	other	462	268.2	1.7	no	2
coast	辺	other	94	21.2	4.4	no	2
coding	符号化	other	266	5.1	52.5	no	2
coding	コーディング	katakana	128	3.3	39.2	yes	2
cognition	認識	other	304	73.5	4.1	no	2
cognition	認知	other	71	29.3	2.4	no	2
collecting	収集	other	166	47.9	3.5	no	2
collecting	コレクション	katakana	162	184.1	0.9	no	2
collection	収集	other	166	47.9	3.5	no	2
collection	コレクション	katakana	162	184.1	0.9	no	2
color	色	other	910	159.2	5.7	no	2
color	カラー	katakana	276	107.2	2.6	no	2
colour	色	other	910	159.2	5.7	no	2
colour	カラー	katakana	276	107.2	2.6	no	2
combined	総合	other	60	387.2	0.2	no	2
combined	複合	other	53	36.0	1.5	no	2
command	コマンド	katakana	1565	25.2	62.1	yes	2
command	命令	other	1019	94.3	10.8	no	2
commitment	コミット	katakana	212	1.9	114.2	no	2
commitment	投入	other	72	51.9	1.4	no	2
comparatively	比較的	other	126	64.8	1.9	no	2
comparatively	割合	other	92	29.0	3.2	no	2
compatible	互換	other	299	7.8	38.2	no	2
compatible	統一	other	168	118.5	1.4	no	2
compliance	順守	other	513	6.7	77.0	no	2
compliance	整合性	other	53	3.0	17.8	no	2
complicated	複雑	other	338	43.1	7.8	no	2
complicated	複雑性	other	62	1.9	32.0	no	2
composite	総合	other	60	387.2	0.2	no	2
composite	複合	other	53	36.0	1.5	no	2
composure	度	other	546	575.2	0.9	no	2
composure	安定	other	157	54.5	2.9	no	2
computation	計算	other	862	68.6	12.6	no	2
computation	算出	other	76	9.7	7.8	no	2
computer	コンピューター	katakana	2373	120.3	19.7	no	2
computer	計算機	other	175	6.6	26.6	no	2
concurrent	同時	other	441	272.6	1.6	no	2
concurrent	マルチタスク	katakana	54	0.9	62.3	no	2
conference	コンファレンス	katakana	199	30.5	6.5	no	2
conference	会議	other	104	191.0	0.5	no	2
confidence	信頼	other	211	39.8	5.3	no	2
confidence	信頼性	other	127	17.2	7.4	no	2
confronting	相対	other	309	16.6	18.6	no	2
confronting	アタック	katakana	59	35.5	1.7	no	2
conjecture	推測	other	101	40.9	2.5	no	2
conjecture	予想	other	69	48.5	1.4	no	2
conjugation	変化	other	422	170.5	2.5	no	2
conjugation	活用	other	295	70.9	4.2	no	2
consciousness	気	other	81	139.9	0.6	no	2
consciousness	意識	other	77	89.0	0.9	no	2
constitution	組織	other	406	242.9	1.7	no	2
constitution	体	other	91	244.2	0.4	no	2
consultation	参照	other	3414	262.0	13.0	no	2
consultation	参考	other	258	40.6	6.4	no	2
contact	連絡	other	111	85.7	1.3	no	2
contact	担当者	other	58	17.2	3.4	no	2
container	コンテナ	katakana	3255	25.7	126.9	no	2
container	ボックス	katakana	1064	123.8	8.6	no	2
contention	主張	other	174	164.2	1.1	no	2
contention	競合	other	134	19.1	7.0	no	2
continuous	連続	other	143	269.0	0.5	no	2
continuous	継続的	other	85	10.4	8.2	no	2
contraction	縮小	other	149	31.9	4.7	no	2
contraction	短縮	other	71	37.8	1.9	no	2
contribution	投稿	other	180	67.7	2.7	no	2
contribution	貢献	other	106	96.2	1.1	no	2
controversy	問題	other	1312	399.2	3.3	no	2
controversy	議論	other	125	61.3	2.0	no	2
conversion	変換	other	1149	47.2	24.3	no	2
conversion	切り替え	other	75	13.3	5.6	no	2
corner	角	other	398	62.4	6.4	no	2
corner	曲	other	62	615.4	0.1	no	2
correction	修正	other	684	51.2	13.4	no	2
correction	訂正	other	55	13.4	4.1	no	2
count	カウント	katakana	146	29.0	5.0	no	2
count	回数	other	96	44.7	2.2	no	2
country	国	other	106	272.5	0.4	no	2
country	国家	other	67	201.0	0.3	no	2
coupling	結合	other	177	62.0	2.9	no	2
coupling	連結	other	91	43.1	2.1	no	2
cover	表	other	521	142.8	3.6	no	2
cover	カバー	katakana	67	120.5	0.6	no	2
coverage	対象	other	959	195.8	4.9	no	2
coverage	カバー	katakana	67	120.5	0.6	no	2
creative	クリエーティブ	katakana	80	34.8	2.3	no	2
creative	クリエーター	katakana	54	22.3	2.4	no	2
creator	作者	other	80	51.1	1.6	no	2
creator	クリエーター	katakana	54	22.3	2.4	no	2
credit	単位	other	590	88.7	6.6	no	2
credit	付け	other	402	42.6	9.4	no	2
criterion	標準	other	997	83.2	12.0	no	2
criterion	基準	other	581	104.6	5.5	no	2
criticism	攻撃	other	1048	322.2	3.3	no	2
criticism	批判	other	92	126.9	0.7	no	2
crowd	群	other	335	167.1	2.0	no	2
crowd	クラウド	katakana	194	12.3	15.8	no	2
cultivation	開発	other	3365	505.6	6.7	no	2
cultivation	教育	other	156	406.7	0.4	no	2
culture	教育	other	156	406.7	0.4	no	2
culture	文化	other	57	438.9	0.1	no	2
custody	保護	other	369	129.5	2.9	no	2
custody	保管	other	75	30.9	2.4	no	2
customization	カスタム	katakana	745	16.0	46.5	no	2
customization	カスタマイズ	katakana	209	7.1	29.6	no	2
cutting	切断	other	64	22.1	2.9	no	2
cutting	カット	katakana	58	63.2	0.9	no	2
damage	被害	other	135	98.6	1.4	no	2
damage	故障	other	60	34.2	1.8	no	2
data	データ	katakana	3441	318.5	10.8	no	2
data	資料	other	120	197.9	0.6	no	2
dear	上	other	1233	475.6	2.6	no	2
dear	真	other	136	105.0	1.3	no	2
death	限り	other	422	87.3	4.8	no	2
death	終わり	other	99	44.4	2.2	no	2
decade	台	other	308	313.7	1.0	no	2
decade	桁	other	174	34.3	5.1	no	2
deciphering	翻訳	other	182	70.5	2.6	no	2
deciphering	解読	other	105	10.8	9.7	no	2
declaration	宣言	other	983	100.9	9.7	no	2
declaration	表明	other	62	83.2	0.7	no	2
decline	低下	other	127	59.8	2.1	no	2
decline	減少	other	65	90.8	0.7	no	2
decoration	修飾	other	137	5.1	26.7	no	2
decoration	装飾	other	74	35.9	2.1	no	2
definitely	絶対	other	125	50.4	2.5	no	2
definitely	左右	other	53	56.5	0.9	no	2
degradation	低下	other	127	59.8	2.1	no	2
degradation	分解	other	72	35.5	2.0	no	2
demand	要求	other	787	88.5	8.9	no	2
demand	需要	other	60	36.7	1.6	no	2
demeanor	動作	other	1672	48.3	34.6	no	2
demeanor	形	other	316	272.3	1.2	no	2
denomination	単位	other	590	88.7	6.6	no	2
denomination	呼称	other	64	64.3	1.0	no	2
descent	条	other	231	264.0	0.9	no	2
descent	流れ	other	78	59.3	1.3	no	2
destruction	破棄	other	138	14.9	9.3	no	2
destruction	破壊	other	60	130.7	0.5	no	2
detail	内容	other	1107	227.6	4.9	no	2
detail	点	other	885	363.9	2.4	no	2
diagram	図	other	423	109.2	3.9	no	2
diagram	グラフ	katakana	261	25.3	10.3	no	2
dialogue	ダイアローグ	katakana	165	4.0	40.8	no	2
dialogue	対話	other	124	19.5	6.4	no	2
dictionary	辞書	other	295	31.4	9.4	no	2
dictionary	辞典	other	99	93.4	1.1	no	2
diffusion	普及	other	321	75.4	4.3	no	2
diffusion	伝送	other	99	7.2	13.8	no	2
digit	数字	other	185	51.1	3.6	no	2
digit	桁	other	174	34.3	5.1	no	2
direct	ダイレクト	katakana	169	17.3	9.8	no	2
direct	直接	other	152	47.7	3.2	no	2
directions	指示	other	282	62.9	4.5	no	2
directions	用法	other	53	84.0	0.6	no	2
directive	命令	other	1019	94.3	10.8	no	2
directive	ディレクティブ	katakana	384	1.3	296.1	yes	2
disaster	変	other	78	40.3	1.9	no	2
disaster	曲	other	62	615.4	0.1	no	2
discernment	識別	other	255	16.5	15.5	no	2
discernment	目	other	127	180.7	0.7	no	2
discipline	場	other	85	94.8	0.9	no	2
discipline	訓練	other	55	89.1	0.6	no	2
discontinuance	廃止	other	173	351.7	0.5	no	2
discontinuance	中止	other	82	112.2	0.7	no	2
discord	間	other	730	565.0	1.3	no	2
discord	衝突	other	78	55.7	1.4	no	2
disorder	障害	other	203	84.6	2.4	no	2
disorder	混乱	other	81	46.2	1.7	no	2
dispersion	分散	other	245	21.5	11.4	no	2
dispersion	離散	other	58	6.6	8.8	no	2
distance	間	other	730	565.0	1.3	no	2
distance	距離	other	116	118.3	1.0	no	2
diverse	様々	other	691	247.7	2.8	no	2
diverse	多様	other	62	30.0	2.0	no	2
dollar	元	other	624	867.7	0.7	no	2
dollar	ドル	katakana	333	126.5	2.6	no	2
domain	領域	other	519	78.4	6.6	no	2
domain	ドメイン	katakana	445	28.3	15.7	no	2
double	倍	other	252	94.0	2.7	no	2
double	ダブル	katakana	107	64.1	1.7	no	2
drawing	描画	other	562	5.8	96.2	no	2
drawing	図	other	423	109.2	3.9	no	2
dress	形	other	316	272.3	1.2	no	2
dress	ウェア	katakana	52	10.7	4.9	no	2
driving	ドライブ	katakana	363	48.1	7.5	no	2
driving	駆動	other	123	32.7	3.8	no	2
drop	ドロップ	katakana	175	11.1	15.8	no	2
drop	ダウン	katakana	124	65.9	1.9	no	2
due	正式	other	240	131.4	1.8	no	2
due	真	other	136	105.0	1.3	no	2
dummy	モデル	katakana	2092	351.7	5.9	no	2
dummy	スルー	katakana	51	21.8	2.4	no	2
duplication	重複	other	128	39.6	3.2	no	2
duplication	複製	other	127	16.7	7.6	no	2
duty	責任	other	143	70.5	2.0	no	2
duty	役	other	128	903.1	0.1	no	2
dynamic	動的	other	364	6.4	57.3	no	2
dynamic	ダイナミック	katakana	102	11.9	8.5	no	2
each	其々	other	1180	301.7	3.9	no	2
each	個々	other	190	18.1	10.5	no	2
editing	編集	other	1003	1056.2	0.9	no	2
editing	編	other	93	922.4	0.1	no	2
education	教育	other	156	406.7	0.4	no	2
education	エデュケーション	katakana	62	19.5	3.2	no	2
effective	有効	other	1550	49.7	31.2	no	2
effective	効果的	other	83	13.9	6.0	no	2
efficiency	性能	other	680	72.5	9.4	no	2
efficiency	効率	other	173	21.8	7.9	no	2
effort	取り組み	other	125	33.8	3.7	no	2
effort	手	other	110	271.5	0.4	no	2
electronic	電子	other	420	135.5	3.1	no	2
electronic	エレクトロニック	katakana	67	11.2	5.9	no	2
elucidation	解説	other	755	146.3	5.2	no	2
elucidation	明示	other	525	11.4	46.1	no	2
email	メール	katakana	348	47.8	7.3	no	2
email	電子メール	other	171	5.1	33.2	no	2
emergence	登場	other	477	848.1	0.6	no	2
emergence	出現	other	74	72.8	1.0	no	2
enactment	実施	other	901	326.0	2.8	no	2
enactment	制定	other	63	100.3	0.6	no	2
enclosure	筐体	other	95	9.8	9.6	no	2
enclosure	別紙	other	59	2.5	23.3	no	2
encouragement	策	other	162	27.5	5.9	no	2
encouragement	促進	other	56	45.4	1.2	no	2
enforcement	実施	other	901	326.0	2.8	no	2
enforcement	強制	other	213	50.2	4.2	no	2
engagement	採用	other	1086	251.2	4.3	no	2
engagement	用	other	163	9.4	17.4	no	2
engine	機関	other	811	154.7	5.2	no	2
engine	エンジン	katakana	410	183.1	2.2	no	2
engineer	技術者	other	168	28.2	5.9	no	2
engineer	エンジニア	katakana	96	29.3	3.3	no	2
enough	分	other	388	1042.5	0.4	no	2
enough	十分	other	256	50.4	5.1	no	2
entity	エンティティー	katakana	72	2.0	35.8	no	2
entity	実体	other	69	12.0	5.7	no	2
environment	環境	other	1151	235.4	4.9	no	2
environment	エンバイロメント	katakana	60	7.5	8.1	no	2
environs	周辺	other	152	172.9	0.9	no	2
environs	周囲	other	55	90.3	0.6	no	2
epoch	代	other	611	785.4	0.8	no	2
epoch	時代	other	187	941.0	0.2	no	2
equation	式	other	585	419.6	1.4	no	2
equation	方程式	other	50	26.7	1.9	no	2
equivalent	同じ	other	490	75.0	6.5	no	2
equivalent	比	other	103	52.1	2.0	no	2
era	代	other	611	785.4	0.8	no	2
era	時代	other	187	941.0	0.2	no	2
essay	論文	other	181	87.4	2.1	no	2
essay	文章	other	79	30.5	2.6	no	2
eternal	常	other	793	101.1	7.8	no	2
eternal	不変	other	79	6.5	12.1	no	2
eternity	常	other	793	101.1	7.8	no	2
eternity	無限	other	69	27.0	2.5	no	2
even	水平	other	201	20.8	9.7	no	2
even	元々	other	53	36.0	1.5	no	2
everybody	人々	other	110	166.2	0.7	no	2
everybody	皆	other	57	156.6	0.4	no	2
evolution	展開	other	246	199.7	1.2	no	2
evolution	進化	other	118	60.1	2.0	no	2
exact	正確	other	265	46.8	5.7	no	2
exact	正	other	204	72.8	2.8	no	2
exam	テスト	katakana	1374	77.7	17.7	no	2
exam	試験	other	596	154.9	3.9	no	2
expenditure	消費	other	214	46.3	4.6	no	2
expenditure	経費	other	59	9.0	6.5	no	2
experiment	試験	other	596	154.9	3.9	no	2
experiment	実験	other	76	103.7	0.7	no	2
expert	者	other	340	283.7	1.2	no	2
expert	専門家	other	71	31.5	2.3	no	2
exposition	説明	other	1527	213.5	7.2	no	2
exposition	解説	other	755	146.3	5.2	no	2
express	高速	other	382	118.6	3.2	no	2
express	エクスプレス	katakana	170	46.2	3.7	no	2
extra	別	other	875	421.0	2.1	no	2
extra	余分	other	55	4.0	13.8	no	2
extraction	展開	other	246	199.7	1.2	yes	2
extraction	抽出	other	120	13.8	8.7	no	2
extraordinary	非常	other	338	164.7	2.0	no	2
extraordinary	特別	other	283	291.6	1.0	no	2
facet	面	other	242	379.0	0.6	no	2
facet	所	other	234	343.3	0.7	no	2
facilities	機関	other	811	154.7	5.2	no	2
facilities	設備	other	51	82.9	0.6	no	2
facility	機能	other	3403	249.4	13.6	no	2
facility	機関	other	811	154.7	5.2	no	2
factor	要素	other	7699	93.7	82.1	no	2
factor	係数	other	51	14.2	3.6	no	2
factory	工場	other	58	200.2	0.3	no	2
factory	ファクトリー	katakana	56	30.3	1.8	no	2
faithfulness	真	other	136	105.0	1.3	no	2
faithfulness	実	other	88	137.0	0.6	no	2
fake	空	other	577	126.5	4.6	no	2
fake	偽	other	111	25.8	4.3	no	2
falsehood	空	other	577	126.5	4.6	no	2
falsehood	偽	other	111	25.8	4.3	no	2
fame	名	other	1968	938.7	2.1	no	2
fame	音	other	111	168.5	0.7	no	2
family	ファミリー	katakana	182	79.7	2.3	no	2
family	系統	other	51	154.0	0.3	no	2
fashion	モード	katakana	972	118.3	8.2	no	2
fashion	式	other	585	419.6	1.4	no	2
fast	ファスト	katakana	74	11.6	6.3	no	2
fast	ファースト	katakana	54	138.1	0.4	no	2
fate	数	other	1186	430.3	2.8	no	2
fate	定数	other	267	30.9	8.6	no	2
fault	欠点	other	78	15.4	5.0	no	2
fault	故障	other	60	34.2	1.8	no	2
fear	恐れ	other	113	27.0	4.2	no	2
fear	懸念	other	55	30.2	1.8	no	2
features	マスク	katakana	318	38.1	8.3	no	2
features	形	other	316	272.3	1.2	no	2
feelings	気	other	81	139.9	0.6	no	2
feelings	情	other	79	12.2	6.4	no	2
fiber	条	other	231	264.0	0.9	no	2
fiber	ファイバー	katakana	64	7.4	8.6	no	2
fibre	条	other	231	264.0	0.9	no	2
fibre	ファイバー	katakana	64	7.4	8.6	no	2
figures	数	other	1186	430.3	2.8	no	2
figures	計算	other	862	68.6	12.6	no	2
file	ファイル	katakana	4392	107.0	41.1	yes	2
file	列	other	484	58.2	8.3	no	2
filing	ファイル	katakana	4392	107.0	41.1	no	2
filing	提出	other	142	75.2	1.9	no	2
filling	中身	other	75	11.8	6.4	no	2
filling	スタッフ	katakana	64	179.7	0.4	no	2
film	映像	other	170	244.5	0.7	no	2
film	映画	other	86	991.3	0.1	no	2
finding	発見	other	163	215.4	0.8	no	2
finding	判定	other	117	81.2	1.4	no	2
finishing	アップ	katakana	240	175.9	1.4	no	2
finishing	クリア	katakana	117	56.3	2.1	no	2
firm	社	other	982	1189.1	0.8	no	2
firm	会社	other	299	332.6	0.9	no	2
fixed	既定	other	486	1.7	286.0	no	2
fixed	付け	other	402	42.6	9.4	no	2
fixing	調整	other	310	73.7	4.2	no	2
fixing	固定	other	194	63.1	3.1	no	2
flaw	欠点	other	78	15.4	5.0	no	2
flaw	不具合	other	66	10.7	6.2	no	2
flex	コード	katakana	3590	108.1	33.2	no	2
flex	フレックス	katakana	303	2.2	137.9	no	2
folder	ディレクトリー	katakana	901	8.5	105.5	yes	2
folder	フォルダー	katakana	187	3.7	50.0	no	2
formatting	フォーマット	katakana	603	19.8	30.4	yes	2
formatting	初期化	other	391	2.2	176.6	yes	2
formulation	構築	other	958	56.2	17.1	no	2
formulation	策定	other	275	23.1	11.9	no	2
forwarding	転送	other	407	14.7	27.7	no	2
forwarding	出荷	other	173	19.8	8.7	no	2
founder	親	other	727	64.6	11.2	no	2
founder	初代	other	74	193.2	0.4	no	2
fraction	小数	other	138	4.6	29.8	no	2
fraction	端	other	105	30.3	3.5	no	2
fragile	脆弱	other	74	5.7	13.1	no	2
fragile	和	other	57	61.8	0.9	no	2
fruit	子	other	606	265.3	2.3	no	2
fruit	実	other	88	137.0	0.6	no	2
fulfillment	実行	other	4043	65.8	61.5	no	2
fulfillment	履行	other	164	5.3	30.7	no	2
full	円	other	287	470.4	0.6	no	2
full	フル	katakana	101	84.6	1.2	no	2
fusion	合併	other	60	257.1	0.2	no	2
fusion	フュージョン	katakana	52	9.7	5.4	no	2
gains	リターン	katakana	225	21.1	10.7	no	2
gains	利益	other	60	41.6	1.4	no	2
gauge	基準	other	581	104.6	5.5	no	2
gauge	米	other	141	109.7	1.3	no	2
generalization	統括	other	198	33.0	6.0	no	2
generalization	一般化	other	62	10.4	6.0	no	2
generic	汎用	other	193	10.0	19.4	no	2
generic	ジェネリック	katakana	71	1.2	57.5	no	2
gesture	動作	other	1672	48.3	34.6	no	2
gesture	パフォーマンス	katakana	564	62.3	9.1	no	2
getting	取得	other	1591	163.5	9.7	no	2
getting	入手	other	125	49.8	2.5	no	2
gist	趣旨	other	178	14.7	12.1	no	2
gist	略	other	72	36.9	1.9	no	2
glance	一覧	other	453	744.0	0.6	no	2
glance	目	other	127	180.7	0.7	no	2
going	行	other	1071	114.6	9.3	no	2
going	ゴー	katakana	127	96.6	1.3	no	2
good	為	other	9021	3426.6	2.6	no	2
good	利益	other	60	41.6	1.4	no	2
grant	付与	other	159	27.8	5.7	no	2
grant	支給	other	119	17.5	6.8	no	2
graph	図	other	423	109.2	3.9	no	2
graph	グラフ	katakana	261	25.3	10.3	no	2
graphic	グラフィック	katakana	220	26.9	8.2	no	2
graphic	図形	other	138	6.2	22.3	no	2
graphics	グラフィックス	katakana	364	10.1	36.1	no	2
graphics	グラフィック	katakana	220	26.9	8.2	no	2
grasp	把握	other	195	21.4	9.1	no	2
grasp	捕捉	other	74	4.6	16.0	no	2
great	名	other	1968	938.7	2.1	no	2
great	非常	other	338	164.7	2.0	no	2
grid	グリッド	katakana	556	10.7	51.9	no	2
grid	メッシュ	katakana	65	5.1	12.7	no	2
guarantee	保証	other	329	23.3	14.1	no	2
guarantee	確保	other	313	76.9	4.1	no	2
guard	番	other	74	422.5	0.2	no	2
guard	ガード	katakana	66	32.8	2.0	no	2
hacking	ハッキング	katakana	74	5.1	14.4	yes	2
hacking	侵入	other	71	39.6	1.8	no	2
handle	手	other	110	271.5	0.4	no	2
handle	ハンドル	katakana	93	18.1	5.1	no	2
handwriting	手	other	110	271.5	0.4	no	2
handwriting	字	other	97	243.4	0.4	no	2
hardware	ハードウェア	katakana	797	15.8	50.4	yes	2
hardware	ハード	katakana	93	35.2	2.7	yes	2
headword	項目	other	786	201.8	3.9	no	2
headword	見出し	other	277	6.1	45.2	no	2
heir	後	other	1236	1707.5	0.7	no	2
heir	後継	other	335	54.5	6.1	no	2
helpful	有用	other	174	9.2	19.0	no	2
helpful	有益	other	110	4.1	27.1	no	2
hereafter	今後	other	182	52.9	3.4	no	2
hereafter	以後	other	50	124.4	0.4	no	2
herself	自分	other	341	427.7	0.8	no	2
herself	自身	other	337	422.1	0.8	no	2
himself	自分	other	341	427.7	0.8	no	2
himself	自身	other	337	422.1	0.8	no	2
hint	ヒント	katakana	202	15.3	13.2	no	2
hint	助言	other	52	20.0	2.6	no	2
hole	空	other	577	126.5	4.6	no	2
hole	ホール	katakana	88	231.6	0.4	no	2
honesty	真	other	136	105.0	1.3	no	2
honesty	実	other	88	137.0	0.6	no	2
horizontal	水平	other	201	20.8	9.7	no	2
horizontal	横	other	54	60.1	0.9	no	2
host	ホスト	katakana	872	25.7	34.0	no	2
host	ナビゲーター	katakana	98	14.3	6.8	no	2
hosting	開催	other	153	652.7	0.2	no	2
hosting	ホスティング	katakana	70	1.9	36.0	yes	2
hue	色	other	910	159.2	5.7	no	2
hue	色相	other	56	0.9	61.2	no	2
identity	体	other	91	244.2	0.4	no	2
identity	アイデンティティー	katakana	55	15.6	3.5	no	2
immediate	直接	other	152	47.7	3.2	no	2
immediate	即座	other	72	10.4	6.9	no	2
impact	影響	other	838	329.7	2.5	no	2
impact	衝突	other	78	55.7	1.4	no	2
impediment	障害	other	203	84.6	2.4	no	2
impediment	差	other	62	114.4	0.5	no	2
import	内容	other	1107	227.6	4.9	no	2
import	インポート	katakana	621	2.4	255.5	no	2
impossible	不可能	other	133	47.8	2.8	no	2
impossible	不能	other	73	29.6	2.4	no	2
in-house	自社	other	125	47.2	2.7	no	2
in-house	社内	other	50	17.8	2.8	no	2
inability	困難	other	170	77.5	2.2	no	2
inability	不能	other	73	29.6	2.4	no	2
inclusion	組み込み	other	322	4.3	74.4	no	2
inclusion	包含	other	95	3.9	24.3	no	2
incorporation	設立	other	314	405.2	0.8	no	2
incorporation	合併	other	60	257.1	0.2	no	2
independence	独立	other	216	219.8	1.0	no	2
independence	単独	other	56	99.9	0.6	no	2
independent	独自	other	449	106.2	4.2	no	2
independent	フリー	katakana	385	130.8	2.9	no	2
indicator	指標	other	68	14.6	4.6	no	2
indicator	指数	other	57	14.1	4.1	no	2
indispensable	必要	other	6287	367.4	17.1	no	2
indispensable	必須	other	253	26.8	9.4	no	2
inexperienced	初	other	147	695.5	0.2	no	2
inexperienced	生	other	87	90.6	1.0	no	2
inflection	変化	other	422	170.5	2.5	no	2
inflection	活用	other	295	70.9	4.2	no	2
infringement	侵害	other	110	17.7	6.2	no	2
infringement	違反	other	102	54.7	1.9	no	2
inheritance	継承	other	642	98.5	6.5	yes	2
inheritance	レガシー	katakana	52	12.4	4.2	no	2
inhibition	禁止	other	153	96.4	1.6	no	2
inhibition	抑制	other	87	28.0	3.1	no	2
injury	被害	other	135	98.6	1.4	no	2
injury	故障	other	60	34.2	1.8	no	2
innocent	初	other	147	695.5	0.2	no	2
innocent	生	other	87	90.6	1.0	no	2
input	入力	other	1524	39.8	38.3	no	2
input	インプット	katakana	266	2.9	91.5	no	2
instance	例	other	6343	223.3	28.4	no	2
instance	インスタンス	katakana	1579	2.2	710.5	yes	2
instructions	仕様書	other	2223	2.0	1126.4	no	2
instructions	指示	other	282	62.9	4.5	no	2
insufficient	生	other	87	90.6	1.0	no	2
insufficient	不十分	other	54	14.4	3.7	no	2
intelligence	情報	other	7012	665.5	10.5	no	2
intelligence	インテリジェンス	katakana	70	10.1	7.0	no	2
interchange	互換	other	299	7.8	38.2	no	2
interchange	交換	other	271	97.7	2.8	no	2
interim	中間	other	101	48.2	2.1	no	2
interim	仮	other	64	64.9	1.0	no	2
intermediary	中間	other	101	48.2	2.1	no	2
intermediary	パイプ	katakana	84	15.6	5.4	no	2
international	インターナショナル	katakana	220	144.9	1.5	no	2
international	国際	other	142	512.5	0.3	no	2
internet	インターネット	katakana	1063	125.2	8.5	yes	2
internet	ネット	katakana	236	198.4	1.2	no	2
interpolation	挿入	other	395	27.8	14.2	no	2
interpolation	補間	other	81	1.6	50.8	no	2
interpretation	解釈	other	288	54.7	5.3	no	2
interpretation	解	other	78	26.0	3.0	no	2
intersecting	クロス	katakana	183	75.4	2.4	no	2
intersecting	横断	other	52	37.9	1.4	no	2
intersection	目	other	127	180.7	0.7	no	2
intersection	交差	other	106	28.7	3.7	no	2
invasion	侵害	other	110	17.7	6.2	no	2
invasion	侵入	other	71	39.6	1.8	no	2
invention	考案	other	76	29.1	2.6	no	2
invention	発明	other	70	34.0	2.1	no	2
inventor	親	other	727	64.6	11.2	no	2
inventor	クリエーター	katakana	54	22.3	2.4	no	2
inversion	反転	other	58	12.4	4.7	no	2
inversion	前後	other	51	81.2	0.6	no	2
investment	投資	other	78	52.5	1.5	no	2
investment	投入	other	72	51.9	1.4	no	2
involvement	関係	other	762	424.1	1.8	no	2
involvement	コミット	katakana	212	1.9	114.2	no	2
isolation	独立	other	216	219.8	1.0	no	2
isolation	分離	other	190	99.4	1.9	no	2
iteration	反復	other	380	7.6	49.8	yes	2
iteration	繰り返し	other	64	4.9	12.9	no	2
iterator	イテレーター	katakana	246	0.1	2274.5	yes	2
iterator	イテレータ	katakana	105	0.2	598.5	yes	2
join	接続	other	1072	99.6	10.8	no	2
join	結合	other	177	62.0	2.9	yes	2
journal	ジャーナル	katakana	242	171.5	1.4	yes	2
journal	雑誌	other	88	165.8	0.5	no	2
judging	評価	other	646	216.0	3.0	no	2
judging	審査	other	62	54.8	1.1	no	2
keeping	侭	other	213	181.1	1.2	no	2
keeping	保有	other	79	56.9	1.4	no	2
knot	節	other	376	148.3	2.5	no	2
knot	ノット	katakana	181	59.1	3.1	no	2
land	国	other	106	272.5	0.4	no	2
land	ランド	katakana	70	109.7	0.6	no	2
landlord	管理者	other	278	25.5	10.9	no	2
landlord	主	other	102	128.6	0.8	no	2
large-scale	大規模	other	177	84.7	2.1	no	2
large-scale	大型	other	83	127.9	0.6	no	2
lateral	外側	other	151	24.5	6.2	no	2
lateral	側面	other	54	51.4	1.0	no	2
latest	最後	other	706	339.7	2.1	no	2
latest	最新	other	313	68.5	4.6	no	2
legend	説明	other	1527	213.5	7.2	no	2
legend	ストーリー	katakana	82	170.0	0.5	no	2
lesson	時間	other	859	551.1	1.6	no	2
lesson	課	other	58	211.3	0.3	no	2
lexicon	辞書	other	295	31.4	9.4	no	2
lexicon	辞典	other	99	93.4	1.1	no	2
liberation	リリース	katakana	1543	286.2	5.4	no	2
liberation	解放	other	163	69.0	2.4	no	2
library	ライブラリー	katakana	816	80.6	10.1	yes	2
library	図書館	other	107	294.0	0.4	no	2
lifting	アップ	katakana	240	175.9	1.4	no	2
lifting	解除	other	189	44.0	4.3	no	2
limitation	制限	other	912	90.2	10.1	no	2
limitation	制約	other	379	21.0	18.0	no	2
limits	限り	other	422	87.3	4.8	no	2
limits	区域	other	120	101.7	1.2	no	2
linear	線形	other	120	19.6	6.1	yes	2
linear	リニア	katakana	50	9.7	5.2	no	2
lineup	メンバー	katakana	280	380.3	0.7	no	2
lineup	ラインアップ	katakana	84	24.1	3.5	no	2
liquidation	整理	other	104	54.3	1.9	no	2
liquidation	解消	other	50	43.1	1.2	no	2
literal	リテラル	katakana	345	0.8	452.7	yes	2
literal	定数	other	267	30.9	8.6	yes	2
little	殆ど	other	476	214.0	2.2	no	2
little	小型	other	100	71.9	1.4	no	2
live	ライブ	katakana	211	579.6	0.4	no	2
live	生	other	87	90.6	1.0	no	2
load	ロード	katakana	288	64.5	4.5	no	2
load	負荷	other	115	13.0	8.9	no	2
locality	所	other	234	343.3	0.7	no	2
locality	地域	other	89	591.9	0.2	no	2
lock	鍵	other	347	31.9	10.9	no	2
lock	ロック	katakana	303	210.5	1.4	no	2
logo	マーク	katakana	136	100.3	1.4	no	2
logo	ロゴ	katakana	77	33.7	2.3	yes	2
lookout	監視	other	370	45.4	8.2	no	2
lookout	番	other	74	422.5	0.2	no	2
loot	物	other	3627	2080.8	1.7	no	2
loot	ルート	katakana	656	94.8	6.9	no	2
love	色	other	910	159.2	5.7	no	2
love	情	other	79	12.2	6.4	no	2
lover	色	other	910	159.2	5.7	no	2
lover	ファン	katakana	58	242.7	0.2	no	2
magazine	マガジン	katakana	164	157.4	1.0	no	2
magazine	雑誌	other	88	165.8	0.5	no	2
mail	文	other	583	127.3	4.6	no	2
mail	メール	katakana	348	47.8	7.3	no	2
mainly	多く	other	985	395.7	2.5	no	2
mainly	大半	other	54	54.7	1.0	no	2
mainstream	主流	other	97	25.4	3.8	no	2
mainstream	メジャー	katakana	80	94.2	0.8	no	2
manifestation	表示	other	3311	1059.5	3.1	no	2
manifestation	表明	other	62	83.2	0.7	no	2
mankind	人	other	284	482.4	0.6	no	2
mankind	人間	other	224	306.9	0.7	no	2
market	市場	other	392	121.3	3.2	no	2
market	マーケット	katakana	83	30.0	2.8	no	2
marketing	販売	other	864	323.2	2.7	no	2
marketing	マーケティング	katakana	94	30.1	3.1	no	2
mask	マスク	katakana	318	38.1	8.3	no	2
mask	面	other	242	379.0	0.6	no	2
materialization	実現	other	520	114.9	4.5	no	2
materialization	成立	other	59	158.0	0.4	no	2
materials	資料	other	120	197.9	0.6	no	2
materials	スタッフ	katakana	64	179.7	0.4	no	2
maximum	最大	other	544	230.9	2.4	no	2
maximum	最高	other	131	251.7	0.5	no	2
mean	中	other	1063	859.6	1.2	no	2
mean	平均	other	78	109.3	0.7	no	2
media	メディア	katakana	810	485.5	1.7	no	2
media	媒体	other	150	14.2	10.5	no	2
medium	中	other	1063	859.6	1.2	no	2
medium	媒体	other	150	14.2	10.5	no	2
melody	節	other	376	148.3	2.5	no	2
melody	曲	other	62	615.4	0.1	no	2
microcomputer	マイクロコンピューター	katakana	61	1.2	52.3	yes	2
microcomputer	マイコン	katakana	59	3.4	17.3	yes	2
midway	中間	other	101	48.2	2.1	no	2
midway	途中	other	58	144.8	0.4	no	2
migration	移動	other	735	171.6	4.3	no	2
migration	マイグレーション	katakana	101	0.2	531.1	no	2
minimal	最小	other	163	17.9	9.1	no	2
minimal	最小限	other	88	6.7	13.2	no	2
minimum	最小	other	163	17.9	9.1	no	2
minimum	最小限	other	88	6.7	13.2	no	2
minute	詳細	other	1299	150.0	8.7	no	2
minute	分	other	388	1042.5	0.4	no	2
miss	方	other	462	268.2	1.7	no	2
miss	様	other	51	51.9	1.0	no	2
mixed	複雑	other	338	43.1	7.8	no	2
mixed	総合	other	60	387.2	0.2	no	2
mobile	移動	other	735	171.6	4.3	no	2
mobile	モバイル	katakana	254	24.3	10.5	no	2
mock-up	モデル	katakana	2092	351.7	5.9	no	2
mock-up	モック	katakana	56	2.1	27.3	no	2
mode	形式	other	1198	216.9	5.5	no	2
mode	モード	katakana	972	118.3	8.2	no	2
money	ドル	katakana	333	126.5	2.6	no	2
money	円	other	287	470.4	0.6	no	2
monitor	ディスプレー	katakana	395	24.5	16.1	no	2
monitor	モニター	katakana	158	23.9	6.6	no	2
monitoring	監視	other	370	45.4	8.2	no	2
monitoring	モニター	katakana	158	23.9	6.6	no	2
mood	法	other	505	388.4	1.3	no	2
mood	気	other	81	139.9	0.6	no	2
more	後	other	1236	1707.5	0.7	no	2
more	今	other	158	159.7	1.0	no	2
movie	写真	other	195	212.8	0.9	no	2
movie	映画	other	86	991.3	0.1	no	2
mr	方	other	462	268.2	1.7	no	2
mr	様	other	51	51.9	1.0	no	2
mrs	方	other	462	268.2	1.7	no	2
mrs	様	other	51	51.9	1.0	no	2
ms	方	other	462	268.2	1.7	no	2
ms	様	other	51	51.9	1.0	no	2
multiple	複数	other	1698	247.5	6.9	no	2
multiple	多重	other	62	10.3	6.0	no	2
museum	ミュージアム	katakana	62	65.4	1.0	no	2
museum	博物館	other	56	146.3	0.4	no	2
music	音楽	other	190	592.4	0.3	no	2
music	ミュージック	katakana	112	313.8	0.4	no	2
mutual	共通	other	284	85.7	3.3	no	2
mutual	相互	other	205	48.0	4.3	no	2
naming	呼称	other	64	64.3	1.0	no	2
naming	命名	other	57	72.8	0.8	no	2
national	ナショナル	katakana	98	145.8	0.7	no	2
national	国立	other	68	292.6	0.2	no	2
native	固有	other	369	31.2	11.8	no	2
native	ネーティブ	katakana	294	22.6	13.0	no	2
necessary	必要	other	6287	367.4	17.1	no	2
necessary	必須	other	253	26.8	9.4	no	2
nest	ネスト	katakana	182	2.1	88.5	no	2
nest	入れ子	other	170	0.9	196.7	no	2
nesting	ネスト	katakana	182	2.1	88.5	yes	2
nesting	入れ子	other	170	0.9	196.7	no	2
network	ネットワーク	katakana	1588	134.1	11.8	no	2
network	ネット	katakana	236	198.4	1.2	no	2
newspaper	新聞	other	113	702.4	0.2	no	2
newspaper	紙	other	83	40.0	2.1	no	2
next	次	other	3640	222.5	16.4	no	2
next	ネクスト	katakana	194	64.4	3.0	no	2
nickname	字	other	97	243.4	0.4	no	2
nickname	通称	other	51	102.4	0.5	no	2
node	ノード	katakana	1722	8.7	198.3	no	2
node	節	other	376	148.3	2.5	no	2
noise	音	other	111	168.5	0.7	no	2
noise	ノイズ	katakana	84	15.2	5.5	no	2
nook	角	other	398	62.4	6.4	no	2
nook	曲	other	62	615.4	0.1	no	2
notation	表記	other	201	233.5	0.9	no	2
notation	記法	other	131	3.3	39.8	no	2
notebook	ノート	katakana	98	41.8	2.3	no	2
notebook	ノートパソコン	katakana	81	2.6	30.4	no	2
notes	文書	other	1224	113.4	10.8	no	2
notes	注釈	other	147	22.9	6.4	no	2
notification	通知	other	411	17.9	22.9	yes	2
notification	お知らせ	other	64	184.3	0.3	no	2
novel	新た	other	372	235.0	1.6	no	2
novel	ノベル	katakana	55	35.4	1.6	no	2
nowadays	最近	other	132	44.4	3.0	no	2
nowadays	今日	other	86	136.7	0.6	no	2
nozzle	前	other	1519	937.1	1.6	no	2
nozzle	先	other	370	156.6	2.4	no	2
numeral	数	other	1186	430.3	2.8	no	2
numeral	数字	other	185	51.1	3.6	no	2
nut	子	other	606	265.3	2.3	no	2
nut	実	other	88	137.0	0.6	no	2
obstacle	障害	other	203	84.6	2.4	no	2
obstacle	故障	other	60	34.2	1.8	no	2
obvious	明らか	other	133	125.8	1.1	no	2
obvious	赤	other	66	78.1	0.8	no	2
occurrence	発生	other	2052	301.8	6.8	no	2
occurrence	事	other	452	429.9	1.1	no	2
offence	違反	other	102	54.7	1.9	no	2
offence	犯罪	other	50	75.5	0.7	no	2
offense	違反	other	102	54.7	1.9	no	2
offense	犯罪	other	50	75.5	0.7	no	2
offer	提供	other	2778	273.3	10.2	no	2
offer	プラン	katakana	95	38.3	2.5	no	2
offline	オフ	katakana	82	65.0	1.3	no	2
offline	オフライン	katakana	53	4.5	11.6	no	2
offset	オフセット	katakana	259	3.3	78.3	no	2
offset	オフ	katakana	82	65.0	1.3	no	2
often	数	other	1186	430.3	2.8	no	2
often	多く	other	985	395.7	2.5	no	2
oh	ア	katakana	177	37.8	4.7	no	2
oh	イヤー	katakana	69	85.0	0.8	no	2
once	最後	other	706	339.7	2.1	no	2
once	一度	other	281	101.8	2.8	no	2
operator	演算子	other	502	5.5	91.9	yes	2
operator	オペレーター	katakana	74	11.6	6.4	no	2
opposite	逆	other	193	104.4	1.9	no	2
opposite	対	other	107	236.2	0.5	no	2
option	オプション	katakana	2050	38.6	53.1	no	2
option	選択	other	1367	114.8	11.9	no	2
orientation	方向	other	864	104.6	8.3	no	2
orientation	向き	other	91	12.1	7.6	no	2
other	他	other	3005	1417.5	2.1	no	2
other	外	other	132	73.3	1.8	no	2
others	人	other	284	482.4	0.6	no	2
others	端	other	105	30.3	3.5	no	2
outset	最初	other	1344	321.3	4.2	no	2
outset	当初	other	403	333.5	1.2	no	2
override	無効化	other	202	6.3	31.9	no	2
override	オーバーライド	katakana	99	0.6	162.1	no	2
ownership	所有	other	83	87.0	1.0	no	2
ownership	所有権	other	77	10.5	7.4	no	2
pace	速度	other	306	105.0	2.9	no	2
pace	ステップ	katakana	247	27.5	9.0	no	2
pack	パック	katakana	128	36.8	3.5	no	2
pack	組	other	77	255.8	0.3	no	2
packet	パケット	katakana	358	8.3	43.1	yes	2
packet	パック	katakana	128	36.8	3.5	no	2
padding	パディング	katakana	106	0.2	527.6	no	2
padding	パッド	katakana	72	6.2	11.7	no	2
page	ページ	katakana	2611	1901.3	1.4	no	2
page	面	other	242	379.0	0.6	no	2
pairing	カード	katakana	459	188.3	2.4	no	2
pairing	組み合わせ	other	179	32.5	5.5	no	2
panel	委員会	other	116	384.5	0.3	no	2
panel	パネル	katakana	96	30.7	3.1	no	2
parser	パーサー	katakana	58	0.7	86.7	yes	2
parser	パーサ	katakana	57	0.5	104.4	yes	2
part-timer	バイト	katakana	513	20.8	24.7	no	2
part-timer	パート	katakana	153	120.4	1.3	no	2
partial	パーシャル	katakana	78	20.3	3.8	no	2
partial	部分的	other	59	13.0	4.6	no	2
participant	メンバー	katakana	280	380.3	0.7	no	2
participant	参加者	other	60	33.1	1.8	no	2
partner	相手	other	79	221.6	0.4	no	2
partner	パートナー	katakana	64	56.5	1.1	no	2
partnership	共同	other	214	217.2	1.0	no	2
partnership	提携	other	82	49.4	1.7	no	2
password	暗号	other	561	18.9	29.7	no	2
password	パスワード	katakana	395	7.8	50.3	no	2
patron	利用者	other	433	35.4	12.2	no	2
patron	顧客	other	220	26.9	8.2	no	2
pc	パソコン	katakana	561	36.8	15.2	no	2
pc	パーソナルコンピューター	katakana	158	3.8	42.0	no	2
peculiarity	特徴	other	368	173.4	2.1	no	2
peculiarity	特性	other	204	42.5	4.8	no	2
penetration	挿入	other	395	27.8	14.2	no	2
penetration	侵入	other	71	39.6	1.8	no	2
penmanship	字	other	97	243.4	0.4	no	2
penmanship	書き方	other	72	3.0	23.9	no	2
percent	プロ	katakana	519	278.0	1.9	no	2
percent	パーセント	katakana	181	21.1	8.6	no	2
perfectly	十分	other	256	50.4	5.1	no	2
perfectly	ジャスト	katakana	71	25.6	2.8	no	2
permanence	常	other	793	101.1	7.8	no	2
permanence	永続	other	85	4.3	19.7	no	2
petition	アプリケーション	katakana	1907	25.4	75.2	no	2
petition	申請	other	108	49.0	2.2	no	2
phenomenon	事象	other	128	11.0	11.7	no	2
phenomenon	現象	other	58	60.5	1.0	no	2
phone	音声	other	502	72.7	6.9	no	2
phone	電話	other	143	85.1	1.7	no	2
photo	写真	other	195	212.8	0.9	no	2
photo	フォト	katakana	79	42.1	1.9	no	2
photography	写真	other	195	212.8	0.9	no	2
photography	撮影	other	69	258.7	0.3	no	2
physique	スタイル	katakana	1602	140.6	11.4	no	2
physique	体	other	91	244.2	0.4	no	2
pin	ピン	katakana	143	11.8	12.1	no	2
pin	端子	other	127	11.6	10.9	no	2
pit	ボックス	katakana	1064	123.8	8.6	no	2
pit	実	other	88	137.0	0.6	no	2
pivot	中心	other	227	402.9	0.6	no	2
pivot	要	other	98	21.1	4.6	no	2
pixel	ピクセル	katakana	353	7.6	46.2	yes	2
pixel	ドット	katakana	123	18.4	6.7	yes	2
plane	プレーン	katakana	221	6.7	32.9	no	2
plane	平面	other	52	18.5	2.8	no	2
plate	版	other	3542	2474.4	1.4	no	2
plate	板	other	52	40.7	1.3	no	2
player	プレーヤー	katakana	377	130.0	2.9	no	2
player	参加者	other	60	33.1	1.8	no	2
pledge	保証	other	329	23.3	14.1	no	2
pledge	予約	other	94	33.1	2.8	no	2
plenty	多く	other	985	395.7	2.5	no	2
plenty	十分	other	256	50.4	5.1	no	2
plus	プラス	katakana	166	109.9	1.5	no	2
plus	メリット	katakana	56	13.3	4.2	no	2
pointer	ポインター	katakana	370	4.5	82.3	yes	2
pointer	策	other	162	27.5	5.9	no	2
popular	一般的	other	831	124.5	6.7	no	2
popular	ポップ	katakana	167	34.8	4.8	no	2
popularity	通り	other	812	439.9	1.8	no	2
popularity	人気	other	145	208.0	0.7	no	2
popularization	普及	other	321	75.4	4.3	no	2
popularization	一般化	other	62	10.4	6.0	no	2
port	ポート	katakana	922	36.5	25.2	yes	2
port	端子	other	127	11.6	10.9	yes	2
posing	設定	other	6695	265.4	25.2	no	2
posing	モック	katakana	56	2.1	27.3	no	2
possibility	可能性	other	1647	188.1	8.8	no	2
possibility	目	other	127	180.7	0.7	no	2
prefix	接頭辞	other	174	3.0	57.9	no	2
prefix	プレフィックス	katakana	98	0.7	132.7	no	2
preparing	作成	other	4069	117.1	34.7	no	2
preparing	セット	katakana	398	87.3	4.6	no	2
prerequisite	条件	other	544	135.5	4.0	no	2
prerequisite	前提	other	122	27.9	4.4	no	2
presence	前	other	1519	937.1	1.6	no	2
presence	存在	other	1281	645.0	2.0	no	2
present	本	other	72	160.2	0.4	no	2
present	現行	other	52	32.6	1.6	no	2
priority	優先	other	195	34.9	5.6	no	2
priority	優先順位	other	97	2.7	36.4	no	2
private	個人	other	194	156.0	1.2	no	2
private	プライベート	katakana	177	27.8	6.4	no	2
privilege	権利	other	90	74.7	1.2	no	2
privilege	特権	other	84	11.0	7.6	no	2
probability	可能性	other	1647	188.1	8.8	no	2
probability	確率	other	141	32.7	4.3	no	2
procession	列	other	484	58.2	8.3	no	2
procession	行列	other	202	30.0	6.7	no	2
processor	プロセッサー	katakana	911	14.2	64.2	yes	2
processor	処理系	other	100	1.5	67.2	yes	2
proclamation	宣言	other	983	100.9	9.7	no	2
proclamation	公表	other	124	72.2	1.7	no	2
procurement	調達	other	249	23.8	10.5	no	2
procurement	入手	other	125	49.8	2.5	no	2
products	物	other	3627	2080.8	1.7	no	2
products	プロダクツ	katakana	68	12.5	5.4	no	2
profile	プロファイル	katakana	120	4.6	25.9	yes	2
profile	側面	other	54	51.4	1.0	no	2
progeny	子孫	other	136	43.5	3.1	no	2
progeny	種	other	113	277.4	0.4	no	2
prohibition	停止	other	473	115.8	4.1	no	2
prohibition	禁止	other	153	96.4	1.6	no	2
promise	可能性	other	1647	188.1	8.8	no	2
promise	プロミス	katakana	377	1.6	237.0	no	2
prompt	プロンプト	katakana	91	1.2	74.6	yes	2
prompt	速やか	other	70	7.6	9.2	no	2
proprietor	マスター	katakana	143	89.3	1.6	no	2
proprietor	主	other	102	128.6	0.8	no	2
prospect	ビジョン	katakana	95	35.9	2.6	no	2
prospect	候補	other	67	112.4	0.6	no	2
prospects	将来	other	131	49.4	2.6	no	2
prospects	希望	other	78	74.6	1.0	no	2
protest	デモ	katakana	182	40.7	4.5	no	2
protest	故障	other	60	34.2	1.8	no	2
proxy	代わり	other	918	90.4	10.2	no	2
proxy	プロキシー	katakana	326	1.6	208.0	yes	2
quarrel	競合	other	134	19.1	7.0	no	2
quarrel	衝突	other	78	55.7	1.4	no	2
quarter	区域	other	120	101.7	1.2	no	2
quarter	クオータ	katakana	88	0.6	152.0	no	2
quintessential	ザ	katakana	4394	3055.9	1.4	no	2
quintessential	典型的	other	81	20.3	4.0	no	2
quota	割り当て	other	159	9.8	16.2	no	2
quota	クオータ	katakana	88	0.6	152.0	no	2
radio	無線	other	191	55.8	3.4	no	2
radio	ラジオ	katakana	104	390.7	0.3	no	2
raid	攻撃	other	1048	322.2	3.3	no	2
raid	侵入	other	71	39.6	1.8	no	2
random	任意	other	713	41.8	17.1	no	2
random	ランダム	katakana	138	19.3	7.2	no	2
raw	ロー	katakana	120	51.5	2.3	no	2
raw	生	other	87	90.6	1.0	no	2
ray	線	other	177	344.9	0.5	no	2
ray	光	other	147	193.3	0.8	no	2
reaching	到達	other	124	41.1	3.0	no	2
reaching	成立	other	59	158.0	0.4	no	2
reaction	対応	other	2662	263.7	10.1	no	2
reaction	反応	other	59	94.6	0.6	no	2
rebuke	策	other	162	27.5	5.9	no	2
rebuke	意見	other	59	82.0	0.7	no	2
receiving	受信	other	278	24.2	11.5	no	2
receiving	キャッチ	katakana	59	17.6	3.3	no	2
recent	前	other	1519	937.1	1.6	no	2
recent	先	other	370	156.6	2.4	no	2
recently	最近	other	132	44.4	3.0	no	2
recently	今日	other	86	136.7	0.6	no	2
reception	対応	other	2662	263.7	10.1	no	2
reception	受信	other	278	24.2	11.5	no	2
recess	角	other	398	62.4	6.4	no	2
recess	曲	other	62	615.4	0.1	no	2
recreation	プレー	katakana	168	197.1	0.9	no	2
recreation	再現	other	66	49.0	1.4	no	2
recursion	反復	other	380	7.6	49.8	yes	2
recursion	再帰	other	113	3.2	35.9	yes	2
recycling	再生	other	358	92.3	3.9	no	2
recycling	再利用	other	191	8.5	22.5	no	2
red	レッド	katakana	179	153.4	1.2	no	2
red	赤	other	66	78.1	0.8	no	2
redirection	転送	other	407	14.7	27.7	no	2
redirection	リダイレクト	katakana	185	1.4	133.4	yes	2
rehabilitation	再生	other	358	92.3	3.9	no	2
rehabilitation	復旧	other	81	22.7	3.6	no	2
reiteration	反復	other	380	7.6	49.8	no	2
reiteration	繰り返し	other	64	4.9	12.9	no	2
relative	相対	other	309	16.6	18.6	no	2
relative	相対的	other	134	8.4	16.0	no	2
releasing	発表	other	1427	726.8	2.0	no	2
releasing	解除	other	189	44.0	4.3	no	2
relevant	適切	other	983	145.1	6.8	no	2
relevant	当該	other	548	57.0	9.6	no	2
reliance	依存	other	798	34.6	23.1	no	2
reliance	信頼	other	211	39.8	5.3	no	2
remainder	後	other	1236	1707.5	0.7	no	2
remainder	残り	other	149	56.2	2.6	no	2
remaining	限り	other	422	87.3	4.8	no	2
remaining	侭	other	213	181.1	1.2	no	2
remark	注釈	other	147	22.9	6.4	no	2
remark	言葉	other	118	197.6	0.6	no	2
reminder	注意	other	892	61.0	14.6	no	2
reminder	注意喚起	other	111	3.1	35.8	no	2
repeal	廃止	other	173	351.7	0.5	no	2
repeal	廃棄	other	63	11.0	5.7	no	2
repeat	反復	other	380	7.6	49.8	no	2
repeat	繰り返し	other	64	4.9	12.9	no	2
repeatedly	数	other	1186	430.3	2.8	no	2
repeatedly	繰り返し	other	64	4.9	12.9	no	2
reply	応答	other	203	14.7	13.8	no	2
reply	回答	other	81	39.0	2.1	no	2
reportage	ドキュメント	katakana	1008	27.0	37.3	no	2
reportage	レポート	katakana	298	155.6	1.9	no	2
reprimand	注意	other	892	61.0	14.6	no	2
reprimand	意見	other	59	82.0	0.7	no	2
reproduction	複製	other	127	16.7	7.6	no	2
reproduction	再現	other	66	49.0	1.4	no	2
reputation	名	other	1968	938.7	2.1	no	2
reputation	通り	other	812	439.9	1.8	no	2
requisite	要件	other	515	22.5	22.9	no	2
requisite	必須	other	253	26.8	9.4	no	2
reset	初期化	other	391	2.2	176.6	yes	2
reset	リセット	katakana	138	6.8	20.4	no	2
respective	当該	other	548	57.0	9.6	no	2
respective	別々	other	70	12.6	5.5	no	2
responsibility	責任	other	143	70.5	2.0	no	2
responsibility	役	other	128	903.1	0.1	no	2
restitution	復旧	other	81	22.7	3.6	no	2
restitution	復元	other	72	27.6	2.6	no	2
retention	保持	other	441	46.2	9.6	no	2
retention	保有	other	79	56.9	1.4	no	2
retrieval	検索	other	549	65.7	8.3	no	2
retrieval	再生	other	358	92.3	3.9	no	2
reverse	バック	katakana	675	235.9	2.9	no	2
reverse	逆	other	193	104.4	1.9	no	2
reversion	帰属	other	53	9.7	5.4	no	2
reversion	前後	other	51	81.2	0.6	no	2
reward	リターン	katakana	225	21.1	10.7	no	2
reward	報	other	87	6.2	14.1	no	2
risk	リスク	katakana	490	48.0	10.2	no	2
risk	恐れ	other	113	27.0	4.2	no	2
road	通り	other	812	439.9	1.8	no	2
road	ロード	katakana	288	64.5	4.5	no	2
roll	ロール	katakana	462	47.0	9.8	no	2
roll	巻	other	102	805.0	0.1	no	2
rotation	回転	other	174	73.0	2.4	no	2
rotation	循環	other	57	43.0	1.3	no	2
roughly	通り	other	812	439.9	1.8	no	2
roughly	略	other	72	36.9	1.9	no	2
routine	定期的	other	177	21.8	8.2	no	2
routine	ルーチン	katakana	57	3.4	16.5	yes	2
rules	コード	katakana	3590	108.1	33.2	no	2
rules	規約	other	67	12.9	5.2	no	2
safeguard	保護	other	369	129.5	2.9	no	2
safeguard	防御	other	72	41.5	1.7	no	2
safety	安全	other	547	129.4	4.2	no	2
safety	安全性	other	110	17.5	6.3	no	2
sales	販売	other	864	323.2	2.7	no	2
sales	売り上げ	other	51	55.2	0.9	no	2
satisfactory	十分	other	256	50.4	5.1	no	2
satisfactory	可	other	87	31.0	2.8	no	2
scale	規模	other	86	82.6	1.0	no	2
scale	スケール	katakana	77	21.3	3.6	no	2
scattering	分散	other	245	21.5	11.4	no	2
scattering	離散	other	58	6.6	8.8	no	2
scrap	切れ	other	142	99.2	1.4	no	2
scrap	端	other	105	30.3	3.5	no	2
screen	画面	other	564	77.0	7.3	no	2
screen	スクリーン	katakana	191	22.2	8.6	no	2
screenshot	キャプチャー	katakana	201	3.8	53.6	yes	2
screenshot	スクリーンショット	katakana	51	1.3	40.6	yes	2
seashore	方	other	462	268.2	1.7	no	2
seashore	辺	other	94	21.2	4.4	no	2
seaside	方	other	462	268.2	1.7	no	2
seaside	辺	other	94	21.2	4.4	no	2
secrecy	秘密	other	150	113.8	1.3	no	2
secrecy	機密	other	148	10.9	13.6	no	2
secure	確実	other	193	25.4	7.6	no	2
secure	セキュア	katakana	144	3.9	36.8	no	2
securing	確保	other	313	76.9	4.1	no	2
securing	固定	other	194	63.1	3.1	no	2
seizure	捕捉	other	74	4.6	16.0	no	2
seizure	ジャック	katakana	59	94.0	0.6	no	2
self	自身	other	337	422.1	0.8	no	2
self	自己	other	122	81.9	1.5	no	2
self-reliance	主体	other	280	43.1	6.5	no	2
self-reliance	独立	other	216	219.8	1.0	no	2
sending	送信	other	1374	37.7	36.4	no	2
sending	出荷	other	173	19.8	8.7	no	2
senior	上	other	1233	475.6	2.6	no	2
senior	正	other	204	72.8	2.8	no	2
sentence	文	other	583	127.3	4.6	no	2
sentence	文章	other	79	30.5	2.6	no	2
services	メニュー	katakana	244	32.4	7.5	no	2
services	貢献	other	106	96.2	1.1	no	2
servicing	サービス	katakana	2486	273.2	9.1	no	2
servicing	整備	other	240	203.5	1.2	no	2
severe	非常	other	338	164.7	2.0	no	2
severe	厳格	other	103	12.5	8.3	no	2
shade	色	other	910	159.2	5.7	no	2
shade	曲	other	62	615.4	0.1	no	2
sham	疑似	other	417	11.9	35.0	no	2
sham	偽	other	111	25.8	4.3	no	2
share	分	other	388	1042.5	0.4	no	2
share	シェア	katakana	181	32.1	5.7	no	2
sharp	シャープ	katakana	75	16.6	4.5	no	2
sharp	ジャスト	katakana	71	25.6	2.8	no	2
sharpness	角	other	398	62.4	6.4	no	2
sharpness	切れ	other	142	99.2	1.4	no	2
sheet	シート	katakana	308	47.4	6.5	no	2
sheet	板	other	52	40.7	1.3	no	2
shell	シェル	katakana	247	14.4	17.2	yes	2
shell	甲	other	215	40.4	5.3	no	2
shipping	出荷	other	173	19.8	8.7	no	2
shipping	稼働	other	144	36.0	4.0	yes	2
shop	ストア	katakana	288	47.8	6.0	no	2
shop	ショップ	katakana	60	62.7	1.0	no	2
shore	辺	other	94	21.2	4.4	no	2
shore	辺り	other	51	36.3	1.4	no	2
shot	場面	other	64	67.9	0.9	no	2
shot	カット	katakana	58	63.2	0.9	no	2
show	ショー	katakana	71	144.3	0.5	no	2
show	ステージ	katakana	67	278.1	0.2	no	2
showing	表示	other	3311	1059.5	3.1	no	2
showing	提示	other	87	37.0	2.4	no	2
significant	重要	other	1001	165.3	6.1	no	2
significant	重大	other	60	24.1	2.5	no	2
simultaneous	同時	other	441	272.6	1.6	no	2
simultaneous	マルチタスク	katakana	54	0.9	62.3	no	2
sincerity	真	other	136	105.0	1.3	no	2
sincerity	実	other	88	137.0	0.6	no	2
skip	コンテナ	katakana	3255	25.7	126.9	no	2
skip	スキップ	katakana	136	7.4	18.3	no	2
skipping	エスケープ	katakana	261	7.6	34.1	no	2
skipping	スキップ	katakana	136	7.4	18.3	no	2
slab	タブレット	katakana	155	10.2	15.3	no	2
slab	板	other	52	40.7	1.3	no	2
slice	切れ	other	142	99.2	1.4	no	2
slice	スライス	katakana	99	3.0	33.5	no	2
slogan	コピー	katakana	570	35.7	15.9	no	2
slogan	テーマ	katakana	99	243.7	0.4	no	2
snapshot	スナップ	katakana	125	3.1	40.9	no	2
snapshot	スナップショット	katakana	110	1.1	101.3	yes	2
song	一番	other	78	219.3	0.4	no	2
song	曲	other	62	615.4	0.1	no	2
specialist	専門家	other	71	31.5	2.3	no	2
specialist	スペシャリスト	katakana	61	7.4	8.2	no	2
specifications	仕様書	other	2223	2.0	1126.4	no	2
specifications	スペック	katakana	81	15.3	5.3	no	2
speed	速度	other	306	105.0	2.9	no	2
speed	スピード	katakana	64	50.2	1.3	no	2
spontaneous	任意	other	713	41.8	17.1	no	2
spontaneous	自然	other	103	146.9	0.7	no	2
spread	普及	other	321	75.4	4.3	no	2
spread	拡大	other	173	159.6	1.1	no	2
spring	スプリング	katakana	105	34.1	3.1	no	2
spring	春	other	81	176.9	0.5	no	2
spy	間	other	730	565.0	1.3	no	2
spy	エージェント	katakana	492	25.3	19.4	no	2
square	角	other	398	62.4	6.4	no	2
square	目	other	127	180.7	0.7	no	2
stability	安定	other	157	54.5	2.9	no	2
stability	安定性	other	50	11.2	4.5	no	2
stand	台	other	308	313.7	1.0	no	2
stand	マウント	katakana	283	20.3	14.0	no	2
standardisation	標準化	other	213	8.5	25.0	no	2
standardisation	正規化	other	77	1.6	47.6	no	2
standardization	標準化	other	213	8.5	25.0	no	2
standardization	正規化	other	77	1.6	47.6	no	2
standing	位置	other	1430	332.7	4.3	no	2
standing	番	other	74	422.5	0.2	no	2
stanza	節	other	376	148.3	2.5	no	2
stanza	一連	other	185	37.3	5.0	no	2
starting	起動	other	581	19.9	29.2	no	2
starting	スタート	katakana	141	148.0	1.0	no	2
static	静的	other	462	3.5	131.7	no	2
static	スタティック	katakana	104	2.6	39.4	no	2
stop	区切り	other	141	3.8	37.0	no	2
stop	ストップ	katakana	51	25.3	2.0	no	2
stoppage	停止	other	473	115.8	4.1	no	2
stoppage	中止	other	82	112.2	0.7	no	2
storyline	条	other	231	264.0	0.9	no	2
storyline	ストーリー	katakana	82	170.0	0.5	no	2
strange	乙	other	210	22.9	9.2	no	2
strange	変	other	78	40.3	1.9	no	2
stratum	層	other	282	76.8	3.7	no	2
stratum	階層	other	146	13.9	10.5	no	2
stream	ストリーム	katakana	519	15.4	33.6	yes	2
stream	流れ	other	78	59.3	1.3	no	2
streaming	配信	other	214	397.5	0.5	no	2
streaming	ストリーミング	katakana	103	16.2	6.3	no	2
street	通り	other	812	439.9	1.8	no	2
street	条	other	231	264.0	0.9	no	2
strength	度	other	546	575.2	0.9	no	2
strength	エネルギー	katakana	76	128.9	0.6	no	2
strict	厳密	other	114	22.1	5.2	no	2
strict	厳格	other	103	12.5	8.3	no	2
stripe	条	other	231	264.0	0.9	no	2
stripe	線	other	177	344.9	0.5	no	2
strong	高度	other	197	57.6	3.4	no	2
strong	強力	other	88	53.3	1.6	no	2
student	生	other	87	90.6	1.0	no	2
student	学生	other	70	167.9	0.4	no	2
stuff	物	other	3627	2080.8	1.7	no	2
stuff	スタッフ	katakana	64	179.7	0.4	no	2
stylish	乙	other	210	22.9	9.2	no	2
stylish	スマート	katakana	158	34.7	4.6	no	2
submission	投稿	other	180	67.7	2.7	no	2
submission	提出	other	142	75.2	1.9	no	2
subscription	登録	other	549	202.4	2.7	no	2
subscription	予約	other	94	33.1	2.8	no	2
subsidiary	子会社	other	70	90.5	0.8	no	2
subsidiary	系列	other	68	145.2	0.5	no	2
substantiation	検証	other	596	40.3	14.8	no	2
substantiation	実証	other	216	18.6	11.6	no	2
substrate	基盤	other	204	36.2	5.6	no	2
substrate	基板	other	92	7.8	11.8	no	2
success	成功	other	362	202.2	1.8	no	2
success	合格	other	51	54.9	0.9	no	2
suggestion	提案	other	299	98.7	3.0	no	2
suggestion	助言	other	52	20.0	2.6	no	2
suitable	適切	other	983	145.1	6.8	no	2
suitable	相当	other	219	97.4	2.3	no	2
summit	上	other	1233	475.6	2.6	no	2
summit	頂点	other	98	20.9	4.7	no	2
sun	日	other	5833	9041.5	0.6	no	2
sun	サン	katakana	108	76.2	1.4	no	2
supervision	監視	other	370	45.4	8.2	no	2
supervision	統括	other	198	33.0	6.0	no	2
supervisor	責任者	other	654	27.3	23.9	no	2
supervisor	管理者	other	278	25.5	10.9	no	2
suppression	制御	other	1140	100.9	11.3	no	2
suppression	抑制	other	87	28.0	3.1	no	2
survey	観測	other	385	90.3	4.3	no	2
survey	調査	other	353	522.4	0.7	no	2
switch	ポイント	katakana	244	131.5	1.9	no	2
switch	スイッチ	katakana	223	60.9	3.7	no	2
switching	交換	other	271	97.7	2.8	no	2
switching	切り替え	other	75	13.3	5.6	no	2
switchover	移行	other	286	98.1	2.9	no	2
switchover	切り替え	other	75	13.3	5.6	no	2
sympathy	理解	other	668	84.3	7.9	no	2
sympathy	情	other	79	12.2	6.4	no	2
tab	付け	other	402	42.6	9.4	no	2
tab	タブ	katakana	369	2.7	136.8	yes	2
tag	タグ	katakana	502	6.0	83.3	no	2
tag	タッチ	katakana	185	20.7	8.9	no	2
taiwan	台	other	308	313.7	1.0	no	2
taiwan	台湾	other	50	160.9	0.3	no	2
takeover	買収	other	400	76.1	5.3	no	2
takeover	ジャック	katakana	59	94.0	0.6	no	2
teaching	教育	other	156	406.7	0.4	no	2
teaching	教授	other	70	280.7	0.2	no	2
technical	技術的	other	155	18.7	8.3	no	2
technical	テクニカル	katakana	149	17.0	8.8	no	2
template	型	other	2046	26.9	76.0	no	2
template	テンプレート	katakana	672	19.1	35.1	no	2
temporary	一時的	other	127	36.8	3.5	no	2
temporary	仮	other	64	64.9	1.0	no	2
tense	時	other	4201	1843.2	2.3	no	2
tense	秋	other	63	130.8	0.5	no	2
termination	終了	other	687	382.3	1.8	no	2
termination	解除	other	189	44.0	4.3	no	2
thereafter	その後	other	184	273.9	0.7	no	2
thereafter	以後	other	50	124.4	0.4	no	2
thesis	正	other	204	72.8	2.8	no	2
thesis	論文	other	181	87.4	2.1	no	2
thinking	観測	other	385	90.3	4.3	no	2
thinking	考え	other	52	46.2	1.1	no	2
this	今	other	158	159.7	1.0	no	2
this	本	other	72	160.2	0.4	no	2
though	とも	other	355	430.1	0.8	no	2
though	条	other	231	264.0	0.9	no	2
thread	ツリー	katakana	434	21.0	20.6	no	2
thread	スレッド	katakana	408	7.4	55.4	yes	2
time-out	タイム	katakana	282	180.1	1.6	no	2
time-out	タイムアウト	katakana	103	1.3	80.4	no	2
to	前	other	1519	937.1	1.6	no	2
to	対	other	107	236.2	0.5	no	2
token	トークン	katakana	312	3.6	86.8	yes	2
token	コイン	katakana	113	19.8	5.7	no	2
tolerance	量	other	181	94.6	1.9	no	2
tolerance	許容	other	110	9.8	11.2	no	2
touch	タッチ	katakana	185	20.7	8.9	no	2
touch	気	other	81	139.9	0.6	no	2
tough	厳格	other	103	12.5	8.3	no	2
tough	ハード	katakana	93	35.2	2.7	no	2
toward	頃	other	250	520.7	0.5	no	2
toward	比	other	103	52.1	2.0	no	2
tracing	追跡	other	174	26.4	6.6	no	2
tracing	トレース	katakana	117	4.8	24.7	no	2
tracking	追跡	other	174	26.4	6.6	no	2
tracking	トラッキング	katakana	62	2.8	21.8	no	2
trade	職	other	234	66.6	3.5	no	2
trade	商業	other	64	117.8	0.5	no	2
traffic	通り	other	812	439.9	1.8	no	2
traffic	トラフィック	katakana	110	15.6	7.0	no	2
trait	特徴	other	368	173.4	2.1	no	2
trait	特性	other	204	42.5	4.8	no	2
transformation	変換	other	1149	47.2	24.3	no	2
transformation	変化	other	422	170.5	2.5	no	2
translation	訳	other	289	313.6	0.9	no	2
translation	翻訳	other	182	70.5	2.6	no	2
traveling	行	other	1071	114.6	9.3	no	2
traveling	移動	other	735	171.6	4.3	no	2
travelling	行	other	1071	114.6	9.3	no	2
travelling	移動	other	735	171.6	4.3	no	2
tree	ツリー	katakana	434	21.0	20.6	no	2
tree	木	other	255	132.2	1.9	no	2
trespass	侵害	other	110	17.7	6.2	no	2
trespass	侵入	other	71	39.6	1.8	no	2
trial	テスト	katakana	1374	77.7	17.7	no	2
trial	試験	other	596	154.9	3.9	no	2
trust	委託	other	226	35.4	6.4	no	2
trust	信頼	other	211	39.8	5.3	no	2
turnover	回転	other	174	73.0	2.4	no	2
turnover	売り上げ	other	51	55.2	0.9	no	2
twice	倍	other	252	94.0	2.7	no	2
twice	再度	other	116	44.0	2.6	no	2
ultra	度	other	546	575.2	0.9	no	2
ultra	ウルトラ	katakana	92	58.9	1.6	no	2
unacceptable	アウト	katakana	192	85.0	2.3	no	2
unacceptable	無し	other	52	28.7	1.8	no	2
uncertain	不明	other	68	194.4	0.4	no	2
uncertain	不透明	other	56	3.6	15.5	no	2
uncomplicated	簡単	other	614	41.5	14.8	no	2
uncomplicated	単純	other	311	35.7	8.7	no	2
undertaking	事業	other	277	433.3	0.6	no	2
undertaking	請け負い	other	54	5.2	10.4	no	2
unfolding	展開	other	246	199.7	1.2	no	2
unfolding	発展	other	143	143.5	1.0	no	2
unit	単位	other	590	88.7	6.6	no	2
unit	ユニット	katakana	271	134.3	2.0	no	2
universal	一般	other	465	256.6	1.8	no	2
universal	ユニバーサル	katakana	90	43.3	2.1	no	2
university	大学	other	227	517.8	0.4	no	2
university	ユニバーシティー	katakana	187	157.8	1.2	no	2
unjustifiable	不可	other	116	21.1	5.5	no	2
unjustifiable	無名	other	66	12.3	5.4	no	2
unsophisticated	初	other	147	695.5	0.2	no	2
unsophisticated	生	other	87	90.6	1.0	no	2
unveiling	発表	other	1427	726.8	2.0	no	2
unveiling	公開	other	934	486.9	1.9	no	2
upgrade	アップグレード	katakana	225	6.0	37.4	no	2
upgrade	バージョンアップ	katakana	57	4.5	12.7	yes	2
upload	アップ	katakana	240	175.9	1.4	no	2
upload	アップロード	katakana	110	6.0	18.3	yes	2
upper	上	other	1233	475.6	2.6	no	2
upper	正	other	204	72.8	2.8	no	2
us	アメリカ	katakana	271	597.1	0.5	no	2
us	米国	other	233	123.7	1.9	no	2
username	ハンドル	katakana	93	18.1	5.1	no	2
username	ユーザー名	other	90	0.6	145.0	yes	2
usually	多く	other	985	395.7	2.5	no	2
usually	普通	other	118	130.0	0.9	no	2
utilisation	使用	other	12300	861.7	14.3	no	2
utilisation	利用	other	3346	394.5	8.5	no	2
utility	サービス	katakana	2486	273.2	9.1	no	2
utility	ユーティリティー	katakana	136	4.8	28.6	no	2
utilization	使用	other	12300	861.7	14.3	no	2
utilization	利用	other	3346	394.5	8.5	no	2
vaguely	空	other	577	126.5	4.6	no	2
vaguely	生	other	87	90.6	1.0	no	2
valid	有効	other	1550	49.7	31.2	no	2
valid	妥当	other	56	5.7	9.7	no	2
variable	変数	other	1473	19.3	76.5	yes	2
variable	可変	other	95	9.8	9.7	no	2
variation	変化	other	422	170.5	2.5	no	2
variation	差	other	62	114.4	0.5	no	2
very	真	other	136	105.0	1.3	no	2
very	実	other	88	137.0	0.6	no	2
violation	侵害	other	110	17.7	6.2	no	2
violation	違反	other	102	54.7	1.9	no	2
virtual	仮想	other	390	12.4	31.5	no	2
virtual	バーチャル	katakana	174	27.2	6.4	no	2
visual	ビジュアル	katakana	312	54.5	5.7	no	2
visual	視覚的	other	156	4.7	33.2	no	2
voiding	無効化	other	202	6.3	31.9	no	2
voiding	破棄	other	138	14.9	9.3	no	2
watch	ウォッチ	katakana	471	95.3	4.9	no	2
watch	番	other	74	422.5	0.2	no	2
we	中	other	1063	859.6	1.2	no	2
we	内	other	391	89.1	4.4	no	2
weak	脆弱	other	74	5.7	13.1	no	2
weak	和	other	57	61.8	0.9	no	2
weakness	脆弱性	other	1522	4.7	324.9	no	2
weakness	欠点	other	78	15.4	5.0	no	2
weave	組織	other	406	242.9	1.7	no	2
weave	目	other	127	180.7	0.7	no	2
well	とも	other	355	430.1	0.8	no	2
well	十分	other	256	50.4	5.1	no	2
when	際	other	1311	601.4	2.2	no	2
when	上	other	1233	475.6	2.6	no	2
whitespace	空白	other	229	13.5	17.0	yes	2
whitespace	間隔	other	97	25.2	3.8	yes	2
width	幅	other	547	69.4	7.9	no	2
width	横	other	54	60.1	0.9	no	2
wikipedia	ウィキ	katakana	436	281.5	1.5	no	2
wikipedia	ウィキペディア	katakana	128	24.1	5.3	no	2
window	ウインドー	katakana	734	13.4	54.9	yes	2
window	窓	other	100	58.4	1.7	no	2
wire	線	other	177	344.9	0.5	no	2
wire	ワイヤ	katakana	57	16.8	3.4	no	2
wireless	無線	other	191	55.8	3.4	no	2
wireless	ワイヤレス	katakana	98	7.1	13.9	no	2
workmanship	手	other	110	271.5	0.4	no	2
workmanship	細工	other	60	8.7	7.0	no	2
worry	気	other	81	139.9	0.6	no	2
worry	懸念	other	55	30.2	1.8	no	2
wrapper	ラッパー	katakana	76	10.6	7.1	no	2
wrapper	カバー	katakana	67	120.5	0.6	no	2
wrong	不可	other	116	21.1	5.5	no	2
wrong	曲	other	62	615.4	0.1	no	2
young	子	other	606	265.3	2.3	no	2
young	乙	other	210	22.9	9.2	no	2
younger	下	other	432	387.7	1.1	no	2
younger	乙	other	210	22.9	9.2	no	2
yourself	自分	other	341	427.7	0.8	no	2
yourself	自身	other	337	422.1	0.8	no	2
