english	word	script	field_per_million	general_per_million	field_to_general	computing	fan_in
time	日	other	5833	9041.5	0.6	no	16
time	時	other	4201	1843.2	2.3	no	16
time	次	other	3640	222.5	16.4	no	16
time	際	other	1311	601.4	2.2	no	16
time	時間	other	859	551.1	1.6	no	16
time	間	other	730	565.0	1.3	no	16
time	度	other	546	575.2	0.9	no	16
time	節	other	376	148.3	2.5	no	16
time	時刻	other	308	23.4	13.1	no	16
time	タイム	katakana	282	180.1	1.6	no	16
time	頃	other	250	520.7	0.5	no	16
time	時期	other	137	203.6	0.7	no	16
time	段	other	117	128.6	0.9	no	16
time	比	other	103	52.1	2.0	no	16
time	秋	other	63	130.8	0.5	no	16
time	期	other	57	501.1	0.1	no	16
case	場合	other	14158	925.0	15.3	no	15
case	例	other	6343	223.3	28.4	no	15
case	日	other	5833	9041.5	0.6	no	15
case	時	other	4201	1843.2	2.3	no	15
case	問題	other	1312	399.2	3.3	no	15
case	際	other	1311	601.4	2.2	no	15
case	側	other	471	364.7	1.3	no	15
case	ケース	katakana	326	80.7	4.0	yes	15
case	訳	other	289	313.6	0.9	no	15
case	件	other	97	137.3	0.7	no	15
case	筐体	other	95	9.8	9.6	no	15
case	事例	other	82	47.9	1.7	no	15
case	事件	other	66	488.5	0.1	no	15
case	場面	other	64	67.9	0.9	no	15
case	秋	other	63	130.8	0.5	no	15
part	点	other	885	363.9	2.4	no	15
part	部分	other	798	249.0	3.2	no	15
part	側	other	471	364.7	1.3	no	15
part	分	other	388	1042.5	0.4	no	15
part	節	other	376	148.3	2.5	no	15
part	部	other	252	1097.4	0.2	no	15
part	所	other	234	343.3	0.7	no	15
part	役割	other	201	96.3	2.1	no	15
part	パート	katakana	153	120.4	1.3	no	15
part	役	other	128	903.1	0.1	no	15
part	箇所	other	121	124.1	1.0	no	15
part	構成要素	other	89	5.7	15.7	no	15
part	パーツ	katakana	79	37.0	2.1	no	15
part	ステージ	katakana	67	278.1	0.2	no	15
part	一環	other	57	43.2	1.3	no	15
plan	設計	other	1209	207.1	5.8	no	15
plan	文	other	583	127.3	4.6	no	15
plan	計画	other	377	414.4	0.9	no	15
plan	仕組み	other	242	24.8	9.8	no	15
plan	寸法	other	212	9.6	22.1	no	15
plan	策	other	162	27.5	5.9	no	15
plan	方針	other	111	72.4	1.5	no	15
plan	企画	other	104	324.3	0.3	no	15
plan	プラン	katakana	95	38.3	2.5	no	15
plan	コンセプト	katakana	91	51.7	1.8	no	15
plan	規模	other	86	82.6	1.0	no	15
plan	考案	other	76	29.1	2.6	no	15
plan	略	other	72	36.9	1.9	no	15
plan	地図	other	65	75.9	0.9	no	15
plan	考え	other	52	46.2	1.1	no	15
side	際	other	1311	601.4	2.2	no	15
side	元	other	624	867.7	0.7	no	15
side	側	other	471	364.7	1.3	no	15
side	方	other	462	268.2	1.7	no	15
side	下	other	432	387.7	1.1	no	15
side	面	other	242	379.0	0.6	no	15
side	所	other	234	343.3	0.7	no	15
side	サイド	katakana	216	79.9	2.7	no	15
side	基	other	136	144.4	0.9	no	15
side	辺	other	94	21.2	4.4	no	15
side	本	other	72	160.2	0.4	no	15
side	側面	other	54	51.4	1.0	no	15
side	横	other	54	60.1	0.9	no	15
side	左右	other	53	56.5	0.9	no	15
side	辺り	other	51	36.3	1.4	no	15
end	前	other	1519	937.1	1.6	no	14
end	後	other	1236	1707.5	0.7	no	14
end	端末	other	851	32.5	26.2	no	14
end	最後	other	706	339.7	2.1	no	14
end	終了	other	687	382.3	1.8	no	14
end	完了	other	523	72.6	7.2	no	14
end	下	other	432	387.7	1.1	no	14
end	限り	other	422	87.3	4.8	no	14
end	先	other	370	156.6	2.4	no	14
end	末尾	other	283	7.5	37.6	no	14
end	段落	other	194	1.8	107.0	no	14
end	区切り	other	141	3.8	37.0	no	14
end	端	other	105	30.3	3.5	no	14
end	終わり	other	99	44.4	2.2	no	14
group	ブロック	katakana	1276	91.1	14.0	no	14
group	グループ	katakana	714	452.3	1.6	no	14
group	単位	other	590	88.7	6.6	no	14
group	列	other	484	58.2	8.3	no	14
group	群	other	335	167.1	2.0	no	14
group	層	other	282	76.8	3.7	no	14
group	ユニット	katakana	271	134.3	2.0	no	14
group	部門	other	186	213.2	0.9	no	14
group	基	other	136	144.4	0.9	no	14
group	団体	other	121	185.9	0.7	no	14
group	財団	other	107	61.3	1.7	no	14
group	組	other	77	255.8	0.3	no	14
group	集団	other	58	112.0	0.5	no	14
group	系統	other	51	154.0	0.3	no	14
operation	動作	other	1672	48.3	34.6	no	14
operation	操作	other	1216	82.4	14.8	no	14
operation	実施	other	901	326.0	2.8	no	14
operation	運用	other	593	152.5	3.9	no	14
operation	作業	other	476	88.5	5.4	no	14
operation	演算	other	407	10.5	38.7	no	14
operation	事業	other	277	433.3	0.6	no	14
operation	運営	other	220	233.9	0.9	no	14
operation	活動	other	207	652.2	0.3	no	14
operation	稼働	other	144	36.0	4.0	no	14
operation	オペレーション	katakana	80	21.7	3.7	no	14
operation	工程	other	75	21.1	3.6	no	14
operation	経営	other	69	183.4	0.4	no	14
operation	扱い	other	62	87.4	0.7	no	14
appearance	名	other	1968	938.7	2.1	no	12
appearance	状態	other	1574	286.5	5.5	no	12
appearance	色	other	910	159.2	5.7	no	12
appearance	表	other	521	142.8	3.6	no	12
appearance	登場	other	477	848.1	0.6	no	12
appearance	方	other	462	268.2	1.7	no	12
appearance	形	other	316	272.3	1.2	no	12
appearance	目	other	127	180.7	0.7	no	12
appearance	体	other	91	244.2	0.4	no	12
appearance	出現	other	74	72.8	1.0	no	12
appearance	見た目	other	52	21.6	2.4	no	12
appearance	様	other	51	51.9	1.0	no	12
beginning	最初	other	1344	321.3	4.2	no	12
beginning	上	other	1233	475.6	2.6	no	12
beginning	開始	other	779	770.6	1.0	no	12
beginning	元	other	624	867.7	0.7	no	12
beginning	初期	other	434	185.1	2.3	no	12
beginning	当初	other	403	333.5	1.2	no	12
beginning	スタート	katakana	141	148.0	1.0	no	12
beginning	基	other	136	144.4	0.9	no	12
beginning	端	other	105	30.3	3.5	no	12
beginning	原点	other	87	14.6	6.0	no	12
beginning	本	other	72	160.2	0.4	no	12
beginning	初頭	other	64	52.0	1.2	no	12
character	文字	other	1351	166.1	8.1	no	12
character	色	other	910	159.2	5.7	no	12
character	文	other	583	127.3	4.6	no	12
character	人	other	284	482.4	0.6	no	12
character	カラー	katakana	276	107.2	2.6	no	12
character	人間	other	224	306.9	0.7	no	12
character	キャラクター	katakana	203	373.1	0.5	yes	12
character	人気	other	145	208.0	0.7	no	12
character	役	other	128	903.1	0.1	no	12
character	性質	other	111	47.2	2.3	no	12
character	字	other	97	243.4	0.4	no	12
character	人物	other	80	471.6	0.2	no	12
circumstances	場合	other	14158	925.0	15.3	no	12
circumstances	状態	other	1574	286.5	5.5	no	12
circumstances	際	other	1311	601.4	2.2	no	12
circumstances	環境	other	1151	235.4	4.9	no	12
circumstances	状況	other	517	177.9	2.9	no	12
circumstances	事	other	452	429.9	1.1	no	12
circumstances	訳	other	289	313.6	0.9	no	12
circumstances	背景	other	271	76.7	3.5	no	12
circumstances	バックグラウンド	katakana	223	9.4	23.7	no	12
circumstances	辺	other	94	21.2	4.4	no	12
circumstances	文脈	other	90	10.4	8.7	no	12
circumstances	故	other	51	56.6	0.9	no	12
development	開発	other	3365	505.6	6.7	no	12
development	発生	other	2052	301.8	6.8	no	12
development	展開	other	246	199.7	1.2	no	12
development	整備	other	240	203.5	1.2	no	12
development	ディベロップメント	katakana	178	26.5	6.7	no	12
development	制作	other	151	476.1	0.3	no	12
development	発展	other	143	143.5	1.0	no	12
development	進化	other	118	60.1	2.0	no	12
development	経過	other	97	39.7	2.4	no	12
development	動き	other	80	75.5	1.1	no	12
development	成長	other	65	112.0	0.6	no	12
development	推移	other	55	42.6	1.3	no	12
figure	スタイル	katakana	1602	140.6	11.4	no	12
figure	数	other	1186	430.3	2.8	no	12
figure	数値	other	855	33.7	25.4	no	12
figure	文	other	583	127.3	4.6	no	12
figure	図	other	423	109.2	3.9	no	12
figure	形	other	316	272.3	1.2	no	12
figure	数字	other	185	51.1	3.6	no	12
figure	図形	other	138	6.2	22.3	no	12
figure	形態	other	116	103.8	1.1	no	12
figure	体	other	91	244.2	0.4	no	12
figure	人物	other	80	471.6	0.2	no	12
figure	影	other	76	55.1	1.4	no	12
form	型	other	2046	26.9	76.0	no	12
form	形式	other	1198	216.9	5.5	no	12
form	フォーム	katakana	1051	27.8	37.8	no	12
form	方式	other	712	134.8	5.3	no	12
form	フォーマット	katakana	603	19.8	30.4	no	12
form	式	other	585	419.6	1.4	no	12
form	形	other	316	272.3	1.2	no	12
form	線	other	177	344.9	0.5	no	12
form	形態	other	116	103.8	1.1	no	12
form	形状	other	105	66.2	1.6	no	12
form	体	other	91	244.2	0.4	no	12
form	様	other	51	51.9	1.0	no	12
level	値	other	8157	54.2	150.4	no	12
level	レベル	katakana	669	110.7	6.0	no	12
level	高さ	other	322	79.0	4.1	no	12
level	台	other	308	313.7	1.0	no	12
level	水平	other	201	20.8	9.7	no	12
level	段階	other	192	85.6	2.2	no	12
level	線	other	177	344.9	0.5	no	12
level	次元	other	174	53.2	3.3	no	12
level	階層	other	146	13.9	10.5	no	12
level	水準	other	126	20.6	6.1	no	12
level	段	other	117	128.6	0.9	no	12
level	ステージ	katakana	67	278.1	0.2	no	12
matter	問題	other	1312	399.2	3.3	no	12
matter	事項	other	1255	29.5	42.6	no	12
matter	内容	other	1107	227.6	4.9	no	12
matter	点	other	885	363.9	2.4	no	12
matter	事	other	452	429.9	1.1	no	12
matter	課題	other	272	48.8	5.6	no	12
matter	所	other	234	343.3	0.7	no	12
matter	イシュー	katakana	139	15.6	8.9	no	12
matter	事象	other	128	11.0	11.7	no	12
matter	段	other	117	128.6	0.9	no	12
matter	種	other	113	277.4	0.4	no	12
matter	件	other	97	137.3	0.7	no	12
point	前	other	1519	937.1	1.6	no	12
point	点	other	885	363.9	2.4	no	12
point	単位	other	590	88.7	6.6	no	12
point	節	other	376	148.3	2.5	no	12
point	先	other	370	156.6	2.4	no	12
point	ポイント	katakana	244	131.5	1.9	no	12
point	所	other	234	343.3	0.7	no	12
point	趣旨	other	178	14.7	12.1	no	12
point	目	other	127	180.7	0.7	no	12
point	ドット	katakana	123	18.4	6.7	no	12
point	箇所	other	121	124.1	1.0	no	12
point	端	other	105	30.3	3.5	no	12
situation	場合	other	14158	925.0	15.3	no	12
situation	状態	other	1574	286.5	5.5	no	12
situation	位置	other	1430	332.7	4.3	no	12
situation	状況	other	517	177.9	2.9	no	12
situation	方	other	462	268.2	1.7	no	12
situation	事	other	452	429.9	1.1	no	12
situation	境界	other	366	49.6	7.4	no	12
situation	形	other	316	272.3	1.2	no	12
situation	局	other	118	596.1	0.2	no	12
situation	段	other	117	128.6	0.9	no	12
situation	場	other	85	94.8	0.9	no	12
situation	様	other	51	51.9	1.0	no	12
type	属性	other	3208	33.9	94.5	no	12
type	型	other	2046	26.9	76.0	no	12
type	色	other	910	159.2	5.7	no	12
type	種類	other	752	143.0	5.3	no	12
type	タイプ	katakana	648	165.8	3.9	no	12
type	式	other	585	419.6	1.4	no	12
type	方	other	462	268.2	1.7	no	12
type	種	other	113	277.4	0.4	no	12
type	手	other	110	271.5	0.4	no	12
type	比	other	103	52.1	2.0	no	12
type	体	other	91	244.2	0.4	no	12
type	類型	other	60	8.6	7.0	no	12
way	方法	other	2802	171.6	16.3	no	12
way	モード	katakana	972	118.3	8.2	no	12
way	点	other	885	363.9	2.4	no	12
way	方向	other	864	104.6	8.3	no	12
way	仕様	other	762	119.7	6.4	no	12
way	式	other	585	419.6	1.4	no	12
way	方	other	462	268.2	1.7	no	12
way	形	other	316	272.3	1.2	no	12
way	手段	other	174	50.2	3.5	no	12
way	ウェイ	katakana	112	144.7	0.8	no	12
way	手	other	110	271.5	0.4	no	12
way	ウエー	katakana	53	28.7	1.8	no	12
application	使用	other	12300	861.7	14.3	no	11
application	開発	other	3365	505.6	6.7	no	11
application	利用	other	3346	394.5	8.5	no	11
application	アプリケーション	katakana	1907	25.4	75.2	yes	11
application	適用	other	1494	73.3	20.4	no	11
application	アプリ	katakana	714	58.2	12.3	yes	11
application	運用	other	593	152.5	3.9	no	11
application	反映	other	374	33.2	11.3	yes	11
application	活用	other	295	70.9	4.2	no	11
application	応用	other	163	47.0	3.5	no	11
application	申請	other	108	49.0	2.2	no	11
area	場所	other	567	333.5	1.7	no	11
area	領域	other	519	78.4	6.6	no	11
area	方	other	462	268.2	1.7	no	11
area	部	other	252	1097.4	0.2	no	11
area	所	other	234	343.3	0.7	no	11
area	箇所	other	121	124.1	1.0	no	11
area	区域	other	120	101.7	1.2	no	11
area	辺	other	94	21.2	4.4	no	11
area	地域	other	89	591.9	0.2	no	11
area	エリア	katakana	77	111.7	0.7	no	11
area	積	other	51	20.2	2.5	no	11
business	企業	other	657	239.3	2.7	no	11
business	業務	other	622	129.5	4.8	no	11
business	ビジネス	katakana	519	126.4	4.1	no	11
business	事	other	452	429.9	1.1	no	11
business	事業	other	277	433.3	0.6	no	11
business	商用	other	210	8.6	24.5	no	11
business	用	other	163	9.4	17.4	no	11
business	取り引き	other	95	57.2	1.7	no	11
business	仕事	other	77	171.3	0.5	no	11
business	商業	other	64	117.8	0.5	no	11
business	事務	other	51	58.2	0.9	no	11
change	変更	other	3224	505.2	6.4	no	11
change	変換	other	1149	47.2	24.3	no	11
change	変化	other	422	170.5	2.5	no	11
change	スイッチ	katakana	223	60.9	3.7	no	11
change	動き	other	80	75.5	1.1	no	11
change	変	other	78	40.3	1.9	no	11
change	チェンジ	katakana	67	37.9	1.8	no	11
change	改変	other	59	13.7	4.3	no	11
change	反応	other	59	94.6	0.6	no	11
change	推移	other	55	42.6	1.3	no	11
change	改訂	other	55	35.9	1.5	no	11
organization	機関	other	811	154.7	5.2	no	11
organization	構成	other	757	280.0	2.7	no	11
organization	構造	other	521	190.6	2.7	no	11
organization	組織	other	406	242.9	1.7	no	11
organization	機構	other	253	154.1	1.6	no	11
organization	体制	other	248	103.4	2.4	no	11
organization	協会	other	145	494.6	0.3	no	11
organization	団体	other	121	185.9	0.7	no	11
organization	整理	other	104	54.3	1.9	no	11
organization	制度	other	60	181.9	0.3	no	11
organization	体系	other	60	31.3	1.9	no	11
origin	元	other	624	867.7	0.7	no	11
origin	オリジン	katakana	491	3.0	164.1	no	11
origin	原因	other	189	117.4	1.6	no	11
origin	由来	other	143	178.5	0.8	no	11
origin	基	other	136	144.4	0.9	no	11
origin	種	other	113	277.4	0.4	no	11
origin	端	other	105	30.3	3.5	no	11
origin	原点	other	87	14.6	6.0	no	11
origin	起点	other	81	55.5	1.5	no	11
origin	本	other	72	160.2	0.4	no	11
origin	誕生	other	69	158.3	0.4	no	11
passage	行	other	1071	114.6	9.3	no	11
passage	通り	other	812	439.9	1.8	no	11
passage	節	other	376	148.3	2.5	no	11
passage	所	other	234	343.3	0.7	no	11
passage	条	other	231	264.0	0.9	no	11
passage	箇所	other	121	124.1	1.0	no	11
passage	段	other	117	128.6	0.9	no	11
passage	件	other	97	137.3	0.7	no	11
passage	経過	other	97	39.7	2.4	no	11
passage	文章	other	79	30.5	2.6	no	11
passage	流れ	other	78	59.3	1.3	no	11
program	コード	katakana	3590	108.1	33.2	yes	11
program	プログラム	katakana	1773	122.2	14.5	yes	11
program	プロ	katakana	519	278.0	1.9	no	11
program	カード	katakana	459	188.3	2.4	no	11
program	計画	other	377	414.4	0.9	no	11
program	事業	other	277	433.3	0.6	no	11
program	メニュー	katakana	244	32.4	7.5	no	11
program	予定	other	193	261.8	0.7	no	11
program	スケジュール	katakana	188	33.1	5.7	no	11
program	放送	other	98	1445.8	0.1	no	11
program	番組	other	59	793.9	0.1	no	11
section	部分	other	798	249.0	3.2	no	11
section	セクション	katakana	464	20.6	22.5	no	11
section	節	other	376	148.3	2.5	no	11
section	部	other	252	1097.4	0.2	no	11
section	条	other	231	264.0	0.9	no	11
section	章	other	219	214.2	1.0	no	11
section	区域	other	120	101.7	1.2	no	11
section	段	other	117	128.6	0.9	no	11
section	切断	other	64	22.1	2.9	no	11
section	区分	other	63	45.5	1.4	no	11
section	課	other	58	211.3	0.3	no	11
style	型	other	2046	26.9	76.0	no	11
style	スタイル	katakana	1602	140.6	11.4	no	11
style	形式	other	1198	216.9	5.5	no	11
style	タイプ	katakana	648	165.8	3.9	no	11
style	式	other	585	419.6	1.4	no	11
style	文	other	583	127.3	4.6	no	11
style	形	other	316	272.3	1.2	no	11
style	タッチ	katakana	185	20.7	8.9	no	11
style	体	other	91	244.2	0.4	no	11
style	文章	other	79	30.5	2.6	no	11
style	様	other	51	51.9	1.0	no	11
system	システム	katakana	3604	363.0	9.9	no	11
system	機関	other	811	154.7	5.2	no	11
system	方式	other	712	134.8	5.3	no	11
system	式	other	585	419.6	1.4	no	11
system	組織	other	406	242.9	1.7	no	11
system	機構	other	253	154.1	1.6	no	11
system	体制	other	248	103.4	2.4	no	11
system	系列	other	68	145.2	0.5	no	11
system	制度	other	60	181.9	0.3	no	11
system	体系	other	60	31.3	1.9	no	11
system	系統	other	51	154.0	0.3	no	11
work	業務	other	622	129.5	4.8	no	11
work	作業	other	476	88.5	5.4	no	11
work	事	other	452	429.9	1.1	no	11
work	事業	other	277	433.3	0.6	no	11
work	職	other	234	66.6	3.5	no	11
work	制作	other	151	476.1	0.3	no	11
work	ワーク	katakana	125	42.1	3.0	no	11
work	作品	other	120	908.8	0.1	no	11
work	著	other	86	210.6	0.4	no	11
work	仕事	other	77	171.3	0.5	no	11
work	細工	other	60	8.7	7.0	no	11
class	クラス	katakana	1870	163.1	11.5	no	10
class	時間	other	859	551.1	1.6	no	10
class	レベル	katakana	669	110.7	6.0	no	10
class	層	other	282	76.8	3.7	no	10
class	部	other	252	1097.4	0.2	no	10
class	部門	other	186	213.2	0.9	no	10
class	階層	other	146	13.9	10.5	no	10
class	段	other	117	128.6	0.9	no	10
class	種	other	113	277.4	0.4	no	10
class	組	other	77	255.8	0.3	no	10
occasion	場合	other	14158	925.0	15.3	no	10
occasion	時	other	4201	1843.2	2.3	no	10
occasion	時点	other	1352	979.9	1.4	no	10
occasion	際	other	1311	601.4	2.2	no	10
occasion	節	other	376	148.3	2.5	no	10
occasion	段	other	117	128.6	0.9	no	10
occasion	場	other	85	94.8	0.9	no	10
occasion	秋	other	63	130.8	0.5	no	10
occasion	期	other	57	501.1	0.1	no	10
occasion	機会	other	52	65.9	0.8	no	10
order	次	other	3640	222.5	16.4	no	10
order	命令	other	1019	94.3	10.8	no	10
order	順序	other	462	14.2	32.6	no	10
order	体制	other	248	103.4	2.4	no	10
order	順	other	247	89.5	2.8	no	10
order	段階	other	192	85.6	2.2	no	10
order	順番	other	143	14.3	10.0	no	10
order	目	other	127	180.7	0.7	no	10
order	オーダー	katakana	79	33.2	2.4	no	10
order	前後	other	51	81.2	0.6	no	10
production	発生	other	2052	301.8	6.8	no	10
production	プロ	katakana	519	278.0	1.9	no	10
production	製造	other	383	243.3	1.6	no	10
production	制作	other	151	476.1	0.3	no	10
production	提出	other	142	75.2	1.9	no	10
production	生産	other	137	211.3	0.6	no	10
production	作品	other	120	908.8	0.1	no	10
production	プロダクション	katakana	105	77.8	1.3	no	10
production	提示	other	87	37.0	2.4	no	10
production	製作	other	86	288.3	0.3	no	10
setting	設定	other	6695	265.4	25.2	no	10
setting	モード	katakana	972	118.3	8.2	no	10
setting	セット	katakana	398	87.3	4.6	no	10
setting	記録	other	395	526.6	0.7	no	10
setting	台	other	308	313.7	1.0	no	10
setting	背景	other	271	76.7	3.5	no	10
setting	マーク	katakana	136	100.3	1.4	no	10
setting	予約	other	94	33.1	2.8	no	10
setting	シーン	katakana	86	133.3	0.6	no	10
setting	場面	other	64	67.9	0.9	no	10
source	ソース	katakana	632	47.8	13.2	no	10
source	元	other	624	867.7	0.7	no	10
source	条	other	231	264.0	0.9	no	10
source	出典	other	211	196.8	1.1	no	10
source	原因	other	189	117.4	1.6	no	10
source	由来	other	143	178.5	0.8	no	10
source	基	other	136	144.4	0.9	no	10
source	種	other	113	277.4	0.4	no	10
source	送信元	other	82	0.5	165.8	no	10
source	本	other	72	160.2	0.4	no	10
state	状態	other	1574	286.5	5.5	no	10
state	モード	katakana	972	118.3	8.2	no	10
state	ステート	katakana	506	57.0	8.9	no	10
state	方	other	462	268.2	1.7	no	10
state	分	other	388	1042.5	0.4	no	10
state	形	other	316	272.3	1.2	no	10
state	国	other	106	272.5	0.4	no	10
state	体	other	91	244.2	0.4	no	10
state	国家	other	67	201.0	0.3	no	10
state	様	other	51	51.9	1.0	no	10
subject	問題	other	1312	399.2	3.3	no	10
subject	対象	other	959	195.8	4.9	no	10
subject	主体	other	280	43.1	6.5	no	10
subject	課題	other	272	48.8	5.6	no	10
subject	種	other	113	277.4	0.4	no	10
subject	主	other	102	128.6	0.8	no	10
subject	件	other	97	137.3	0.7	no	10
subject	題材	other	82	40.4	2.0	no	10
subject	実体	other	69	12.0	5.7	no	10
subject	話題	other	51	71.6	0.7	no	10
about	通り	other	812	439.9	1.8	no	9
about	方	other	462	268.2	1.7	no	9
about	程度	other	268	168.3	1.6	no	9
about	頃	other	250	520.7	0.5	no	9
about	所	other	234	343.3	0.7	no	9
about	比	other	103	52.1	2.0	no	9
about	略	other	72	36.9	1.9	no	9
about	前後	other	51	81.2	0.6	no	9
about	辺り	other	51	36.3	1.4	no	9
base	ベース	katakana	964	145.9	6.6	no	9
base	元	other	624	867.7	0.7	no	9
base	台	other	308	313.7	1.0	no	9
base	キャンバス	katakana	231	8.6	26.8	no	9
base	基盤	other	204	36.2	5.6	no	9
base	基	other	136	144.4	0.9	no	9
base	基底	other	103	8.6	12.0	no	9
base	本	other	72	160.2	0.4	no	9
base	拠点	other	67	120.9	0.6	no	9
basis	ベース	katakana	964	145.9	6.6	no	9
basis	基本	other	709	92.1	7.7	no	9
basis	元	other	624	867.7	0.7	no	9
basis	基準	other	581	104.6	5.5	no	9
basis	基盤	other	204	36.2	5.6	no	9
basis	基	other	136	144.4	0.9	no	9
basis	基底	other	103	8.6	12.0	no	9
basis	基礎	other	101	90.5	1.1	no	9
basis	本	other	72	160.2	0.4	no	9
chance	時	other	4201	1843.2	2.3	no	9
chance	可能性	other	1647	188.1	8.8	no	9
chance	間	other	730	565.0	1.3	no	9
chance	機	other	349	378.2	0.9	no	9
chance	時刻	other	308	23.4	13.1	no	9
chance	目	other	127	180.7	0.7	no	9
chance	秋	other	63	130.8	0.5	no	9
chance	期	other	57	501.1	0.1	no	9
chance	機会	other	52	65.9	0.8	no	9
first	前	other	1519	937.1	1.6	no	9
first	最初	other	1344	321.3	4.2	no	9
first	上	other	1233	475.6	2.6	no	9
first	先	other	370	156.6	2.4	no	9
first	初	other	147	695.5	0.2	no	9
first	ピン	katakana	143	11.8	12.1	no	9
first	端	other	105	30.3	3.5	no	9
first	一番	other	78	219.3	0.4	no	9
first	ファースト	katakana	54	138.1	0.4	no	9
foundation	基本	other	709	92.1	7.7	no	9
foundation	元	other	624	867.7	0.7	no	9
foundation	ファンデーション	katakana	308	23.1	13.3	no	9
foundation	基盤	other	204	36.2	5.6	no	9
foundation	基	other	136	144.4	0.9	no	9
foundation	財団	other	107	61.3	1.7	no	9
foundation	基底	other	103	8.6	12.0	no	9
foundation	基礎	other	101	90.5	1.1	no	9
foundation	本	other	72	160.2	0.4	no	9
maintenance	サービス	katakana	2486	273.2	9.1	no	9
maintenance	保存	other	807	101.2	8.0	no	9
maintenance	保持	other	441	46.2	9.6	no	9
maintenance	維持	other	269	98.5	2.7	no	9
maintenance	整備	other	240	203.5	1.2	no	9
maintenance	継続	other	173	98.4	1.8	no	9
maintenance	保守	other	148	19.8	7.5	no	9
maintenance	メンテナンス	katakana	117	90.6	1.3	no	9
maintenance	保有	other	79	56.9	1.4	no	9
management	管理	other	1747	228.0	7.7	no	9
management	操作	other	1216	82.4	14.8	no	9
management	制御	other	1140	100.9	11.3	no	9
management	使い方	other	509	637.8	0.8	no	9
management	マネージメント	katakana	290	55.9	5.2	no	9
management	運営	other	220	233.9	0.9	no	9
management	取り扱い	other	213	58.6	3.6	no	9
management	経営	other	69	183.4	0.4	no	9
management	扱い	other	62	87.4	0.7	no	9
model	モデル	katakana	2092	351.7	5.9	no	9
model	型	other	2046	26.9	76.0	no	9
model	標準	other	997	83.2	12.0	no	9
model	法	other	505	388.4	1.3	no	9
model	機種	other	416	47.5	8.8	no	9
model	号	other	280	2122.2	0.1	no	9
model	典型的	other	81	20.3	4.0	no	9
model	代表	other	78	532.7	0.1	no	9
model	代表的	other	71	31.7	2.2	no	9
position	位置	other	1430	332.7	4.3	no	9
position	場所	other	567	333.5	1.7	no	9
position	職	other	234	66.6	3.5	no	9
position	線	other	177	344.9	0.5	no	9
position	役	other	128	903.1	0.1	no	9
position	ポスト	katakana	123	117.5	1.0	no	9
position	ポジション	katakana	94	83.6	1.1	no	9
position	番	other	74	422.5	0.2	no	9
position	拠点	other	67	120.9	0.6	no	9
sequence	次	other	3640	222.5	16.4	no	9
sequence	配列	other	1551	23.0	67.3	no	9
sequence	手順	other	521	11.6	45.1	no	9
sequence	列	other	484	58.2	8.3	no	9
sequence	順序	other	462	14.2	32.6	no	9
sequence	シークエンス	katakana	241	9.3	25.9	no	9
sequence	一連	other	185	37.3	5.0	no	9
sequence	連続	other	143	269.0	0.5	no	9
sequence	系列	other	68	145.2	0.5	no	9
shape	スタイル	katakana	1602	140.6	11.4	no	9
shape	形	other	316	272.3	1.2	no	9
shape	図形	other	138	6.2	22.3	no	9
shape	形態	other	116	103.8	1.1	no	9
shape	形状	other	105	66.2	1.6	no	9
shape	体	other	91	244.2	0.4	no	9
shape	シェープ	katakana	81	1.8	45.3	no	9
shape	影	other	76	55.1	1.4	no	9
shape	類型	other	60	8.6	7.0	no	9
support	対応	other	2662	263.7	10.1	no	9
support	サポート	katakana	2214	102.9	21.5	no	9
support	バック	katakana	675	235.9	2.9	no	9
support	支援	other	403	241.6	1.7	no	9
support	台	other	308	313.7	1.0	no	9
support	背景	other	271	76.7	3.5	no	9
support	バックアップ	katakana	151	10.3	14.6	no	9
support	補助	other	94	41.6	2.3	no	9
support	協力	other	94	236.7	0.4	no	9
term	条件	other	544	135.5	4.0	no	9
term	節	other	376	148.3	2.5	no	9
term	用語	other	370	142.6	2.6	no	9
term	語	other	315	494.4	0.6	no	9
term	期間	other	211	144.5	1.5	no	9
term	ターム	katakana	181	11.3	16.0	no	9
term	項	other	169	102.0	1.7	no	9
term	言葉	other	118	197.6	0.6	no	9
term	期	other	57	501.1	0.1	no	9
action	実行	other	4043	65.8	61.5	no	8
action	動作	other	1672	48.3	34.6	no	8
action	行	other	1071	114.6	9.3	no	8
action	アクション	katakana	509	94.5	5.4	no	8
action	措置	other	321	46.0	7.0	no	8
action	活動	other	207	652.2	0.3	no	8
action	行動	other	102	193.2	0.5	no	8
action	訴訟	other	63	46.4	1.4	no	8
around	方	other	462	268.2	1.7	no	8
around	頃	other	250	520.7	0.5	no	8
around	所	other	234	343.3	0.7	no	8
around	周辺	other	152	172.9	0.9	no	8
around	比	other	103	52.1	2.0	no	8
around	略	other	72	36.9	1.9	no	8
around	前後	other	51	81.2	0.6	no	8
around	辺り	other	51	36.3	1.4	no	8
average	中	other	1063	859.6	1.2	no	8
average	標準	other	997	83.2	12.0	no	8
average	間	other	730	565.0	1.3	no	8
average	一般	other	465	256.6	1.8	no	8
average	普通	other	118	130.0	0.9	no	8
average	標準的	other	101	12.2	8.3	no	8
average	平均	other	78	109.3	0.7	no	8
average	平均的	other	57	8.8	6.4	no	8
cancellation	解除	other	189	44.0	4.3	no	8
cancellation	キャンセル	katakana	163	11.4	14.3	no	8
cancellation	破棄	other	138	14.9	9.3	no	8
cancellation	中止	other	82	112.2	0.7	no	8
cancellation	流れ	other	78	59.3	1.3	no	8
cancellation	抹消	other	77	24.3	3.2	no	8
cancellation	廃棄	other	63	11.0	5.7	no	8
cancellation	解消	other	50	43.1	1.2	no	8
condition	状態	other	1574	286.5	5.5	no	8
condition	条件	other	544	135.5	4.0	no	8
condition	分	other	388	1042.5	0.4	no	8
condition	制約	other	379	21.0	18.0	no	8
condition	形	other	316	272.3	1.2	no	8
condition	人気	other	145	208.0	0.7	no	8
condition	前提	other	122	27.9	4.4	no	8
condition	体	other	91	244.2	0.4	no	8
content	コンテンツ	katakana	2039	64.8	31.5	no	8
content	内容	other	1107	227.6	4.9	no	8
content	子	other	606	265.3	2.3	no	8
content	分	other	388	1042.5	0.4	no	8
content	コンテント	katakana	260	29.7	8.8	no	8
content	実	other	88	137.0	0.6	no	8
content	中身	other	75	11.8	6.4	no	8
content	実体	other	69	12.0	5.7	no	8
control	管理	other	1747	228.0	7.7	no	8
control	制御	other	1140	100.9	11.3	no	8
control	コントロール	katakana	693	48.8	14.2	no	8
control	統括	other	198	33.0	6.0	no	8
control	把握	other	195	21.4	9.1	no	8
control	抑制	other	87	28.0	3.1	no	8
control	規制	other	61	74.1	0.8	no	8
control	左右	other	53	56.5	0.9	no	8
course	方向	other	864	104.6	8.3	no	8
course	メニュー	katakana	244	32.4	7.5	no	8
course	経路	other	123	42.7	2.9	no	8
course	方針	other	111	72.4	1.5	no	8
course	経過	other	97	39.7	2.4	no	8
course	場	other	85	94.8	0.9	no	8
course	流れ	other	78	59.3	1.3	no	8
course	過程	other	77	59.3	1.3	no	8
design	設計	other	1209	207.1	5.8	no	8
design	文	other	583	127.3	4.6	no	8
design	デザイン	katakana	550	312.7	1.8	no	8
design	意図	other	230	32.4	7.1	no	8
design	コンセプト	katakana	91	51.7	1.8	no	8
design	考案	other	76	29.1	2.6	no	8
design	考え	other	52	46.2	1.1	no	8
design	様	other	51	51.9	1.0	no	8
difference	別	other	875	421.0	2.1	no	8
difference	幅	other	547	69.4	7.9	no	8
difference	違い	other	296	69.3	4.3	no	8
difference	区別	other	207	65.4	3.2	no	8
difference	距離	other	116	118.3	1.0	no	8
difference	差	other	62	114.4	0.5	no	8
difference	差分	other	54	2.5	21.4	no	8
difference	誤差	other	50	8.1	6.2	no	8
division	分野	other	346	114.7	3.0	no	8
division	分割	other	281	79.6	3.5	no	8
division	部	other	252	1097.4	0.2	no	8
division	部門	other	186	213.2	0.9	no	8
division	線	other	177	344.9	0.5	no	8
division	目	other	127	180.7	0.7	no	8
division	区分	other	63	45.5	1.4	no	8
division	課	other	58	211.3	0.3	no	8
edge	際	other	1311	601.4	2.2	no	8
edge	側	other	471	364.7	1.3	no	8
edge	角	other	398	62.4	6.4	no	8
edge	エッジ	katakana	166	24.8	6.7	no	8
edge	ボーダー	katakana	151	10.4	14.6	no	8
edge	端	other	105	30.3	3.5	no	8
edge	辺	other	94	21.2	4.4	no	8
edge	辺り	other	51	36.3	1.4	no	8
effect	為	other	9021	3426.6	2.6	no	8
effect	結果	other	1963	464.9	4.2	no	8
effect	影響	other	838	329.7	2.5	no	8
effect	関係	other	762	424.1	1.8	no	8
effect	効果	other	443	134.4	3.3	no	8
effect	エフェクト	katakana	309	18.1	17.1	no	8
effect	趣旨	other	178	14.7	12.1	no	8
effect	反応	other	59	94.6	0.6	no	8
entry	入力	other	1524	39.8	38.3	no	8
entry	項目	other	786	201.8	3.9	no	8
entry	記載	other	636	145.4	4.4	no	8
entry	登録	other	549	202.4	2.7	no	8
entry	参加	other	288	489.4	0.6	no	8
entry	書き込み	other	237	6.6	35.6	no	8
entry	エントリー	katakana	222	40.5	5.5	no	8
entry	記入	other	54	45.4	1.2	no	8
establishment	設定	other	6695	265.4	25.2	no	8
establishment	設立	other	314	405.2	0.8	no	8
establishment	設置	other	139	471.7	0.3	no	8
establishment	確立	other	109	52.5	2.1	no	8
establishment	開設	other	67	163.7	0.4	no	8
establishment	制定	other	63	100.3	0.6	no	8
establishment	成立	other	59	158.0	0.4	no	8
establishment	確定	other	57	55.3	1.0	no	8
examination	テスト	katakana	1374	77.7	17.7	no	8
examination	チェック	katakana	713	28.4	25.2	no	8
examination	試験	other	596	154.9	3.9	no	8
examination	検討	other	425	84.0	5.1	no	8
examination	調査	other	353	522.4	0.7	no	8
examination	検査	other	217	74.0	2.9	no	8
examination	審査	other	62	54.8	1.1	no	8
examination	検定	other	62	31.0	2.0	no	8
exchange	代わり	other	918	90.4	10.2	no	8
exchange	市場	other	392	121.3	3.2	no	8
exchange	交換	other	271	97.7	2.8	no	8
exchange	局	other	118	596.1	0.2	no	8
exchange	遣り取り	other	100	15.9	6.3	no	8
exchange	エクスチェンジ	katakana	95	8.8	10.8	no	8
exchange	切り替え	other	75	13.3	5.6	no	8
exchange	チェンジ	katakana	67	37.9	1.8	no	8
expectation	計算	other	862	68.6	12.6	no	8
expectation	期待	other	354	78.2	4.5	no	8
expectation	想定	other	318	37.4	8.5	no	8
expectation	予定	other	193	261.8	0.7	no	8
expectation	希望	other	78	74.6	1.0	no	8
expectation	予期	other	76	4.8	15.8	no	8
expectation	予想	other	69	48.5	1.4	no	8
expectation	考え	other	52	46.2	1.1	no	8
field	フィールド	katakana	967	79.6	12.1	yes	8
field	領域	other	519	78.4	6.6	no	8
field	方	other	462	268.2	1.7	no	8
field	分野	other	346	114.7	3.0	no	8
field	部門	other	186	213.2	0.9	no	8
field	体	other	91	244.2	0.4	no	8
field	場	other	85	94.8	0.9	no	8
field	専門	other	78	128.2	0.6	no	8
head	前	other	1519	937.1	1.6	no	8
head	上	other	1233	475.6	2.6	no	8
head	先	other	370	156.6	2.4	no	8
head	先頭	other	324	91.6	3.5	no	8
head	マスター	katakana	143	89.3	1.6	no	8
head	主	other	102	128.6	0.8	no	8
head	ヘッド	katakana	78	36.5	2.1	no	8
head	本	other	72	160.2	0.4	no	8
implementation	実行	other	4043	65.8	61.5	no	8
implementation	版	other	3542	2474.4	1.4	no	8
implementation	実装	other	1724	39.1	44.1	no	8
implementation	実施	other	901	326.0	2.8	no	8
implementation	実現	other	520	114.9	4.5	no	8
implementation	履行	other	164	5.3	30.7	no	8
implementation	処理系	other	100	1.5	67.2	yes	8
implementation	インプリメンテーション	katakana	71	2.1	34.2	no	8
line	行	other	1071	114.6	9.3	no	8
line	列	other	484	58.2	8.3	no	8
line	回線	other	319	13.9	23.0	no	8
line	条	other	231	264.0	0.9	no	8
line	行列	other	202	30.0	6.7	no	8
line	線	other	177	344.9	0.5	no	8
line	ライン	katakana	122	101.3	1.2	no	8
line	並び	other	52	35.4	1.5	no	8
material	元	other	624	867.7	0.7	no	8
material	代	other	611	785.4	0.8	no	8
material	具体的	other	331	43.8	7.5	no	8
material	基	other	136	144.4	0.9	no	8
material	資料	other	120	197.9	0.6	no	8
material	種	other	113	277.4	0.4	no	8
material	テックス	katakana	74	3.5	21.4	no	8
material	本	other	72	160.2	0.4	no	8
measure	方法	other	2802	171.6	16.3	no	8
measure	対策	other	2110	125.4	16.8	no	8
measure	基準	other	581	104.6	5.5	no	8
measure	措置	other	321	46.0	7.0	no	8
measure	手段	other	174	50.2	3.5	no	8
measure	策	other	162	27.5	5.9	no	8
measure	ビル	katakana	86	145.9	0.6	no	8
measure	メジャー	katakana	80	94.2	0.8	no	8
method	メソッド	katakana	4475	14.9	300.4	yes	8
method	方法	other	2802	171.6	16.3	no	8
method	仕様	other	762	119.7	6.4	no	8
method	方式	other	712	134.8	5.3	no	8
method	式	other	585	419.6	1.4	no	8
method	法	other	505	388.4	1.3	no	8
method	手法	other	462	55.7	8.3	no	8
method	方	other	462	268.2	1.7	no	8
normal	通常	other	1117	240.5	4.6	no	8
normal	規定	other	331	125.9	2.6	no	8
normal	正規	other	304	23.0	13.2	no	8
normal	正常	other	155	13.8	11.2	no	8
normal	本来	other	128	95.3	1.3	no	8
normal	普通	other	118	130.0	0.9	no	8
normal	標準的	other	101	12.2	8.3	no	8
normal	平均的	other	57	8.8	6.4	no	8
organisation	機関	other	811	154.7	5.2	no	8
organisation	構成	other	757	280.0	2.7	no	8
organisation	組織	other	406	242.9	1.7	no	8
organisation	体制	other	248	103.4	2.4	no	8
organisation	協会	other	145	494.6	0.3	no	8
organisation	団体	other	121	185.9	0.7	no	8
organisation	制度	other	60	181.9	0.3	no	8
organisation	体系	other	60	31.3	1.9	no	8
originally	元	other	624	867.7	0.7	no	8
originally	当初	other	403	333.5	1.2	no	8
originally	自体	other	316	92.0	3.4	no	8
originally	旧	other	223	597.4	0.4	no	8
originally	由来	other	143	178.5	0.8	no	8
originally	本来	other	128	95.3	1.3	no	8
originally	元々	other	53	36.0	1.5	no	8
originally	故	other	51	56.6	0.9	no	8
period	時間	other	859	551.1	1.6	no	8
period	代	other	611	785.4	0.8	no	8
period	頃	other	250	520.7	0.5	no	8
period	期間	other	211	144.5	1.5	no	8
period	時代	other	187	941.0	0.2	no	8
period	時期	other	137	203.6	0.7	no	8
period	比	other	103	52.1	2.0	no	8
period	期	other	57	501.1	0.1	no	8
principal	重要	other	1001	165.3	6.1	no	8
principal	元	other	624	867.7	0.7	no	8
principal	メイン	katakana	368	156.6	2.3	no	8
principal	主要	other	213	146.2	1.5	no	8
principal	基	other	136	144.4	0.9	no	8
principal	主	other	102	128.6	0.8	no	8
principal	重	other	85	88.8	1.0	no	8
principal	本	other	72	160.2	0.4	no	8
process	方法	other	2802	171.6	16.3	no	8
process	プロセス	katakana	980	40.6	24.1	no	8
process	手順	other	521	11.6	45.1	no	8
process	手続き	other	163	43.2	3.8	no	8
process	経路	other	123	42.7	2.9	no	8
process	流れ	other	78	59.3	1.3	no	8
process	過程	other	77	59.3	1.3	no	8
process	工程	other	75	21.1	3.6	no	8
provision	規定	other	331	125.9	2.6	no	8
provision	用意	other	327	60.1	5.4	no	8
provision	調達	other	249	23.8	10.5	no	8
provision	整備	other	240	203.5	1.2	no	8
provision	条	other	231	264.0	0.9	no	8
provision	準備	other	197	77.2	2.6	no	8
provision	供給	other	122	74.5	1.6	no	8
provision	支給	other	119	17.5	6.8	no	8
reality	実際	other	854	216.2	4.0	no	8
reality	真	other	136	105.0	1.3	no	8
reality	体	other	91	244.2	0.4	no	8
reality	実	other	88	137.0	0.6	no	8
reality	実体	other	69	12.0	5.7	no	8
reality	本当	other	65	79.1	0.8	no	8
reality	事実	other	56	73.1	0.8	no	8
reality	現実	other	51	41.0	1.3	no	8
recording	記録	other	395	526.6	0.7	no	8
recording	マーク	katakana	136	100.3	1.4	no	8
recording	収録	other	123	527.2	0.2	no	8
recording	音源	other	85	49.5	1.7	no	8
recording	撮影	other	69	258.7	0.3	no	8
recording	録音	other	65	93.6	0.7	no	8
recording	録画	other	55	15.7	3.5	no	8
recording	可視化	other	52	4.2	12.4	no	8
reduction	縮小	other	149	31.9	4.7	no	8
reduction	削減	other	111	29.7	3.7	no	8
reduction	軽減	other	74	18.9	3.9	no	8
reduction	短縮	other	71	37.8	1.9	no	8
reduction	減少	other	65	90.8	0.7	no	8
reduction	低減	other	59	11.8	5.0	no	8
reduction	カット	katakana	58	63.2	0.9	no	8
reduction	解消	other	50	43.1	1.2	no	8
regular	通常	other	1117	240.5	4.6	no	8
regular	正規	other	304	23.0	13.2	no	8
regular	正式	other	240	131.4	1.8	no	8
regular	正	other	204	72.8	2.8	no	8
regular	定期的	other	177	21.8	8.2	no	8
regular	正常	other	155	13.8	11.2	no	8
regular	普通	other	118	130.0	0.9	no	8
regular	本	other	72	160.2	0.4	no	8
right	適切	other	983	145.1	6.8	no	8
right	ライト	katakana	315	179.3	1.8	no	8
right	右	other	238	92.2	2.6	no	8
right	正	other	204	72.8	2.8	no	8
right	真	other	136	105.0	1.3	no	8
right	権利	other	90	74.7	1.2	no	8
right	本当	other	65	79.1	0.8	no	8
right	妥当	other	56	5.7	9.7	no	8
rule	ルール	katakana	854	84.0	10.2	no	8
rule	代	other	611	785.4	0.8	no	8
rule	法	other	505	388.4	1.3	no	8
rule	規定	other	331	125.9	2.6	no	8
rule	規則	other	195	59.6	3.3	no	8
rule	スケール	katakana	77	21.3	3.6	no	8
rule	罫線	other	57	0.4	131.4	no	8
rule	法則	other	53	27.9	1.9	no	8
scene	設定	other	6695	265.4	25.2	no	8
scene	画面	other	564	77.0	7.3	no	8
scene	図	other	423	109.2	3.9	no	8
scene	所	other	234	343.3	0.7	no	8
scene	段	other	117	128.6	0.9	no	8
scene	シーン	katakana	86	133.3	0.6	no	8
scene	場	other	85	94.8	0.9	no	8
scene	場面	other	64	67.9	0.9	no	8
service	サービス	katakana	2486	273.2	9.1	no	8
service	業務	other	622	129.5	4.8	no	8
service	事業	other	277	433.3	0.6	no	8
service	用途	other	263	37.0	7.1	no	8
service	取り扱い	other	213	58.6	3.6	no	8
service	役	other	128	903.1	0.1	no	8
service	供給	other	122	74.5	1.6	no	8
service	扱い	other	62	87.4	0.7	no	8
simple	簡単	other	614	41.5	14.8	no	8
simple	単一	other	583	17.9	32.5	no	8
simple	単純	other	311	35.7	8.7	no	8
simple	容易	other	293	40.7	7.2	no	8
simple	シンプル	katakana	207	22.1	9.4	no	8
simple	初	other	147	695.5	0.2	no	8
simple	生	other	87	90.6	1.0	no	8
simple	簡易	other	66	33.7	2.0	no	8
space	空間	other	867	108.8	8.0	no	8
space	間	other	730	565.0	1.3	no	8
space	場所	other	567	333.5	1.7	no	8
space	世界	other	357	1109.7	0.3	no	8
space	所	other	234	343.3	0.7	no	8
space	スペース	katakana	185	109.2	1.7	no	8
space	間隔	other	97	25.2	3.8	no	8
space	場	other	85	94.8	0.9	no	8
stage	次	other	3640	222.5	16.4	no	8
stage	ステップ	katakana	247	27.5	9.0	no	8
stage	段階	other	192	85.6	2.2	no	8
stage	時期	other	137	203.6	0.7	no	8
stage	段	other	117	128.6	0.9	no	8
stage	ステージ	katakana	67	278.1	0.2	no	8
stage	期	other	57	501.1	0.1	no	8
stage	板	other	52	40.7	1.3	no	8
standard	標準	other	997	83.2	12.0	no	8
standard	レベル	katakana	669	110.7	6.0	no	8
standard	規格	other	639	55.3	11.6	no	8
standard	基準	other	581	104.6	5.5	no	8
standard	スタンダード	katakana	277	37.0	7.5	no	8
standard	程度	other	268	168.3	1.6	no	8
standard	水準	other	126	20.6	6.1	no	8
standard	標準的	other	101	12.2	8.3	no	8
structure	構成	other	757	280.0	2.7	no	8
structure	構造	other	521	190.6	2.7	no	8
structure	組織	other	406	242.9	1.7	no	8
structure	機構	other	253	154.1	1.6	no	8
structure	体制	other	248	103.4	2.4	no	8
structure	仕組み	other	242	24.8	9.8	no	8
structure	構造体	other	151	2.6	58.1	no	8
structure	規模	other	86	82.6	1.0	no	8
substance	物	other	3627	2080.8	1.7	no	8
substance	内容	other	1107	227.6	4.9	no	8
substance	子	other	606	265.3	2.3	no	8
substance	本体	other	235	43.3	5.4	no	8
substance	体	other	91	244.2	0.4	no	8
substance	実	other	88	137.0	0.6	no	8
substance	中身	other	75	11.8	6.4	no	8
substance	実体	other	69	12.0	5.7	no	8
use	使用	other	12300	861.7	14.3	no	8
use	利用	other	3346	394.5	8.5	no	8
use	採用	other	1086	251.2	4.3	no	8
use	使い方	other	509	637.8	0.8	no	8
use	用途	other	263	37.0	7.1	no	8
use	用	other	163	9.4	17.4	no	8
use	扱い	other	62	87.4	0.7	no	8
use	用法	other	53	84.0	0.6	no	8
volume	ボリューム	katakana	529	48.4	10.9	yes	8
volume	容量	other	424	30.3	14.0	no	8
volume	量	other	181	94.6	1.9	no	8
volume	大きさ	other	169	47.0	3.6	no	8
volume	巻	other	102	805.0	0.1	no	8
volume	編	other	93	922.4	0.1	no	8
volume	本	other	72	160.2	0.4	no	8
volume	積	other	51	20.2	2.5	no	8
aim	為	other	9021	3426.6	2.6	no	7
aim	目的	other	686	219.8	3.1	no	7
aim	意図	other	230	32.4	7.1	no	7
aim	趣旨	other	178	14.7	12.1	no	7
aim	目標	other	161	83.4	1.9	no	7
aim	前提	other	122	27.9	4.4	no	7
aim	コンセプト	katakana	91	51.7	1.8	no	7
arrangement	配列	other	1551	23.0	67.3	no	7
arrangement	配置	other	862	116.8	7.4	no	7
arrangement	仕組み	other	242	24.8	9.8	no	7
arrangement	寸法	other	212	9.6	22.1	no	7
arrangement	予定	other	193	261.8	0.7	no	7
arrangement	整理	other	104	54.3	1.9	no	7
arrangement	成立	other	59	158.0	0.4	no	7
assignment	指定	other	6373	334.7	19.0	no	7
assignment	代入	other	416	2.6	157.9	yes	7
assignment	課題	other	272	48.8	5.6	no	7
assignment	付与	other	159	27.8	5.7	no	7
assignment	割り当て	other	159	9.8	16.2	no	7
assignment	役	other	128	903.1	0.1	no	7
assignment	仕事	other	77	171.3	0.5	no	7
background	バック	katakana	675	235.9	2.9	no	7
background	背景	other	271	76.7	3.5	no	7
background	バックグラウンド	katakana	223	9.4	23.7	yes	7
background	履歴	other	120	9.8	12.2	no	7
background	文脈	other	90	10.4	8.7	no	7
background	影	other	76	55.1	1.4	no	7
background	背後	other	59	20.8	2.9	no	7
cause	元	other	624	867.7	0.7	no	7
cause	訳	other	289	313.6	0.9	no	7
cause	原因	other	189	117.4	1.6	no	7
cause	基	other	136	144.4	0.9	no	7
cause	種	other	113	277.4	0.4	no	7
cause	本	other	72	160.2	0.4	no	7
cause	故	other	51	56.6	0.9	no	7
center	中	other	1063	859.6	1.2	no	7
center	軸	other	415	56.4	7.4	no	7
center	センター	katakana	328	510.6	0.6	no	7
center	中心	other	227	402.9	0.6	no	7
center	中央	other	113	374.1	0.3	no	7
center	中間	other	101	48.2	2.1	no	7
center	拠点	other	67	120.9	0.6	no	7
check	確認	other	2121	171.0	12.4	no	7
check	チェック	katakana	713	28.4	25.2	no	7
check	防止	other	224	47.9	4.7	no	7
check	検査	other	217	74.0	2.9	no	7
check	照合	other	173	2.1	83.8	no	7
check	抑制	other	87	28.0	3.1	no	7
check	ビル	katakana	86	145.9	0.6	no	7
comment	コメント	katakana	286	86.7	3.3	no	7
comment	注釈	other	147	22.9	6.4	no	7
comment	米	other	141	109.7	1.3	no	7
comment	言葉	other	118	197.6	0.6	no	7
comment	批判	other	92	126.9	0.7	no	7
comment	注	other	87	26.9	3.2	no	7
comment	意見	other	59	82.0	0.7	no	7
common	通常	other	1117	240.5	4.6	no	7
common	一般的	other	831	124.5	6.7	no	7
common	一般	other	465	256.6	1.8	no	7
common	共通	other	284	85.7	3.3	no	7
common	一方	other	230	203.7	1.1	no	7
common	コモン	katakana	123	15.0	8.2	no	7
common	普通	other	118	130.0	0.9	no	7
company	社	other	982	1189.1	0.8	no	7
company	企業	other	657	239.3	2.7	no	7
company	列	other	484	58.2	8.3	no	7
company	会社	other	299	332.6	0.9	no	7
company	法人	other	139	124.2	1.1	no	7
company	カンパニー	katakana	130	88.0	1.5	no	7
company	相手	other	79	221.6	0.4	no	7
composition	構成	other	757	280.0	2.7	no	7
composition	文	other	583	127.3	4.6	no	7
composition	合成	other	152	61.5	2.5	no	7
composition	成分	other	107	35.5	3.0	no	7
composition	文章	other	79	30.5	2.6	no	7
composition	組	other	77	255.8	0.3	no	7
composition	曲	other	62	615.4	0.1	no	7
conclusion	最後	other	706	339.7	2.1	no	7
conclusion	終了	other	687	382.3	1.8	no	7
conclusion	完了	other	523	72.6	7.2	no	7
conclusion	判断	other	331	92.5	3.6	no	7
conclusion	段落	other	194	1.8	107.0	no	7
conclusion	終わり	other	99	44.4	2.2	no	7
conclusion	成立	other	59	158.0	0.4	no	7
extent	範囲	other	984	78.3	12.6	no	7
extent	度	other	546	575.2	0.9	no	7
extent	スコープ	katakana	521	7.3	71.2	no	7
extent	限り	other	422	87.3	4.8	no	7
extent	分	other	388	1042.5	0.4	no	7
extent	寸法	other	212	9.6	22.1	no	7
extent	段	other	117	128.6	0.9	no	7
following	次	other	3640	222.5	16.4	no	7
following	結果	other	1963	464.9	4.2	no	7
following	通り	other	812	439.9	1.8	no	7
following	チェック	katakana	713	28.4	25.2	no	7
following	順守	other	513	6.7	77.0	no	7
following	準拠	other	164	12.9	12.6	no	7
following	トレース	katakana	117	4.8	24.7	no	7
gap	中	other	1063	859.6	1.2	no	7
gap	空間	other	867	108.8	8.0	no	7
gap	間	other	730	565.0	1.3	no	7
gap	幅	other	547	69.4	7.9	no	7
gap	空白	other	229	13.5	17.0	no	7
gap	距離	other	116	118.3	1.0	no	7
gap	誤差	other	50	8.1	6.2	no	7
improvement	向上	other	459	97.0	4.7	no	7
improvement	改善	other	363	72.0	5.0	no	7
improvement	維持	other	269	98.5	2.7	no	7
improvement	整備	other	240	203.5	1.2	no	7
improvement	改良	other	174	70.1	2.5	no	7
improvement	進化	other	118	60.1	2.0	no	7
improvement	バージョンアップ	katakana	57	4.5	12.7	no	7
information	情報	other	7012	665.5	10.5	no	7
information	報告	other	543	188.8	2.9	no	7
information	インフォメーション	katakana	324	56.5	5.7	no	7
information	知識	other	217	62.9	3.4	no	7
information	資料	other	120	197.9	0.6	no	7
information	インフォ	katakana	96	65.3	1.5	no	7
information	報	other	87	6.2	14.1	no	7
installation	実装	other	1724	39.1	44.1	no	7
installation	インストール	katakana	1020	11.5	88.5	yes	7
installation	導入	other	552	222.0	2.5	no	7
installation	装置	other	335	157.8	2.1	no	7
installation	セットアップ	katakana	276	2.2	125.2	no	7
installation	設置	other	139	471.7	0.3	no	7
installation	設備	other	51	82.9	0.6	no	7
intention	目的	other	686	219.8	3.1	no	7
intention	意図	other	230	32.4	7.1	no	7
intention	寸法	other	212	9.6	22.1	no	7
intention	前提	other	122	27.9	4.4	no	7
intention	コンセプト	katakana	91	51.7	1.8	no	7
intention	気	other	81	139.9	0.6	no	7
intention	考え	other	52	46.2	1.1	no	7
introduction	導入	other	552	222.0	2.5	no	7
introduction	登場	other	477	848.1	0.6	no	7
introduction	紹介	other	317	307.0	1.0	no	7
introduction	提出	other	142	75.2	1.9	no	7
introduction	イントロダクション	katakana	102	17.3	5.9	no	7
introduction	入門	other	96	60.3	1.6	no	7
introduction	投入	other	72	51.9	1.4	no	7
item	要素	other	7699	93.7	82.1	no	7
item	事項	other	1255	29.5	42.6	no	7
item	アイテム	katakana	865	67.7	12.8	no	7
item	項目	other	786	201.8	3.9	no	7
item	項	other	169	102.0	1.7	no	7
item	目	other	127	180.7	0.7	no	7
item	件	other	97	137.3	0.7	no	7
limit	制限	other	912	90.2	10.1	no	7
limit	度	other	546	575.2	0.9	no	7
limit	限り	other	422	87.3	4.8	no	7
limit	境界	other	366	49.6	7.4	no	7
limit	限定	other	159	227.6	0.7	no	7
limit	限界	other	66	34.7	1.9	no	7
limit	期	other	57	501.1	0.1	no	7
manner	方法	other	2802	171.6	16.3	no	7
manner	形式	other	1198	216.9	5.5	no	7
manner	モード	katakana	972	118.3	8.2	no	7
manner	色	other	910	159.2	5.7	no	7
manner	方	other	462	268.2	1.7	no	7
manner	形	other	316	272.3	1.2	no	7
manner	様	other	51	51.9	1.0	no	7
mark	標準	other	997	83.2	12.0	no	7
mark	点	other	885	363.9	2.4	no	7
mark	符号	other	339	15.9	21.3	no	7
mark	台	other	308	313.7	1.0	no	7
mark	記号	other	236	43.4	5.4	no	7
mark	目標	other	161	83.4	1.9	no	7
mark	マーク	katakana	136	100.3	1.4	no	7
means	方法	other	2802	171.6	16.3	no	7
means	仕様	other	762	119.7	6.4	no	7
means	方	other	462	268.2	1.7	no	7
means	手段	other	174	50.2	3.5	no	7
means	策	other	162	27.5	5.9	no	7
means	手	other	110	271.5	0.4	no	7
means	資産	other	91	33.7	2.7	no	7
mechanism	機関	other	811	154.7	5.2	no	7
mechanism	機構	other	253	154.1	1.6	no	7
mechanism	仕組み	other	242	24.8	9.8	no	7
mechanism	機械	other	221	90.4	2.4	no	7
mechanism	メカニズム	katakana	125	15.4	8.1	no	7
mechanism	種	other	113	277.4	0.4	no	7
mechanism	過程	other	77	59.3	1.3	no	7
outside	他	other	3005	1417.5	2.1	no	7
outside	以外	other	893	314.4	2.8	no	7
outside	外部	other	804	50.0	16.1	no	7
outside	表	other	521	142.8	3.6	no	7
outside	アウト	katakana	192	85.0	2.3	no	7
outside	外側	other	151	24.5	6.2	no	7
outside	外	other	132	73.3	1.8	no	7
paragraph	行	other	1071	114.6	9.3	no	7
paragraph	節	other	376	148.3	2.5	no	7
paragraph	条	other	231	264.0	0.9	no	7
paragraph	段落	other	194	1.8	107.0	no	7
paragraph	項	other	169	102.0	1.7	no	7
paragraph	段	other	117	128.6	0.9	no	7
paragraph	件	other	97	137.3	0.7	no	7
percentage	分	other	388	1042.5	0.4	no	7
percentage	分割	other	281	79.6	3.5	no	7
percentage	率	other	193	69.9	2.8	no	7
percentage	パーセント	katakana	181	21.1	8.6	no	7
percentage	割合	other	92	29.0	3.2	no	7
percentage	パーセンテージ	katakana	89	1.0	90.2	no	7
percentage	比率	other	60	22.1	2.7	no	7
progress	向上	other	459	97.0	4.7	no	7
progress	量	other	181	94.6	1.9	no	7
progress	進化	other	118	60.1	2.0	no	7
progress	経過	other	97	39.7	2.4	no	7
progress	進行	other	89	75.3	1.2	no	7
progress	推移	other	55	42.6	1.3	no	7
progress	進捗	other	52	3.7	13.9	no	7
publication	リリース	katakana	1543	286.2	5.4	no	7
publication	発表	other	1427	726.8	2.0	no	7
publication	公開	other	934	486.9	1.9	no	7
publication	発行	other	346	306.8	1.1	no	7
publication	出版	other	181	507.6	0.4	no	7
publication	掲載	other	157	215.3	0.7	no	7
publication	書籍	other	131	77.6	1.7	no	7
range	範囲	other	984	78.3	12.6	no	7
range	幅	other	547	69.4	7.9	no	7
range	スコープ	katakana	521	7.3	71.2	no	7
range	台	other	308	313.7	1.0	no	7
range	距離	other	116	118.3	1.0	no	7
range	場	other	85	94.8	0.9	no	7
range	帯域	other	74	4.3	17.0	no	7
reason	物	other	3627	2080.8	1.7	no	7
reason	理由	other	478	236.5	2.0	no	7
reason	付け	other	402	42.6	9.4	no	7
reason	訳	other	289	313.6	0.9	no	7
reason	条	other	231	264.0	0.9	no	7
reason	理	other	75	24.1	3.1	no	7
reason	故	other	51	56.6	0.9	no	7
region	ブロック	katakana	1276	91.1	14.0	no	7
region	領域	other	519	78.4	6.6	no	7
region	部	other	252	1097.4	0.2	no	7
region	国	other	106	272.5	0.4	no	7
region	辺	other	94	21.2	4.4	no	7
region	地域	other	89	591.9	0.2	no	7
region	リージョン	katakana	52	12.9	4.0	no	7
regulation	コード	katakana	3590	108.1	33.2	no	7
regulation	法	other	505	388.4	1.3	no	7
regulation	規定	other	331	125.9	2.6	no	7
regulation	調整	other	310	73.7	4.2	no	7
regulation	規則	other	195	59.6	3.3	no	7
regulation	整理	other	104	54.3	1.9	no	7
regulation	規制	other	61	74.1	0.8	no	7
release	リリース	katakana	1543	286.2	5.4	yes	7
release	発売	other	1227	969.6	1.3	no	7
release	公開	other	934	486.9	1.9	no	7
release	解除	other	189	44.0	4.3	no	7
release	解放	other	163	69.0	2.4	no	7
release	稼働	other	144	36.0	4.0	yes	7
release	開示	other	53	9.1	5.8	no	7
report	情報	other	7012	665.5	10.5	no	7
report	記事	other	681	314.5	2.2	no	7
report	報告	other	543	188.8	2.9	no	7
report	通知	other	411	17.9	22.9	no	7
report	レポート	katakana	298	155.6	1.9	no	7
report	報告書	other	90	75.4	1.2	no	7
report	報	other	87	6.2	14.1	no	7
season	時	other	4201	1843.2	2.3	no	7
season	節	other	376	148.3	2.5	no	7
season	頃	other	250	520.7	0.5	no	7
season	時期	other	137	203.6	0.7	no	7
season	比	other	103	52.1	2.0	no	7
season	秋	other	63	130.8	0.5	no	7
season	期	other	57	501.1	0.1	no	7
society	社	other	982	1189.1	0.8	no	7
society	代	other	611	785.4	0.8	no	7
society	世界	other	357	1109.7	0.3	no	7
society	協会	other	145	494.6	0.3	no	7
society	団体	other	121	185.9	0.7	no	7
society	社会	other	96	318.3	0.3	no	7
society	ソサエティー	katakana	86	65.9	1.3	no	7
statement	発表	other	1427	726.8	2.0	no	7
statement	命令	other	1019	94.3	10.8	yes	7
statement	記載	other	636	145.4	4.4	no	7
statement	文	other	583	127.3	4.6	yes	7
statement	言葉	other	118	197.6	0.6	no	7
statement	ステートメント	katakana	77	7.9	9.7	no	7
statement	論述	other	75	0.9	85.4	no	7
top	上	other	1233	475.6	2.6	no	7
top	表	other	521	142.8	3.6	no	7
top	上位	other	211	68.7	3.1	no	7
top	ピン	katakana	143	11.8	12.1	no	7
top	頂点	other	98	20.9	4.7	no	7
top	トップ	katakana	79	155.9	0.5	no	7
top	上端	other	60	1.6	38.0	no	7
address	前	other	1519	937.1	1.6	no	6
address	アドレス	katakana	770	14.5	53.1	yes	6
address	先	other	370	156.6	2.4	no	6
address	上書き	other	332	1.9	173.1	no	6
address	所	other	234	343.3	0.7	no	6
address	宛て先	other	68	2.0	34.2	no	6
agreement	一致	other	841	46.8	18.0	no	6
agreement	契約	other	359	283.6	1.3	no	6
agreement	承認	other	120	70.7	1.7	no	6
agreement	規約	other	67	12.9	5.2	no	6
agreement	合意	other	65	63.4	1.0	no	6
agreement	同意	other	50	28.0	1.8	no	6
alteration	変更	other	3224	505.2	6.4	no	6
alteration	修正	other	684	51.2	13.4	no	6
alteration	変化	other	422	170.5	2.5	no	6
alteration	改竄	other	93	6.3	14.7	no	6
alteration	改変	other	59	13.7	4.3	no	6
alteration	改訂	other	55	35.9	1.5	no	6
announcement	発表	other	1427	726.8	2.0	no	6
announcement	宣言	other	983	100.9	9.7	no	6
announcement	広告	other	193	73.4	2.6	no	6
announcement	放送	other	98	1445.8	0.1	no	6
announcement	アナウンス	katakana	70	34.0	2.1	no	6
announcement	表明	other	62	83.2	0.7	no	6
another	他	other	3005	1417.5	2.1	no	6
another	別	other	875	421.0	2.1	no	6
another	今	other	158	159.7	1.0	no	6
another	外	other	132	73.3	1.8	no	6
another	別個	other	60	5.1	11.7	no	6
another	別途	other	59	10.5	5.6	no	6
approval	許可	other	823	71.2	11.6	no	6
approval	承認	other	120	70.7	1.7	no	6
approval	可	other	87	31.0	2.8	no	6
approval	認可	other	82	41.6	2.0	no	6
approval	成立	other	59	158.0	0.4	no	6
approval	同意	other	50	28.0	1.8	no	6
article	物	other	3627	2080.8	1.7	no	6
article	記事	other	681	314.5	2.2	no	6
article	条	other	231	264.0	0.9	no	6
article	アーティクル	katakana	189	182.5	1.0	no	6
article	論文	other	181	87.4	2.1	no	6
article	文章	other	79	30.5	2.6	no	6
aspect	点	other	885	363.9	2.4	no	6
aspect	面	other	242	379.0	0.6	no	6
aspect	所	other	234	343.3	0.7	no	6
aspect	向き	other	91	12.1	7.6	no	6
aspect	アスペクト	katakana	81	5.3	15.3	no	6
aspect	側面	other	54	51.4	1.0	no	6
association	ブロック	katakana	1276	91.1	14.0	no	6
association	社	other	982	1189.1	0.8	no	6
association	共同	other	214	217.2	1.0	no	6
association	協会	other	145	494.6	0.3	no	6
association	団体	other	121	185.9	0.7	no	6
association	アソシエーション	katakana	92	53.3	1.7	no	6
balance	中心	other	227	402.9	0.6	no	6
balance	安定	other	157	54.5	2.9	no	6
balance	残り	other	149	56.2	2.6	no	6
balance	平均	other	78	109.3	0.7	no	6
balance	スケール	katakana	77	21.3	3.6	no	6
balance	均衡	other	52	7.5	7.0	no	6
before	前	other	1519	937.1	1.6	no	6
before	元	other	624	867.7	0.7	no	6
before	以前	other	496	227.4	2.2	no	6
before	先	other	370	156.6	2.4	no	6
before	旧	other	223	597.4	0.4	no	6
before	故	other	51	56.6	0.9	no	6
board	ボード	katakana	227	37.2	6.1	no	6
board	基盤	other	204	36.2	5.6	no	6
board	委員会	other	116	384.5	0.3	no	6
board	基板	other	92	7.8	11.8	no	6
board	ボール	katakana	62	104.9	0.6	no	6
board	板	other	52	40.7	1.3	no	6
category	項目	other	786	201.8	3.9	no	6
category	種類	other	752	143.0	5.3	no	6
category	方	other	462	268.2	1.7	no	6
category	カテゴリー	katakana	261	351.8	0.7	no	6
category	部	other	252	1097.4	0.2	no	6
category	部門	other	186	213.2	0.9	no	6
centre	中	other	1063	859.6	1.2	no	6
centre	軸	other	415	56.4	7.4	no	6
centre	センター	katakana	328	510.6	0.6	no	6
centre	中心	other	227	402.9	0.6	no	6
centre	中央	other	113	374.1	0.3	no	6
centre	中間	other	101	48.2	2.1	no	6
channel	ルート	katakana	656	94.8	6.9	no	6
channel	チャンネル	katakana	468	246.0	1.9	no	6
channel	条	other	231	264.0	0.9	no	6
channel	経路	other	123	42.7	2.9	no	6
channel	局	other	118	596.1	0.2	no	6
channel	パイプ	katakana	84	15.6	5.4	no	6
connection	関連	other	3620	424.8	8.5	no	6
connection	接続	other	1072	99.6	10.8	no	6
connection	関係	other	762	424.1	1.8	no	6
connection	コネクション	katakana	142	10.2	13.9	no	6
connection	連絡	other	111	85.7	1.3	no	6
connection	連結	other	91	43.1	2.1	no	6
construction	構築	other	958	56.2	17.1	no	6
construction	構成	other	757	280.0	2.7	no	6
construction	構造	other	521	190.6	2.7	no	6
construction	組織	other	406	242.9	1.7	no	6
construction	解釈	other	288	54.7	5.3	no	6
construction	仕組み	other	242	24.8	9.8	no	6
continuation	前	other	1519	937.1	1.6	no	6
continuation	先	other	370	156.6	2.4	no	6
continuation	継続	other	173	98.4	1.8	no	6
continuation	連続	other	143	269.0	0.5	no	6
continuation	永続	other	85	4.3	19.7	no	6
continuation	延長	other	51	117.1	0.4	no	6
corporation	社	other	982	1189.1	0.8	no	6
corporation	企業	other	657	239.3	2.7	no	6
corporation	株式会社	other	596	811.0	0.7	no	6
corporation	会社	other	299	332.6	0.9	no	6
corporation	コーポレーション	katakana	185	43.7	4.2	no	6
corporation	法人	other	139	124.2	1.1	no	6
creation	設定	other	6695	265.4	25.2	no	6
creation	生成	other	1818	57.4	31.7	no	6
creation	構築	other	958	56.2	17.1	no	6
creation	制作	other	151	476.1	0.3	no	6
creation	誕生	other	69	158.3	0.4	no	6
creation	制定	other	63	100.3	0.6	no	6
device	機関	other	811	154.7	5.2	no	6
device	デバイス	katakana	653	21.4	30.5	no	6
device	機器	other	607	74.4	8.2	no	6
device	装置	other	335	157.8	2.1	no	6
device	考案	other	76	29.1	2.6	no	6
device	細工	other	60	8.7	7.0	no	6
direction	方向	other	864	104.6	8.3	no	6
direction	方	other	462	268.2	1.7	no	6
direction	ベクトル	katakana	176	20.0	8.8	no	6
direction	手	other	110	271.5	0.4	no	6
direction	向き	other	91	12.1	7.6	no	6
direction	矢印	other	62	4.3	14.5	no	6
expansion	拡張	other	863	63.8	13.5	no	6
expansion	拡張機能	other	347	1.5	238.6	yes	6
expansion	展開	other	246	199.7	1.2	no	6
expansion	拡大	other	173	159.6	1.1	no	6
expansion	発展	other	143	143.5	1.0	no	6
expansion	増設	other	53	20.7	2.5	no	6
expression	表示	other	3311	1059.5	3.1	no	6
expression	色	other	910	159.2	5.7	no	6
expression	表現	other	829	164.0	5.1	no	6
expression	式	other	585	419.6	1.4	no	6
expression	言葉	other	118	197.6	0.6	no	6
expression	表明	other	62	83.2	0.7	no	6
extension	拡張	other	863	63.8	13.5	no	6
extension	拡大	other	173	159.6	1.1	no	6
extension	発展	other	143	143.5	1.0	no	6
extension	エクステンション	katakana	70	6.2	11.4	no	6
extension	増設	other	53	20.7	2.5	no	6
extension	延長	other	51	117.1	0.4	no	6
formation	生成	other	1818	57.4	31.7	no	6
formation	構成	other	757	280.0	2.7	no	6
formation	組織	other	406	242.9	1.7	no	6
formation	形成	other	77	152.1	0.5	no	6
formation	誕生	other	69	158.3	0.4	no	6
formation	成立	other	59	158.0	0.4	no	6
grade	点	other	885	363.9	2.4	no	6
grade	レベル	katakana	669	110.7	6.0	no	6
grade	程度	other	268	168.3	1.6	no	6
grade	段階	other	192	85.6	2.2	no	6
grade	段	other	117	128.6	0.9	no	6
grade	点数	other	104	11.5	9.1	no	6
inspection	閲覧	other	9073	7532.7	1.2	no	6
inspection	チェック	katakana	713	28.4	25.2	no	6
inspection	監査	other	575	17.0	33.9	no	6
inspection	検査	other	217	74.0	2.9	no	6
inspection	審査	other	62	54.8	1.1	no	6
inspection	検定	other	62	31.0	2.0	no	6
interest	子	other	606	265.3	2.3	no	6
interest	興味	other	87	59.0	1.5	no	6
interest	気	other	81	139.9	0.6	no	6
interest	関心	other	74	40.0	1.9	no	6
interest	曲	other	62	615.4	0.1	no	6
interest	矢印	other	62	4.3	14.5	no	6
issue	問題	other	1312	399.2	3.3	no	6
issue	発行	other	346	306.8	1.1	no	6
issue	号	other	280	2122.2	0.1	no	6
issue	課題	other	272	48.8	5.6	no	6
issue	イシュー	katakana	139	15.6	8.9	no	6
issue	種	other	113	277.4	0.4	no	6
judgement	監査	other	575	17.0	33.9	no	6
judgement	判断	other	331	92.5	3.6	no	6
judgement	目	other	127	180.7	0.7	no	6
judgement	判定	other	117	81.2	1.4	no	6
judgement	批判	other	92	126.9	0.7	no	6
judgement	考え	other	52	46.2	1.1	no	6
just	限り	other	422	87.3	4.8	no	6
just	真	other	136	105.0	1.3	no	6
just	一人	other	104	379.9	0.3	no	6
just	ジャスト	katakana	71	25.6	2.8	no	6
just	オンリー	katakana	58	23.5	2.5	no	6
just	左右	other	53	56.5	0.9	no	6
kind	色	other	910	159.2	5.7	no	6
kind	種類	other	752	143.0	5.3	no	6
kind	タイプ	katakana	648	165.8	3.9	no	6
kind	種	other	113	277.4	0.4	no	6
kind	手	other	110	271.5	0.4	no	6
kind	比	other	103	52.1	2.0	no	6
light	簡単	other	614	41.5	14.8	no	6
light	ライト	katakana	315	179.3	1.8	no	6
light	電気	other	160	186.5	0.9	no	6
light	光	other	147	193.3	0.8	no	6
light	明らか	other	133	125.8	1.1	no	6
light	影	other	76	55.1	1.4	no	6
list	リスト	katakana	2179	132.9	16.4	no	6
list	表	other	521	142.8	3.6	no	6
list	一覧	other	453	744.0	0.6	no	6
list	列挙	other	217	7.4	29.5	no	6
list	候補	other	67	112.4	0.6	no	6
list	並び	other	52	35.4	1.5	no	6
look	色	other	910	159.2	5.7	no	6
look	御覧	other	537	11.9	45.3	no	6
look	一覧	other	453	744.0	0.6	no	6
look	目	other	127	180.7	0.7	no	6
look	ルック	katakana	58	18.3	3.2	no	6
look	見た目	other	52	21.6	2.4	no	6
main	親	other	727	64.6	11.2	no	6
main	メイン	katakana	368	156.6	2.3	no	6
main	主要	other	213	146.2	1.5	no	6
main	主	other	102	128.6	0.8	no	6
main	重	other	85	88.8	1.0	no	6
main	本	other	72	160.2	0.4	no	6
nature	人	other	284	482.4	0.6	no	6
nature	人気	other	145	208.0	0.7	no	6
nature	性質	other	111	47.2	2.3	no	6
nature	自然	other	103	146.9	0.7	no	6
nature	向き	other	91	12.1	7.6	no	6
nature	気	other	81	139.9	0.6	no	6
notice	注意	other	892	61.0	14.6	no	6
notice	通知	other	411	17.9	22.9	no	6
notice	広告	other	193	73.4	2.6	no	6
notice	注目	other	131	89.7	1.5	no	6
notice	目	other	127	180.7	0.7	no	6
notice	お知らせ	other	64	184.3	0.3	no	6
number	数	other	1186	430.3	2.8	no	6
number	番号	other	406	187.9	2.2	no	6
number	号	other	280	2122.2	0.1	no	6
number	ナンバー	katakana	244	245.2	1.0	no	6
number	数字	other	185	51.1	3.6	no	6
number	番	other	74	422.5	0.2	no	6
oneself	自分	other	341	427.7	0.8	no	6
oneself	自身	other	337	422.1	0.8	no	6
oneself	自体	other	316	92.0	3.4	no	6
oneself	自分自身	other	138	14.3	9.6	no	6
oneself	自己	other	122	81.9	1.5	no	6
oneself	自ら	other	70	195.7	0.4	no	6
opinion	観測	other	385	90.3	4.3	no	6
opinion	主張	other	174	164.2	1.1	no	6
opinion	考え方	other	117	26.0	4.5	no	6
opinion	声	other	69	560.1	0.1	no	6
opinion	意見	other	59	82.0	0.7	no	6
opinion	考え	other	52	46.2	1.1	no	6
opportunity	時	other	4201	1843.2	2.3	no	6
opportunity	機	other	349	378.2	0.9	no	6
opportunity	時刻	other	308	23.4	13.1	no	6
opportunity	秋	other	63	130.8	0.5	no	6
opportunity	期	other	57	501.1	0.1	no	6
opportunity	機会	other	52	65.9	0.8	no	6
ordinary	通常	other	1117	240.5	4.6	no	6
ordinary	一般	other	465	256.6	1.8	no	6
ordinary	一方	other	230	203.7	1.1	no	6
ordinary	普通	other	118	130.0	0.9	no	6
ordinary	標準的	other	101	12.2	8.3	no	6
ordinary	平均的	other	57	8.8	6.4	no	6
pair	ペア	katakana	159	29.1	5.5	no	6
pair	対	other	107	236.2	0.5	no	6
pair	一番	other	78	219.3	0.4	no	6
pair	番	other	74	422.5	0.2	no	6
pair	両者	other	63	45.6	1.4	no	6
pair	二人	other	55	344.4	0.2	no	6
pattern	型	other	2046	26.9	76.0	no	6
pattern	パターン	katakana	624	42.3	14.8	no	6
pattern	文	other	583	127.3	4.6	no	6
pattern	構造	other	521	190.6	2.7	no	6
pattern	法	other	505	388.4	1.3	no	6
pattern	類型	other	60	8.6	7.0	no	6
person	方	other	462	268.2	1.7	no	6
person	者	other	340	283.7	1.2	no	6
person	人	other	284	482.4	0.6	no	6
person	人間	other	224	306.9	0.7	no	6
person	向き	other	91	12.1	7.6	no	6
person	人物	other	80	471.6	0.2	no	6
place	位置	other	1430	332.7	4.3	no	6
place	場所	other	567	333.5	1.7	no	6
place	所	other	234	343.3	0.7	no	6
place	箇所	other	121	124.1	1.0	no	6
place	場	other	85	94.8	0.9	no	6
place	場面	other	64	67.9	0.9	no	6
plain	単純	other	311	35.7	8.7	no	6
plain	容易	other	293	40.7	7.2	no	6
plain	プレーン	katakana	221	6.7	32.9	no	6
plain	シンプル	katakana	207	22.1	9.4	no	6
plain	明らか	other	133	125.8	1.1	no	6
plain	簡易	other	66	33.7	2.0	no	6
plot	文	other	583	127.3	4.6	no	6
plot	仕組み	other	242	24.8	9.8	no	6
plot	条	other	231	264.0	0.9	no	6
plot	コンセプト	katakana	91	51.7	1.8	no	6
plot	ストーリー	katakana	82	170.0	0.5	no	6
plot	事件	other	66	488.5	0.1	no	6
portion	前	other	1519	937.1	1.6	no	6
portion	部分	other	798	249.0	3.2	no	6
portion	分	other	388	1042.5	0.4	no	6
portion	部	other	252	1097.4	0.2	no	6
portion	量	other	181	94.6	1.9	no	6
portion	箇所	other	121	124.1	1.0	no	6
post	スレッド	katakana	408	7.4	55.4	no	6
post	メール	katakana	348	47.8	7.3	no	6
post	エントリー	katakana	222	40.5	5.5	no	6
post	投稿	other	180	67.7	2.7	no	6
post	役	other	128	903.1	0.1	no	6
post	ポスト	katakana	123	117.5	1.0	no	6
principle	法	other	505	388.4	1.3	no	6
principle	線	other	177	344.9	0.5	no	6
principle	方針	other	111	72.4	1.5	no	6
principle	原則	other	103	61.2	1.7	no	6
principle	理	other	75	24.1	3.1	no	6
principle	原理	other	66	28.6	2.3	no	6
printing	版	other	3542	2474.4	1.4	no	6
printing	プレス	katakana	221	258.6	0.9	no	6
printing	印刷	other	190	45.0	4.2	no	6
printing	掲載	other	157	215.3	0.7	no	6
printing	収録	other	123	527.2	0.2	no	6
printing	プリント	katakana	118	17.6	6.7	no	6
procedure	方法	other	2802	171.6	16.3	no	6
procedure	手順	other	521	11.6	45.1	no	6
procedure	順序	other	462	14.2	32.6	no	6
procedure	手続き	other	163	43.2	3.8	no	6
procedure	流れ	other	78	59.3	1.3	no	6
procedure	プロシージャー	katakana	68	2.1	32.8	no	6
proper	適切	other	983	145.1	6.8	no	6
proper	正式	other	240	131.4	1.8	no	6
proper	本来	other	128	95.3	1.3	no	6
proper	本	other	72	160.2	0.4	no	6
proper	本当	other	65	79.1	0.8	no	6
proper	妥当	other	56	5.7	9.7	no	6
rank	レベル	katakana	669	110.7	6.0	no	6
rank	列	other	484	58.2	8.3	no	6
rank	段階	other	192	85.6	2.2	no	6
rank	段	other	117	128.6	0.9	no	6
rank	番	other	74	422.5	0.2	no	6
rank	並び	other	52	35.4	1.5	no	6
rate	分	other	388	1042.5	0.4	no	6
rate	速度	other	306	105.0	2.9	no	6
rate	分割	other	281	79.6	3.5	no	6
rate	率	other	193	69.9	2.8	no	6
rate	レート	katakana	176	13.8	12.7	no	6
rate	割合	other	92	29.0	3.2	no	6
reading	閲覧	other	9073	7532.7	1.2	no	6
reading	数値	other	855	33.7	25.4	no	6
reading	読み込み	other	326	1.2	276.0	yes	6
reading	解釈	other	288	54.7	5.3	no	6
reading	読み取り	other	83	1.5	55.7	no	6
reading	リード	katakana	64	55.9	1.1	no	6
reference	参照	other	3414	262.0	13.0	no	6
reference	検索	other	549	65.7	8.3	no	6
reference	レファレンス	katakana	409	75.1	5.4	no	6
reference	参考	other	258	40.6	6.4	no	6
reference	引用	other	76	48.5	1.6	no	6
reference	言及	other	58	53.6	1.1	no	6
replacement	更新	other	1600	112.1	14.3	no	6
replacement	代わり	other	918	90.4	10.2	no	6
replacement	交換	other	271	97.7	2.8	no	6
replacement	置換	other	149	11.1	13.4	no	6
replacement	形成	other	77	152.1	0.5	no	6
replacement	切り替え	other	75	13.3	5.6	no	6
result	為	other	9021	3426.6	2.6	no	6
result	結果	other	1963	464.9	4.2	no	6
result	数値	other	855	33.7	25.4	no	6
result	効果	other	443	134.4	3.3	no	6
result	実	other	88	137.0	0.6	no	6
result	成果	other	67	38.4	1.8	no	6
root	ルート	katakana	656	94.8	6.9	yes	6
root	元	other	624	867.7	0.7	no	6
root	管理者	other	278	25.5	10.9	yes	6
root	基	other	136	144.4	0.9	no	6
root	解	other	78	26.0	3.0	no	6
root	本	other	72	160.2	0.4	no	6
security	セキュリティー	katakana	1782	39.4	45.2	no	6
security	安全	other	547	129.4	4.2	no	6
security	保証	other	329	23.3	14.1	no	6
security	形	other	316	272.3	1.2	no	6
security	安全性	other	110	17.5	6.3	no	6
security	安定性	other	50	11.2	4.5	no	6
sense	意味	other	889	359.7	2.5	no	6
sense	検出	other	382	30.1	12.7	no	6
sense	訳	other	289	313.6	0.9	no	6
sense	意識	other	77	89.0	0.9	no	6
sense	理	other	75	24.1	3.1	no	6
sense	声	other	69	560.1	0.1	no	6
separate	別	other	875	421.0	2.1	no	6
separate	個別	other	266	27.1	9.8	no	6
separate	個々	other	190	18.1	10.5	no	6
separate	別々	other	70	12.6	5.5	no	6
separate	別個	other	60	5.1	11.7	no	6
separate	別途	other	59	10.5	5.6	no	6
sight	一覧	other	453	744.0	0.6	no	6
sight	図	other	423	109.2	3.9	no	6
sight	目	other	127	180.7	0.7	no	6
sight	ビジョン	katakana	95	35.9	2.6	no	6
sight	シーン	katakana	86	133.3	0.6	no	6
sight	視覚	other	54	14.1	3.8	no	6
sound	色	other	910	159.2	5.7	no	6
sound	音声	other	502	72.7	6.9	no	6
sound	確実	other	193	25.4	7.6	no	6
sound	サウンド	katakana	138	110.2	1.3	no	6
sound	音	other	111	168.5	0.7	no	6
sound	声	other	69	560.1	0.1	no	6
spot	点	other	885	363.9	2.4	no	6
spot	場所	other	567	333.5	1.7	no	6
spot	ポイント	katakana	244	131.5	1.9	no	6
spot	所	other	234	343.3	0.7	no	6
spot	箇所	other	121	124.1	1.0	no	6
spot	場	other	85	94.8	0.9	no	6
stock	物	other	3627	2080.8	1.7	no	6
stock	元	other	624	867.7	0.7	no	6
stock	台	other	308	313.7	1.0	no	6
stock	商品	other	141	119.4	1.2	no	6
stock	基	other	136	144.4	0.9	no	6
stock	本	other	72	160.2	0.4	no	6
storage	保存	other	807	101.2	8.0	no	6
storage	格納	other	582	11.9	48.8	no	6
storage	ストレージ	katakana	537	9.4	57.0	yes	6
storage	記憶	other	208	89.3	2.3	yes	6
storage	記憶装置	other	112	2.0	57.3	yes	6
storage	保管	other	75	30.9	2.4	no	6
theme	ベース	katakana	964	145.9	6.6	no	6
theme	課題	other	272	48.8	5.6	no	6
theme	種	other	113	277.4	0.4	no	6
theme	テーマ	katakana	99	243.7	0.4	no	6
theme	コンセプト	katakana	91	51.7	1.8	no	6
theme	題材	other	82	40.4	2.0	no	6
tip	前	other	1519	937.1	1.6	no	6
tip	チップ	katakana	447	26.2	17.1	no	6
tip	先	other	370	156.6	2.4	no	6
tip	端	other	105	30.3	3.5	no	6
tip	上端	other	60	1.6	38.0	no	6
tip	助言	other	52	20.0	2.6	no	6
transmission	送信	other	1374	37.7	36.4	no	6
transmission	通信	other	1060	220.0	4.8	no	6
transmission	通り	other	812	439.9	1.8	no	6
transmission	転送	other	407	14.7	27.7	no	6
transmission	配信	other	214	397.5	0.5	no	6
transmission	伝送	other	99	7.2	13.8	no	6
trouble	問題	other	1312	399.2	3.3	no	6
trouble	事	other	452	429.9	1.1	no	6
trouble	困難	other	170	77.5	2.2	no	6
trouble	手	other	110	271.5	0.4	no	6
trouble	事件	other	66	488.5	0.1	no	6
trouble	故障	other	60	34.2	1.8	no	6
union	接続	other	1072	99.6	10.8	no	6
union	一致	other	841	46.8	18.0	no	6
union	結合	other	177	62.0	2.9	no	6
union	ユニオン	katakana	66	50.6	1.3	no	6
union	合併	other	60	257.1	0.2	no	6
union	連邦	other	50	91.6	0.6	no	6
unique	オリジナル	katakana	1261	964.3	1.3	no	6
unique	独自	other	449	106.2	4.2	no	6
unique	固有	other	369	31.2	11.8	no	6
unique	特殊	other	169	112.9	1.5	no	6
unique	一意	other	116	3.5	33.5	yes	6
unique	唯一	other	111	143.4	0.8	no	6
verification	確認	other	2121	171.0	12.4	no	6
verification	検証	other	596	40.3	14.8	no	6
verification	実証	other	216	18.6	11.6	no	6
verification	証明	other	187	54.5	3.4	no	6
verification	照合	other	173	2.1	83.8	no	6
verification	検定	other	62	31.0	2.0	no	6
with	上	other	1233	475.6	2.6	no	6
with	中	other	1063	859.6	1.2	no	6
with	ウィズ	katakana	742	258.8	2.9	no	6
with	下	other	432	387.7	1.1	no	6
with	内	other	391	89.1	4.4	no	6
with	侭	other	213	181.1	1.2	no	6
act	行	other	1071	114.6	9.3	no	5
act	法	other	505	388.4	1.3	no	5
act	段	other	117	128.6	0.9	no	5
act	行為	other	82	116.2	0.7	no	5
act	法律	other	60	130.3	0.5	no	5
actually	実際	other	854	216.2	4.0	no	5
actually	真	other	136	105.0	1.3	no	5
actually	実	other	88	137.0	0.6	no	5
actually	事実上	other	76	54.9	1.4	no	5
actually	事実	other	56	73.1	0.8	no	5
addition	追加	other	3607	216.8	16.6	no	5
addition	プラス	katakana	166	109.9	1.5	no	5
addition	増加	other	166	116.9	1.4	no	5
addition	加算	other	89	16.2	5.5	no	5
addition	付加	other	72	15.7	4.6	no	5
administration	運営	other	220	233.9	0.9	no	5
administration	政府	other	210	345.1	0.6	no	5
administration	行政	other	105	133.5	0.8	no	5
administration	経営	other	69	183.4	0.4	no	5
administration	事務	other	51	58.2	0.9	no	5
advantage	為	other	9021	3426.6	2.6	no	5
advantage	プラス	katakana	166	109.9	1.5	no	5
advantage	利点	other	138	13.5	10.3	no	5
advantage	利益	other	60	41.6	1.4	no	5
advantage	メリット	katakana	56	13.3	4.2	no	5
air	色	other	910	159.2	5.7	no	5
air	体	other	91	244.2	0.4	no	5
air	気	other	81	139.9	0.6	no	5
air	エアー	katakana	77	62.7	1.2	no	5
air	曲	other	62	615.4	0.1	no	5
alias	事	other	452	429.9	1.1	no	5
alias	エイリアス	katakana	140	1.0	133.9	no	5
alias	別名	other	106	39.4	2.7	no	5
alias	仮	other	64	64.9	1.0	no	5
alias	通称	other	51	102.4	0.5	no	5
all	全て	other	3784	481.7	7.9	no	5
all	中	other	1063	859.6	1.2	no	5
all	共	other	185	456.3	0.4	no	5
all	皆	other	57	156.6	0.4	no	5
all	一切	other	57	49.7	1.1	no	5
amount	数	other	1186	430.3	2.8	no	5
amount	ボリューム	katakana	529	48.4	10.9	no	5
amount	分	other	388	1042.5	0.4	no	5
amount	程度	other	268	168.3	1.6	no	5
amount	量	other	181	94.6	1.9	no	5
analysis	検討	other	425	84.0	5.1	no	5
analysis	分析	other	356	89.8	4.0	no	5
analysis	解析	other	340	44.7	7.6	no	5
analysis	アナリシス	katakana	106	23.6	4.5	no	5
analysis	分解	other	72	35.5	2.0	no	5
back	後	other	1236	1707.5	0.7	no	5
back	バック	katakana	675	235.9	2.9	no	5
back	後方	other	90	45.1	2.0	no	5
back	背後	other	59	20.8	2.9	no	5
back	後ろ	other	54	28.1	1.9	no	5
bank	行	other	1071	114.6	9.3	no	5
bank	辺	other	94	21.2	4.4	no	5
bank	バンク	katakana	61	41.4	1.5	no	5
bank	銀行	other	51	121.2	0.4	no	5
bank	辺り	other	51	36.3	1.4	no	5
behavior	動作	other	1672	48.3	34.6	no	5
behavior	振る舞い	other	166	11.1	15.0	no	5
behavior	挙動	other	154	5.9	26.3	no	5
behavior	性質	other	111	47.2	2.3	no	5
behavior	行動	other	102	193.2	0.5	no	5
behaviour	動作	other	1672	48.3	34.6	no	5
behaviour	形	other	316	272.3	1.2	no	5
behaviour	振る舞い	other	166	11.1	15.0	no	5
behaviour	挙動	other	154	5.9	26.3	no	5
behaviour	行動	other	102	193.2	0.5	no	5
best	ピン	katakana	143	11.8	12.1	no	5
best	最高	other	131	251.7	0.5	no	5
best	最適	other	122	11.0	11.1	no	5
best	ベスト	katakana	91	305.3	0.3	no	5
best	一番	other	78	219.3	0.4	no	5
beyond	他	other	3005	1417.5	2.1	no	5
beyond	前	other	1519	937.1	1.6	no	5
beyond	以上	other	782	475.0	1.6	no	5
beyond	先	other	370	156.6	2.4	no	5
beyond	外	other	132	73.3	1.8	no	5
body	機関	other	811	154.7	5.2	no	5
body	本体	other	235	43.3	5.4	no	5
body	団体	other	121	185.9	0.7	no	5
body	本文	other	96	19.6	4.9	no	5
body	体	other	91	244.2	0.4	no	5
book	文	other	583	127.3	4.6	no	5
book	ブック	katakana	156	135.1	1.2	no	5
book	書籍	other	131	77.6	1.7	no	5
book	著	other	86	210.6	0.4	no	5
book	本	other	72	160.2	0.4	no	5
capital	元	other	624	867.7	0.7	no	5
capital	基	other	136	144.4	0.9	no	5
capital	中央	other	113	374.1	0.3	no	5
capital	資金	other	87	75.9	1.1	no	5
capital	本	other	72	160.2	0.4	no	5
chart	表	other	521	142.8	3.6	no	5
chart	図	other	423	109.2	3.9	no	5
chart	グラフ	katakana	261	25.3	10.3	no	5
chart	地図	other	65	75.9	0.9	no	5
chart	罫線	other	57	0.4	131.4	no	5
chief	主要	other	213	146.2	1.5	no	5
chief	正	other	204	72.8	2.8	no	5
chief	マスター	katakana	143	89.3	1.6	no	5
chief	主	other	102	128.6	0.8	no	5
chief	重	other	85	88.8	1.0	no	5
clause	項目	other	786	201.8	3.9	no	5
clause	節	other	376	148.3	2.5	no	5
clause	条	other	231	264.0	0.9	no	5
clause	項	other	169	102.0	1.7	no	5
clause	クローズ	katakana	91	14.4	6.3	no	5
combination	統合	other	596	213.2	2.8	no	5
combination	組み合わせ	other	179	32.5	5.5	no	5
combination	結合	other	177	62.0	2.9	no	5
combination	合併	other	60	257.1	0.2	no	5
combination	総合	other	60	387.2	0.2	no	5
communication	通信	other	1060	220.0	4.8	no	5
communication	コミュニケーション	katakana	126	41.3	3.1	no	5
communication	対話	other	124	19.5	6.4	no	5
communication	連絡	other	111	85.7	1.3	no	5
communication	伝送	other	99	7.2	13.8	no	5
completion	完了	other	523	72.6	7.2	no	5
completion	アップ	katakana	240	175.9	1.4	no	5
completion	完成	other	114	235.9	0.5	no	5
completion	補完	other	63	12.4	5.1	no	5
completion	成立	other	59	158.0	0.4	no	5
component	要素	other	7699	93.7	82.1	no	5
component	コンポーネント	katakana	2177	8.8	247.5	no	5
component	成分	other	107	35.5	3.0	no	5
component	構成要素	other	89	5.7	15.7	no	5
component	パーツ	katakana	79	37.0	2.1	no	5
concern	サービス	katakana	2486	273.2	9.1	no	5
concern	関係	other	762	424.1	1.8	no	5
concern	恐れ	other	113	27.0	4.2	no	5
concern	関心	other	74	40.0	1.9	no	5
concern	懸念	other	55	30.2	1.8	no	5
consideration	計算	other	862	68.6	12.6	no	5
consideration	検討	other	425	84.0	5.1	no	5
consideration	考慮	other	348	44.3	7.9	no	5
consideration	気	other	81	139.9	0.6	no	5
consideration	考え	other	52	46.2	1.1	no	5
consistency	一致	other	841	46.8	18.0	no	5
consistency	安定	other	157	54.5	2.9	no	5
consistency	一貫	other	71	27.9	2.6	no	5
consistency	一貫性	other	68	3.4	19.8	no	5
consistency	整合性	other	53	3.0	17.8	no	5
consolidation	統合	other	596	213.2	2.8	no	5
consolidation	統一	other	168	118.5	1.4	no	5
consolidation	整理	other	104	54.3	1.9	no	5
consolidation	連結	other	91	43.1	2.1	no	5
consolidation	合併	other	60	257.1	0.2	no	5
cooperation	一致	other	841	46.8	18.0	no	5
cooperation	共同	other	214	217.2	1.0	no	5
cooperation	連携	other	188	71.7	2.6	no	5
cooperation	協力	other	94	236.7	0.4	no	5
cooperation	提携	other	82	49.4	1.7	no	5
cost	値	other	8157	54.2	150.4	no	5
cost	代	other	611	785.4	0.8	no	5
cost	価格	other	242	61.4	3.9	no	5
cost	コスト	katakana	232	32.1	7.2	no	5
cost	費用	other	84	39.6	2.1	no	5
curtailment	縮小	other	149	31.9	4.7	no	5
curtailment	削減	other	111	29.7	3.7	no	5
curtailment	整理	other	104	54.3	1.9	no	5
curtailment	抑制	other	87	28.0	3.1	no	5
curtailment	短縮	other	71	37.8	1.9	no	5
cut	限り	other	422	87.3	4.8	no	5
cut	縮小	other	149	31.9	4.7	no	5
cut	ピン	katakana	143	11.8	12.1	no	5
cut	削減	other	111	29.7	3.7	no	5
cut	カット	katakana	58	63.2	0.9	no	5
decision	決定	other	499	429.9	1.2	no	5
decision	判断	other	331	92.5	3.6	no	5
decision	策定	other	275	23.1	11.9	no	5
decision	判定	other	117	81.2	1.4	no	5
decision	確定	other	57	55.3	1.0	no	5
definite	具体的	other	331	43.8	7.5	no	5
definite	明確	other	200	44.0	4.6	no	5
definite	確実	other	193	25.4	7.6	no	5
definite	明らか	other	133	125.8	1.1	no	5
definite	一定	other	96	58.0	1.7	no	5
demonstration	表示	other	3311	1059.5	3.1	no	5
demonstration	実証	other	216	18.6	11.6	no	5
demonstration	証明	other	187	54.5	3.4	no	5
demonstration	デモ	katakana	182	40.7	4.5	no	5
demonstration	表明	other	62	83.2	0.7	no	5
different	他	other	3005	1417.5	2.1	no	5
different	別	other	875	421.0	2.1	no	5
different	外	other	132	73.3	1.8	no	5
different	別々	other	70	12.6	5.5	no	5
different	別個	other	60	5.1	11.7	no	5
disposition	処理	other	1965	91.1	21.6	no	5
disposition	配置	other	862	116.8	7.4	no	5
disposition	キャラクター	katakana	203	373.1	0.5	no	5
disposition	性質	other	111	47.2	2.3	no	5
disposition	気	other	81	139.9	0.6	no	5
distinction	別	other	875	421.0	2.1	no	5
distinction	特徴	other	368	173.4	2.1	no	5
distinction	違い	other	296	69.3	4.3	no	5
distinction	識別	other	255	16.5	15.5	no	5
distinction	区別	other	207	65.4	3.2	no	5
distribution	配布	other	337	34.9	9.7	no	5
distribution	分散	other	245	21.5	11.4	no	5
distribution	ディストリビューション	katakana	232	9.5	24.4	yes	5
distribution	配信	other	214	397.5	0.5	no	5
distribution	流通	other	50	47.5	1.1	no	5
equal	同様	other	907	331.5	2.7	no	5
equal	同じ	other	490	75.0	6.5	no	5
equal	同等	other	259	25.4	10.2	no	5
equal	同一	other	216	80.3	2.7	no	5
equal	比	other	103	52.1	2.0	no	5
event	日	other	5833	9041.5	0.6	no	5
event	イベント	katakana	3425	276.3	12.4	no	5
event	事	other	452	429.9	1.1	no	5
event	事象	other	128	11.0	11.7	no	5
event	事件	other	66	488.5	0.1	no	5
example	例	other	6343	223.3	28.4	no	5
example	サンプル	katakana	336	15.7	21.4	no	5
example	エグザンプル	katakana	97	3.2	29.7	no	5
example	事例	other	82	47.9	1.7	no	5
example	様	other	51	51.9	1.0	no	5
fact	実際	other	854	216.2	4.0	no	5
fact	真	other	136	105.0	1.3	no	5
fact	実	other	88	137.0	0.6	no	5
fact	本当	other	65	79.1	0.8	no	5
fact	事実	other	56	73.1	0.8	no	5
fall	低下	other	127	59.8	2.1	no	5
fall	ダウン	katakana	124	65.9	1.9	no	5
fall	フォール	katakana	106	25.1	4.2	no	5
fall	秋	other	63	130.8	0.5	no	5
fall	低減	other	59	11.8	5.0	no	5
feeling	モード	katakana	972	118.3	8.2	no	5
feeling	色	other	910	159.2	5.7	no	5
feeling	空	other	577	126.5	4.6	no	5
feeling	気	other	81	139.9	0.6	no	5
feeling	声	other	69	560.1	0.1	no	5
flow	通り	other	812	439.9	1.8	no	5
flow	フロー	katakana	182	7.2	25.1	no	5
flow	回転	other	174	73.0	2.4	no	5
flow	流れ	other	78	59.3	1.3	no	5
flow	流通	other	50	47.5	1.1	no	5
focus	フォーカス	katakana	487	16.6	29.4	yes	5
focus	中心	other	227	402.9	0.6	no	5
focus	ベクトル	katakana	176	20.0	8.8	no	5
focus	集中	other	59	52.0	1.1	no	5
focus	焦点	other	54	22.3	2.4	no	5
former	前	other	1519	937.1	1.6	no	5
former	元	other	624	867.7	0.7	no	5
former	先	other	370	156.6	2.4	no	5
former	旧	other	223	597.4	0.4	no	5
former	故	other	51	56.6	0.9	no	5
formula	型	other	2046	26.9	76.0	no	5
formula	公式	other	720	897.1	0.8	no	5
formula	方式	other	712	134.8	5.3	no	5
formula	式	other	585	419.6	1.4	no	5
formula	方程式	other	50	26.7	1.9	no	5
function	関数	other	4589	62.5	73.4	yes	5
function	機能	other	3403	249.4	13.6	no	5
function	回転	other	174	73.0	2.4	no	5
function	ファンクション	katakana	171	9.5	18.0	no	5
function	役	other	128	903.1	0.1	no	5
future	前	other	1519	937.1	1.6	no	5
future	後	other	1236	1707.5	0.7	no	5
future	先	other	370	156.6	2.4	no	5
future	将来	other	131	49.4	2.6	no	5
future	フューチャー	katakana	98	39.1	2.5	no	5
game	ゲーム	katakana	950	637.0	1.5	no	5
game	回	other	367	1793.0	0.2	no	5
game	プレー	katakana	168	197.1	0.9	no	5
game	局	other	118	596.1	0.2	no	5
game	一番	other	78	219.3	0.4	no	5
generation	発生	other	2052	301.8	6.8	no	5
generation	生成	other	1818	57.4	31.7	no	5
generation	代	other	611	785.4	0.8	no	5
generation	世代	other	455	71.2	6.4	no	5
generation	ジェネレーション	katakana	69	23.8	2.9	no	5
goal	点	other	885	363.9	2.4	no	5
goal	目的	other	686	219.8	3.1	no	5
goal	趣旨	other	178	14.7	12.1	no	5
goal	目標	other	161	83.4	1.9	no	5
goal	前提	other	122	27.9	4.4	no	5
heart	空	other	577	126.5	4.6	no	5
heart	中心	other	227	402.9	0.6	no	5
heart	中央	other	113	374.1	0.3	no	5
heart	実	other	88	137.0	0.6	no	5
heart	気	other	81	139.9	0.6	no	5
height	高さ	other	322	79.0	4.1	no	5
height	高度	other	197	57.6	3.4	no	5
height	頂点	other	98	20.9	4.7	no	5
height	春	other	81	176.9	0.5	no	5
height	ハイト	katakana	77	3.6	21.2	no	5
help	サービス	katakana	2486	273.2	9.1	no	5
help	ヘルプ	katakana	136	15.0	9.0	no	5
help	手	other	110	271.5	0.4	no	5
help	補助	other	94	41.6	2.3	no	5
help	協力	other	94	236.7	0.4	no	5
image	画像	other	1453	94.8	15.3	no	5
image	イメージ	katakana	1087	136.7	8.0	yes	5
image	画面	other	564	77.0	7.3	no	5
image	映像	other	170	244.5	0.7	no	5
image	影	other	76	55.1	1.4	no	5
important	重要	other	1001	165.3	6.1	no	5
important	主	other	102	128.6	0.8	no	5
important	重	other	85	88.8	1.0	no	5
important	メジャー	katakana	80	94.2	0.8	no	5
important	重大	other	60	24.1	2.5	no	5
index	インデックス	katakana	478	52.5	9.1	no	5
index	見出し	other	277	6.1	45.2	no	5
index	添え字	other	86	2.0	43.1	no	5
index	指標	other	68	14.6	4.6	no	5
index	指数	other	57	14.1	4.1	no	5
individual	単一	other	583	17.9	32.5	no	5
individual	個別	other	266	27.1	9.8	no	5
individual	個人	other	194	156.0	1.2	no	5
individual	個々	other	190	18.1	10.5	no	5
individual	個	other	163	9.3	17.5	no	5
ingredient	元	other	624	867.7	0.7	no	5
ingredient	基	other	136	144.4	0.9	no	5
ingredient	種	other	113	277.4	0.4	no	5
ingredient	成分	other	107	35.5	3.0	no	5
ingredient	本	other	72	160.2	0.4	no	5
integration	統合	other	596	213.2	2.8	no	5
integration	連携	other	188	71.7	2.6	yes	5
integration	インテグレーション	katakana	90	3.0	30.0	no	5
integration	一貫	other	71	27.9	2.6	no	5
integration	総合	other	60	387.2	0.2	no	5
interval	中	other	1063	859.6	1.2	no	5
interval	間	other	730	565.0	1.3	no	5
interval	期間	other	211	144.5	1.5	no	5
interval	距離	other	116	118.3	1.0	no	5
interval	間隔	other	97	25.2	3.8	no	5
investigation	研究	other	526	664.0	0.8	no	5
investigation	検討	other	425	84.0	5.1	no	5
investigation	調査	other	353	522.4	0.7	no	5
investigation	探索	other	199	21.0	9.5	no	5
investigation	審査	other	62	54.8	1.1	no	5
learning	文	other	583	127.3	4.6	no	5
learning	学習	other	204	57.8	3.5	no	5
learning	ラーニング	katakana	80	9.1	8.8	no	5
learning	学生	other	70	167.9	0.4	no	5
learning	学術	other	54	70.4	0.8	no	5
letter	文字	other	1351	166.1	8.1	no	5
letter	文書	other	1224	113.4	10.8	no	5
letter	文	other	583	127.3	4.6	no	5
letter	付け	other	402	42.6	9.4	no	5
letter	字	other	97	243.4	0.4	no	5
match	一致	other	841	46.8	18.0	no	5
match	マッチ	katakana	296	61.8	4.8	no	5
match	取り組み	other	125	33.8	3.7	no	5
match	比	other	103	52.1	2.0	no	5
match	番	other	74	422.5	0.2	no	5
me	中	other	1063	859.6	1.2	no	5
me	内	other	391	89.1	4.4	no	5
me	自分	other	341	427.7	0.8	no	5
me	人	other	284	482.4	0.6	no	5
me	生	other	87	90.6	1.0	no	5
meeting	該当	other	183	53.9	3.4	no	5
meeting	クリア	katakana	117	56.3	2.1	no	5
meeting	連絡	other	111	85.7	1.3	no	5
meeting	会議	other	104	191.0	0.5	no	5
meeting	合格	other	51	54.9	0.9	no	5
memory	メモリ	katakana	1447	26.6	54.4	yes	5
memory	空	other	577	126.5	4.6	no	5
memory	メモリー	katakana	245	24.9	9.8	yes	5
memory	記憶	other	208	89.3	2.3	yes	5
memory	記憶装置	other	112	2.0	57.3	yes	5
name	名前	other	2290	292.0	7.8	no	5
name	名	other	1968	938.7	2.1	no	5
name	名称	other	355	221.2	1.6	no	5
name	ネーム	katakana	284	35.1	8.1	no	5
name	呼称	other	64	64.3	1.0	no	5
necessity	必要	other	6287	367.4	17.1	no	5
necessity	事	other	452	429.9	1.1	no	5
necessity	米	other	141	109.7	1.3	no	5
necessity	要	other	98	21.1	4.6	no	5
necessity	必要性	other	69	19.0	3.6	no	5
need	必要	other	6287	367.4	17.1	no	5
need	事	other	452	429.9	1.1	no	5
need	要	other	98	21.1	4.6	no	5
need	必要性	other	69	19.0	3.6	no	5
need	需要	other	60	36.7	1.6	no	5
only	限り	other	422	87.3	4.8	no	5
only	一方	other	230	203.7	1.1	no	5
only	唯一	other	111	143.4	0.8	no	5
only	一人	other	104	379.9	0.3	no	5
only	オンリー	katakana	58	23.5	2.5	no	5
opening	空間	other	867	108.8	8.0	no	5
opening	オープン	katakana	568	188.4	3.0	no	5
opening	開催	other	153	652.7	0.2	no	5
opening	目	other	127	180.7	0.7	no	5
opening	開設	other	67	163.7	0.4	no	5
past	後	other	1236	1707.5	0.7	no	5
past	元	other	624	867.7	0.7	no	5
past	旧	other	223	597.4	0.4	no	5
past	過去	other	133	198.0	0.7	no	5
past	故	other	51	56.6	0.9	no	5
peculiar	独自	other	449	106.2	4.2	no	5
peculiar	固有	other	369	31.2	11.8	no	5
peculiar	特殊	other	169	112.9	1.5	no	5
peculiar	変	other	78	40.3	1.9	no	5
peculiar	特有	other	57	14.7	3.8	no	5
performance	性能	other	680	72.5	9.4	no	5
performance	パフォーマンス	katakana	564	62.3	9.1	no	5
performance	履行	other	164	5.3	30.7	no	5
performance	ショー	katakana	71	144.3	0.5	no	5
performance	ステージ	katakana	67	278.1	0.2	no	5
personal	独自	other	449	106.2	4.2	no	5
personal	個別	other	266	27.1	9.8	no	5
personal	個人	other	194	156.0	1.2	no	5
personal	直接	other	152	47.7	3.2	no	5
personal	パーソナル	katakana	113	14.2	8.0	no	5
picture	画像	other	1453	94.8	15.3	no	5
picture	画面	other	564	77.0	7.3	no	5
picture	図	other	423	109.2	3.9	no	5
picture	写真	other	195	212.8	0.9	no	5
picture	映像	other	170	244.5	0.7	no	5
posting	配置	other	862	116.8	7.4	no	5
posting	通知	other	411	17.9	22.9	no	5
posting	書き込み	other	237	6.6	35.6	no	5
posting	掲載	other	157	215.3	0.7	no	5
posting	マーク	katakana	136	100.3	1.4	no	5
power	権限	other	619	31.8	19.5	no	5
power	パワー	katakana	303	106.1	2.9	no	5
power	電源	other	215	24.9	8.6	no	5
power	光	other	147	193.3	0.8	no	5
power	エネルギー	katakana	76	128.9	0.6	no	5
practice	例	other	6343	223.3	28.4	no	5
practice	実行	other	4043	65.8	61.5	no	5
practice	実際	other	854	216.2	4.0	no	5
practice	訓練	other	55	89.1	0.6	no	5
practice	トレーニング	katakana	54	36.5	1.5	no	5
presentation	紹介	other	317	307.0	1.0	no	5
presentation	デモ	katakana	182	40.7	4.5	no	5
presentation	提出	other	142	75.2	1.9	no	5
presentation	提示	other	87	37.0	2.4	no	5
presentation	プレゼンテーション	katakana	74	6.5	11.5	no	5
previous	前	other	1519	937.1	1.6	no	5
previous	後	other	1236	1707.5	0.7	no	5
previous	先	other	370	156.6	2.4	no	5
previous	旧	other	223	597.4	0.4	no	5
previous	故	other	51	56.6	0.9	no	5
previously	前	other	1519	937.1	1.6	no	5
previously	元	other	624	867.7	0.7	no	5
previously	以前	other	496	227.4	2.2	no	5
previously	旧	other	223	597.4	0.4	no	5
previously	故	other	51	56.6	0.9	no	5
problem	問題	other	1312	399.2	3.3	no	5
problem	課題	other	272	48.8	5.6	no	5
problem	イシュー	katakana	139	15.6	8.9	no	5
problem	不具合	other	66	10.7	6.2	no	5
problem	故障	other	60	34.2	1.8	no	5
product	結果	other	1963	464.9	4.2	no	5
product	製品	other	1346	120.4	11.2	no	5
product	プロダクト	katakana	133	13.3	10.0	no	5
product	成果	other	67	38.4	1.8	no	5
product	積	other	51	20.2	2.5	no	5
programme	プログラム	katakana	1773	122.2	14.5	no	5
programme	計画	other	377	414.4	0.9	no	5
programme	メニュー	katakana	244	32.4	7.5	no	5
programme	予定	other	193	261.8	0.7	no	5
programme	番組	other	59	793.9	0.1	no	5
project	プロジェクト	katakana	1342	256.6	5.2	no	5
project	計画	other	377	414.4	0.9	no	5
project	事業	other	277	433.3	0.6	no	5
project	企画	other	104	324.3	0.3	no	5
project	テーマ	katakana	99	243.7	0.4	no	5
property	プロパティー	katakana	5722	6.2	918.8	no	5
property	物	other	3627	2080.8	1.7	no	5
property	属性	other	3208	33.9	94.5	no	5
property	性質	other	111	47.2	2.3	no	5
property	資産	other	91	33.7	2.7	no	5
question	問題	other	1312	399.2	3.3	no	5
question	問い	other	527	11.6	45.5	no	5
question	設問	other	308	0.7	410.7	no	5
question	課題	other	272	48.8	5.6	no	5
question	質問	other	134	48.0	2.8	no	5
ratio	分割	other	281	79.6	3.5	no	5
ratio	率	other	193	69.9	2.8	no	5
ratio	比	other	103	52.1	2.0	no	5
ratio	割合	other	92	29.0	3.2	no	5
ratio	比率	other	60	22.1	2.7	no	5
really	物	other	3627	2080.8	1.7	no	5
really	実際	other	854	216.2	4.0	no	5
really	真	other	136	105.0	1.3	no	5
really	実	other	88	137.0	0.6	no	5
really	左右	other	53	56.5	0.9	no	5
rear	後	other	1236	1707.5	0.7	no	5
rear	バック	katakana	675	235.9	2.9	no	5
rear	後方	other	90	45.1	2.0	no	5
rear	背後	other	59	20.8	2.9	no	5
rear	後ろ	other	54	28.1	1.9	no	5
recognition	評価	other	646	216.0	3.0	no	5
recognition	認識	other	304	73.5	4.1	no	5
recognition	認定	other	132	126.2	1.0	no	5
recognition	承認	other	120	70.7	1.7	no	5
recognition	認知	other	71	29.3	2.4	no	5
record	記載	other	636	145.4	4.4	no	5
record	登録	other	549	202.4	2.7	no	5
record	レコード	katakana	397	176.3	2.3	yes	5
record	記録	other	395	526.6	0.7	no	5
record	履歴	other	120	9.8	12.2	no	5
requirement	必要	other	6287	367.4	17.1	no	5
requirement	要求	other	787	88.5	8.9	no	5
requirement	条件	other	544	135.5	4.0	no	5
requirement	要件	other	515	22.5	22.9	no	5
requirement	要	other	98	21.1	4.6	no	5
restriction	制限	other	912	90.2	10.1	no	5
restriction	制約	other	379	21.0	18.0	no	5
restriction	限定	other	159	227.6	0.7	no	5
restriction	規制	other	61	74.1	0.8	no	5
restriction	束縛	other	58	3.5	16.5	no	5
return	代わり	other	918	90.4	10.2	no	5
return	返し	other	621	8.9	69.8	no	5
return	リターン	katakana	225	21.1	10.7	yes	5
return	再現	other	66	49.0	1.4	no	5
return	帰属	other	53	9.7	5.4	no	5
review	確認	other	2121	171.0	12.4	no	5
review	検討	other	425	84.0	5.1	no	5
review	レビュー	katakana	262	122.2	2.1	no	5
review	見直し	other	110	20.8	5.3	no	5
review	審査	other	62	54.8	1.1	no	5
revision	変更	other	3224	505.2	6.4	no	5
revision	修正	other	684	51.2	13.4	no	5
revision	見直し	other	110	20.8	5.3	no	5
revision	訂正	other	55	13.4	4.1	no	5
revision	改訂	other	55	35.9	1.5	no	5
ring	色	other	910	159.2	5.7	no	5
ring	コール	katakana	615	53.9	11.4	no	5
ring	ループ	katakana	476	25.3	18.9	no	5
ring	リング	katakana	123	65.8	1.9	no	5
ring	音	other	111	168.5	0.7	no	5
room	空間	other	867	108.8	8.0	no	5
room	間	other	730	565.0	1.3	no	5
room	場所	other	567	333.5	1.7	no	5
room	所	other	234	343.3	0.7	no	5
room	スペース	katakana	185	109.2	1.7	no	5
running	動作	other	1672	48.3	34.6	no	5
running	通り	other	812	439.9	1.8	no	5
running	掲載	other	157	215.3	0.7	no	5
running	稼働	other	144	36.0	4.0	no	5
running	経営	other	69	183.4	0.4	no	5
schedule	計画	other	377	414.4	0.9	no	5
schedule	メニュー	katakana	244	32.4	7.5	no	5
schedule	寸法	other	212	9.6	22.1	no	5
schedule	予定	other	193	261.8	0.7	no	5
schedule	スケジュール	katakana	188	33.1	5.7	no	5
scheme	計画	other	377	414.4	0.9	no	5
scheme	策	other	162	27.5	5.9	no	5
scheme	スキーム	katakana	106	5.9	18.0	no	5
scheme	プラン	katakana	95	38.3	2.5	no	5
scheme	略	other	72	36.9	1.9	no	5
school	群	other	335	167.1	2.0	no	5
school	条	other	231	264.0	0.9	no	5
school	流れ	other	78	59.3	1.3	no	5
school	学校	other	60	624.4	0.1	no	5
school	系統	other	51	154.0	0.3	no	5
scope	範囲	other	984	78.3	12.6	no	5
scope	スコープ	katakana	521	7.3	71.2	yes	5
scope	限り	other	422	87.3	4.8	no	5
scope	規模	other	86	82.6	1.0	no	5
scope	スケール	katakana	77	21.3	3.6	no	5
series	シリーズ	katakana	1276	783.4	1.6	no	5
series	列	other	484	58.2	8.3	no	5
series	一連	other	185	37.3	5.0	no	5
series	連続	other	143	269.0	0.5	no	5
series	系列	other	68	145.2	0.5	no	5
set	集合	other	402	52.8	7.6	no	5
set	セット	katakana	398	87.3	4.6	no	5
set	組み合わせ	other	179	32.5	5.5	no	5
set	対	other	107	236.2	0.5	no	5
set	組	other	77	255.8	0.3	no	5
settlement	解決	other	726	64.9	11.2	no	5
settlement	確立	other	109	52.5	2.1	no	5
settlement	整理	other	104	54.3	1.9	no	5
settlement	決済	other	84	13.7	6.1	no	5
settlement	確定	other	57	55.3	1.0	no	5
sign	符号	other	339	15.9	21.3	no	5
sign	記号	other	236	43.4	5.4	no	5
sign	目標	other	161	83.4	1.9	no	5
sign	マーク	katakana	136	100.3	1.4	no	5
sign	気	other	81	139.9	0.6	no	5
since	以降	other	952	531.8	1.8	no	5
since	限り	other	422	87.3	4.8	no	5
since	条	other	231	264.0	0.9	no	5
since	以来	other	66	188.7	0.4	no	5
since	以後	other	50	124.4	0.4	no	5
size	型	other	2046	26.9	76.0	no	5
size	サイズ	katakana	1093	80.8	13.5	no	5
size	号	other	280	2122.2	0.1	no	5
size	寸法	other	212	9.6	22.1	no	5
size	大きさ	other	169	47.0	3.6	no	5
solution	解決	other	726	64.9	11.2	no	5
solution	解答	other	236	18.8	12.5	no	5
solution	ソリューション	katakana	148	13.8	10.7	no	5
solution	解決策	other	92	4.8	19.3	no	5
solution	解	other	78	26.0	3.0	no	5
somewhat	物	other	3627	2080.8	1.7	no	5
somewhat	一種	other	188	64.6	2.9	no	5
somewhat	目	other	127	180.7	0.7	no	5
somewhat	生	other	87	90.6	1.0	no	5
somewhat	若干	other	55	29.7	1.9	no	5
sorting	順	other	247	89.5	2.8	no	5
sorting	分類	other	237	145.1	1.6	no	5
sorting	ソート	katakana	143	5.8	24.8	no	5
sorting	整理	other	104	54.3	1.9	no	5
sorting	区分	other	63	45.5	1.4	no	5
special	特定	other	1384	134.9	10.3	no	5
special	特別	other	283	291.6	1.0	no	5
special	特殊	other	169	112.9	1.5	no	5
special	別途	other	59	10.5	5.6	no	5
special	スペシャル	katakana	57	303.9	0.2	no	5
sphere	範囲	other	984	78.3	12.6	no	5
sphere	領域	other	519	78.4	6.6	no	5
sphere	世界	other	357	1109.7	0.3	no	5
sphere	分野	other	346	114.7	3.0	no	5
sphere	場	other	85	94.8	0.9	no	5
step	対策	other	2110	125.4	16.8	no	5
step	措置	other	321	46.0	7.0	no	5
step	ステップ	katakana	247	27.5	9.0	no	5
step	段階	other	192	85.6	2.2	no	5
step	段	other	117	128.6	0.9	no	5
substitution	代	other	611	785.4	0.8	no	5
substitution	代入	other	416	2.6	157.9	no	5
substitution	代替	other	315	42.0	7.5	no	5
substitution	交換	other	271	97.7	2.8	no	5
substitution	置換	other	149	11.1	13.4	no	5
succession	継承	other	642	98.5	6.5	no	5
succession	後継	other	335	54.5	6.1	no	5
succession	遷移	other	193	6.7	28.7	no	5
succession	連続	other	143	269.0	0.5	no	5
succession	系列	other	68	145.2	0.5	no	5
table	表	other	521	142.8	3.6	no	5
table	一覧	other	453	744.0	0.6	no	5
table	テーブル	katakana	324	30.2	10.7	no	5
table	台	other	308	313.7	1.0	no	5
table	場	other	85	94.8	0.9	no	5
task	作業	other	476	88.5	5.4	no	5
task	タスク	katakana	434	9.7	44.6	no	5
task	課題	other	272	48.8	5.6	no	5
task	用	other	163	9.4	17.4	no	5
task	仕事	other	77	171.3	0.5	no	5
technique	技術	other	1149	301.9	3.8	no	5
technique	手法	other	462	55.7	8.3	no	5
technique	手	other	110	271.5	0.4	no	5
technique	技法	other	105	22.3	4.7	no	5
technique	テクニック	katakana	67	15.2	4.4	no	5
tendency	色	other	910	159.2	5.7	no	5
tendency	向き	other	91	12.1	7.6	no	5
tendency	傾向	other	91	71.7	1.3	no	5
tendency	流れ	other	78	59.3	1.3	no	5
tendency	動向	other	71	28.3	2.5	no	5
the past	元	other	624	867.7	0.7	no	5
the past	以前	other	496	227.4	2.2	no	5
the past	旧	other	223	597.4	0.4	no	5
the past	過去	other	133	198.0	0.7	no	5
the past	故	other	51	56.6	0.9	no	5
the rest	以下	other	4026	502.1	8.0	no	5
the rest	他	other	3005	1417.5	2.1	no	5
the rest	後	other	1236	1707.5	0.7	no	5
the rest	残り	other	149	56.2	2.6	no	5
the rest	外	other	132	73.3	1.8	no	5
topic	スレッド	katakana	408	7.4	55.4	no	5
topic	語	other	315	494.4	0.6	no	5
topic	トピック	katakana	100	7.9	12.7	no	5
topic	テーマ	katakana	99	243.7	0.4	no	5
topic	話題	other	51	71.6	0.7	no	5
transition	変化	other	422	170.5	2.5	no	5
transition	移行	other	286	98.1	2.9	no	5
transition	トランジション	katakana	265	3.8	70.3	no	5
transition	遷移	other	193	6.7	28.7	no	5
transition	推移	other	55	42.6	1.3	no	5
truly	物	other	3627	2080.8	1.7	no	5
truly	実際	other	854	216.2	4.0	no	5
truly	真	other	136	105.0	1.3	no	5
truly	実	other	88	137.0	0.6	no	5
truly	左右	other	53	56.5	0.9	no	5
truth	実際	other	854	216.2	4.0	no	5
truth	真	other	136	105.0	1.3	no	5
truth	実	other	88	137.0	0.6	no	5
truth	本当	other	65	79.1	0.8	no	5
truth	事実	other	56	73.1	0.8	no	5
under	以下	other	4026	502.1	8.0	no	5
under	中	other	1063	859.6	1.2	no	5
under	下	other	432	387.7	1.1	no	5
under	未満	other	127	40.7	3.1	no	5
under	アンダー	katakana	54	43.5	1.2	no	5
understanding	通り	other	812	439.9	1.8	no	5
understanding	理解	other	668	84.3	7.9	no	5
understanding	認識	other	304	73.5	4.1	no	5
understanding	把握	other	195	21.4	9.1	no	5
understanding	捕捉	other	74	4.6	16.0	no	5
usage	例	other	6343	223.3	28.4	no	5
usage	型	other	2046	26.9	76.0	no	5
usage	使い方	other	509	637.8	0.8	no	5
usage	使用量	other	64	2.6	24.5	no	5
usage	用法	other	53	84.0	0.6	no	5
value	値	other	8157	54.2	150.4	yes	5
value	取得	other	1591	163.5	9.7	no	5
value	価格	other	242	61.4	3.9	no	5
value	バリュー	katakana	195	12.2	16.0	no	5
value	価値	other	89	52.0	1.7	no	5
warning	注意	other	892	61.0	14.6	no	5
warning	警告	other	241	23.1	10.4	no	5
warning	ワーニング	katakana	165	2.8	58.7	no	5
warning	アラート	katakana	61	3.4	18.0	no	5
warning	意見	other	59	82.0	0.7	no	5
working	動作	other	1672	48.3	34.6	no	5
working	実施	other	901	326.0	2.8	no	5
working	回転	other	174	73.0	2.4	no	5
working	稼働	other	144	36.0	4.0	no	5
working	ワーキング	katakana	54	8.9	6.1	no	5
writing	文字	other	1351	166.1	8.1	no	5
writing	文書	other	1224	113.4	10.8	no	5
writing	書き込み	other	237	6.6	35.6	no	5
writing	文章	other	79	30.5	2.6	no	5
writing	ライティング	katakana	52	9.1	5.7	no	5
abbreviation	省略	other	427	79.2	5.4	no	4
abbreviation	略称	other	90	65.9	1.4	no	4
abbreviation	略	other	72	36.9	1.9	no	4
abbreviation	短縮	other	71	37.8	1.9	no	4
absolutely	真	other	136	105.0	1.3	no	4
absolutely	絶対	other	125	50.4	2.5	no	4
absolutely	実	other	88	137.0	0.6	no	4
absolutely	一切	other	57	49.7	1.1	no	4
accomplishment	達成	other	116	132.7	0.9	no	4
accomplishment	完成	other	114	235.9	0.5	no	4
accomplishment	遂行	other	81	13.9	5.8	no	4
accomplishment	成果	other	67	38.4	1.8	no	4
account	説明	other	1527	213.5	7.2	no	4
account	記述	other	901	135.2	6.7	no	4
account	記事	other	681	314.5	2.2	no	4
account	アカウント	katakana	296	35.0	8.5	no	4
acknowledgement	評価	other	646	216.0	3.0	no	4
acknowledgement	認定	other	132	126.2	1.0	no	4
acknowledgement	承認	other	120	70.7	1.7	no	4
acknowledgement	認知	other	71	29.3	2.4	no	4
acquisition	取得	other	1591	163.5	9.7	no	4
acquisition	買収	other	400	76.1	5.3	no	4
acquisition	入手	other	125	49.8	2.5	no	4
acquisition	獲得	other	100	342.0	0.3	no	4
actuality	実際	other	854	216.2	4.0	no	4
actuality	本当	other	65	79.1	0.8	no	4
actuality	事実	other	56	73.1	0.8	no	4
actuality	現実	other	51	41.0	1.3	no	4
affair	事	other	452	429.9	1.1	no	4
affair	局	other	118	596.1	0.2	no	4
affair	件	other	97	137.3	0.7	no	4
affair	事件	other	66	488.5	0.1	no	4
after	後	other	1236	1707.5	0.7	no	4
after	限り	other	422	87.3	4.8	no	4
after	アフター	katakana	77	59.9	1.3	no	4
after	以後	other	50	124.4	0.4	no	4
age	年	other	25941	46332.2	0.6	no	4
age	代	other	611	785.4	0.8	no	4
age	時代	other	187	941.0	0.2	no	4
age	期	other	57	501.1	0.1	no	4
america	アメリカ	katakana	271	597.1	0.5	no	4
america	米国	other	233	123.7	1.9	no	4
america	ア	katakana	177	37.8	4.7	no	4
america	米	other	141	109.7	1.3	no	4
angle	角	other	398	62.4	6.4	no	4
angle	観点	other	131	28.6	4.6	no	4
angle	角度	other	116	17.4	6.7	no	4
angle	視点	other	59	34.9	1.7	no	4
answer	解答	other	236	18.8	12.5	no	4
answer	応答	other	203	14.7	13.8	no	4
answer	回答	other	81	39.0	2.1	no	4
answer	解	other	78	26.0	3.0	no	4
anticipation	期待	other	354	78.2	4.5	no	4
anticipation	想定	other	318	37.4	8.5	no	4
anticipation	予期	other	76	4.8	15.8	no	4
anticipation	予想	other	69	48.5	1.4	no	4
appropriate	適切	other	983	145.1	6.8	no	4
appropriate	当該	other	548	57.0	9.6	no	4
appropriate	相当	other	219	97.4	2.3	no	4
appropriate	妥当	other	56	5.7	9.7	no	4
approximately	程度	other	268	168.3	1.6	no	4
approximately	所	other	234	343.3	0.7	no	4
approximately	略	other	72	36.9	1.9	no	4
approximately	前後	other	51	81.2	0.6	no	4
arrangements	用意	other	327	60.1	5.4	no	4
arrangements	準備	other	197	77.2	2.6	no	4
arrangements	企画	other	104	324.3	0.3	no	4
arrangements	設備	other	51	82.9	0.6	no	4
assumption	想定	other	318	37.4	8.5	no	4
assumption	前提	other	122	27.9	4.4	no	4
assumption	仮定	other	73	14.2	5.1	no	4
assumption	推定	other	57	72.6	0.8	no	4
attention	注意	other	892	61.0	14.6	no	4
attention	注目	other	131	89.7	1.5	no	4
attention	目	other	127	180.7	0.7	no	4
attention	気	other	81	139.9	0.6	no	4
attitude	形	other	316	272.3	1.2	no	4
attitude	考え方	other	117	26.0	4.5	no	4
attitude	動向	other	71	28.3	2.5	no	4
attitude	声	other	69	560.1	0.1	no	4
authority	権限	other	619	31.8	19.5	no	4
authority	出典	other	211	196.8	1.1	no	4
authority	行政	other	105	133.5	0.8	no	4
authority	専門家	other	71	31.5	2.3	no	4
automatic	自動的	other	675	17.4	38.8	no	4
automatic	自動	other	438	69.2	6.3	no	4
automatic	自然	other	103	146.9	0.7	no	4
automatic	オート	katakana	71	42.3	1.7	no	4
backing	バック	katakana	675	235.9	2.9	no	4
backing	支援	other	403	241.6	1.7	no	4
backing	背景	other	271	76.7	3.5	no	4
backing	バックアップ	katakana	151	10.3	14.6	no	4
band	ループ	katakana	476	25.3	18.9	no	4
band	群	other	335	167.1	2.0	no	4
band	ユニット	katakana	271	134.3	2.0	no	4
band	帯域	other	74	4.3	17.0	no	4
behind	後	other	1236	1707.5	0.7	no	4
behind	後方	other	90	45.1	2.0	no	4
behind	影	other	76	55.1	1.4	no	4
behind	後ろ	other	54	28.1	1.9	no	4
besides	他	other	3005	1417.5	2.1	no	4
besides	以外	other	893	314.4	2.8	no	4
besides	側	other	471	364.7	1.3	no	4
besides	外	other	132	73.3	1.8	no	4
between	中	other	1063	859.6	1.2	no	4
between	間	other	730	565.0	1.3	no	4
between	内	other	391	89.1	4.4	no	4
between	差	other	62	114.4	0.5	no	4
breaking	更新	other	1600	112.1	14.3	no	4
breaking	発表	other	1427	726.8	2.0	no	4
breaking	破棄	other	138	14.9	9.3	no	4
breaking	違反	other	102	54.7	1.9	no	4
by nature	自体	other	316	92.0	3.4	no	4
by nature	由来	other	143	178.5	0.8	no	4
by nature	本来	other	128	95.3	1.3	no	4
by nature	元々	other	53	36.0	1.5	no	4
calculation	数	other	1186	430.3	2.8	no	4
calculation	計算	other	862	68.6	12.6	no	4
calculation	演算	other	407	10.5	38.7	no	4
calculation	算出	other	76	9.7	7.8	no	4
call	コール	katakana	615	53.9	11.4	no	4
call	呼び出し	other	548	7.0	78.7	yes	4
call	判定	other	117	81.2	1.4	no	4
call	連絡	other	111	85.7	1.3	no	4
care	サービス	katakana	2486	273.2	9.1	no	4
care	注意	other	892	61.0	14.6	no	4
care	手	other	110	271.5	0.4	no	4
care	気	other	81	139.9	0.6	no	4
characteristic	独自	other	449	106.2	4.2	no	4
characteristic	固有	other	369	31.2	11.8	no	4
characteristic	特徴	other	368	173.4	2.1	no	4
characteristic	特有	other	57	14.7	3.8	no	4
circulation	回転	other	174	73.0	2.4	no	4
circulation	伝送	other	99	7.2	13.8	no	4
circulation	循環	other	57	43.0	1.3	no	4
circulation	流通	other	50	47.5	1.1	no	4
classification	分類	other	237	145.1	1.6	no	4
classification	格付け	other	131	10.6	12.4	no	4
classification	種別	other	91	18.6	4.9	no	4
classification	区分	other	63	45.5	1.4	no	4
close	終了	other	687	382.3	1.8	no	4
close	厳密	other	114	22.1	5.2	no	4
close	終わり	other	99	44.4	2.2	no	4
close	クローズ	katakana	91	14.4	6.3	no	4
closing	最終	other	124	173.5	0.7	no	4
closing	クローズ	katakana	91	14.4	6.3	no	4
closing	閉鎖	other	64	72.3	0.9	no	4
closing	成立	other	59	158.0	0.4	no	4
clue	キー	katakana	1238	21.9	56.6	no	4
clue	キーワード	katakana	637	13.3	47.8	no	4
clue	鍵	other	347	31.9	10.9	no	4
clue	ヒント	katakana	202	15.3	13.2	no	4
code	コード	katakana	3590	108.1	33.2	yes	4
code	暗号	other	561	18.9	29.7	no	4
code	符号	other	339	15.9	21.3	no	4
code	規約	other	67	12.9	5.2	no	4
collaboration	共同	other	214	217.2	1.0	no	4
collaboration	連携	other	188	71.7	2.6	no	4
collaboration	協力	other	94	236.7	0.4	no	4
collaboration	コラボレーション	katakana	50	35.9	1.4	no	4
column	列	other	484	58.2	8.3	no	4
column	桁	other	174	34.3	5.1	no	4
column	コラム	katakana	154	38.5	4.0	no	4
column	段	other	117	128.6	0.9	no	4
comparison	参照	other	3414	262.0	13.0	no	4
comparison	比較	other	457	89.1	5.1	no	4
comparison	照合	other	173	2.1	83.8	no	4
comparison	比	other	103	52.1	2.0	no	4
complete	完全	other	797	256.5	3.1	no	4
complete	円	other	287	470.4	0.6	no	4
complete	ホール	katakana	88	231.6	0.4	no	4
complete	赤	other	66	78.1	0.8	no	4
conduct	振る舞い	other	166	11.1	15.0	no	4
conduct	挙動	other	154	5.9	26.3	no	4
conduct	行動	other	102	193.2	0.5	no	4
conduct	行為	other	82	116.2	0.7	no	4
confirmation	確認	other	2121	171.0	12.4	no	4
confirmation	認証	other	1137	30.0	37.9	no	4
confirmation	検証	other	596	40.3	14.8	no	4
confirmation	確定	other	57	55.3	1.0	no	4
constant	常	other	793	101.1	7.8	no	4
constant	定数	other	267	30.9	8.6	no	4
constant	一定	other	96	58.0	1.7	no	4
constant	不変	other	79	6.5	12.1	no	4
contents	コンテンツ	katakana	2039	64.8	31.5	no	4
contents	内容	other	1107	227.6	4.9	no	4
contents	目次	other	139	5.1	27.3	no	4
contents	中身	other	75	11.8	6.4	no	4
context	コンテキスト	katakana	1130	5.0	224.8	no	4
context	背景	other	271	76.7	3.5	no	4
context	文脈	other	90	10.4	8.7	no	4
context	前後	other	51	81.2	0.6	no	4
convention	型	other	2046	26.9	76.0	no	4
convention	会議	other	104	191.0	0.5	no	4
convention	ショー	katakana	71	144.3	0.5	no	4
convention	規約	other	67	12.9	5.2	no	4
core	コア	katakana	422	21.9	19.3	no	4
core	主体	other	280	43.1	6.5	no	4
core	中心	other	227	402.9	0.6	no	4
core	実	other	88	137.0	0.6	no	4
correspondence	対応	other	2662	263.7	10.1	no	4
correspondence	通信	other	1060	220.0	4.8	no	4
correspondence	一致	other	841	46.8	18.0	no	4
correspondence	連絡	other	111	85.7	1.3	no	4
couple	対	other	107	236.2	0.5	no	4
couple	一番	other	78	219.3	0.4	no	4
couple	番	other	74	422.5	0.2	no	4
couple	二人	other	55	344.4	0.2	no	4
covering	バックアップ	katakana	151	10.3	14.6	no	4
covering	包含	other	95	3.9	24.3	no	4
covering	カバー	katakana	67	120.5	0.6	no	4
covering	網羅	other	60	6.2	9.6	no	4
cycle	回路	other	276	27.2	10.1	no	4
cycle	サイクル	katakana	128	25.5	5.0	no	4
cycle	繰り返し	other	64	4.9	12.9	no	4
cycle	循環	other	57	43.0	1.3	no	4
date	日	other	5833	9041.5	0.6	no	4
date	付け	other	402	42.6	9.4	no	4
date	日付け	other	241	118.9	2.0	no	4
date	デート	katakana	113	52.3	2.2	no	4
dealing with	対応	other	2662	263.7	10.1	no	4
dealing with	処理	other	1965	91.1	21.6	no	4
dealing with	対処	other	220	22.8	9.7	no	4
dealing with	取り組み	other	125	33.8	3.7	no	4
decoding	翻訳	other	182	70.5	2.6	no	4
decoding	デコード	katakana	179	1.6	109.9	no	4
decoding	解読	other	105	10.8	9.7	no	4
decoding	復号	other	91	1.5	58.6	no	4
degree	度	other	546	575.2	0.9	no	4
degree	限り	other	422	87.3	4.8	no	4
degree	程度	other	268	168.3	1.6	no	4
degree	段	other	117	128.6	0.9	no	4
delivery	配信	other	214	397.5	0.5	no	4
delivery	出荷	other	173	19.8	8.7	no	4
delivery	伝送	other	99	7.2	13.8	no	4
delivery	納入	other	74	13.5	5.5	no	4
department	部	other	252	1097.4	0.2	no	4
department	部門	other	186	213.2	0.9	no	4
department	局	other	118	596.1	0.2	no	4
department	課	other	58	211.3	0.3	no	4
deployment	配置	other	862	116.8	7.4	no	4
deployment	展開	other	246	199.7	1.2	no	4
deployment	デプロイ	katakana	240	0.3	741.2	no	4
deployment	稼働	other	144	36.0	4.0	yes	4
description	説明	other	1527	213.5	7.2	no	4
description	記述	other	901	135.2	6.7	no	4
description	表現	other	829	164.0	5.1	no	4
description	デスクリプション	katakana	51	6.5	7.9	no	4
discrimination	別	other	875	421.0	2.1	no	4
discrimination	識別	other	255	16.5	15.5	no	4
discrimination	区別	other	207	65.4	3.2	no	4
discrimination	目	other	127	180.7	0.7	no	4
display	表示	other	3311	1059.5	3.1	yes	4
display	ディスプレー	katakana	395	24.5	16.1	no	4
display	モニター	katakana	158	23.9	6.6	no	4
display	開示	other	53	9.1	5.8	no	4
element	要素	other	7699	93.7	82.1	yes	4
element	属性	other	3208	33.9	94.5	no	4
element	元	other	624	867.7	0.7	no	4
element	構成要素	other	89	5.7	15.7	no	4
employment	使用	other	12300	861.7	14.3	no	4
employment	採用	other	1086	251.2	4.3	no	4
employment	職	other	234	66.6	3.5	no	4
employment	仕事	other	77	171.3	0.5	no	4
encoding	暗号化	other	440	5.8	75.7	no	4
encoding	エンコード	katakana	319	2.0	157.3	no	4
encoding	符号化	other	266	5.1	52.5	no	4
encoding	エンコーディング	katakana	171	0.6	279.4	no	4
equilibrium	安定	other	157	54.5	2.9	no	4
equilibrium	平均	other	78	109.3	0.7	no	4
equilibrium	均衡	other	52	7.5	7.0	no	4
equilibrium	安定性	other	50	11.2	4.5	no	4
equipment	機器	other	607	74.4	8.2	no	4
equipment	装置	other	335	157.8	2.1	no	4
equipment	装備	other	81	163.4	0.5	no	4
equipment	設備	other	51	82.9	0.6	no	4
estimation	計算	other	862	68.6	12.6	no	4
estimation	評価	other	646	216.0	3.0	no	4
estimation	予測	other	204	32.9	6.2	no	4
estimation	推定	other	57	72.6	0.8	no	4
everything	全て	other	3784	481.7	7.9	no	4
everything	物	other	3627	2080.8	1.7	no	4
everything	皆	other	57	156.6	0.4	no	4
everything	一切	other	57	49.7	1.1	no	4
exactly	其々	other	1180	301.7	3.9	no	4
exactly	度	other	546	575.2	0.9	no	4
exactly	正	other	204	72.8	2.8	no	4
exactly	ジャスト	katakana	71	25.6	2.8	no	4
explanation	説明	other	1527	213.5	7.2	no	4
explanation	解説	other	755	146.3	5.2	no	4
explanation	解釈	other	288	54.7	5.3	no	4
explanation	解	other	78	26.0	3.0	no	4
exterior	外部	other	804	50.0	16.1	no	4
exterior	表	other	521	142.8	3.6	no	4
exterior	外側	other	151	24.5	6.2	no	4
exterior	外	other	132	73.3	1.8	no	4
eyesight	光	other	147	193.3	0.8	no	4
eyesight	目	other	127	180.7	0.7	no	4
eyesight	ビジョン	katakana	95	35.9	2.6	no	4
eyesight	視覚	other	54	14.1	3.8	no	4
failure	失敗	other	562	108.4	5.2	no	4
failure	欠点	other	78	15.4	5.0	no	4
failure	不具合	other	66	10.7	6.2	no	4
failure	故障	other	60	34.2	1.8	no	4
final	最後	other	706	339.7	2.1	no	4
final	最終的	other	196	110.6	1.8	no	4
final	最終	other	124	173.5	0.7	no	4
final	ファイナル	katakana	65	115.4	0.6	no	4
format	形式	other	1198	216.9	5.5	no	4
format	フォーマット	katakana	603	19.8	30.4	yes	4
format	書式	other	280	2.4	117.8	no	4
format	書き方	other	72	3.0	23.9	no	4
front	前	other	1519	937.1	1.6	no	4
front	表	other	521	142.8	3.6	no	4
front	先	other	370	156.6	2.4	no	4
front	先頭	other	324	91.6	3.5	no	4
general	通常	other	1117	240.5	4.6	no	4
general	一般的	other	831	124.5	6.7	no	4
general	一般	other	465	256.6	1.8	no	4
general	総合	other	60	387.2	0.2	no	4
genuine	真	other	136	105.0	1.3	no	4
genuine	純粋	other	73	25.7	2.8	no	4
genuine	本	other	72	160.2	0.4	no	4
genuine	本当	other	65	79.1	0.8	no	4
grounds	理由	other	478	236.5	2.0	no	4
grounds	訳	other	289	313.6	0.9	no	4
grounds	場	other	85	94.8	0.9	no	4
grounds	故	other	51	56.6	0.9	no	4
growth	発生	other	2052	301.8	6.8	no	4
growth	増加	other	166	116.9	1.4	no	4
growth	発展	other	143	143.5	1.0	no	4
growth	成長	other	65	112.0	0.6	no	4
guide	仕様書	other	2223	2.0	1126.4	no	4
guide	ガイド	katakana	711	111.4	6.4	no	4
guide	目標	other	161	83.4	1.9	no	4
guide	入門	other	96	60.3	1.6	no	4
handling	対応	other	2662	263.7	10.1	no	4
handling	操作	other	1216	82.4	14.8	no	4
handling	取り扱い	other	213	58.6	3.6	no	4
handling	扱い	other	62	87.4	0.7	no	4
history	ヒストリー	katakana	249	153.0	1.6	no	4
history	歴史	other	152	414.8	0.4	no	4
history	由来	other	143	178.5	0.8	no	4
history	履歴	other	120	9.8	12.2	no	4
hope	期待	other	354	78.2	4.5	no	4
hope	光	other	147	193.3	0.8	no	4
hope	希望	other	78	74.6	1.0	no	4
hope	考え	other	52	46.2	1.1	no	4
hour	時	other	4201	1843.2	2.3	no	4
hour	時間	other	859	551.1	1.6	no	4
hour	時刻	other	308	23.4	13.1	no	4
hour	秋	other	63	130.8	0.5	no	4
in	中	other	1063	859.6	1.2	no	4
in	下	other	432	387.7	1.1	no	4
in	内	other	391	89.1	4.4	no	4
in	ナウ	katakana	158	39.5	4.0	no	4
in addition to	他	other	3005	1417.5	2.1	no	4
in addition to	以外	other	893	314.4	2.8	no	4
in addition to	側	other	471	364.7	1.3	no	4
in addition to	外	other	132	73.3	1.8	no	4
incident	事	other	452	429.9	1.1	no	4
incident	インシデント	katakana	300	3.9	76.8	no	4
incident	変	other	78	40.3	1.9	no	4
incident	事件	other	66	488.5	0.1	no	4
increase	アップ	katakana	240	175.9	1.4	no	4
increase	増加	other	166	116.9	1.4	no	4
increase	増大	other	57	22.4	2.5	no	4
increase	増設	other	53	20.7	2.5	no	4
indication	表示	other	3311	1059.5	3.1	no	4
indication	指示	other	282	62.9	4.5	no	4
indication	気	other	81	139.9	0.6	no	4
indication	表明	other	62	83.2	0.7	no	4
industry	事業	other	277	433.3	0.6	no	4
industry	産業	other	162	180.0	0.9	no	4
industry	業界	other	73	23.4	3.1	no	4
industry	インダストリー	katakana	60	17.3	3.4	no	4
influence	影響	other	838	329.7	2.5	no	4
influence	関係	other	762	424.1	1.8	no	4
influence	光	other	147	193.3	0.8	no	4
influence	左右	other	53	56.5	0.9	no	4
inside	中	other	1063	859.6	1.2	no	4
inside	内部	other	585	85.7	6.8	no	4
inside	内	other	391	89.1	4.4	no	4
inside	内側	other	128	26.1	4.9	no	4
instruction	命令	other	1019	94.3	10.8	yes	4
instruction	手順	other	521	11.6	45.1	no	4
instruction	教育	other	156	406.7	0.4	no	4
instruction	教授	other	70	280.7	0.2	no	4
interior	中	other	1063	859.6	1.2	no	4
interior	内部	other	585	85.7	6.8	no	4
interior	内側	other	128	26.1	4.9	no	4
interior	中身	other	75	11.8	6.4	no	4
japan	日	other	5833	9041.5	0.6	no	4
japan	日本	other	1042	3545.9	0.3	no	4
japan	ジャパン	katakana	373	395.7	0.9	no	4
japan	和	other	57	61.8	0.9	no	4
job	職	other	234	66.6	3.5	no	4
job	ジョブ	katakana	232	11.5	20.2	yes	4
job	役	other	128	903.1	0.1	no	4
job	仕事	other	77	171.3	0.5	no	4
joining	参加	other	288	489.4	0.6	no	4
joining	結合	other	177	62.0	2.9	no	4
joining	連絡	other	111	85.7	1.3	no	4
joining	連結	other	91	43.1	2.1	no	4
judgment	監査	other	575	17.0	33.9	no	4
judgment	判断	other	331	92.5	3.6	no	4
judgment	判定	other	117	81.2	1.4	no	4
judgment	批判	other	92	126.9	0.7	no	4
key	キー	katakana	1238	21.9	56.6	no	4
key	重要	other	1001	165.3	6.1	no	4
key	親	other	727	64.6	11.2	no	4
key	鍵	other	347	31.9	10.9	no	4
language	言語	other	2106	127.4	16.5	no	4
language	語	other	315	494.4	0.6	no	4
language	ランゲージ	katakana	312	24.5	12.7	no	4
language	言葉	other	118	197.6	0.6	no	4
last	前	other	1519	937.1	1.6	no	4
last	最後	other	706	339.7	2.1	no	4
last	先	other	370	156.6	2.4	no	4
last	最終	other	124	173.5	0.7	no	4
law	法	other	505	388.4	1.3	no	4
law	ロー	katakana	120	51.5	2.3	no	4
law	法律	other	60	130.3	0.5	no	4
law	法則	other	53	27.9	1.9	no	4
layer	レイヤー	katakana	424	7.3	58.4	no	4
layer	層	other	282	76.8	3.7	no	4
layer	階層	other	146	13.9	10.5	no	4
layer	段	other	117	128.6	0.9	no	4
layout	配列	other	1551	23.0	67.3	no	4
layout	設計	other	1209	207.1	5.8	no	4
layout	配置	other	862	116.8	7.4	no	4
layout	レイアウト	katakana	745	12.1	61.4	no	4
leader	リーダー	katakana	265	80.7	3.3	no	4
leader	マスター	katakana	143	89.3	1.6	no	4
leader	主	other	102	128.6	0.8	no	4
leader	代表	other	78	532.7	0.1	no	4
legal	正規	other	304	23.0	13.2	no	4
legal	正式	other	240	131.4	1.8	no	4
legal	本来	other	128	95.3	1.3	no	4
legal	法的	other	56	27.5	2.0	no	4
length	方	other	462	268.2	1.7	no	4
length	長さ	other	379	69.5	5.5	no	4
length	レングス	katakana	153	2.7	55.8	no	4
length	延長	other	51	117.1	0.4	no	4
license	ライセンス	katakana	870	43.6	20.0	no	4
license	許可	other	823	71.2	11.6	no	4
license	特許	other	175	32.6	5.4	no	4
license	認可	other	82	41.6	2.0	no	4
link	接続	other	1072	99.6	10.8	no	4
link	リンク	katakana	905	386.7	2.3	no	4
link	連絡	other	111	85.7	1.3	no	4
link	一環	other	57	43.2	1.3	no	4
linking	リンク	katakana	905	386.7	2.3	yes	4
linking	連携	other	188	71.7	2.6	yes	4
linking	結合	other	177	62.0	2.9	no	4
linking	連結	other	91	43.1	2.1	no	4
loading	搭載	other	1574	221.7	7.1	no	4
loading	読み込み	other	326	1.2	276.0	yes	4
loading	ロード	katakana	288	64.5	4.5	yes	4
loading	ローディング	katakana	54	1.7	32.2	no	4
location	位置	other	1430	332.7	4.3	no	4
location	場所	other	567	333.5	1.7	no	4
location	下	other	432	387.7	1.1	no	4
location	拠点	other	67	120.9	0.6	no	4
log	ログ	katakana	641	22.7	28.2	yes	4
log	記録	other	395	526.6	0.7	no	4
log	ジャーナル	katakana	242	171.5	1.4	yes	4
log	履歴	other	120	9.8	12.2	no	4
logic	論理	other	442	20.0	22.1	no	4
logic	条	other	231	264.0	0.9	no	4
logic	ロジック	katakana	189	9.1	20.7	no	4
logic	理	other	75	24.1	3.1	no	4
major	重要	other	1001	165.3	6.1	no	4
major	主要	other	213	146.2	1.5	no	4
major	メジャー	katakana	80	94.2	0.8	no	4
major	専門	other	78	128.2	0.6	no	4
majority	多く	other	985	395.7	2.5	no	4
majority	多数	other	263	162.9	1.6	no	4
majority	大半	other	54	54.7	1.0	no	4
majority	大部分	other	53	44.9	1.2	no	4
manager	責任者	other	654	27.3	23.9	no	4
manager	マネージャー	katakana	393	45.8	8.6	no	4
manager	管理者	other	278	25.5	10.9	no	4
manager	マスター	katakana	143	89.3	1.6	no	4
margin	代	other	611	785.4	0.8	no	4
margin	マージン	katakana	160	0.9	176.6	no	4
margin	端	other	105	30.3	3.5	no	4
margin	余白	other	51	1.6	31.1	no	4
merit	値	other	8157	54.2	150.4	no	4
merit	取得	other	1591	163.5	9.7	no	4
merit	価値	other	89	52.0	1.7	no	4
merit	メリット	katakana	56	13.3	4.2	no	4
middle	中	other	1063	859.6	1.2	no	4
middle	中心	other	227	402.9	0.6	no	4
middle	中央	other	113	374.1	0.3	no	4
middle	中間	other	101	48.2	2.1	no	4
modification	変更	other	3224	505.2	6.4	no	4
modification	修正	other	684	51.2	13.4	no	4
modification	修飾	other	137	5.1	26.7	no	4
modification	改変	other	59	13.7	4.3	no	4
moment	時	other	4201	1843.2	2.3	no	4
moment	段	other	117	128.6	0.9	no	4
moment	秋	other	63	130.8	0.5	no	4
moment	期	other	57	501.1	0.1	no	4
most	殆ど	other	476	214.0	2.2	no	4
most	最高	other	131	251.7	0.5	no	4
most	一番	other	78	219.3	0.4	no	4
most	大半	other	54	54.7	1.0	no	4
movement	動作	other	1672	48.3	34.6	no	4
movement	移動	other	735	171.6	4.3	no	4
movement	動き	other	80	75.5	1.1	no	4
movement	動向	other	71	28.3	2.5	no	4
naturally	自体	other	316	92.0	3.4	no	4
naturally	本来	other	128	95.3	1.3	no	4
naturally	自然	other	103	146.9	0.7	no	4
naturally	自ら	other	70	195.7	0.4	no	4
new	ニュー	katakana	598	291.5	2.1	no	4
new	新た	other	372	235.0	1.6	no	4
new	初	other	147	695.5	0.2	no	4
new	新規	other	125	55.7	2.2	no	4
news	情報	other	7012	665.5	10.5	no	4
news	通信	other	1060	220.0	4.8	no	4
news	ニュース	katakana	840	1307.2	0.6	no	4
news	報	other	87	6.2	14.1	no	4
note	文	other	583	127.3	4.6	no	4
note	メモ	katakana	166	12.6	13.1	no	4
note	音	other	111	168.5	0.7	no	4
note	ノート	katakana	98	41.8	2.3	no	4
now	現在	other	1619	990.5	1.6	no	4
now	今回	other	162	42.6	3.8	no	4
now	ナウ	katakana	158	39.5	4.0	no	4
now	今	other	158	159.7	1.0	no	4
object	オブジェクト	katakana	6215	18.0	346.2	no	4
object	物	other	3627	2080.8	1.7	no	4
object	対象	other	959	195.8	4.9	no	4
object	趣旨	other	178	14.7	12.1	no	4
obscure	不明	other	68	194.4	0.4	no	4
obscure	無名	other	66	12.3	5.4	no	4
obscure	不透明	other	56	3.6	15.5	no	4
obscure	マイナー	katakana	51	30.2	1.7	no	4
observation	観測	other	385	90.3	4.3	no	4
observation	監視	other	370	45.4	8.2	no	4
observation	注目	other	131	89.7	1.5	no	4
observation	目	other	127	180.7	0.7	no	4
obtaining	取得	other	1591	163.5	9.7	no	4
obtaining	確保	other	313	76.9	4.1	no	4
obtaining	入手	other	125	49.8	2.5	no	4
obtaining	キャッチ	katakana	59	17.6	3.3	no	4
occupation	職	other	234	66.6	3.5	no	4
occupation	産業	other	162	180.0	0.9	no	4
occupation	仕事	other	77	171.3	0.5	no	4
occupation	キャリア	katakana	54	62.4	0.9	no	4
of	オブ	katakana	2977	2125.4	1.4	no	4
of	中	other	1063	859.6	1.2	no	4
of	内	other	391	89.1	4.4	no	4
of	デ	katakana	174	491.5	0.4	no	4
office	社	other	982	1189.1	0.8	no	4
office	オフィス	katakana	433	101.3	4.3	no	4
office	役	other	128	903.1	0.1	no	4
office	局	other	118	596.1	0.2	no	4
official	公式	other	720	897.1	0.8	no	4
official	正式	other	240	131.4	1.8	no	4
official	オフィシャル	katakana	112	304.4	0.4	no	4
official	本当	other	65	79.1	0.8	no	4
on	上	other	1233	475.6	2.6	no	4
on	下	other	432	387.7	1.1	no	4
on	条	other	231	264.0	0.9	no	4
on	オン	katakana	56	27.9	2.0	no	4
one	人	other	284	482.4	0.6	no	4
one	一方	other	230	203.7	1.1	no	4
one	ワン	katakana	200	133.4	1.5	no	4
one	ピン	katakana	143	11.8	12.1	no	4
package	パッケージ	katakana	602	48.0	12.5	no	4
package	パケット	katakana	358	8.3	43.1	no	4
package	パック	katakana	128	36.8	3.5	no	4
package	プラン	katakana	95	38.3	2.5	no	4
paper	レポート	katakana	298	155.6	1.9	no	4
paper	論文	other	181	87.4	2.1	no	4
paper	紙	other	83	40.0	2.1	no	4
paper	ペーパー	katakana	69	19.7	3.5	no	4
partition	分割	other	281	79.6	3.5	no	4
partition	分離	other	190	99.4	1.9	no	4
partition	パーティション	katakana	106	2.4	44.2	yes	4
partition	区分	other	63	45.5	1.4	no	4
passing	パス	katakana	956	33.4	28.6	no	4
passing	流れ	other	78	59.3	1.3	no	4
passing	推移	other	55	42.6	1.3	no	4
passing	合格	other	51	54.9	0.9	no	4
payment	支給	other	119	17.5	6.8	no	4
payment	決済	other	84	13.7	6.1	no	4
payment	納入	other	74	13.5	5.5	no	4
payment	支払い	other	59	24.7	2.4	no	4
permission	許可	other	823	71.2	11.6	no	4
permission	許容	other	110	9.8	11.2	no	4
permission	認可	other	82	41.6	2.0	no	4
permission	パーミッション	katakana	57	0.9	65.4	no	4
perspective	次元	other	174	53.2	3.3	no	4
perspective	観点	other	131	28.6	4.6	no	4
perspective	視点	other	59	34.9	1.7	no	4
perspective	パース	katakana	53	7.1	7.4	no	4
phase	段階	other	192	85.6	2.2	no	4
phase	時期	other	137	203.6	0.7	no	4
phase	段	other	117	128.6	0.9	no	4
phase	フェーズ	katakana	86	17.2	5.0	no	4
platform	プラットフォーム	katakana	682	44.2	15.4	no	4
platform	ホーム	katakana	320	219.2	1.5	no	4
platform	台	other	308	313.7	1.0	no	4
platform	基盤	other	204	36.2	5.6	yes	4
points	点	other	885	363.9	2.4	no	4
points	ポイント	katakana	244	131.5	1.9	no	4
points	スイッチ	katakana	223	60.9	3.7	no	4
points	点数	other	104	11.5	9.1	no	4
policy	ポリシー	katakana	586	16.4	35.7	no	4
policy	線	other	177	344.9	0.5	no	4
policy	策	other	162	27.5	5.9	no	4
policy	方針	other	111	72.4	1.5	no	4
possession	獲得	other	100	342.0	0.3	no	4
possession	所有	other	83	87.0	1.0	no	4
possession	保有	other	79	56.9	1.4	no	4
possession	帰属	other	53	9.7	5.4	no	4
potential	可能	other	3569	478.8	7.5	no	4
potential	可能性	other	1647	188.1	8.8	no	4
potential	仮想	other	390	12.4	31.5	no	4
potential	潜在的	other	62	6.8	9.2	no	4
precise	正確	other	265	46.8	5.7	no	4
precise	正	other	204	72.8	2.8	no	4
precise	明確	other	200	44.0	4.6	no	4
precise	厳密	other	114	22.1	5.2	no	4
preparation	対策	other	2110	125.4	16.8	no	4
preparation	用意	other	327	60.1	5.4	no	4
preparation	整備	other	240	203.5	1.2	no	4
preparation	準備	other	197	77.2	2.6	no	4
preservation	保存	other	807	101.2	8.0	no	4
preservation	保持	other	441	46.2	9.6	no	4
preservation	保護	other	369	129.5	2.9	no	4
preservation	維持	other	269	98.5	2.7	no	4
programming	プログラム	katakana	1773	122.2	14.5	yes	4
programming	プログラミング	katakana	1163	38.9	29.9	yes	4
programming	コーディング	katakana	128	3.3	39.2	yes	4
programming	予約	other	94	33.1	2.8	no	4
proportion	率	other	193	69.9	2.8	no	4
proportion	比	other	103	52.1	2.0	no	4
proportion	割合	other	92	29.0	3.2	no	4
proportion	比率	other	60	22.1	2.7	no	4
protection	保護	other	369	129.5	2.9	no	4
protection	防御	other	72	41.5	1.7	no	4
protection	プロテクト	katakana	54	3.9	13.8	no	4
protection	プロテクション	katakana	52	5.7	9.1	no	4
public	代	other	611	785.4	0.8	no	4
public	表	other	521	142.8	3.6	no	4
public	パブリック	katakana	315	40.3	7.8	no	4
public	社会	other	96	318.3	0.3	no	4
purpose	為	other	9021	3426.6	2.6	no	4
purpose	目的	other	686	219.8	3.1	no	4
purpose	用途	other	263	37.0	7.1	no	4
purpose	用	other	163	9.4	17.4	no	4
ranking	上位	other	211	68.7	3.1	no	4
ranking	レート	katakana	176	13.8	12.7	no	4
ranking	格付け	other	131	10.6	12.4	no	4
ranking	ランキング	katakana	60	148.6	0.4	no	4
reflection	反映	other	374	33.2	11.3	no	4
reflection	映像	other	170	244.5	0.7	no	4
reflection	影	other	76	55.1	1.4	no	4
reflection	考え	other	52	46.2	1.1	no	4
removal	移動	other	735	171.6	4.3	no	4
removal	除去	other	208	20.8	10.0	no	4
removal	解除	other	189	44.0	4.3	no	4
removal	排除	other	57	33.0	1.7	no	4
representation	表示	other	3311	1059.5	3.1	no	4
representation	表現	other	829	164.0	5.1	no	4
representation	代表	other	78	532.7	0.1	no	4
representation	表明	other	62	83.2	0.7	no	4
representative	ザ	katakana	4394	3055.9	1.4	no	4
representative	典型的	other	81	20.3	4.0	no	4
representative	代表	other	78	532.7	0.1	no	4
representative	代表的	other	71	31.7	2.2	no	4
resolution	解決	other	726	64.9	11.2	no	4
resolution	解像度	other	166	8.6	19.4	no	4
resolution	分解	other	72	35.5	2.0	no	4
resolution	解消	other	50	43.1	1.2	no	4
response	対応	other	2662	263.7	10.1	no	4
response	レスポンス	katakana	807	16.6	48.6	no	4
response	応答	other	203	14.7	13.8	no	4
response	反応	other	59	94.6	0.6	no	4
restoration	重複	other	128	39.6	3.2	no	4
restoration	復旧	other	81	22.7	3.6	no	4
restoration	復元	other	72	27.6	2.6	no	4
restoration	帰属	other	53	9.7	5.4	no	4
role	ロール	katakana	462	47.0	9.8	no	4
role	役割	other	201	96.3	2.1	no	4
role	役	other	128	903.1	0.1	no	4
role	キャスト	katakana	68	154.8	0.4	no	4
round	回	other	367	1793.0	0.2	no	4
round	場	other	85	94.8	0.9	no	4
round	一番	other	78	219.3	0.4	no	4
round	ラウンド	katakana	72	66.0	1.1	no	4
route	ルート	katakana	656	94.8	6.9	no	4
route	課題	other	272	48.8	5.6	no	4
route	線	other	177	344.9	0.5	no	4
route	経路	other	123	42.7	2.9	no	4
row	行	other	1071	114.6	9.3	no	4
row	列	other	484	58.2	8.3	no	4
row	ロー	katakana	120	51.5	2.3	no	4
row	並び	other	52	35.4	1.5	no	4
same	同様	other	907	331.5	2.7	no	4
same	同じ	other	490	75.0	6.5	no	4
same	同一	other	216	80.3	2.7	no	4
same	共	other	185	456.3	0.4	no	4
score	点	other	885	363.9	2.4	no	4
score	点数	other	104	11.5	9.1	no	4
score	スコア	katakana	93	36.2	2.6	no	4
score	罫線	other	57	0.4	131.4	no	4
second	中	other	1063	859.6	1.2	no	4
second	秒	other	386	265.2	1.5	no	4
second	乙	other	210	22.9	9.2	no	4
second	セカンド	katakana	74	108.2	0.7	no	4
selection	選択	other	1367	114.8	11.9	no	4
selection	セレクト	katakana	141	22.6	6.2	no	4
selection	抽出	other	120	13.8	8.7	no	4
selection	選定	other	117	41.6	2.8	no	4
separation	分割	other	281	79.6	3.5	no	4
separation	独立	other	216	219.8	1.0	no	4
separation	分離	other	190	99.4	1.9	no	4
separation	離散	other	58	6.6	8.8	no	4
session	セッション	katakana	463	31.8	14.5	no	4
session	会議	other	104	191.0	0.5	no	4
session	場	other	85	94.8	0.9	no	4
session	期	other	57	501.1	0.1	no	4
setup	設定	other	6695	265.4	25.2	yes	4
setup	組織	other	406	242.9	1.7	no	4
setup	セットアップ	katakana	276	2.2	125.2	no	4
setup	準備	other	197	77.2	2.6	no	4
sharing	共有	other	673	41.7	16.1	no	4
sharing	展開	other	246	199.7	1.2	no	4
sharing	共同	other	214	217.2	1.0	no	4
sharing	シェア	katakana	181	32.1	5.7	no	4
site	サイト	katakana	1003	696.6	1.4	no	4
site	ポイント	katakana	244	131.5	1.9	no	4
site	所	other	234	343.3	0.7	no	4
site	拠点	other	67	120.9	0.6	no	4
somehow	物	other	3627	2080.8	1.7	no	4
somehow	空	other	577	126.5	4.6	no	4
somehow	生	other	87	90.6	1.0	no	4
somehow	気	other	81	139.9	0.6	no	4
sort	タイプ	katakana	648	165.8	3.9	no	4
sort	種	other	113	277.4	0.4	no	4
sort	手	other	110	271.5	0.4	no	4
sort	比	other	103	52.1	2.0	no	4
start	開始	other	779	770.6	1.0	no	4
start	当初	other	403	333.5	1.2	no	4
start	スタート	katakana	141	148.0	1.0	no	4
start	端	other	105	30.3	3.5	no	4
starting point	スタート	katakana	141	148.0	1.0	no	4
starting point	原点	other	87	14.6	6.0	no	4
starting point	起点	other	81	55.5	1.5	no	4
starting point	出発点	other	66	3.3	20.0	no	4
successor	後	other	1236	1707.5	0.7	no	4
successor	代わり	other	918	90.4	10.2	no	4
successor	後継	other	335	54.5	6.1	no	4
successor	後者	other	75	37.5	2.0	no	4
summary	一覧	other	453	744.0	0.6	no	4
summary	概要	other	432	68.1	6.3	no	4
summary	ダイジェスト	katakana	73	21.9	3.3	no	4
summary	纏め	other	69	13.6	5.1	no	4
supplement	追加	other	3607	216.8	16.6	no	4
supplement	補助	other	94	41.6	2.3	no	4
supplement	加算	other	89	16.2	5.5	no	4
supplement	補足	other	57	6.1	9.4	no	4
supply	調達	other	249	23.8	10.5	no	4
supply	供給	other	122	74.5	1.6	no	4
supply	支給	other	119	17.5	6.8	no	4
supply	納入	other	74	13.5	5.5	no	4
surface	上	other	1233	475.6	2.6	no	4
surface	表	other	521	142.8	3.6	no	4
surface	面	other	242	379.0	0.6	no	4
surface	上部	other	56	42.5	1.3	no	4
suspension	停止	other	473	115.8	4.1	no	4
suspension	一時停止	other	116	3.3	35.7	no	4
suspension	中断	other	84	33.0	2.5	no	4
suspension	中止	other	82	112.2	0.7	no	4
symbol	符号	other	339	15.9	21.3	no	4
symbol	記号	other	236	43.4	5.4	no	4
symbol	シンボル	katakana	190	27.0	7.0	no	4
symbol	マーク	katakana	136	100.3	1.4	no	4
talk	語	other	315	494.4	0.6	no	4
talk	対話	other	124	19.5	6.4	no	4
talk	トーク	katakana	67	98.0	0.7	no	4
talk	会話	other	51	44.6	1.2	no	4
target	対象	other	959	195.8	4.9	no	4
target	ターゲット	katakana	350	24.3	14.4	no	4
target	目標	other	161	83.4	1.9	no	4
target	標的	other	68	25.8	2.6	no	4
team	チーム	katakana	316	693.2	0.5	no	4
team	部	other	252	1097.4	0.2	no	4
team	団体	other	121	185.9	0.7	no	4
team	組	other	77	255.8	0.3	no	4
terminal	端末	other	851	32.5	26.2	yes	4
terminal	端子	other	127	11.6	10.9	no	4
terminal	ターミナル	katakana	113	33.4	3.4	no	4
terminal	終端	other	79	3.5	22.6	no	4
text	テキスト	katakana	1959	50.1	39.1	no	4
text	文	other	583	127.3	4.6	no	4
text	メール	katakana	348	47.8	7.3	no	4
text	本文	other	96	19.6	4.9	no	4
the times	時	other	4201	1843.2	2.3	no	4
the times	代	other	611	785.4	0.8	no	4
the times	時代	other	187	941.0	0.2	no	4
the times	秋	other	63	130.8	0.5	no	4
thing	物	other	3627	2080.8	1.7	no	4
thing	事	other	452	429.9	1.1	no	4
thing	所	other	234	343.3	0.7	no	4
thing	様	other	51	51.9	1.0	no	4
title	名	other	1968	938.7	2.1	no	4
title	名称	other	355	221.2	1.6	no	4
title	見出し	other	277	6.1	45.2	no	4
title	タイトル	katakana	166	254.7	0.7	no	4
tone	色	other	910	159.2	5.7	no	4
tone	人気	other	145	208.0	0.7	no	4
tone	音	other	111	168.5	0.7	no	4
tone	声	other	69	560.1	0.1	no	4
treatment	処理	other	1965	91.1	21.6	no	4
treatment	使い方	other	509	637.8	0.8	no	4
treatment	取り扱い	other	213	58.6	3.6	no	4
treatment	扱い	other	62	87.4	0.7	no	4
trend	数	other	1186	430.3	2.8	no	4
trend	傾向	other	91	71.7	1.3	no	4
trend	動き	other	80	75.5	1.1	no	4
trend	動向	other	71	28.3	2.5	no	4
true	正	other	204	72.8	2.8	no	4
true	トゥルー	katakana	139	25.7	5.4	no	4
true	真	other	136	105.0	1.3	no	4
true	純粋	other	73	25.7	2.8	no	4
trunk	元	other	624	867.7	0.7	no	4
trunk	基	other	136	144.4	0.9	no	4
trunk	体	other	91	244.2	0.4	no	4
trunk	本	other	72	160.2	0.4	no	4
turn	順	other	247	89.5	2.8	no	4
turn	回転	other	174	73.0	2.4	no	4
turn	順番	other	143	14.3	10.0	no	4
turn	番	other	74	422.5	0.2	no	4
typical	ザ	katakana	4394	3055.9	1.4	no	4
typical	一般的	other	831	124.5	6.7	no	4
typical	標準的	other	101	12.2	8.3	no	4
typical	典型的	other	81	20.3	4.0	no	4
update	更新	other	1600	112.1	14.3	no	4
update	修正	other	684	51.2	13.4	no	4
update	アップデート	katakana	444	39.3	11.3	yes	4
update	バージョンアップ	katakana	57	4.5	12.7	yes	4
variety	色	other	910	159.2	5.7	no	4
variety	種類	other	752	143.0	5.3	no	4
variety	変化	other	422	170.5	2.5	no	4
variety	種	other	113	277.4	0.4	no	4
version	版	other	3542	2474.4	1.4	no	4
version	モデル	katakana	2092	351.7	5.9	no	4
version	バージョン	katakana	1894	173.2	10.9	no	4
version	訳	other	289	313.6	0.9	no	4
vicinity	側	other	471	364.7	1.3	no	4
vicinity	方	other	462	268.2	1.7	no	4
vicinity	辺	other	94	21.2	4.4	no	4
vicinity	辺り	other	51	36.3	1.4	no	4
view	ビュー	katakana	641	19.2	33.4	no	4
view	声	other	69	560.1	0.1	no	4
view	意見	other	59	82.0	0.7	no	4
view	考え	other	52	46.2	1.1	no	4
viewpoint	点	other	885	363.9	2.4	no	4
viewpoint	観点	other	131	28.6	4.6	no	4
viewpoint	目	other	127	180.7	0.7	no	4
viewpoint	視点	other	59	34.9	1.7	no	4
vision	光	other	147	193.3	0.8	no	4
vision	目	other	127	180.7	0.7	no	4
vision	ビジョン	katakana	95	35.9	2.6	no	4
vision	視覚	other	54	14.1	3.8	no	4
void	無効	other	579	25.4	22.8	no	4
void	空	other	577	126.5	4.6	no	4
void	空白	other	229	13.5	17.0	no	4
void	ボイド	katakana	123	7.2	17.1	no	4
watching	御覧	other	537	11.9	45.3	no	4
watching	ウォッチ	katakana	471	95.3	4.9	no	4
watching	監視	other	370	45.4	8.2	no	4
watching	マーク	katakana	136	100.3	1.4	no	4
while	中	other	1063	859.6	1.2	no	4
while	側	other	471	364.7	1.3	no	4
while	内	other	391	89.1	4.4	no	4
while	侭	other	213	181.1	1.2	no	4
whole	全体	other	807	159.2	5.1	no	4
whole	単位	other	590	88.7	6.6	no	4
whole	円	other	287	470.4	0.6	no	4
whole	ホール	katakana	88	231.6	0.4	no	4
will	よう	other	10037	1988.9	5.0	no	4
will	ウイル	katakana	107	40.0	2.7	no	4
will	気	other	81	139.9	0.6	no	4
will	声	other	69	560.1	0.1	no	4
word	語	other	315	494.4	0.6	no	4
word	ワード	katakana	182	12.0	15.1	yes	4
word	単語	other	131	22.8	5.7	no	4
word	言葉	other	118	197.6	0.6	no	4
worth	値	other	8157	54.2	150.4	no	4
worth	取得	other	1591	163.5	9.7	no	4
worth	分	other	388	1042.5	0.4	no	4
worth	価値	other	89	52.0	1.7	no	4
above	上	other	1233	475.6	2.6	no	3
above	以上	other	782	475.0	1.6	no	3
above	上記	other	530	109.8	4.8	no	3
above-mentioned	上記	other	530	109.8	4.8	no	3
above-mentioned	右	other	238	92.2	2.6	no	3
above-mentioned	前述	other	109	77.5	1.4	no	3
abridgment	概要	other	432	68.1	6.3	no	3
abridgment	省略	other	427	79.2	5.4	no	3
abridgment	ダイジェスト	katakana	73	21.9	3.3	no	3
abstraction	抽出	other	120	13.8	8.7	no	3
abstraction	抽象化	other	78	1.8	43.2	no	3
abstraction	抽象	other	76	4.3	17.8	no	3
acknowledgment	認定	other	132	126.2	1.0	no	3
acknowledgment	承認	other	120	70.7	1.7	no	3
acknowledgment	認知	other	71	29.3	2.4	no	3
activity	事業	other	277	433.3	0.6	no	3
activity	活動	other	207	652.2	0.3	no	3
activity	稼働	other	144	36.0	4.0	no	3
advancement	向上	other	459	97.0	4.7	no	3
advancement	推進	other	242	120.1	2.0	no	3
advancement	発展	other	143	143.5	1.0	no	3
alignment	属性	other	3208	33.9	94.5	no	3
alignment	配列	other	1551	23.0	67.3	no	3
alignment	連携	other	188	71.7	2.6	no	3
allowance	付与	other	159	27.8	5.7	no	3
allowance	支給	other	119	17.5	6.8	no	3
allowance	許容	other	110	9.8	11.2	no	3
although	とも	other	355	430.1	0.8	no	3
although	条	other	231	264.0	0.9	no	3
although	一方	other	230	203.7	1.1	no	3
amendment	変更	other	3224	505.2	6.4	no	3
amendment	修正	other	684	51.2	13.4	no	3
amendment	訂正	other	55	13.4	4.1	no	3
among	中	other	1063	859.6	1.2	no	3
among	間	other	730	565.0	1.3	no	3
among	内	other	391	89.1	4.4	no	3
ancestor	親	other	727	64.6	11.2	no	3
ancestor	祖先	other	87	15.9	5.5	no	3
ancestor	前身	other	55	65.8	0.8	no	3
animated cartoon	アニメーション	katakana	1074	98.9	10.9	no	3
animated cartoon	動画	other	406	128.0	3.2	no	3
animated cartoon	アニメ	katakana	52	517.8	0.1	no	3
animation	アニメーション	katakana	1074	98.9	10.9	no	3
animation	動画	other	406	128.0	3.2	no	3
animation	アニメ	katakana	52	517.8	0.1	no	3
annotation	注釈	other	147	22.9	6.4	no	3
annotation	アノテーション	katakana	125	0.4	276.9	no	3
annotation	注	other	87	26.9	3.2	no	3
annulment	廃止	other	173	351.7	0.5	no	3
annulment	破棄	other	138	14.9	9.3	no	3
annulment	廃棄	other	63	11.0	5.7	no	3
apart from	他	other	3005	1417.5	2.1	no	3
apart from	以外	other	893	314.4	2.8	no	3
apart from	外	other	132	73.3	1.8	no	3
apparatus	機器	other	607	74.4	8.2	no	3
apparatus	装置	other	335	157.8	2.1	no	3
apparatus	機械	other	221	90.4	2.4	no	3
appointment	指定	other	6373	334.7	19.0	no	3
appointment	採用	other	1086	251.2	4.3	no	3
appointment	予約	other	94	33.1	2.8	no	3
approach	線	other	177	344.9	0.5	no	3
approach	アプローチ	katakana	151	30.1	5.0	no	3
approach	考え方	other	117	26.0	4.5	no	3
architecture	構築	other	958	56.2	17.1	no	3
architecture	アーキテクチャー	katakana	909	21.3	42.6	no	3
architecture	体系	other	60	31.3	1.9	no	3
argument	引数	other	3053	27.5	111.2	yes	3
argument	項	other	169	102.0	1.7	no	3
argument	議論	other	125	61.3	2.0	no	3
arrival	登場	other	477	848.1	0.6	no	3
arrival	到達	other	124	41.1	3.0	no	3
arrival	出現	other	74	72.8	1.0	no	3
as	通り	other	812	439.9	1.8	no	3
as	条	other	231	264.0	0.9	no	3
as	侭	other	213	181.1	1.2	no	3
assembly	集合	other	402	52.8	7.6	no	3
assembly	アセンブリー	katakana	114	7.6	14.9	yes	3
assembly	会議	other	104	191.0	0.5	no	3
assertion	主張	other	174	164.2	1.1	no	3
assertion	アサーション	katakana	131	0.3	433.4	no	3
assertion	表明	other	62	83.2	0.7	no	3
assistance	サービス	katakana	2486	273.2	9.1	no	3
assistance	支援	other	403	241.6	1.7	no	3
assistance	補助	other	94	41.6	2.3	no	3
assortment	組み合わせ	other	179	32.5	5.5	no	3
assortment	種別	other	91	18.6	4.9	no	3
assortment	組	other	77	255.8	0.3	no	3
audio	音声	other	502	72.7	6.9	no	3
audio	オーディオ	katakana	332	33.1	10.0	no	3
audio	音源	other	85	49.5	1.7	no	3
backup	バックアップ	katakana	151	10.3	14.6	yes	3
backup	退避	other	61	4.9	12.5	yes	3
backup	サブ	katakana	51	15.9	3.2	no	3
beam	線	other	177	344.9	0.5	no	3
beam	桁	other	174	34.3	5.1	no	3
beam	光	other	147	193.3	0.8	no	3
bearing	動作	other	1672	48.3	34.6	no	3
bearing	方向	other	864	104.6	8.3	no	3
bearing	負荷	other	115	13.0	8.9	no	3
below	以下	other	4026	502.1	8.0	no	3
below	下	other	432	387.7	1.1	no	3
below	未満	other	127	40.7	3.1	no	3
benefit	為	other	9021	3426.6	2.6	no	3
benefit	利益	other	60	41.6	1.4	no	3
benefit	メリット	katakana	56	13.3	4.2	no	3
big	大幅	other	165	66.0	2.5	no	3
big	ビッグ	katakana	96	99.7	1.0	no	3
big	大型	other	83	127.9	0.6	no	3
bill	チェック	katakana	713	28.4	25.2	no	3
bill	付け	other	402	42.6	9.4	no	3
bill	ビル	katakana	86	145.9	0.6	no	3
binding	バインド	katakana	204	0.9	227.1	no	3
binding	バインディング	katakana	142	5.4	26.5	no	3
binding	束縛	other	58	3.5	16.5	no	3
blank	フィールド	katakana	967	79.6	12.1	yes	3
blank	空白	other	229	13.5	17.0	no	3
blank	生	other	87	90.6	1.0	no	3
border	境界	other	366	49.6	7.4	no	3
border	ボーダー	katakana	151	10.4	14.6	no	3
border	罫線	other	57	0.4	131.4	yes	3
bound	限り	other	422	87.3	4.8	no	3
bound	筈	other	272	53.3	5.1	no	3
bound	限界	other	66	34.7	1.9	no	3
boundary	境界	other	366	49.6	7.4	no	3
boundary	ボーダー	katakana	151	10.4	14.6	no	3
boundary	区域	other	120	101.7	1.2	no	3
bout	取り組み	other	125	33.8	3.7	no	3
bout	一番	other	78	219.3	0.4	no	3
bout	番	other	74	422.5	0.2	no	3
branch	分野	other	346	114.7	3.0	no	3
branch	部門	other	186	213.2	0.9	no	3
branch	ブランチ	katakana	60	6.9	8.7	no	3
bug	バグ	katakana	943	7.6	124.7	yes	3
bug	誤り	other	91	19.7	4.6	no	3
bug	不具合	other	66	10.7	6.2	no	3
build	スタイル	katakana	1602	140.6	11.4	no	3
build	ビルド	katakana	477	17.0	28.2	yes	3
build	体	other	91	244.2	0.4	no	3
built-in	内蔵	other	339	25.4	13.3	no	3
built-in	組み込み	other	322	4.3	74.4	no	3
built-in	ビルトイン	katakana	53	0.5	110.4	no	3
calendar	スケジュール	katakana	188	33.1	5.7	no	3
calendar	カレンダー	katakana	61	22.9	2.7	no	3
calendar	暦	other	50	8.6	5.8	no	3
caption	説明	other	1527	213.5	7.2	no	3
caption	ネーム	katakana	284	35.1	8.1	no	3
caption	見出し	other	277	6.1	45.2	no	3
cash	キャッシュ	katakana	659	21.4	30.7	no	3
cash	ドル	katakana	333	126.5	2.6	no	3
cash	生	other	87	90.6	1.0	no	3
certainly	とも	other	355	430.1	0.8	no	3
certainly	一定	other	96	58.0	1.7	no	3
certainly	左右	other	53	56.5	0.9	no	3
certification	認証	other	1137	30.0	37.9	no	3
certification	証明	other	187	54.5	3.4	no	3
certification	認定	other	132	126.2	1.0	no	3
chapter	回	other	367	1793.0	0.2	no	3
chapter	章	other	219	214.2	1.0	no	3
chapter	チャプター	katakana	60	23.0	2.6	no	3
chat	チャット	katakana	115	9.8	11.7	no	3
chat	トーク	katakana	67	98.0	0.7	no	3
chat	会話	other	51	44.6	1.2	no	3
china	中	other	1063	859.6	1.2	no	3
china	中国	other	165	480.4	0.3	no	3
china	韓国	other	63	208.8	0.3	no	3
choice	オプション	katakana	2050	38.6	53.1	no	3
choice	選択	other	1367	114.8	11.9	no	3
choice	候補	other	67	112.4	0.6	no	3
circle	世界	other	357	1109.7	0.3	no	3
circle	円	other	287	470.4	0.6	no	3
circle	条	other	231	264.0	0.9	no	3
clear	明確	other	200	44.0	4.6	no	3
clear	明らか	other	133	125.8	1.1	no	3
clear	クリア	katakana	117	56.3	2.1	no	3
clearing	交換	other	271	97.7	2.8	no	3
clearing	クリア	katakana	117	56.3	2.1	yes	3
clearing	消去	other	98	6.3	15.4	no	3
client	クライアント	katakana	918	14.8	62.2	no	3
client	利用者	other	433	35.4	12.2	no	3
client	顧客	other	220	26.9	8.2	no	3
cloth	クロス	katakana	183	75.4	2.4	no	3
cloth	切れ	other	142	99.2	1.4	no	3
cloth	テックス	katakana	74	3.5	21.4	no	3
commission	分割	other	281	79.6	3.5	no	3
commission	委託	other	226	35.4	6.4	no	3
commission	委員会	other	116	384.5	0.3	no	3
community	コミュニティー	katakana	361	65.2	5.5	no	3
community	共同	other	214	217.2	1.0	no	3
community	社会	other	96	318.3	0.3	no	3
compact	契約	other	359	283.6	1.3	no	3
compact	簡潔	other	92	4.5	20.4	no	3
compact	コンパクト	katakana	64	17.8	3.6	no	3
compatibility	対応	other	2662	263.7	10.1	no	3
compatibility	互換性	other	2162	10.8	200.6	no	3
compatibility	適合	other	90	16.5	5.5	no	3
competition	競合	other	134	19.1	7.0	no	3
competition	対抗	other	59	69.2	0.9	no	3
competition	競争	other	51	35.6	1.4	no	3
compilation	編集	other	1003	1056.2	0.9	no	3
compilation	コンパイル	katakana	368	5.9	62.3	yes	3
compilation	編	other	93	922.4	0.1	no	3
complex	複雑	other	338	43.1	7.8	no	3
complex	複雑性	other	62	1.9	32.0	no	3
complex	複合	other	53	36.0	1.5	no	3
comprehension	通り	other	812	439.9	1.8	no	3
comprehension	理解	other	668	84.3	7.9	no	3
comprehension	包含	other	95	3.9	24.3	no	3
compulsory	規定	other	331	125.9	2.6	no	3
compulsory	必須	other	253	26.8	9.4	no	3
compulsory	強制的	other	58	13.5	4.3	no	3
concept	概念	other	300	66.4	4.5	no	3
concept	コンセプト	katakana	91	51.7	1.8	no	3
concept	考え	other	52	46.2	1.1	no	3
configuration	設定	other	6695	265.4	25.2	yes	3
configuration	配置	other	862	116.8	7.4	no	3
configuration	コンフィギュレーション	katakana	53	1.2	43.3	yes	3
conformity	適合	other	90	16.5	5.5	no	3
conformity	整合性	other	53	3.0	17.8	no	3
conformity	適応	other	53	19.3	2.7	no	3
consent	承認	other	120	70.7	1.7	no	3
consent	合意	other	65	63.4	1.0	no	3
consent	同意	other	50	28.0	1.8	no	3
consequence	為	other	9021	3426.6	2.6	no	3
consequence	結果	other	1963	464.9	4.2	no	3
consequence	後	other	1236	1707.5	0.7	no	3
conservation	保存	other	807	101.2	8.0	no	3
conservation	保護	other	369	129.5	2.9	no	3
conservation	保守	other	148	19.8	7.5	no	3
consumer	利用者	other	433	35.4	12.2	no	3
consumer	消費者	other	68	22.5	3.0	no	3
consumer	コンシューマー	katakana	62	8.1	7.7	no	3
contract	契約	other	359	283.6	1.3	no	3
contract	予約	other	94	33.1	2.8	no	3
contract	請け負い	other	54	5.2	10.4	no	3
contrivance	機関	other	811	154.7	5.2	no	3
contrivance	仕組み	other	242	24.8	9.8	no	3
contrivance	考案	other	76	29.1	2.6	no	3
conversation	スレッド	katakana	408	7.4	55.4	no	3
conversation	対話	other	124	19.5	6.4	no	3
conversation	会話	other	51	44.6	1.2	no	3
coordination	対応	other	2662	263.7	10.1	no	3
coordination	調整	other	310	73.7	4.2	no	3
coordination	連携	other	188	71.7	2.6	no	3
copy	コピー	katakana	570	35.7	15.9	no	3
copy	プリント	katakana	118	17.6	6.7	no	3
copy	種	other	113	277.4	0.4	no	3
correct	正確	other	265	46.8	5.7	no	3
correct	正	other	204	72.8	2.8	no	3
correct	本当	other	65	79.1	0.8	no	3
cost price	元	other	624	867.7	0.7	no	3
cost price	基	other	136	144.4	0.9	no	3
cost price	本	other	72	160.2	0.4	no	3
counter for falcons	元	other	624	867.7	0.7	no	3
counter for falcons	基	other	136	144.4	0.9	no	3
counter for falcons	本	other	72	160.2	0.4	no	3
counter for plants or trees	元	other	624	867.7	0.7	no	3
counter for plants or trees	基	other	136	144.4	0.9	no	3
counter for plants or trees	本	other	72	160.2	0.4	no	3
counting	数	other	1186	430.3	2.8	no	3
counting	計算	other	862	68.6	12.6	no	3
counting	カウント	katakana	146	29.0	5.0	no	3
crash	衝突	other	78	55.7	1.4	no	3
crash	クラッシュ	katakana	66	15.7	4.2	yes	3
crash	破壊	other	60	130.7	0.5	yes	3
crossing	クロス	katakana	183	75.4	2.4	no	3
crossing	交差	other	106	28.7	3.7	no	3
crossing	横断	other	52	37.9	1.4	no	3
crude	アバウト	katakana	217	60.0	3.6	no	3
crude	プリミティブ	katakana	200	2.1	95.7	no	3
crude	生	other	87	90.6	1.0	no	3
current	流れ	other	78	59.3	1.3	no	3
current	本	other	72	160.2	0.4	no	3
current	現行	other	52	32.6	1.6	no	3
custom	例	other	6343	223.3	28.4	no	3
custom	オリジナル	katakana	1261	964.3	1.3	no	3
custom	カスタム	katakana	745	16.0	46.5	no	3
customer	利用者	other	433	35.4	12.2	no	3
customer	顧客	other	220	26.9	8.2	no	3
customer	消費者	other	68	22.5	3.0	no	3
days	日	other	5833	9041.5	0.6	no	3
days	頃	other	250	520.7	0.5	no	3
days	比	other	103	52.1	2.0	no	3
decrease	ダウン	katakana	124	65.9	1.9	no	3
decrease	減少	other	65	90.8	0.7	no	3
decrease	低減	other	59	11.8	5.0	no	3
default value	デフォルト値	other	388	0.1	6365.9	no	3
default value	既定値	other	364	0.1	4182.4	no	3
default value	初期値	other	161	1.7	93.3	yes	3
defect	障害	other	203	84.6	2.4	no	3
defect	欠点	other	78	15.4	5.0	no	3
defect	不具合	other	66	10.7	6.2	no	3
deletion	削除	other	1755	35.2	49.8	no	3
deletion	消去	other	98	6.3	15.4	no	3
deletion	抹消	other	77	24.3	3.2	no	3
derivation	生成	other	1818	57.4	31.7	no	3
derivation	派生	other	206	33.0	6.2	no	3
derivation	由来	other	143	178.5	0.8	no	3
descendant	後	other	1236	1707.5	0.7	no	3
descendant	子孫	other	136	43.5	3.1	no	3
descendant	後者	other	75	37.5	2.0	no	3
designation	指定	other	6373	334.7	19.0	no	3
designation	指示	other	282	62.9	4.5	no	3
designation	呼称	other	64	64.3	1.0	no	3
desire	色	other	910	159.2	5.7	no	3
desire	要求	other	787	88.5	8.9	no	3
desire	ウイル	katakana	107	40.0	2.7	no	3
destination	前	other	1519	937.1	1.6	no	3
destination	先	other	370	156.6	2.4	no	3
destination	宛て先	other	68	2.0	34.2	no	3
detection	検出	other	382	30.1	12.7	no	3
detection	検知	other	174	8.7	20.1	no	3
detection	発見	other	163	215.4	0.8	no	3
developer	開発者	other	733	18.7	39.2	no	3
developer	デベロッパー	katakana	176	6.0	29.2	no	3
developer	クリエーター	katakana	54	22.3	2.4	no	3
difficulty	問題	other	1312	399.2	3.3	no	3
difficulty	障害	other	203	84.6	2.4	no	3
difficulty	困難	other	170	77.5	2.2	no	3
dimension	寸法	other	212	9.6	22.1	no	3
dimension	次元	other	174	53.2	3.3	no	3
dimension	側面	other	54	51.4	1.0	no	3
disclosure	公開	other	934	486.9	1.9	no	3
disclosure	漏洩	other	122	5.1	23.8	no	3
disclosure	開示	other	53	9.1	5.8	no	3
discovery	発見	other	163	215.4	0.8	no	3
discovery	ディスカバリー	katakana	68	15.7	4.3	no	3
discovery	開示	other	53	9.1	5.8	no	3
discrepancy	違い	other	296	69.3	4.3	no	3
discrepancy	不具合	other	66	10.7	6.2	no	3
discrepancy	誤差	other	50	8.1	6.2	no	3
discussion	検討	other	425	84.0	5.1	no	3
discussion	議論	other	125	61.3	2.0	no	3
discussion	対話	other	124	19.5	6.4	no	3
disposal	処理	other	1965	91.1	21.6	no	3
disposal	整理	other	104	54.3	1.9	no	3
disposal	廃棄	other	63	11.0	5.7	no	3
district	所	other	234	343.3	0.7	no	3
district	区域	other	120	101.7	1.2	no	3
district	地域	other	89	591.9	0.2	no	3
document	文書	other	1224	113.4	10.8	no	3
document	ドキュメント	katakana	1008	27.0	37.3	yes	3
document	記録	other	395	526.6	0.7	no	3
documentation	ドキュメント	katakana	1008	27.0	37.3	yes	3
documentation	ドキュメンテーション	katakana	162	3.5	46.0	no	3
documentation	文書化	other	65	1.2	55.6	yes	3
dot	点	other	885	363.9	2.4	no	3
dot	目	other	127	180.7	0.7	no	3
dot	ドット	katakana	123	18.4	6.7	yes	3
down	下	other	432	387.7	1.1	no	3
down	ダウン	katakana	124	65.9	1.9	no	3
down	ブルー	katakana	90	146.2	0.6	no	3
drive	ドライブ	katakana	363	48.1	7.5	yes	3
drive	推進	other	242	120.1	2.0	no	3
drive	駆動	other	123	32.7	3.8	no	3
during	中	other	1063	859.6	1.2	no	3
during	下	other	432	387.7	1.1	no	3
during	内	other	391	89.1	4.4	no	3
duties	業務	other	622	129.5	4.8	no	3
duties	職	other	234	66.6	3.5	no	3
duties	役割	other	201	96.3	2.1	no	3
earlier times	元	other	624	867.7	0.7	no	3
earlier times	旧	other	223	597.4	0.4	no	3
earlier times	故	other	51	56.6	0.9	no	3
easy	簡単	other	614	41.5	14.8	no	3
easy	容易	other	293	40.7	7.2	no	3
easy	簡易	other	66	33.7	2.0	no	3
edition	版	other	3542	2474.4	1.4	no	3
edition	エディション	katakana	349	70.3	5.0	no	3
edition	号	other	280	2122.2	0.1	no	3
elevation	向上	other	459	97.0	4.7	no	3
elevation	高さ	other	322	79.0	4.1	no	3
elevation	高度	other	197	57.6	3.4	no	3
elimination	削除	other	1755	35.2	49.8	no	3
elimination	消去	other	98	6.3	15.4	no	3
elimination	排除	other	57	33.0	1.7	no	3
emergency	非常	other	338	164.7	2.0	no	3
emergency	変	other	78	40.3	1.9	no	3
emergency	緊急	other	50	60.7	0.8	no	3
emperor	上	other	1233	475.6	2.6	no	3
emperor	中	other	1063	859.6	1.2	no	3
emperor	内	other	391	89.1	4.4	no	3
emphasis	中心	other	227	402.9	0.6	no	3
emphasis	主張	other	174	164.2	1.1	no	3
emphasis	強調	other	85	33.8	2.5	no	3
engineering	技術	other	1149	301.9	3.8	no	3
engineering	エンジニアリング	katakana	177	25.4	7.0	no	3
engineering	工学	other	169	83.9	2.0	no	3
english	英語	other	3489	2193.5	1.6	no	3
english	英	other	494	214.5	2.3	no	3
english	イングリッシュ	katakana	73	45.5	1.6	no	3
enlargement	拡張	other	863	63.8	13.5	no	3
enlargement	拡大	other	173	159.6	1.1	no	3
enlargement	増大	other	57	22.4	2.5	no	3
enquiry	調査	other	353	522.4	0.7	no	3
enquiry	質問	other	134	48.0	2.8	no	3
enquiry	問い合わせ	other	75	6.1	12.2	no	3
enterprise	企業	other	657	239.3	2.7	no	3
enterprise	エンタープライズ	katakana	321	19.6	16.3	no	3
enterprise	事業	other	277	433.3	0.6	no	3
entirety	全体	other	807	159.2	5.1	no	3
entirety	円	other	287	470.4	0.6	no	3
entirety	一切	other	57	49.7	1.1	no	3
equivalence	対応	other	2662	263.7	10.1	no	3
equivalence	同等	other	259	25.4	10.2	no	3
equivalence	等価	other	199	5.8	34.5	no	3
erasure	削除	other	1755	35.2	49.8	no	3
erasure	消去	other	98	6.3	15.4	no	3
erasure	抹消	other	77	24.3	3.2	no	3
error	エラー	katakana	1648	60.6	27.2	no	3
error	違い	other	296	69.3	4.3	no	3
error	誤り	other	91	19.7	4.6	no	3
escape	拡張	other	863	63.8	13.5	yes	3
escape	エスケープ	katakana	261	7.6	34.1	yes	3
escape	漏洩	other	122	5.1	23.8	no	3
essential	必要	other	6287	367.4	17.1	no	3
essential	重要	other	1001	165.3	6.1	no	3
essential	必須	other	253	26.8	9.4	no	3
established	既定	other	486	1.7	286.0	no	3
established	正規	other	304	23.0	13.2	no	3
established	既知	other	70	5.5	12.7	no	3
except	他	other	3005	1417.5	2.1	no	3
except	以外	other	893	314.4	2.8	no	3
except	外	other	132	73.3	1.8	no	3
exception	例外	other	909	26.7	34.0	no	3
exception	別	other	875	421.0	2.1	no	3
exception	除外	other	111	16.1	6.9	no	3
exclusion	別	other	875	421.0	2.1	no	3
exclusion	除外	other	111	16.1	6.9	no	3
exclusion	排除	other	57	33.0	1.7	no	3
execution	実行	other	4043	65.8	61.5	yes	3
execution	履行	other	164	5.3	30.7	no	3
execution	遂行	other	81	13.9	5.8	no	3
existing	既存	other	495	40.5	12.2	no	3
existing	従来	other	398	108.4	3.7	no	3
existing	有り	other	63	107.5	0.6	no	3
experience	経験	other	120	143.1	0.8	no	3
experience	エクスペリエンス	katakana	106	9.2	11.5	no	3
experience	体験	other	98	65.2	1.5	no	3
external	付け	other	402	42.6	9.4	no	3
external	アウト	katakana	192	85.0	2.3	no	3
external	外側	other	151	24.5	6.2	no	3
extreme	度	other	546	575.2	0.9	no	3
extreme	非常	other	338	164.7	2.0	no	3
extreme	重	other	85	88.8	1.0	no	3
face	色	other	910	159.2	5.7	no	3
face	表	other	521	142.8	3.6	no	3
face	面	other	242	379.0	0.6	no	3
faculty	機能	other	3403	249.4	13.6	no	3
faculty	部	other	252	1097.4	0.2	no	3
faculty	能力	other	207	216.2	1.0	no	3
fair	同一	other	216	80.3	2.7	no	3
fair	可	other	87	31.0	2.8	no	3
fair	ショー	katakana	71	144.3	0.5	no	3
false	空	other	577	126.5	4.6	no	3
false	疑似	other	417	11.9	35.0	no	3
false	フォールス	katakana	93	14.4	6.5	no	3
famous	名	other	1968	938.7	2.1	no	3
famous	有名	other	94	111.0	0.9	no	3
famous	メジャー	katakana	80	94.2	0.8	no	3
feature	機能	other	3403	249.4	13.6	no	3
feature	特徴	other	368	173.4	2.1	no	3
feature	フィーチャー	katakana	89	18.1	4.9	no	3
first three lines of a waka	元	other	624	867.7	0.7	no	3
first three lines of a waka	基	other	136	144.4	0.9	no	3
first three lines of a waka	本	other	72	160.2	0.4	no	3
forecast	フォーカス	katakana	487	16.6	29.4	no	3
forecast	予期	other	76	4.8	15.8	no	3
forecast	予想	other	69	48.5	1.4	no	3
formal	公式	other	720	897.1	0.8	no	3
formal	正規	other	304	23.0	13.2	no	3
formal	正式	other	240	131.4	1.8	no	3
formerly	元	other	624	867.7	0.7	no	3
formerly	旧	other	223	597.4	0.4	no	3
formerly	故	other	51	56.6	0.9	no	3
frame	フレーム	katakana	407	31.2	13.1	no	3
frame	筐体	other	95	9.8	9.6	no	3
frame	体	other	91	244.2	0.4	no	3
framework	構造	other	521	190.6	2.7	no	3
framework	フレームワーク	katakana	483	9.2	52.5	no	3
framework	機構	other	253	154.1	1.6	no	3
free	フリー	katakana	385	130.8	2.9	no	3
free	無料	other	254	78.9	3.2	no	3
free	無償	other	132	14.0	9.5	no	3
freedom	幅	other	547	69.4	7.9	no	3
freedom	自由	other	404	182.2	2.2	no	3
freedom	独立	other	216	219.8	1.0	no	3
frequency	周波数	other	184	29.6	6.2	no	3
frequency	回数	other	96	44.7	2.2	no	3
frequency	頻度	other	60	17.7	3.4	no	3
fresh	新た	other	372	235.0	1.6	no	3
fresh	新規	other	125	55.7	2.2	no	3
fresh	生	other	87	90.6	1.0	no	3
from the start	自体	other	316	92.0	3.4	no	3
from the start	由来	other	143	178.5	0.8	no	3
from the start	元々	other	53	36.0	1.5	no	3
fun	分	other	388	1042.5	0.4	no	3
fun	曲	other	62	615.4	0.1	no	3
fun	ファン	katakana	58	242.7	0.2	no	3
gathering	集合	other	402	52.8	7.6	no	3
gathering	群	other	335	167.1	2.0	no	3
gathering	収集	other	166	47.9	3.5	no	3
goods	物	other	3627	2080.8	1.7	no	3
goods	商品	other	141	119.4	1.2	no	3
goods	ウェア	katakana	52	10.7	4.9	no	3
government	上	other	1233	475.6	2.6	no	3
government	政府	other	210	345.1	0.6	no	3
government	行政	other	105	133.5	0.8	no	3
gradation	グラデーション	katakana	194	2.1	94.1	no	3
gradation	段階	other	192	85.6	2.2	no	3
gradation	曲	other	62	615.4	0.1	no	3
greater part	多く	other	985	395.7	2.5	no	3
greater part	殆ど	other	476	214.0	2.2	no	3
greater part	大部分	other	53	44.9	1.2	no	3
green	初	other	147	695.5	0.2	no	3
green	生	other	87	90.6	1.0	no	3
green	グリーン	katakana	74	108.3	0.7	no	3
guarding	監視	other	370	45.4	8.2	no	3
guarding	マーク	katakana	136	100.3	1.4	no	3
guarding	ガード	katakana	66	32.8	2.0	no	3
halfway	間	other	730	565.0	1.3	no	3
halfway	中間	other	101	48.2	2.1	no	3
halfway	途中	other	58	144.8	0.4	no	3
hand	カード	katakana	459	188.3	2.4	no	3
hand	役	other	128	903.1	0.1	no	3
hand	手	other	110	271.5	0.4	no	3
heading	項目	other	786	201.8	3.9	no	3
heading	見出し	other	277	6.1	45.2	no	3
heading	部	other	252	1097.4	0.2	no	3
hindrance	障害	other	203	84.6	2.4	no	3
hindrance	差	other	62	114.4	0.5	no	3
hindrance	故障	other	60	34.2	1.8	no	3
holding	開催	other	153	652.7	0.2	no	3
holding	保有	other	79	56.9	1.4	no	3
holding	成立	other	59	158.0	0.4	no	3
home	ホーム	katakana	320	219.2	1.5	no	3
home	国	other	106	272.5	0.4	no	3
home	国内	other	97	144.7	0.7	no	3
human	人	other	284	482.4	0.6	no	3
human	人間	other	224	306.9	0.7	no	3
human	ヒューマン	katakana	72	50.9	1.4	no	3
hypothesis	想定	other	318	37.4	8.5	no	3
hypothesis	前提	other	122	27.9	4.4	no	3
hypothesis	仮定	other	73	14.2	5.1	no	3
idea	考案	other	76	29.1	2.6	no	3
idea	アイデア	katakana	72	33.7	2.1	no	3
idea	考え	other	52	46.2	1.1	no	3
identical	同じ	other	490	75.0	6.5	no	3
identical	同一	other	216	80.3	2.7	no	3
identical	一緒	other	116	107.9	1.1	no	3
identification	確認	other	2121	171.0	12.4	no	3
identification	識別	other	255	16.5	15.5	no	3
identification	指摘	other	103	122.9	0.8	no	3
ignoring	無視	other	384	34.2	11.2	no	3
ignoring	外	other	132	73.3	1.8	no	3
ignoring	スルー	katakana	51	21.8	2.4	no	3
illustration	例	other	6343	223.3	28.4	no	3
illustration	図	other	423	109.2	3.9	no	3
illustration	カット	katakana	58	63.2	0.9	no	3
imagination	仮想	other	390	12.4	31.5	no	3
imagination	ビジョン	katakana	95	35.9	2.6	no	3
imagination	考え	other	52	46.2	1.1	no	3
impression	版	other	3542	2474.4	1.4	no	3
impression	型	other	2046	26.9	76.0	no	3
impression	イメージ	katakana	1087	136.7	8.0	no	3
improper	不適切	other	117	12.6	9.2	no	3
improper	不可	other	116	21.1	5.5	no	3
improper	曲	other	62	615.4	0.1	no	3
inclination	色	other	910	159.2	5.7	no	3
inclination	向き	other	91	12.1	7.6	no	3
inclination	傾向	other	91	71.7	1.3	no	3
including	収録	other	123	527.2	0.2	no	3
including	同梱	other	106	13.3	8.0	no	3
including	網羅	other	60	6.2	9.6	no	3
indeed	実際	other	854	216.2	4.0	no	3
indeed	真	other	136	105.0	1.3	no	3
indeed	実	other	88	137.0	0.6	no	3
infrastructure	基盤	other	204	36.2	5.6	no	3
infrastructure	インフラ	katakana	174	12.9	13.5	no	3
infrastructure	インフラストラクチャー	katakana	76	4.3	17.9	no	3
initiative	取り組み	other	125	33.8	3.7	no	3
initiative	イニシアチブ	katakana	65	6.9	9.3	no	3
initiative	主導	other	51	30.0	1.7	no	3
injection	インジェクション	katakana	164	1.6	105.6	no	3
injection	注入	other	107	8.5	12.7	no	3
injection	投入	other	72	51.9	1.4	no	3
inquiry	調査	other	353	522.4	0.7	no	3
inquiry	質問	other	134	48.0	2.8	no	3
inquiry	問い合わせ	other	75	6.1	12.2	no	3
insertion	挿入	other	395	27.8	14.2	no	3
insertion	組み込み	other	322	4.3	74.4	no	3
insertion	掲載	other	157	215.3	0.7	no	3
institution	機関	other	811	154.7	5.2	no	3
institution	設置	other	139	471.7	0.3	no	3
institution	制度	other	60	181.9	0.3	no	3
integrity	節	other	376	148.3	2.5	no	3
integrity	完全性	other	78	1.6	49.7	no	3
integrity	整合性	other	53	3.0	17.8	no	3
intent	趣旨	other	178	14.7	12.1	no	3
intent	前提	other	122	27.9	4.4	no	3
intent	ウイル	katakana	107	40.0	2.7	no	3
internal	内部	other	585	85.7	6.8	no	3
internal	内蔵	other	339	25.4	13.3	no	3
internal	国内	other	97	144.7	0.7	no	3
interruption	停止	other	473	115.8	4.1	no	3
interruption	中断	other	84	33.0	2.5	no	3
interruption	中止	other	82	112.2	0.7	no	3
joint	接続	other	1072	99.6	10.8	no	3
joint	節	other	376	148.3	2.5	no	3
joint	番	other	74	422.5	0.2	no	3
jurisdiction	権限	other	619	31.8	19.5	no	3
jurisdiction	所管	other	65	15.2	4.3	no	3
jurisdiction	帰属	other	53	9.7	5.4	no	3
just now	先	other	370	156.6	2.4	no	3
just now	今	other	158	159.7	1.0	no	3
just now	先程	other	96	2.2	43.6	no	3
kernel	カーネル	katakana	575	11.2	51.3	yes	3
kernel	種	other	113	277.4	0.4	no	3
kernel	実	other	88	137.0	0.6	no	3
knowledge	認識	other	304	73.5	4.1	no	3
knowledge	知識	other	217	62.9	3.4	no	3
knowledge	ナレッジ	katakana	71	8.3	8.5	no	3
label	ラベル	katakana	545	15.7	34.8	no	3
label	タグ	katakana	502	6.0	83.3	no	3
label	マーク	katakana	136	100.3	1.4	no	3
lane	アレイ	katakana	250	7.6	33.0	no	3
lane	線	other	177	344.9	0.5	no	3
lane	区分	other	63	45.5	1.4	no	3
laptop	ノート	katakana	98	41.8	2.3	no	3
laptop	ノートパソコン	katakana	81	2.6	30.4	no	3
laptop	ラップトップ	katakana	69	1.4	48.5	no	3
large	大幅	other	165	66.0	2.5	no	3
large	大型	other	83	127.9	0.6	no	3
large	メジャー	katakana	80	94.2	0.8	no	3
lead	インテル	katakana	957	22.0	43.5	no	3
lead	先頭	other	324	91.6	3.5	no	3
lead	リード	katakana	64	55.9	1.1	no	3
leading	ガイド	katakana	711	111.4	6.4	no	3
leading	アップ	katakana	240	175.9	1.4	no	3
leading	リード	katakana	64	55.9	1.1	no	3
least	最小	other	163	17.9	9.1	no	3
least	端	other	105	30.3	3.5	no	3
least	最小限	other	88	6.7	13.2	no	3
left	後	other	1236	1707.5	0.7	no	3
left	左	other	231	105.9	2.2	no	3
left	レフト	katakana	151	38.6	3.9	no	3
less than	以下	other	4026	502.1	8.0	no	3
less than	未満	other	127	40.7	3.1	no	3
less than	以内	other	56	46.7	1.2	no	3
licence	ライセンス	katakana	870	43.6	20.0	no	3
licence	特許	other	175	32.6	5.4	no	3
licence	認可	other	82	41.6	2.0	no	3
life	代	other	611	785.4	0.8	no	3
life	ライフ	katakana	88	152.9	0.6	no	3
life	生	other	87	90.6	1.0	no	3
like	同様	other	907	331.5	2.7	no	3
like	ライク	katakana	71	31.1	2.3	no	3
like	様	other	51	51.9	1.0	no	3
likelihood	可能性	other	1647	188.1	8.8	no	3
likelihood	確率	other	141	32.7	4.3	no	3
likelihood	恐れ	other	113	27.0	4.2	no	3
lineage	条	other	231	264.0	0.9	no	3
lineage	種	other	113	277.4	0.4	no	3
lineage	系統	other	51	154.0	0.3	no	3
looks	色	other	910	159.2	5.7	no	3
looks	マスク	katakana	318	38.1	8.3	no	3
looks	形	other	316	272.3	1.2	no	3
loop	ループ	katakana	476	25.3	18.9	yes	3
loop	回路	other	276	27.2	10.1	no	3
loop	循環	other	57	43.0	1.3	no	3
lord	別	other	875	421.0	2.1	no	3
lord	ロード	katakana	288	64.5	4.5	no	3
lord	主	other	102	128.6	0.8	no	3
machine	マシン	katakana	611	184.6	3.3	no	3
machine	機	other	349	378.2	0.9	no	3
machine	機械	other	221	90.4	2.4	no	3
machinery	機関	other	811	154.7	5.2	no	3
machinery	機器	other	607	74.4	8.2	no	3
machinery	機構	other	253	154.1	1.6	no	3
makeup	構成	other	757	280.0	2.7	no	3
makeup	構造	other	521	190.6	2.7	no	3
makeup	メーク	katakana	77	39.4	2.0	no	3
making	作成	other	4069	117.1	34.7	no	3
making	形成	other	77	152.1	0.5	no	3
making	誕生	other	69	158.3	0.4	no	3
man	人	other	284	482.4	0.6	no	3
man	人間	other	224	306.9	0.7	no	3
man	人物	other	80	471.6	0.2	no	3
manual	仕様書	other	2223	2.0	1126.4	no	3
manual	手動	other	239	9.3	25.7	no	3
manual	マニュアル	katakana	234	27.6	8.5	no	3
manufacture	製造	other	383	243.3	1.6	no	3
manufacture	生産	other	137	211.3	0.6	no	3
manufacture	製作	other	86	288.3	0.3	no	3
many	多く	other	985	395.7	2.5	no	3
many	多数	other	263	162.9	1.6	no	3
many	若干	other	55	29.7	1.9	no	3
map	図	other	423	109.2	3.9	no	3
map	マップ	katakana	252	64.5	3.9	no	3
map	地図	other	65	75.9	0.9	no	3
mass	ボリューム	katakana	529	48.4	10.9	no	3
mass	大量	other	110	74.5	1.5	no	3
mass	集団	other	58	112.0	0.5	no	3
master	子	other	606	265.3	2.3	no	3
master	マスター	katakana	143	89.3	1.6	no	3
master	主	other	102	128.6	0.8	no	3
matching	対応	other	2662	263.7	10.1	no	3
matching	マッチ	katakana	296	61.8	4.8	no	3
matching	組み合わせ	other	179	32.5	5.5	no	3
meaning	意味	other	889	359.7	2.5	no	3
meaning	訳	other	289	313.6	0.9	no	3
meaning	趣旨	other	178	14.7	12.1	no	3
measurement	観測	other	385	90.3	4.3	no	3
measurement	寸法	other	212	9.6	22.1	no	3
measurement	測定	other	98	45.1	2.2	no	3
member	要素	other	7699	93.7	82.1	yes	3
member	メンバー	katakana	280	380.3	0.7	no	3
member	会員	other	75	94.1	0.8	no	3
message	メッセージ	katakana	920	68.4	13.5	no	3
message	メール	katakana	348	47.8	7.3	no	3
message	連絡	other	111	85.7	1.3	no	3
mistake	失敗	other	562	108.4	5.2	no	3
mistake	違い	other	296	69.3	4.3	no	3
mistake	誤り	other	91	19.7	4.6	no	3
mix	元	other	624	867.7	0.7	no	3
mix	基	other	136	144.4	0.9	no	3
mix	本	other	72	160.2	0.4	no	3
mostly	多く	other	985	395.7	2.5	no	3
mostly	殆ど	other	476	214.0	2.2	no	3
mostly	大半	other	54	54.7	1.0	no	3
motion	動作	other	1672	48.3	34.6	no	3
motion	動き	other	80	75.5	1.1	no	3
motion	モーション	katakana	65	20.4	3.2	no	3
motive	目的	other	686	219.8	3.1	no	3
motive	理由	other	478	236.5	2.0	no	3
motive	付け	other	402	42.6	9.4	no	3
mounting	実装	other	1724	39.1	44.1	no	3
mounting	台	other	308	313.7	1.0	no	3
mounting	マウント	katakana	283	20.3	14.0	yes	3
move	手	other	110	271.5	0.4	no	3
move	シフト	katakana	99	17.0	5.8	no	3
move	動き	other	80	75.5	1.1	no	3
myself	自分	other	341	427.7	0.8	no	3
myself	自分自身	other	138	14.3	9.6	no	3
myself	生	other	87	90.6	1.0	no	3
naive	単純	other	311	35.7	8.7	no	3
naive	初	other	147	695.5	0.2	no	3
naive	生	other	87	90.6	1.0	no	3
natural	自然	other	103	146.9	0.7	no	3
natural	生	other	87	90.6	1.0	no	3
natural	本当	other	65	79.1	0.8	no	3
nearby	側	other	471	364.7	1.3	no	3
nearby	辺	other	94	21.2	4.4	no	3
nearby	辺り	other	51	36.3	1.4	no	3
nearly	殆ど	other	476	214.0	2.2	no	3
nearly	略	other	72	36.9	1.9	no	3
nearly	大半	other	54	54.7	1.0	no	3
neighbourhood	側	other	471	364.7	1.3	no	3
neighbourhood	辺	other	94	21.2	4.4	no	3
neighbourhood	辺り	other	51	36.3	1.4	no	3
norm	標準	other	997	83.2	12.0	no	3
norm	規格	other	639	55.3	11.6	no	3
norm	基準	other	581	104.6	5.5	no	3
notion	概念	other	300	66.4	4.5	no	3
notion	コンセプト	katakana	91	51.7	1.8	no	3
notion	考え	other	52	46.2	1.1	no	3
objective	為	other	9021	3426.6	2.6	no	3
objective	目的	other	686	219.8	3.1	no	3
objective	目標	other	161	83.4	1.9	no	3
offspring	子	other	606	265.3	2.3	no	3
offspring	子孫	other	136	43.5	3.1	no	3
offspring	種	other	113	277.4	0.4	no	3
old	先	other	370	156.6	2.4	no	3
old	旧	other	223	597.4	0.4	no	3
old	故	other	51	56.6	0.9	no	3
omission	省略	other	427	79.2	5.4	no	3
omission	略	other	72	36.9	1.9	no	3
omission	カット	katakana	58	63.2	0.9	no	3
on top of	他	other	3005	1417.5	2.1	no	3
on top of	上	other	1233	475.6	2.6	no	3
on top of	外	other	132	73.3	1.8	no	3
one person	一方	other	230	203.7	1.1	no	3
one person	個	other	163	9.3	17.5	no	3
one person	一人	other	104	379.9	0.3	no	3
one-time	元	other	624	867.7	0.7	no	3
one-time	旧	other	223	597.4	0.4	no	3
one-time	故	other	51	56.6	0.9	no	3
original	オリジナル	katakana	1261	964.3	1.3	no	3
original	独自	other	449	106.2	4.2	no	3
original	正	other	204	72.8	2.8	no	3
other than	他	other	3005	1417.5	2.1	no	3
other than	以外	other	893	314.4	2.8	no	3
other than	外	other	132	73.3	1.8	no	3
outcome	結果	other	1963	464.9	4.2	no	3
outcome	数	other	1186	430.3	2.8	no	3
outcome	成果	other	67	38.4	1.8	no	3
outer	上	other	1233	475.6	2.6	no	3
outer	アウト	katakana	192	85.0	2.3	no	3
outer	外側	other	151	24.5	6.2	no	3
outline	概要	other	432	68.1	6.3	no	3
outline	線	other	177	344.9	0.5	no	3
outline	略	other	72	36.9	1.9	no	3
over	上	other	1233	475.6	2.6	no	3
over	オーバー	katakana	208	74.4	2.8	no	3
over	アウト	katakana	192	85.0	2.3	no	3
owner	親	other	727	64.6	11.2	no	3
owner	マスター	katakana	143	89.3	1.6	no	3
owner	主	other	102	128.6	0.8	no	3
parsing	解析	other	340	44.7	7.6	no	3
parsing	分解	other	72	35.5	2.0	no	3
parsing	パース	katakana	53	7.1	7.4	yes	3
part one holds	元	other	624	867.7	0.7	no	3
part one holds	基	other	136	144.4	0.9	no	3
part one holds	本	other	72	160.2	0.4	no	3
participation	関係	other	762	424.1	1.8	no	3
participation	参加	other	288	489.4	0.6	no	3
participation	コミット	katakana	212	1.9	114.2	no	3
particular	特定	other	1384	134.9	10.3	no	3
particular	特別	other	283	291.6	1.0	no	3
particular	特殊	other	169	112.9	1.5	no	3
party	団体	other	121	185.9	0.7	no	3
party	組	other	77	255.8	0.3	no	3
party	系統	other	51	154.0	0.3	no	3
pass	パス	katakana	956	33.4	28.6	no	3
pass	可	other	87	31.0	2.8	no	3
pass	合格	other	51	54.9	0.9	no	3
path	パス	katakana	956	33.4	28.6	yes	3
path	ルート	katakana	656	94.8	6.9	no	3
path	経路	other	123	42.7	2.9	no	3
pause	間	other	730	565.0	1.3	no	3
pause	区切り	other	141	3.8	37.0	no	3
pause	一時停止	other	116	3.3	35.7	no	3
people	人	other	284	482.4	0.6	no	3
people	人々	other	110	166.2	0.7	no	3
people	ピープル	katakana	57	39.6	1.5	no	3
perfect	完全	other	797	256.5	3.1	no	3
perfect	完了	other	523	72.6	7.2	no	3
perfect	赤	other	66	78.1	0.8	no	3
personal computer	パソコン	katakana	561	36.8	15.2	no	3
personal computer	パーソナルコンピューター	katakana	158	3.8	42.0	no	3
personal computer	マイコン	katakana	59	3.4	17.3	yes	3
personality	色	other	910	159.2	5.7	no	3
personality	人	other	284	482.4	0.6	no	3
personality	キャラクター	katakana	203	373.1	0.5	no	3
piece	切れ	other	142	99.2	1.4	no	3
piece	作品	other	120	908.8	0.1	no	3
piece	一番	other	78	219.3	0.4	no	3
pip	目	other	127	180.7	0.7	no	3
pip	種	other	113	277.4	0.4	no	3
pip	実	other	88	137.0	0.6	no	3
point of view	観点	other	131	28.6	4.6	no	3
point of view	考え方	other	117	26.0	4.5	no	3
point of view	視点	other	59	34.9	1.7	no	3
positive	正	other	204	72.8	2.8	no	3
positive	プラス	katakana	166	109.9	1.5	no	3
positive	積極的	other	52	55.6	0.9	no	3
precedent	例	other	6343	223.3	28.4	no	3
precedent	事例	other	82	47.9	1.7	no	3
precedent	様	other	51	51.9	1.0	no	3
precisely	度	other	546	575.2	0.9	no	3
precisely	正	other	204	72.8	2.8	no	3
precisely	ジャスト	katakana	71	25.6	2.8	no	3
prediction	観測	other	385	90.3	4.3	no	3
prediction	予測	other	204	32.9	6.2	no	3
prediction	予想	other	69	48.5	1.4	no	3
pretext	名	other	1968	938.7	2.1	no	3
pretext	理由	other	478	236.5	2.0	no	3
pretext	付け	other	402	42.6	9.4	no	3
previous state	元	other	624	867.7	0.7	no	3
previous state	旧	other	223	597.4	0.4	no	3
previous state	故	other	51	56.6	0.9	no	3
price	値	other	8157	54.2	150.4	no	3
price	代	other	611	785.4	0.8	no	3
price	価格	other	242	61.4	3.9	no	3
prior	前	other	1519	937.1	1.6	no	3
prior	先	other	370	156.6	2.4	no	3
prior	事前	other	297	45.3	6.6	no	3
privacy	プライベート	katakana	177	27.8	6.4	no	3
privacy	秘密	other	150	113.8	1.3	no	3
privacy	プライバシー	katakana	144	7.4	19.4	no	3
professional	プロ	katakana	519	278.0	1.9	no	3
professional	プロフェッショナル	katakana	169	20.1	8.4	no	3
professional	専門家	other	71	31.5	2.3	no	3
profit	リターン	katakana	225	21.1	10.7	no	3
profit	プラス	katakana	166	109.9	1.5	no	3
profit	利益	other	60	41.6	1.4	no	3
progression	展開	other	246	199.7	1.2	no	3
progression	発展	other	143	143.5	1.0	no	3
progression	進行	other	89	75.3	1.2	no	3
promotion	推進	other	242	120.1	2.0	no	3
promotion	昇格	other	77	108.4	0.7	no	3
promotion	促進	other	56	45.4	1.2	no	3
proposal	提案	other	299	98.7	3.0	no	3
proposal	提案書	other	89	0.5	162.8	no	3
proposal	提唱	other	79	35.4	2.2	no	3
protocol	プロトコル	katakana	902	16.7	54.0	yes	3
protocol	手順	other	521	11.6	45.1	no	3
protocol	規約	other	67	12.9	5.2	no	3
purchase	取得	other	1591	163.5	9.7	no	3
purchase	買収	other	400	76.1	5.3	no	3
purchase	購入	other	188	114.0	1.6	no	3
pure	真	other	136	105.0	1.3	no	3
pure	生	other	87	90.6	1.0	no	3
pure	純粋	other	73	25.7	2.8	no	3
qualification	条件	other	544	135.5	4.0	no	3
qualification	修飾	other	137	5.1	26.7	no	3
qualification	合格	other	51	54.9	0.9	no	3
quality	物	other	3627	2080.8	1.7	no	3
quality	品質	other	150	22.2	6.7	no	3
quality	性質	other	111	47.2	2.3	no	3
quantity	数	other	1186	430.3	2.8	no	3
quantity	ボリューム	katakana	529	48.4	10.9	no	3
quantity	量	other	181	94.6	1.9	no	3
query	クエリー	katakana	575	5.2	110.8	yes	3
query	問い	other	527	11.6	45.5	no	3
query	問い合わせ	other	75	6.1	12.2	no	3
queue	列	other	484	58.2	8.3	no	3
queue	キュー	katakana	275	23.4	11.7	yes	3
queue	行列	other	202	30.0	6.7	no	3
quick	簡単	other	614	41.5	14.8	no	3
quick	クイック	katakana	72	11.3	6.4	no	3
quick	速やか	other	70	7.6	9.2	no	3
quite	相当	other	219	97.4	2.3	no	3
quite	真	other	136	105.0	1.3	no	3
quite	実	other	88	137.0	0.6	no	3
raising	発行	other	346	306.8	1.1	yes	3
raising	調達	other	249	23.8	10.5	no	3
raising	アップ	katakana	240	175.9	1.4	no	3
rapid	高速	other	382	118.6	3.2	no	3
rapid	速やか	other	70	7.6	9.2	no	3
rapid	急速	other	53	32.1	1.7	no	3
rating	評価	other	646	216.0	3.0	no	3
rating	レート	katakana	176	13.8	12.7	no	3
rating	格付け	other	131	10.6	12.4	no	3
real	リアル	katakana	133	89.9	1.5	no	3
real	本	other	72	160.2	0.4	no	3
real	本当	other	65	79.1	0.8	no	3
realization	実行	other	4043	65.8	61.5	no	3
realization	実現	other	520	114.9	4.5	no	3
realization	達成	other	116	132.7	0.9	no	3
realm	領域	other	519	78.4	6.6	no	3
realm	分野	other	346	114.7	3.0	no	3
realm	場	other	85	94.8	0.9	no	3
recollection	メモリ	katakana	1447	26.6	54.4	no	3
recollection	メモリー	katakana	245	24.9	9.8	no	3
recollection	記憶	other	208	89.3	2.3	no	3
register	登録	other	549	202.4	2.7	no	3
register	レジスター	katakana	484	25.0	19.4	yes	3
register	レジストリー	katakana	239	2.9	81.1	no	3
relation	関連	other	3620	424.8	8.5	no	3
relation	関係	other	762	424.1	1.8	no	3
relation	連絡	other	111	85.7	1.3	no	3
relationship	関係	other	762	424.1	1.8	no	3
relationship	間	other	730	565.0	1.3	no	3
relationship	訳	other	289	313.6	0.9	no	3
remembrance	メモリ	katakana	1447	26.6	54.4	no	3
remembrance	メモリー	katakana	245	24.9	9.8	no	3
remembrance	記憶	other	208	89.3	2.3	no	3
repetition	反復	other	380	7.6	49.8	no	3
repetition	重複	other	128	39.6	3.2	no	3
repetition	繰り返し	other	64	4.9	12.9	no	3
request	リクエスト	katakana	1969	24.9	79.1	no	3
request	アプリケーション	katakana	1907	25.4	75.2	no	3
request	申請	other	108	49.0	2.2	no	3
research	研究	other	526	664.0	0.8	no	3
research	リサーチ	katakana	245	64.9	3.8	no	3
research	探索	other	199	21.0	9.5	no	3
resource	サービス	katakana	2486	273.2	9.1	no	3
resource	リソース	katakana	1569	12.1	129.7	no	3
resource	仕様	other	762	119.7	6.4	no	3
rest	前	other	1519	937.1	1.6	no	3
rest	先	other	370	156.6	2.4	no	3
rest	台	other	308	313.7	1.0	no	3
restraint	制限	other	912	90.2	10.1	no	3
restraint	抑制	other	87	28.0	3.1	no	3
restraint	束縛	other	58	3.5	16.5	no	3
reversal	返し	other	621	8.9	69.8	no	3
reversal	破棄	other	138	14.9	9.3	no	3
reversal	反転	other	58	12.4	4.7	no	3
right after	最後	other	706	339.7	2.1	no	3
right after	側	other	471	364.7	1.3	no	3
right after	下	other	432	387.7	1.1	no	3
rise	向上	other	459	97.0	4.7	no	3
rise	アップ	katakana	240	175.9	1.4	no	3
rise	増加	other	166	116.9	1.4	no	3
rivalry	競合	other	134	19.1	7.0	no	3
rivalry	対抗	other	59	69.2	0.9	no	3
rivalry	競争	other	51	35.6	1.4	no	3
run	実行	other	4043	65.8	61.5	yes	3
run	点	other	885	363.9	2.4	no	3
run	ラン	katakana	69	39.9	1.7	no	3
sale	発売	other	1227	969.6	1.3	no	3
sale	販売	other	864	323.2	2.7	no	3
sale	売却	other	75	56.8	1.3	no	3
scan	検査	other	217	74.0	2.9	no	3
scan	スキャン	katakana	156	8.7	18.0	no	3
scan	走査	other	56	2.3	24.3	no	3
scenario	シナリオ	katakana	108	51.9	2.1	no	3
scenario	シーン	katakana	86	133.3	0.6	no	3
scenario	場面	other	64	67.9	0.9	no	3
scholarship	文	other	583	127.3	4.6	no	3
scholarship	学生	other	70	167.9	0.4	no	3
scholarship	学術	other	54	70.4	0.8	no	3
science	サイエンス	katakana	151	88.6	1.7	no	3
science	科学	other	148	224.9	0.7	no	3
science	学術	other	54	70.4	0.8	no	3
script	スクリプト	katakana	845	7.4	114.6	yes	3
script	シナリオ	katakana	108	51.9	2.1	no	3
script	本	other	72	160.2	0.4	no	3
scroll	スクロール	katakana	642	8.6	74.2	yes	3
scroll	幅	other	547	69.4	7.9	no	3
scroll	巻	other	102	805.0	0.1	no	3
search	検索	other	549	65.7	8.3	no	3
search	探索	other	199	21.0	9.5	no	3
search	サーチ	katakana	133	76.0	1.8	no	3
secret	シークレット	katakana	213	28.1	7.6	no	3
secret	秘密	other	150	113.8	1.3	no	3
secret	種	other	113	277.4	0.4	no	3
seed	子	other	606	265.3	2.3	no	3
seed	種	other	113	277.4	0.4	no	3
seed	実	other	88	137.0	0.6	no	3
serious	リアル	katakana	133	89.9	1.5	no	3
serious	重	other	85	88.8	1.0	no	3
serious	重大	other	60	24.1	2.5	no	3
setting up	導入	other	552	222.0	2.5	no	3
setting up	セット	katakana	398	87.3	4.6	no	3
setting up	開設	other	67	163.7	0.4	no	3
shadow	シャドー	katakana	212	22.5	9.4	no	3
shadow	影	other	76	55.1	1.4	no	3
shadow	曲	other	62	615.4	0.1	no	3
shift	移行	other	286	98.1	2.9	no	3
shift	シフト	katakana	99	17.0	5.8	no	3
shift	推移	other	55	42.6	1.3	no	3
shortening	省略	other	427	79.2	5.4	no	3
shortening	圧縮	other	366	17.3	21.2	no	3
shortening	短縮	other	71	37.8	1.9	no	3
signal	通信	other	1060	220.0	4.8	no	3
signal	信号	other	388	46.4	8.4	no	3
signal	シグナル	katakana	253	16.3	15.5	no	3
signature	オリジナル	katakana	1261	964.3	1.3	no	3
signature	署名	other	157	38.8	4.0	no	3
signature	シグネチャー	katakana	84	3.9	21.7	no	3
single	単一	other	583	17.9	32.5	no	3
single	シングル	katakana	136	418.6	0.3	no	3
single	単独	other	56	99.9	0.6	no	3
skill	技術	other	1149	301.9	3.8	no	3
skill	職	other	234	66.6	3.5	no	3
skill	スキル	katakana	76	37.7	2.0	no	3
small	小型	other	100	71.9	1.4	no	3
small	スモール	katakana	52	19.4	2.7	no	3
small	マイナー	katakana	51	30.2	1.7	no	3
smart	乙	other	210	22.9	9.2	no	3
smart	スマート	katakana	158	34.7	4.6	no	3
smart	発明	other	70	34.0	2.1	no	3
soft	ソフト	katakana	817	127.7	6.4	no	3
soft	柔軟	other	68	8.4	8.0	no	3
soft	和	other	57	61.8	0.9	no	3
software	ソフトウェア	katakana	3151	74.0	42.6	yes	3
software	ソフト	katakana	817	127.7	6.4	yes	3
software	ウェア	katakana	52	10.7	4.9	yes	3
sole	単一	other	583	17.9	32.5	no	3
sole	唯一	other	111	143.4	0.8	no	3
sole	単独	other	56	99.9	0.6	no	3
specific	特定	other	1384	134.9	10.3	no	3
specific	詳細	other	1299	150.0	8.7	no	3
specific	具体的	other	331	43.8	7.5	no	3
specification	指定	other	6373	334.7	19.0	no	3
specification	仕様	other	762	119.7	6.4	no	3
specification	明示	other	525	11.4	46.1	no	3
speech	音声	other	502	72.7	6.9	no	3
speech	語	other	315	494.4	0.6	no	3
speech	言葉	other	118	197.6	0.6	no	3
status	位置	other	1430	332.7	4.3	no	3
status	ステータス	katakana	255	41.7	6.1	no	3
status	条	other	231	264.0	0.9	no	3
stone	ロック	katakana	303	210.5	1.4	no	3
stone	種	other	113	277.4	0.4	no	3
stone	実	other	88	137.0	0.6	no	3
strategy	対策	other	2110	125.4	16.8	no	3
strategy	戦略	other	239	75.3	3.2	no	3
strategy	略	other	72	36.9	1.9	no	3
stress	負荷	other	115	13.0	8.9	no	3
stress	強調	other	85	33.8	2.5	no	3
stress	声	other	69	560.1	0.1	no	3
string	コード	katakana	3590	108.1	33.2	no	3
string	条	other	231	264.0	0.9	no	3
string	ストリング	katakana	230	7.8	29.3	no	3
study	研究	other	526	664.0	0.8	no	3
study	検討	other	425	84.0	5.1	no	3
study	学習	other	204	57.8	3.5	no	3
substantial	具体的	other	331	43.8	7.5	no	3
substantial	相当	other	219	97.4	2.3	no	3
substantial	大幅	other	165	66.0	2.5	no	3
substitute	代わり	other	918	90.4	10.2	no	3
substitute	代替	other	315	42.0	7.5	no	3
substitute	サブ	katakana	51	15.9	3.2	no	3
sum	サム	katakana	91	37.6	2.4	no	3
sum	金額	other	83	22.2	3.8	no	3
sum	和	other	57	61.8	0.9	no	3
superior	上	other	1233	475.6	2.6	no	3
superior	上位	other	211	68.7	3.1	no	3
superior	プレミアム	katakana	78	80.5	1.0	no	3
supposition	仮想	other	390	12.4	31.5	no	3
supposition	想定	other	318	37.4	8.5	no	3
supposition	仮定	other	73	14.2	5.1	no	3
surrounding area	方	other	462	268.2	1.7	no	3
surrounding area	面	other	242	379.0	0.6	no	3
surrounding area	辺	other	94	21.2	4.4	no	3
surroundings	環境	other	1151	235.4	4.9	no	3
surroundings	周囲	other	55	90.3	0.6	no	3
surroundings	辺り	other	51	36.3	1.4	no	3
synthesis	統合	other	596	213.2	2.8	no	3
synthesis	合成	other	152	61.5	2.5	no	3
synthesis	総合	other	60	387.2	0.2	no	3
technology	技術	other	1149	301.9	3.8	no	3
technology	テクノロジー	katakana	551	44.8	12.3	no	3
technology	科学技術	other	54	29.3	1.8	no	3
test	テスト	katakana	1374	77.7	17.7	no	3
test	試験	other	596	154.9	3.9	no	3
test	検査	other	217	74.0	2.9	no	3
texture	組織	other	406	242.9	1.7	no	3
texture	目	other	127	180.7	0.7	no	3
texture	テクスチャー	katakana	78	3.1	25.5	no	3
the above	上	other	1233	475.6	2.6	no	3
the above	以上	other	782	475.0	1.6	no	3
the above	右	other	238	92.2	2.6	no	3
the following	以下	other	4026	502.1	8.0	no	3
the following	下記	other	383	49.9	7.7	no	3
the following	左	other	231	105.9	2.2	no	3
the other party	前	other	1519	937.1	1.6	no	3
the other party	先	other	370	156.6	2.4	no	3
the other party	一方	other	230	203.7	1.1	no	3
the same	一般	other	465	256.6	1.8	no	3
the same	同	other	274	517.0	0.5	no	3
the same	一緒	other	116	107.9	1.1	no	3
the whole	全て	other	3784	481.7	7.9	no	3
the whole	中	other	1063	859.6	1.2	no	3
the whole	一切	other	57	49.7	1.1	no	3
the world	世界	other	357	1109.7	0.3	no	3
the world	人間	other	224	306.9	0.7	no	3
the world	社会	other	96	318.3	0.3	no	3
theory	理論	other	250	100.4	2.5	no	3
theory	セオリー	katakana	91	25.5	3.6	no	3
theory	原理	other	66	28.6	2.3	no	3
times	次	other	3640	222.5	16.4	no	3
times	度	other	546	575.2	0.9	no	3
times	倍	other	252	94.0	2.7	no	3
today	今日	other	86	136.7	0.6	no	3
today	現代	other	76	239.8	0.3	no	3
today	トゥデー	katakana	51	69.5	0.7	no	3
trace	トレース	katakana	117	4.8	24.7	no	3
trace	気	other	81	139.9	0.6	no	3
trace	影	other	76	55.1	1.4	no	3
track	トラック	katakana	378	109.5	3.5	no	3
track	線	other	177	344.9	0.5	no	3
track	曲	other	62	615.4	0.1	no	3
trademark	目標	other	161	83.4	1.9	no	3
trademark	マーク	katakana	136	100.3	1.4	no	3
trademark	商標	other	57	18.0	3.2	no	3
training	教育	other	156	406.7	0.4	no	3
training	訓練	other	55	89.1	0.6	no	3
training	トレーニング	katakana	54	36.5	1.5	no	3
transfer	移動	other	735	171.6	4.3	no	3
transfer	転送	other	407	14.7	27.7	no	3
transfer	移行	other	286	98.1	2.9	no	3
trick	機関	other	811	154.7	5.2	no	3
trick	手	other	110	271.5	0.4	no	3
trick	細工	other	60	8.7	7.0	no	3
tune	色	other	910	159.2	5.7	no	3
tune	節	other	376	148.3	2.5	no	3
tune	曲	other	62	615.4	0.1	no	3
typing	入力	other	1524	39.8	38.3	no	3
typing	タイプ	katakana	648	165.8	3.9	no	3
typing	型付け	other	66	0.5	143.6	yes	3
unclear	曖昧	other	84	156.2	0.5	no	3
unclear	不明	other	68	194.4	0.4	no	3
unclear	不透明	other	56	3.6	15.5	no	3
unification	統合	other	596	213.2	2.8	no	3
unification	統括	other	198	33.0	6.0	no	3
unification	統一	other	168	118.5	1.4	no	3
unity	一致	other	841	46.8	18.0	no	3
unity	統合	other	596	213.2	2.8	no	3
unity	統一	other	168	118.5	1.4	no	3
unknown	元	other	624	867.7	0.7	no	3
unknown	不明	other	68	194.4	0.4	no	3
unknown	無名	other	66	12.3	5.4	no	3
usa	アメリカ	katakana	271	597.1	0.5	no	3
usa	米国	other	233	123.7	1.9	no	3
usa	米	other	141	109.7	1.3	no	3
used	旧	other	223	597.4	0.4	no	3
used	ユーズド	katakana	56	7.0	8.0	no	3
used	故	other	51	56.6	0.9	no	3
useful	便利	other	369	13.1	28.2	no	3
useful	有用	other	174	9.2	19.0	no	3
useful	有益	other	110	4.1	27.1	no	3
user	ユーザー	katakana	3806	68.2	55.8	no	3
user	利用者	other	433	35.4	12.2	no	3
user	消費者	other	68	22.5	3.0	no	3
usual	通常	other	1117	240.5	4.6	no	3
usual	従来	other	398	108.4	3.7	no	3
usual	普通	other	118	130.0	0.9	no	3
various	様々	other	691	247.7	2.8	no	3
various	多様	other	62	30.0	2.0	no	3
various	左右	other	53	56.5	0.9	no	3
vector	パス	katakana	956	33.4	28.6	yes	3
vector	ベクトル	katakana	176	20.0	8.8	no	3
vector	ベクター	katakana	87	4.4	20.0	no	3
verse	行	other	1071	114.6	9.3	no	3
verse	節	other	376	148.3	2.5	no	3
verse	一連	other	185	37.3	5.0	no	3
video	ビデオ	katakana	459	138.1	3.3	no	3
video	動画	other	406	128.0	3.2	no	3
video	映像	other	170	244.5	0.7	no	3
voice	音声	other	502	72.7	6.9	no	3
voice	ボイス	katakana	77	61.6	1.2	no	3
voice	声	other	69	560.1	0.1	no	3
website	サイト	katakana	1003	696.6	1.4	no	3
website	ウェブサイト	katakana	692	208.7	3.3	no	3
website	ホームページ	katakana	126	123.4	1.0	no	3
wish	希望	other	78	74.6	1.0	no	3
wish	声	other	69	560.1	0.1	no	3
wish	考え	other	52	46.2	1.1	no	3
within	中	other	1063	859.6	1.2	no	3
within	内	other	391	89.1	4.4	no	3
within	以内	other	56	46.7	1.2	no	3
worker	ワーカー	katakana	646	3.4	190.5	no	3
worker	手	other	110	271.5	0.4	no	3
worker	従業員	other	72	32.5	2.2	no	3
workload	ワークロード	katakana	151	0.2	783.3	no	3
workload	稼働	other	144	36.0	4.0	no	3
workload	負荷	other	115	13.0	8.9	no	3
world	代	other	611	785.4	0.8	no	3
world	世界	other	357	1109.7	0.3	no	3
world	ワールド	katakana	276	381.0	0.7	no	3
year	年	other	25941	46332.2	0.6	no	3
year	代	other	611	785.4	0.8	no	3
year	イヤー	katakana	69	85.0	0.8	no	3
you	子	other	606	265.3	2.3	no	3
you	自分	other	341	427.7	0.8	no	3
you	主	other	102	128.6	0.8	no	3
zone	区域	other	120	101.7	1.2	no	3
zone	帯域	other	74	4.3	17.0	no	3
zone	ゾーン	katakana	71	58.3	1.2	no	3
a lot	多く	other	985	395.7	2.5	no	2
a lot	若干	other	55	29.7	1.9	no	2
a moment ago	先	other	370	156.6	2.4	no	2
a moment ago	先程	other	96	2.2	43.6	no	2
a number of	数	other	1186	430.3	2.8	no	2
a number of	若干	other	55	29.7	1.9	no	2
a short while ago	先	other	370	156.6	2.4	no	2
a short while ago	先程	other	96	2.2	43.6	no	2
ability	性能	other	680	72.5	9.4	no	2
ability	能力	other	207	216.2	1.0	no	2
abolition	廃止	other	173	351.7	0.5	no	2
abolition	廃棄	other	63	11.0	5.7	no	2
abridgement	概要	other	432	68.1	6.3	no	2
abridgement	省略	other	427	79.2	5.4	no	2
abrogation	破棄	other	138	14.9	9.3	no	2
abrogation	廃棄	other	63	11.0	5.7	no	2
acceleration	高速化	other	150	6.4	23.5	no	2
acceleration	促進	other	56	45.4	1.2	no	2
acceptable	可	other	87	31.0	2.8	no	2
acceptable	有り	other	63	107.5	0.6	no	2
acceptance	採用	other	1086	251.2	4.3	no	2
acceptance	許容	other	110	9.8	11.2	no	2
access	アクセス	katakana	2231	60.9	36.6	yes	2
access	参入	other	50	29.9	1.7	no	2
accession	継承	other	642	98.5	6.5	no	2
accession	登録	other	549	202.4	2.7	no	2
accord	一致	other	841	46.8	18.0	no	2
accord	合意	other	65	63.4	1.0	no	2
according to	別	other	875	421.0	2.1	no	2
according to	侭	other	213	181.1	1.2	no	2
achievement	成功	other	362	202.2	1.8	no	2
achievement	達成	other	116	132.7	0.9	no	2
active	アクティブ	katakana	476	19.4	24.6	no	2
active	積極的	other	52	55.6	0.9	no	2
adding	加算	other	89	16.2	5.5	no	2
adding	増設	other	53	20.7	2.5	no	2
adjudication	判断	other	331	92.5	3.6	no	2
adjudication	判定	other	117	81.2	1.4	no	2
adjustment	調整	other	310	73.7	4.2	no	2
adjustment	整理	other	104	54.3	1.9	no	2
admonition	警告	other	241	23.1	10.4	no	2
admonition	意見	other	59	82.0	0.7	no	2
advance	進行	other	89	75.3	1.2	no	2
advance	進捗	other	52	3.7	13.9	no	2
advanced	高度	other	197	57.6	3.4	no	2
advanced	アドバンスト	katakana	134	12.7	10.6	no	2
advent	登場	other	477	848.1	0.6	no	2
advent	出現	other	74	72.8	1.0	no	2
advice	注意	other	892	61.0	14.6	no	2
advice	助言	other	52	20.0	2.6	no	2
advocacy	主張	other	174	164.2	1.1	no	2
advocacy	提唱	other	79	35.4	2.2	no	2
affiliation	所属	other	80	485.6	0.2	no	2
affiliation	合併	other	60	257.1	0.2	no	2
aforementioned	当該	other	548	57.0	9.6	no	2
aforementioned	前述	other	109	77.5	1.4	no	2
afterwards	後	other	1236	1707.5	0.7	no	2
afterwards	その後	other	184	273.9	0.7	no	2
again and again	数	other	1186	430.3	2.8	no	2
again and again	繰り返し	other	64	4.9	12.9	no	2
agency	機関	other	811	154.7	5.2	no	2
agency	職	other	234	66.6	3.5	no	2
ago	前	other	1519	937.1	1.6	no	2
ago	以前	other	496	227.4	2.2	no	2
ahead	前	other	1519	937.1	1.6	no	2
ahead	先	other	370	156.6	2.4	no	2
aid	支援	other	403	241.6	1.7	no	2
aid	補助	other	94	41.6	2.3	no	2
alert	注意喚起	other	111	3.1	35.8	no	2
alert	アラート	katakana	61	3.4	18.0	no	2
all sorts of	様々	other	691	247.7	2.8	no	2
all sorts of	左右	other	53	56.5	0.9	no	2
alliance	提携	other	82	49.4	1.7	no	2
alliance	アライアンス	katakana	68	12.7	5.3	no	2
almost	殆ど	other	476	214.0	2.2	no	2
almost	略	other	72	36.9	1.9	no	2
also	後	other	1236	1707.5	0.7	no	2
also	とも	other	355	430.1	0.8	no	2
altitude	高さ	other	322	79.0	4.1	no	2
altitude	高度	other	197	57.6	3.4	no	2
ambiguous	曖昧	other	84	156.2	0.5	no	2
ambiguous	不明	other	68	194.4	0.4	no	2
amidst	中	other	1063	859.6	1.2	no	2
amidst	内	other	391	89.1	4.4	no	2
amongst	中	other	1063	859.6	1.2	no	2
amongst	内	other	391	89.1	4.4	no	2
ancestry	流れ	other	78	59.3	1.3	no	2
ancestry	系統	other	51	154.0	0.3	no	2
animated film	アニメーション	katakana	1074	98.9	10.9	no	2
animated film	アニメ	katakana	52	517.8	0.1	no	2
annexation	付加	other	72	15.7	4.6	no	2
annexation	合併	other	60	257.1	0.2	no	2
another place	他	other	3005	1417.5	2.1	no	2
another place	外	other	132	73.3	1.8	no	2
anxiety	恐れ	other	113	27.0	4.2	no	2
anxiety	懸念	other	55	30.2	1.8	no	2
anyway	同じ	other	490	75.0	6.5	no	2
anyway	左右	other	53	56.5	0.9	no	2
appending	追加	other	3607	216.8	16.6	no	2
appending	添付	other	64	8.4	7.7	no	2
appendix	追加	other	3607	216.8	16.6	no	2
appendix	アペンディックス	katakana	55	2.5	22.3	no	2
application software	アプリケーション	katakana	1907	25.4	75.2	yes	2
application software	アプリケーションソフトウェア	katakana	62	1.1	57.4	yes	2
appreciation	理解	other	668	84.3	7.9	no	2
appreciation	評価	other	646	216.0	3.0	no	2
arena	リング	katakana	123	65.8	1.9	no	2
arena	場	other	85	94.8	0.9	no	2
arranging	配列	other	1551	23.0	67.3	no	2
arranging	セット	katakana	398	87.3	4.6	no	2
array	配列	other	1551	23.0	67.3	yes	2
array	アレイ	katakana	250	7.6	33.0	no	2
arrow	アロー	katakana	80	14.1	5.7	no	2
arrow	矢印	other	62	4.3	14.5	no	2
artificial intelligence	人工知能	other	134	9.7	13.8	yes	2
artificial intelligence	アーティフィシャルインテリジェンス	katakana	60	1.7	34.5	no	2
as a result	結果	other	1963	464.9	4.2	no	2
as a result	所	other	234	343.3	0.7	no	2
as a result of	結果	other	1963	464.9	4.2	no	2
as a result of	故	other	51	56.6	0.9	no	2
as well as	他	other	3005	1417.5	2.1	no	2
as well as	外	other	132	73.3	1.8	no	2
asset	プラス	katakana	166	109.9	1.5	no	2
asset	アセット	katakana	128	2.2	58.3	no	2
assistant	セカンド	katakana	74	108.2	0.7	no	2
assistant	アシスタント	katakana	56	57.4	1.0	no	2
atmosphere	カラー	katakana	276	107.2	2.6	no	2
atmosphere	気	other	81	139.9	0.6	no	2
attaching	連結	other	91	43.1	2.1	no	2
attaching	添付	other	64	8.4	7.7	no	2
attachment	接続	other	1072	99.6	10.8	no	2
attachment	付け	other	402	42.6	9.4	no	2
attack	攻撃	other	1048	322.2	3.3	no	2
attack	アタック	katakana	59	35.5	1.7	no	2
attribution	表示	other	3311	1059.5	3.1	no	2
attribution	帰属	other	53	9.7	5.4	no	2
audit	監査	other	575	17.0	33.9	no	2
audit	検査	other	217	74.0	2.9	no	2
author	作成者	other	84	1.7	49.6	no	2
author	作者	other	80	51.1	1.6	no	2
authorization	許可	other	823	71.2	11.6	no	2
authorization	認定	other	132	126.2	1.0	no	2
auto	オート	katakana	71	42.3	1.7	no	2
auto	自動車	other	56	185.7	0.3	no	2
automation	自動化	other	114	6.7	17.1	no	2
automation	オートメーション	katakana	67	2.7	24.7	no	2
automobile	オート	katakana	71	42.3	1.7	no	2
automobile	自動車	other	56	185.7	0.3	no	2
award	賞	other	147	630.1	0.2	no	2
award	アワード	katakana	89	64.7	1.4	no	2
awareness	認識	other	304	73.5	4.1	no	2
awareness	意識	other	77	89.0	0.9	no	2
backdrop	バック	katakana	675	235.9	2.9	no	2
backdrop	背景	other	271	76.7	3.5	no	2
backing up	バック	katakana	675	235.9	2.9	no	2
backing up	バックアップ	katakana	151	10.3	14.6	no	2
ban	停止	other	473	115.8	4.1	no	2
ban	禁止	other	153	96.4	1.6	no	2
bandwidth	帯域	other	74	4.3	17.0	no	2
bandwidth	帯域幅	other	66	1.7	39.9	no	2
bar	カウンター	katakana	232	18.5	12.6	no	2
bar	バー	katakana	51	22.8	2.2	no	2
bass	ベース	katakana	964	145.9	6.6	no	2
bass	バス	katakana	272	380.0	0.7	no	2
because of	間	other	730	565.0	1.3	no	2
because of	故	other	51	56.6	0.9	no	2
being ahead	アップ	katakana	240	175.9	1.4	no	2
being ahead	先行	other	50	67.7	0.7	no	2
belonging	付属	other	214	134.7	1.6	no	2
belonging	帰属	other	53	9.7	5.4	no	2
benchmark	基準	other	581	104.6	5.5	no	2
benchmark	ベンチマーク	katakana	57	1.5	36.9	no	2
beneath	以下	other	4026	502.1	8.0	no	2
beneath	下	other	432	387.7	1.1	no	2
beside	側	other	471	364.7	1.3	no	2
beside	横	other	54	60.1	0.9	no	2
birth	発生	other	2052	301.8	6.8	no	2
birth	誕生	other	69	158.3	0.4	no	2
bit	ビット	katakana	1845	37.0	49.9	yes	2
bit	バイト	katakana	513	20.8	24.7	no	2
blank space	空白	other	229	13.5	17.0	no	2
blank space	余白	other	51	1.6	31.1	no	2
block	版	other	3542	2474.4	1.4	no	2
block	ブロック	katakana	1276	91.1	14.0	yes	2
both	両方	other	713	51.8	13.8	no	2
both	共	other	185	456.3	0.4	no	2
bottom	後	other	1236	1707.5	0.7	no	2
bottom	下	other	432	387.7	1.1	no	2
bounds	限り	other	422	87.3	4.8	no	2
bounds	境界	other	366	49.6	7.4	no	2
brace	一番	other	78	219.3	0.4	no	2
brace	番	other	74	422.5	0.2	no	2
brand	ブランド	katakana	219	127.6	1.7	no	2
brand	マーク	katakana	136	100.3	1.4	no	2
breadth	幅	other	547	69.4	7.9	no	2
breadth	横	other	54	60.1	0.9	no	2
break	区切り	other	141	3.8	37.0	no	2
break	中断	other	84	33.0	2.5	no	2
breakup	分散	other	245	21.5	11.4	no	2
breakup	離散	other	58	6.6	8.8	no	2
breed	種	other	113	277.4	0.4	no	2
breed	類型	other	60	8.6	7.0	no	2
brief	簡単	other	614	41.5	14.8	no	2
brief	簡潔	other	92	4.5	20.4	no	2
britain	英	other	494	214.5	2.3	no	2
britain	イギリス	katakana	88	355.3	0.2	no	2
broadcast	配信	other	214	397.5	0.5	no	2
broadcast	放送	other	98	1445.8	0.1	no	2
browsing	閲覧	other	9073	7532.7	1.2	no	2
browsing	参照	other	3414	262.0	13.0	yes	2
bunch	群	other	335	167.1	2.0	no	2
bunch	組	other	77	255.8	0.3	no	2
bundle	一括	other	211	9.6	22.1	no	2
bundle	バンドル	katakana	94	4.4	21.2	no	2
bureau	部	other	252	1097.4	0.2	no	2
bureau	局	other	118	596.1	0.2	no	2
but	他	other	3005	1417.5	2.1	no	2
but	外	other	132	73.3	1.8	no	2
bygone days	旧	other	223	597.4	0.4	no	2
bygone days	過去	other	133	198.0	0.7	no	2
calculator	計算機	other	175	6.6	26.6	no	2
calculator	電卓	other	120	3.7	32.1	no	2
calling off	解除	other	189	44.0	4.3	no	2
calling off	中止	other	82	112.2	0.7	no	2
calyx	英	other	494	214.5	2.3	no	2
calyx	台	other	308	313.7	1.0	no	2
capacity	容量	other	424	30.3	14.0	no	2
capacity	量	other	181	94.6	1.9	no	2
capture	キャプチャー	katakana	201	3.8	53.6	yes	2
capture	捕捉	other	74	4.6	16.0	no	2
car	オート	katakana	71	42.3	1.7	no	2
car	自動車	other	56	185.7	0.3	no	2
career	履歴	other	120	9.8	12.2	no	2
career	キャリア	katakana	54	62.4	0.9	no	2
carrying	掲載	other	157	215.3	0.7	no	2
carrying	携帯	other	138	42.1	3.3	no	2
carrying out	実行	other	4043	65.8	61.5	no	2
carrying out	実施	other	901	326.0	2.8	no	2
cast	版	other	3542	2474.4	1.4	no	2
cast	キャスト	katakana	68	154.8	0.4	no	2
catalog	一覧	other	453	744.0	0.6	no	2
catalog	カタログ	katakana	57	36.4	1.6	no	2
catalogue	一覧	other	453	744.0	0.6	no	2
catalogue	カタログ	katakana	57	36.4	1.6	no	2
categorization	分類	other	237	145.1	1.6	no	2
categorization	ソート	katakana	143	5.8	24.8	no	2
caution	注意	other	892	61.0	14.6	no	2
caution	警告	other	241	23.1	10.4	no	2
cell phone	携帯電話	other	172	35.0	4.9	no	2
cell phone	携帯	other	138	42.1	3.3	no	2
certain	確実	other	193	25.4	7.6	no	2
certain	一定	other	96	58.0	1.7	no	2
chain	一連	other	185	37.3	5.0	no	2
chain	チェーン	katakana	171	31.7	5.4	no	2
charge	代	other	611	785.4	0.8	no	2
charge	保管	other	75	30.9	2.4	no	2
chi	キー	katakana	1238	21.9	56.6	no	2
chi	気	other	81	139.9	0.6	no	2
chunk	ブロック	katakana	1276	91.1	14.0	no	2
chunk	チャンク	katakana	99	1.0	99.9	no	2
circuit	回線	other	319	13.9	23.0	no	2
circuit	回路	other	276	27.2	10.1	no	2
circumference	周辺	other	152	172.9	0.9	no	2
circumference	周囲	other	55	90.3	0.6	no	2
classic	ザ	katakana	4394	3055.9	1.4	no	2
classic	クラシック	katakana	98	83.8	1.2	no	2
clever	スマート	katakana	158	34.7	4.6	no	2
clever	発明	other	70	34.0	2.1	no	2
clip	動画	other	406	128.0	3.2	no	2
clip	クリップ	katakana	74	16.2	4.6	no	2
clone	互換機	other	129	2.5	52.0	yes	2
clone	クローン	katakana	59	16.1	3.7	no	2
closure	クロージャー	katakana	112	1.2	91.8	no	2
closure	閉鎖	other	64	72.3	0.9	no	2
clothing	形	other	316	272.3	1.2	no	2
clothing	ウェア	katakana	52	10.7	4.9	no	2
cloud service	クラウドサービス	katakana	387	1.2	315.9	yes	2
cloud service	クラウド	katakana	194	12.3	15.8	yes	2
coast	方	other	462	268.2	1.7	no	2
coast	辺	other	94	21.2	4.4	no	2
coding	符号化	other	266	5.1	52.5	no	2
coding	コーディング	katakana	128	3.3	39.2	yes	2
cognition	認識	other	304	73.5	4.1	no	2
cognition	認知	other	71	29.3	2.4	no	2
collecting	収集	other	166	47.9	3.5	no	2
collecting	コレクション	katakana	162	184.1	0.9	no	2
collection	収集	other	166	47.9	3.5	no	2
collection	コレクション	katakana	162	184.1	0.9	no	2
color	色	other	910	159.2	5.7	no	2
color	カラー	katakana	276	107.2	2.6	no	2
colour	色	other	910	159.2	5.7	no	2
colour	カラー	katakana	276	107.2	2.6	no	2
combined	総合	other	60	387.2	0.2	no	2
combined	複合	other	53	36.0	1.5	no	2
come on	よう	other	10037	1988.9	5.0	no	2
come on	其々	other	1180	301.7	3.9	no	2
command	コマンド	katakana	1565	25.2	62.1	yes	2
command	命令	other	1019	94.3	10.8	no	2
commitment	コミット	katakana	212	1.9	114.2	no	2
commitment	投入	other	72	51.9	1.4	no	2
comparatively	比較的	other	126	64.8	1.9	no	2
comparatively	割合	other	92	29.0	3.2	no	2
compatible	互換	other	299	7.8	38.2	no	2
compatible	統一	other	168	118.5	1.4	no	2
compliance	順守	other	513	6.7	77.0	no	2
compliance	整合性	other	53	3.0	17.8	no	2
complicated	複雑	other	338	43.1	7.8	no	2
complicated	複雑性	other	62	1.9	32.0	no	2
composite	総合	other	60	387.2	0.2	no	2
composite	複合	other	53	36.0	1.5	no	2
composure	度	other	546	575.2	0.9	no	2
composure	安定	other	157	54.5	2.9	no	2
computation	計算	other	862	68.6	12.6	no	2
computation	算出	other	76	9.7	7.8	no	2
computer	コンピューター	katakana	2373	120.3	19.7	no	2
computer	計算機	other	175	6.6	26.6	no	2
concurrent	同時	other	441	272.6	1.6	no	2
concurrent	マルチタスク	katakana	54	0.9	62.3	no	2
conference	コンファレンス	katakana	199	30.5	6.5	no	2
conference	会議	other	104	191.0	0.5	no	2
confidence	信頼	other	211	39.8	5.3	no	2
confidence	信頼性	other	127	17.2	7.4	no	2
confronting	相対	other	309	16.6	18.6	no	2
confronting	アタック	katakana	59	35.5	1.7	no	2
conjecture	推測	other	101	40.9	2.5	no	2
conjecture	予想	other	69	48.5	1.4	no	2
conjugation	変化	other	422	170.5	2.5	no	2
conjugation	活用	other	295	70.9	4.2	no	2
consciousness	気	other	81	139.9	0.6	no	2
consciousness	意識	other	77	89.0	0.9	no	2
constitution	組織	other	406	242.9	1.7	no	2
constitution	体	other	91	244.2	0.4	no	2
consultation	参照	other	3414	262.0	13.0	no	2
consultation	参考	other	258	40.6	6.4	no	2
contact	連絡	other	111	85.7	1.3	no	2
contact	担当者	other	58	17.2	3.4	no	2
container	コンテナ	katakana	3255	25.7	126.9	no	2
container	ボックス	katakana	1064	123.8	8.6	no	2
contention	主張	other	174	164.2	1.1	no	2
contention	競合	other	134	19.1	7.0	no	2
continuous	連続	other	143	269.0	0.5	no	2
continuous	継続的	other	85	10.4	8.2	no	2
contraction	縮小	other	149	31.9	4.7	no	2
contraction	短縮	other	71	37.8	1.9	no	2
contribution	投稿	other	180	67.7	2.7	no	2
contribution	貢献	other	106	96.2	1.1	no	2
controversy	問題	other	1312	399.2	3.3	no	2
controversy	議論	other	125	61.3	2.0	no	2
conversion	変換	other	1149	47.2	24.3	no	2
conversion	切り替え	other	75	13.3	5.6	no	2
coping with	対応	other	2662	263.7	10.1	no	2
coping with	対処	other	220	22.8	9.7	no	2
corner	角	other	398	62.4	6.4	no	2
corner	曲	other	62	615.4	0.1	no	2
correction	修正	other	684	51.2	13.4	no	2
correction	訂正	other	55	13.4	4.1	no	2
corresponding to	相当	other	219	97.4	2.3	no	2
corresponding to	該当	other	183	53.9	3.4	no	2
count	カウント	katakana	146	29.0	5.0	no	2
count	回数	other	96	44.7	2.2	no	2
counter for occurrences	度	other	546	575.2	0.9	no	2
counter for occurrences	回	other	367	1793.0	0.2	no	2
counter for people	名	other	1968	938.7	2.1	no	2
counter for people	人	other	284	482.4	0.6	no	2
counter for played stones	子	other	606	265.3	2.3	no	2
counter for played stones	目	other	127	180.7	0.7	no	2
counter for years	年	other	25941	46332.2	0.6	no	2
counter for years	個	other	163	9.3	17.5	no	2
country	国	other	106	272.5	0.4	no	2
country	国家	other	67	201.0	0.3	no	2
coupling	結合	other	177	62.0	2.9	no	2
coupling	連結	other	91	43.1	2.1	no	2
cover	表	other	521	142.8	3.6	no	2
cover	カバー	katakana	67	120.5	0.6	no	2
coverage	対象	other	959	195.8	4.9	no	2
coverage	カバー	katakana	67	120.5	0.6	no	2
creative	クリエーティブ	katakana	80	34.8	2.3	no	2
creative	クリエーター	katakana	54	22.3	2.4	no	2
creator	作者	other	80	51.1	1.6	no	2
creator	クリエーター	katakana	54	22.3	2.4	no	2
credit	単位	other	590	88.7	6.6	no	2
credit	付け	other	402	42.6	9.4	no	2
criterion	標準	other	997	83.2	12.0	no	2
criterion	基準	other	581	104.6	5.5	no	2
criticism	攻撃	other	1048	322.2	3.3	no	2
criticism	批判	other	92	126.9	0.7	no	2
crowd	群	other	335	167.1	2.0	no	2
crowd	クラウド	katakana	194	12.3	15.8	no	2
cultivation	開発	other	3365	505.6	6.7	no	2
cultivation	教育	other	156	406.7	0.4	no	2
culture	教育	other	156	406.7	0.4	no	2
culture	文化	other	57	438.9	0.1	no	2
custody	保護	other	369	129.5	2.9	no	2
custody	保管	other	75	30.9	2.4	no	2
customization	カスタム	katakana	745	16.0	46.5	no	2
customization	カスタマイズ	katakana	209	7.1	29.6	no	2
cutting	切断	other	64	22.1	2.9	no	2
cutting	カット	katakana	58	63.2	0.9	no	2
cutting off	停止	other	473	115.8	4.1	no	2
cutting off	カット	katakana	58	63.2	0.9	no	2
cyber attack	攻撃	other	1048	322.2	3.3	yes	2
cyber attack	サイバー攻撃	other	69	2.0	34.9	no	2
damage	被害	other	135	98.6	1.4	no	2
damage	故障	other	60	34.2	1.8	no	2
data	データ	katakana	3441	318.5	10.8	no	2
data	資料	other	120	197.9	0.6	no	2
dear	上	other	1233	475.6	2.6	no	2
dear	真	other	136	105.0	1.3	no	2
death	限り	other	422	87.3	4.8	no	2
death	終わり	other	99	44.4	2.2	no	2
decade	台	other	308	313.7	1.0	no	2
decade	桁	other	174	34.3	5.1	no	2
decimal point	コンマ	katakana	192	1.8	108.2	no	2
decimal point	小数点	other	112	3.3	33.5	no	2
deciphering	翻訳	other	182	70.5	2.6	no	2
deciphering	解読	other	105	10.8	9.7	no	2
declaration	宣言	other	983	100.9	9.7	no	2
declaration	表明	other	62	83.2	0.7	no	2
decline	低下	other	127	59.8	2.1	no	2
decline	減少	other	65	90.8	0.7	no	2
decoration	修飾	other	137	5.1	26.7	no	2
decoration	装飾	other	74	35.9	2.1	no	2
definitely	絶対	other	125	50.4	2.5	no	2
definitely	左右	other	53	56.5	0.9	no	2
degradation	低下	other	127	59.8	2.1	no	2
degradation	分解	other	72	35.5	2.0	no	2
demand	要求	other	787	88.5	8.9	no	2
demand	需要	other	60	36.7	1.6	no	2
demeanor	動作	other	1672	48.3	34.6	no	2
demeanor	形	other	316	272.3	1.2	no	2
denomination	単位	other	590	88.7	6.6	no	2
denomination	呼称	other	64	64.3	1.0	no	2
descent	条	other	231	264.0	0.9	no	2
descent	流れ	other	78	59.3	1.3	no	2
destruction	破棄	other	138	14.9	9.3	no	2
destruction	破壊	other	60	130.7	0.5	no	2
detail	内容	other	1107	227.6	4.9	no	2
detail	点	other	885	363.9	2.4	no	2
diagram	図	other	423	109.2	3.9	no	2
diagram	グラフ	katakana	261	25.3	10.3	no	2
dialogue	ダイアローグ	katakana	165	4.0	40.8	no	2
dialogue	対話	other	124	19.5	6.4	no	2
dictionary	辞書	other	295	31.4	9.4	no	2
dictionary	辞典	other	99	93.4	1.1	no	2
diffusion	普及	other	321	75.4	4.3	no	2
diffusion	伝送	other	99	7.2	13.8	no	2
digit	数字	other	185	51.1	3.6	no	2
digit	桁	other	174	34.3	5.1	no	2
direct	ダイレクト	katakana	169	17.3	9.8	no	2
direct	直接	other	152	47.7	3.2	no	2
directions	指示	other	282	62.9	4.5	no	2
directions	用法	other	53	84.0	0.6	no	2
directive	命令	other	1019	94.3	10.8	no	2
directive	ディレクティブ	katakana	384	1.3	296.1	yes	2
disaster	変	other	78	40.3	1.9	no	2
disaster	曲	other	62	615.4	0.1	no	2
discernment	識別	other	255	16.5	15.5	no	2
discernment	目	other	127	180.7	0.7	no	2
discipline	場	other	85	94.8	0.9	no	2
discipline	訓練	other	55	89.1	0.6	no	2
discontinuance	廃止	other	173	351.7	0.5	no	2
discontinuance	中止	other	82	112.2	0.7	no	2
discord	間	other	730	565.0	1.3	no	2
discord	衝突	other	78	55.7	1.4	no	2
disorder	障害	other	203	84.6	2.4	no	2
disorder	混乱	other	81	46.2	1.7	no	2
dispersion	分散	other	245	21.5	11.4	no	2
dispersion	離散	other	58	6.6	8.8	no	2
distance	間	other	730	565.0	1.3	no	2
distance	距離	other	116	118.3	1.0	no	2
diverse	様々	other	691	247.7	2.8	no	2
diverse	多様	other	62	30.0	2.0	no	2
dollar	元	other	624	867.7	0.7	no	2
dollar	ドル	katakana	333	126.5	2.6	no	2
domain	領域	other	519	78.4	6.6	no	2
domain	ドメイン	katakana	445	28.3	15.7	no	2
double	倍	other	252	94.0	2.7	no	2
double	ダブル	katakana	107	64.1	1.7	no	2
double bass	ベース	katakana	964	145.9	6.6	no	2
double bass	バス	katakana	272	380.0	0.7	no	2
drawing	描画	other	562	5.8	96.2	no	2
drawing	図	other	423	109.2	3.9	no	2
dress	形	other	316	272.3	1.2	no	2
dress	ウェア	katakana	52	10.7	4.9	no	2
driving	ドライブ	katakana	363	48.1	7.5	no	2
driving	駆動	other	123	32.7	3.8	no	2
drop	ドロップ	katakana	175	11.1	15.8	no	2
drop	ダウン	katakana	124	65.9	1.9	no	2
due	正式	other	240	131.4	1.8	no	2
due	真	other	136	105.0	1.3	no	2
due to	間	other	730	565.0	1.3	no	2
due to	故	other	51	56.6	0.9	no	2
dummy	モデル	katakana	2092	351.7	5.9	no	2
dummy	スルー	katakana	51	21.8	2.4	no	2
duplication	重複	other	128	39.6	3.2	no	2
duplication	複製	other	127	16.7	7.6	no	2
duty	責任	other	143	70.5	2.0	no	2
duty	役	other	128	903.1	0.1	no	2
dynamic	動的	other	364	6.4	57.3	no	2
dynamic	ダイナミック	katakana	102	11.9	8.5	no	2
each	其々	other	1180	301.7	3.9	no	2
each	個々	other	190	18.1	10.5	no	2
editing	編集	other	1003	1056.2	0.9	no	2
editing	編	other	93	922.4	0.1	no	2
education	教育	other	156	406.7	0.4	no	2
education	エデュケーション	katakana	62	19.5	3.2	no	2
effective	有効	other	1550	49.7	31.2	no	2
effective	効果的	other	83	13.9	6.0	no	2
efficiency	性能	other	680	72.5	9.4	no	2
efficiency	効率	other	173	21.8	7.9	no	2
effort	取り組み	other	125	33.8	3.7	no	2
effort	手	other	110	271.5	0.4	no	2
electronic	電子	other	420	135.5	3.1	no	2
electronic	エレクトロニック	katakana	67	11.2	5.9	no	2
elucidation	解説	other	755	146.3	5.2	no	2
elucidation	明示	other	525	11.4	46.1	no	2
email	メール	katakana	348	47.8	7.3	no	2
email	電子メール	other	171	5.1	33.2	no	2
email address	アドレス	katakana	770	14.5	53.1	no	2
email address	メールアドレス	katakana	101	2.7	37.6	no	2
emergence	登場	other	477	848.1	0.6	no	2
emergence	出現	other	74	72.8	1.0	no	2
enactment	実施	other	901	326.0	2.8	no	2
enactment	制定	other	63	100.3	0.6	no	2
enclosure	筐体	other	95	9.8	9.6	no	2
enclosure	別紙	other	59	2.5	23.3	no	2
encouragement	策	other	162	27.5	5.9	no	2
encouragement	促進	other	56	45.4	1.2	no	2
enforcement	実施	other	901	326.0	2.8	no	2
enforcement	強制	other	213	50.2	4.2	no	2
engagement	採用	other	1086	251.2	4.3	no	2
engagement	用	other	163	9.4	17.4	no	2
engine	機関	other	811	154.7	5.2	no	2
engine	エンジン	katakana	410	183.1	2.2	no	2
engineer	技術者	other	168	28.2	5.9	no	2
engineer	エンジニア	katakana	96	29.3	3.3	no	2
enough	分	other	388	1042.5	0.4	no	2
enough	十分	other	256	50.4	5.1	no	2
entity	エンティティー	katakana	72	2.0	35.8	no	2
entity	実体	other	69	12.0	5.7	no	2
environment	環境	other	1151	235.4	4.9	no	2
environment	エンバイロメント	katakana	60	7.5	8.1	no	2
environs	周辺	other	152	172.9	0.9	no	2
environs	周囲	other	55	90.3	0.6	no	2
epoch	代	other	611	785.4	0.8	no	2
epoch	時代	other	187	941.0	0.2	no	2
equation	式	other	585	419.6	1.4	no	2
equation	方程式	other	50	26.7	1.9	no	2
equivalent	同じ	other	490	75.0	6.5	no	2
equivalent	比	other	103	52.1	2.0	no	2
era	代	other	611	785.4	0.8	no	2
era	時代	other	187	941.0	0.2	no	2
essay	論文	other	181	87.4	2.1	no	2
essay	文章	other	79	30.5	2.6	no	2
eternal	常	other	793	101.1	7.8	no	2
eternal	不変	other	79	6.5	12.1	no	2
eternity	常	other	793	101.1	7.8	no	2
eternity	無限	other	69	27.0	2.5	no	2
even	水平	other	201	20.8	9.7	no	2
even	元々	other	53	36.0	1.5	no	2
everybody	人々	other	110	166.2	0.7	no	2
everybody	皆	other	57	156.6	0.4	no	2
evolution	展開	other	246	199.7	1.2	no	2
evolution	進化	other	118	60.1	2.0	no	2
exact	正確	other	265	46.8	5.7	no	2
exact	正	other	204	72.8	2.8	no	2
exam	テスト	katakana	1374	77.7	17.7	no	2
exam	試験	other	596	154.9	3.9	no	2
expenditure	消費	other	214	46.3	4.6	no	2
expenditure	経費	other	59	9.0	6.5	no	2
experiment	試験	other	596	154.9	3.9	no	2
experiment	実験	other	76	103.7	0.7	no	2
expert	者	other	340	283.7	1.2	no	2
expert	専門家	other	71	31.5	2.3	no	2
exposition	説明	other	1527	213.5	7.2	no	2
exposition	解説	other	755	146.3	5.2	no	2
express	高速	other	382	118.6	3.2	no	2
express	エクスプレス	katakana	170	46.2	3.7	no	2
extra	別	other	875	421.0	2.1	no	2
extra	余分	other	55	4.0	13.8	no	2
extraction	展開	other	246	199.7	1.2	yes	2
extraction	抽出	other	120	13.8	8.7	no	2
extraordinary	非常	other	338	164.7	2.0	no	2
extraordinary	特別	other	283	291.6	1.0	no	2
facet	面	other	242	379.0	0.6	no	2
facet	所	other	234	343.3	0.7	no	2
facilities	機関	other	811	154.7	5.2	no	2
facilities	設備	other	51	82.9	0.6	no	2
facility	機能	other	3403	249.4	13.6	no	2
facility	機関	other	811	154.7	5.2	no	2
factor	要素	other	7699	93.7	82.1	no	2
factor	係数	other	51	14.2	3.6	no	2
factory	工場	other	58	200.2	0.3	no	2
factory	ファクトリー	katakana	56	30.3	1.8	no	2
failing grade	不可	other	116	21.1	5.5	no	2
failing grade	欠点	other	78	15.4	5.0	no	2
faithfulness	真	other	136	105.0	1.3	no	2
faithfulness	実	other	88	137.0	0.6	no	2
fake	空	other	577	126.5	4.6	no	2
fake	偽	other	111	25.8	4.3	no	2
falsehood	空	other	577	126.5	4.6	no	2
falsehood	偽	other	111	25.8	4.3	no	2
fame	名	other	1968	938.7	2.1	no	2
fame	音	other	111	168.5	0.7	no	2
family	ファミリー	katakana	182	79.7	2.3	no	2
family	系統	other	51	154.0	0.3	no	2
fashion	モード	katakana	972	118.3	8.2	no	2
fashion	式	other	585	419.6	1.4	no	2
fast	ファスト	katakana	74	11.6	6.3	no	2
fast	ファースト	katakana	54	138.1	0.4	no	2
fate	数	other	1186	430.3	2.8	no	2
fate	定数	other	267	30.9	8.6	no	2
fault	欠点	other	78	15.4	5.0	no	2
fault	故障	other	60	34.2	1.8	no	2
fear	恐れ	other	113	27.0	4.2	no	2
fear	懸念	other	55	30.2	1.8	no	2
features	マスク	katakana	318	38.1	8.3	no	2
features	形	other	316	272.3	1.2	no	2
feelings	気	other	81	139.9	0.6	no	2
feelings	情	other	79	12.2	6.4	no	2
fiber	条	other	231	264.0	0.9	no	2
fiber	ファイバー	katakana	64	7.4	8.6	no	2
fibre	条	other	231	264.0	0.9	no	2
fibre	ファイバー	katakana	64	7.4	8.6	no	2
figures	数	other	1186	430.3	2.8	no	2
figures	計算	other	862	68.6	12.6	no	2
file	ファイル	katakana	4392	107.0	41.1	yes	2
file	列	other	484	58.2	8.3	no	2
filing	ファイル	katakana	4392	107.0	41.1	no	2
filing	提出	other	142	75.2	1.9	no	2
filling	中身	other	75	11.8	6.4	no	2
filling	スタッフ	katakana	64	179.7	0.4	no	2
film	映像	other	170	244.5	0.7	no	2
film	映画	other	86	991.3	0.1	no	2
finding	発見	other	163	215.4	0.8	no	2
finding	判定	other	117	81.2	1.4	no	2
finishing	アップ	katakana	240	175.9	1.4	no	2
finishing	クリア	katakana	117	56.3	2.1	no	2
firm	社	other	982	1189.1	0.8	no	2
firm	会社	other	299	332.6	0.9	no	2
first name	名前	other	2290	292.0	7.8	no	2
first name	名	other	1968	938.7	2.1	no	2
fixed	既定	other	486	1.7	286.0	no	2
fixed	付け	other	402	42.6	9.4	no	2
fixing	調整	other	310	73.7	4.2	no	2
fixing	固定	other	194	63.1	3.1	no	2
flaw	欠点	other	78	15.4	5.0	no	2
flaw	不具合	other	66	10.7	6.2	no	2
flex	コード	katakana	3590	108.1	33.2	no	2
flex	フレックス	katakana	303	2.2	137.9	no	2
focal point	軸	other	415	56.4	7.4	no	2
focal point	焦点	other	54	22.3	2.4	no	2
folder	ディレクトリー	katakana	901	8.5	105.5	yes	2
folder	フォルダー	katakana	187	3.7	50.0	no	2
for some reason	物	other	3627	2080.8	1.7	no	2
for some reason	気	other	81	139.9	0.6	no	2
formatting	フォーマット	katakana	603	19.8	30.4	yes	2
formatting	初期化	other	391	2.2	176.6	yes	2
formulation	構築	other	958	56.2	17.1	no	2
formulation	策定	other	275	23.1	11.9	no	2
forwarding	転送	other	407	14.7	27.7	no	2
forwarding	出荷	other	173	19.8	8.7	no	2
founder	親	other	727	64.6	11.2	no	2
founder	初代	other	74	193.2	0.4	no	2
fraction	小数	other	138	4.6	29.8	no	2
fraction	端	other	105	30.3	3.5	no	2
fragile	脆弱	other	74	5.7	13.1	no	2
fragile	和	other	57	61.8	0.9	no	2
from now on	今後	other	182	52.9	3.4	no	2
from now on	以後	other	50	124.4	0.4	no	2
fruit	子	other	606	265.3	2.3	no	2
fruit	実	other	88	137.0	0.6	no	2
fulfillment	実行	other	4043	65.8	61.5	no	2
fulfillment	履行	other	164	5.3	30.7	no	2
full	円	other	287	470.4	0.6	no	2
full	フル	katakana	101	84.6	1.2	no	2
fusion	合併	other	60	257.1	0.2	no	2
fusion	フュージョン	katakana	52	9.7	5.4	no	2
gains	リターン	katakana	225	21.1	10.7	no	2
gains	利益	other	60	41.6	1.4	no	2
garbage collection	収集	other	166	47.9	3.5	no	2
garbage collection	ガベージコレクション	katakana	53	0.4	128.4	yes	2
gauge	基準	other	581	104.6	5.5	no	2
gauge	米	other	141	109.7	1.3	no	2
general idea	概念	other	300	66.4	4.5	no	2
general idea	コンセプト	katakana	91	51.7	1.8	no	2
generalization	統括	other	198	33.0	6.0	no	2
generalization	一般化	other	62	10.4	6.0	no	2
generic	汎用	other	193	10.0	19.4	no	2
generic	ジェネリック	katakana	71	1.2	57.5	no	2
gesture	動作	other	1672	48.3	34.6	no	2
gesture	パフォーマンス	katakana	564	62.3	9.1	no	2
getting	取得	other	1591	163.5	9.7	no	2
getting	入手	other	125	49.8	2.5	no	2
getting ready	用意	other	327	60.1	5.4	no	2
getting ready	準備	other	197	77.2	2.6	no	2
getting rid of	除去	other	208	20.8	10.0	no	2
getting rid of	排除	other	57	33.0	1.7	no	2
gist	趣旨	other	178	14.7	12.1	no	2
gist	略	other	72	36.9	1.9	no	2
given name	名前	other	2290	292.0	7.8	no	2
given name	名	other	1968	938.7	2.1	no	2
glance	一覧	other	453	744.0	0.6	no	2
glance	目	other	127	180.7	0.7	no	2
going	行	other	1071	114.6	9.3	no	2
going	ゴー	katakana	127	96.6	1.3	no	2
going through	経由	other	259	113.5	2.3	no	2
going through	スルー	katakana	51	21.8	2.4	no	2
good	為	other	9021	3426.6	2.6	no	2
good	利益	other	60	41.6	1.4	no	2
good faith	真	other	136	105.0	1.3	no	2
good faith	実	other	88	137.0	0.6	no	2
good point	取得	other	1591	163.5	9.7	no	2
good point	メリット	katakana	56	13.3	4.2	no	2
grant	付与	other	159	27.8	5.7	no	2
grant	支給	other	119	17.5	6.8	no	2
graph	図	other	423	109.2	3.9	no	2
graph	グラフ	katakana	261	25.3	10.3	no	2
graphic	グラフィック	katakana	220	26.9	8.2	no	2
graphic	図形	other	138	6.2	22.3	no	2
graphics	グラフィックス	katakana	364	10.1	36.1	no	2
graphics	グラフィック	katakana	220	26.9	8.2	no	2
grasp	把握	other	195	21.4	9.1	no	2
grasp	捕捉	other	74	4.6	16.0	no	2
great	名	other	1968	938.7	2.1	no	2
great	非常	other	338	164.7	2.0	no	2
grid	グリッド	katakana	556	10.7	51.9	no	2
grid	メッシュ	katakana	65	5.1	12.7	no	2
guarantee	保証	other	329	23.3	14.1	no	2
guarantee	確保	other	313	76.9	4.1	no	2
guard	番	other	74	422.5	0.2	no	2
guard	ガード	katakana	66	32.8	2.0	no	2
hacking	ハッキング	katakana	74	5.1	14.4	yes	2
hacking	侵入	other	71	39.6	1.8	no	2
handle	手	other	110	271.5	0.4	no	2
handle	ハンドル	katakana	93	18.1	5.1	no	2
handwriting	手	other	110	271.5	0.4	no	2
handwriting	字	other	97	243.4	0.4	no	2
hard disk	ハードディスク	katakana	142	3.6	39.6	yes	2
hard disk	ハード	katakana	93	35.2	2.7	yes	2
hardware	ハードウェア	katakana	797	15.8	50.4	yes	2
hardware	ハード	katakana	93	35.2	2.7	yes	2
headword	項目	other	786	201.8	3.9	no	2
headword	見出し	other	277	6.1	45.2	no	2
heir	後	other	1236	1707.5	0.7	no	2
heir	後継	other	335	54.5	6.1	no	2
helpful	有用	other	174	9.2	19.0	no	2
helpful	有益	other	110	4.1	27.1	no	2
hereafter	今後	other	182	52.9	3.4	no	2
hereafter	以後	other	50	124.4	0.4	no	2
herself	自分	other	341	427.7	0.8	no	2
herself	自身	other	337	422.1	0.8	no	2
himself	自分	other	341	427.7	0.8	no	2
himself	自身	other	337	422.1	0.8	no	2
hint	ヒント	katakana	202	15.3	13.2	no	2
hint	助言	other	52	20.0	2.6	no	2
hole	空	other	577	126.5	4.6	no	2
hole	ホール	katakana	88	231.6	0.4	no	2
home page	ホームページ	katakana	126	123.4	1.0	no	2
home page	トップ	katakana	79	155.9	0.5	no	2
honesty	真	other	136	105.0	1.3	no	2
honesty	実	other	88	137.0	0.6	no	2
honorific suffix used after a name	子	other	606	265.3	2.3	no	2
honorific suffix used after a name	主	other	102	128.6	0.8	no	2
horizontal	水平	other	201	20.8	9.7	no	2
horizontal	横	other	54	60.1	0.9	no	2
host	ホスト	katakana	872	25.7	34.0	no	2
host	ナビゲーター	katakana	98	14.3	6.8	no	2
hosting	開催	other	153	652.7	0.2	no	2
hosting	ホスティング	katakana	70	1.9	36.0	yes	2
hue	色	other	910	159.2	5.7	no	2
hue	色相	other	56	0.9	61.2	no	2
identity	体	other	91	244.2	0.4	no	2
identity	アイデンティティー	katakana	55	15.6	3.5	no	2
immediate	直接	other	152	47.7	3.2	no	2
immediate	即座	other	72	10.4	6.9	no	2
impact	影響	other	838	329.7	2.5	no	2
impact	衝突	other	78	55.7	1.4	no	2
impediment	障害	other	203	84.6	2.4	no	2
impediment	差	other	62	114.4	0.5	no	2
imperial palace grounds	中	other	1063	859.6	1.2	no	2
imperial palace grounds	内	other	391	89.1	4.4	no	2
import	内容	other	1107	227.6	4.9	no	2
import	インポート	katakana	621	2.4	255.5	no	2
impossible	不可能	other	133	47.8	2.8	no	2
impossible	不能	other	73	29.6	2.4	no	2
in any case	同じ	other	490	75.0	6.5	no	2
in any case	左右	other	53	56.5	0.9	no	2
in the course of	中	other	1063	859.6	1.2	no	2
in the course of	内	other	391	89.1	4.4	no	2
in the middle of	中	other	1063	859.6	1.2	no	2
in the middle of	途中	other	58	144.8	0.4	no	2
in-house	自社	other	125	47.2	2.7	no	2
in-house	社内	other	50	17.8	2.8	no	2
inability	困難	other	170	77.5	2.2	no	2
inability	不能	other	73	29.6	2.4	no	2
inclusion	組み込み	other	322	4.3	74.4	no	2
inclusion	包含	other	95	3.9	24.3	no	2
incorporation	設立	other	314	405.2	0.8	no	2
incorporation	合併	other	60	257.1	0.2	no	2
independence	独立	other	216	219.8	1.0	no	2
independence	単独	other	56	99.9	0.6	no	2
independent	独自	other	449	106.2	4.2	no	2
independent	フリー	katakana	385	130.8	2.9	no	2
indicator	指標	other	68	14.6	4.6	no	2
indicator	指数	other	57	14.1	4.1	no	2
indispensable	必要	other	6287	367.4	17.1	no	2
indispensable	必須	other	253	26.8	9.4	no	2
inexperienced	初	other	147	695.5	0.2	no	2
inexperienced	生	other	87	90.6	1.0	no	2
inflection	変化	other	422	170.5	2.5	no	2
inflection	活用	other	295	70.9	4.2	no	2
infringement	侵害	other	110	17.7	6.2	no	2
infringement	違反	other	102	54.7	1.9	no	2
inheritance	継承	other	642	98.5	6.5	yes	2
inheritance	レガシー	katakana	52	12.4	4.2	no	2
inhibition	禁止	other	153	96.4	1.6	no	2
inhibition	抑制	other	87	28.0	3.1	no	2
injury	被害	other	135	98.6	1.4	no	2
injury	故障	other	60	34.2	1.8	no	2
inner thoughts	中	other	1063	859.6	1.2	no	2
inner thoughts	内	other	391	89.1	4.4	no	2
innocent	初	other	147	695.5	0.2	no	2
innocent	生	other	87	90.6	1.0	no	2
input	入力	other	1524	39.8	38.3	no	2
input	インプット	katakana	266	2.9	91.5	no	2
instance	例	other	6343	223.3	28.4	no	2
instance	インスタンス	katakana	1579	2.2	710.5	yes	2
instructions	仕様書	other	2223	2.0	1126.4	no	2
instructions	指示	other	282	62.9	4.5	no	2
insufficient	生	other	87	90.6	1.0	no	2
insufficient	不十分	other	54	14.4	3.7	no	2
intelligence	情報	other	7012	665.5	10.5	no	2
intelligence	インテリジェンス	katakana	70	10.1	7.0	no	2
interchange	互換	other	299	7.8	38.2	no	2
interchange	交換	other	271	97.7	2.8	no	2
interim	中間	other	101	48.2	2.1	no	2
interim	仮	other	64	64.9	1.0	no	2
intermediary	中間	other	101	48.2	2.1	no	2
intermediary	パイプ	katakana	84	15.6	5.4	no	2
international	インターナショナル	katakana	220	144.9	1.5	no	2
international	国際	other	142	512.5	0.3	no	2
internet	インターネット	katakana	1063	125.2	8.5	yes	2
internet	ネット	katakana	236	198.4	1.2	no	2
interpolation	挿入	other	395	27.8	14.2	no	2
interpolation	補間	other	81	1.6	50.8	no	2
interpretation	解釈	other	288	54.7	5.3	no	2
interpretation	解	other	78	26.0	3.0	no	2
intersecting	クロス	katakana	183	75.4	2.4	no	2
intersecting	横断	other	52	37.9	1.4	no	2
intersection	目	other	127	180.7	0.7	no	2
intersection	交差	other	106	28.7	3.7	no	2
invasion	侵害	other	110	17.7	6.2	no	2
invasion	侵入	other	71	39.6	1.8	no	2
invention	考案	other	76	29.1	2.6	no	2
invention	発明	other	70	34.0	2.1	no	2
inventor	親	other	727	64.6	11.2	no	2
inventor	クリエーター	katakana	54	22.3	2.4	no	2
inversion	反転	other	58	12.4	4.7	no	2
inversion	前後	other	51	81.2	0.6	no	2
investment	投資	other	78	52.5	1.5	no	2
investment	投入	other	72	51.9	1.4	no	2
involvement	関係	other	762	424.1	1.8	no	2
involvement	コミット	katakana	212	1.9	114.2	no	2
isolation	独立	other	216	219.8	1.0	no	2
isolation	分離	other	190	99.4	1.9	no	2
iteration	反復	other	380	7.6	49.8	yes	2
iteration	繰り返し	other	64	4.9	12.9	no	2
iterator	イテレーター	katakana	246	0.1	2274.5	yes	2
iterator	イテレータ	katakana	105	0.2	598.5	yes	2
join	接続	other	1072	99.6	10.8	no	2
join	結合	other	177	62.0	2.9	yes	2
journal	ジャーナル	katakana	242	171.5	1.4	yes	2
journal	雑誌	other	88	165.8	0.5	no	2
judging	評価	other	646	216.0	3.0	no	2
judging	審査	other	62	54.8	1.1	no	2
keeping	侭	other	213	181.1	1.2	no	2
keeping	保有	other	79	56.9	1.4	no	2
keeping one's eye on	チェック	katakana	713	28.4	25.2	no	2
keeping one's eye on	マーク	katakana	136	100.3	1.4	no	2
key point	軸	other	415	56.4	7.4	no	2
key point	ポイント	katakana	244	131.5	1.9	no	2
knot	節	other	376	148.3	2.5	no	2
knot	ノット	katakana	181	59.1	3.1	no	2
land	国	other	106	272.5	0.4	no	2
land	ランド	katakana	70	109.7	0.6	no	2
landlord	管理者	other	278	25.5	10.9	no	2
landlord	主	other	102	128.6	0.8	no	2
large-scale	大規模	other	177	84.7	2.1	no	2
large-scale	大型	other	83	127.9	0.6	no	2
lateral	外側	other	151	24.5	6.2	no	2
lateral	側面	other	54	51.4	1.0	no	2
latest	最後	other	706	339.7	2.1	no	2
latest	最新	other	313	68.5	4.6	no	2
laying out	配列	other	1551	23.0	67.3	no	2
laying out	用意	other	327	60.1	5.4	no	2
left-hand side	左	other	231	105.9	2.2	no	2
left-hand side	左側	other	61	21.2	2.9	no	2
legend	説明	other	1527	213.5	7.2	no	2
legend	ストーリー	katakana	82	170.0	0.5	no	2
lesson	時間	other	859	551.1	1.6	no	2
lesson	課	other	58	211.3	0.3	no	2
lexicon	辞書	other	295	31.4	9.4	no	2
lexicon	辞典	other	99	93.4	1.1	no	2
liberation	リリース	katakana	1543	286.2	5.4	no	2
liberation	解放	other	163	69.0	2.4	no	2
library	ライブラリー	katakana	816	80.6	10.1	yes	2
library	図書館	other	107	294.0	0.4	no	2
lifting	アップ	katakana	240	175.9	1.4	no	2
lifting	解除	other	189	44.0	4.3	no	2
limitation	制限	other	912	90.2	10.1	no	2
limitation	制約	other	379	21.0	18.0	no	2
limits	限り	other	422	87.3	4.8	no	2
limits	区域	other	120	101.7	1.2	no	2
linear	線形	other	120	19.6	6.1	yes	2
linear	リニア	katakana	50	9.7	5.2	no	2
lineup	メンバー	katakana	280	380.3	0.7	no	2
lineup	ラインアップ	katakana	84	24.1	3.5	no	2
liquidation	整理	other	104	54.3	1.9	no	2
liquidation	解消	other	50	43.1	1.2	no	2
literal	リテラル	katakana	345	0.8	452.7	yes	2
literal	定数	other	267	30.9	8.6	yes	2
little	殆ど	other	476	214.0	2.2	no	2
little	小型	other	100	71.9	1.4	no	2
live	ライブ	katakana	211	579.6	0.4	no	2
live	生	other	87	90.6	1.0	no	2
load	ロード	katakana	288	64.5	4.5	no	2
load	負荷	other	115	13.0	8.9	no	2
locality	所	other	234	343.3	0.7	no	2
locality	地域	other	89	591.9	0.2	no	2
lock	鍵	other	347	31.9	10.9	no	2
lock	ロック	katakana	303	210.5	1.4	no	2
logo	マーク	katakana	136	100.3	1.4	no	2
logo	ロゴ	katakana	77	33.7	2.3	yes	2
long ago	上	other	1233	475.6	2.6	no	2
long ago	遥か	other	58	34.0	1.7	no	2
looking over	チェック	katakana	713	28.4	25.2	no	2
looking over	一覧	other	453	744.0	0.6	no	2
lookout	監視	other	370	45.4	8.2	no	2
lookout	番	other	74	422.5	0.2	no	2
loot	物	other	3627	2080.8	1.7	no	2
loot	ルート	katakana	656	94.8	6.9	no	2
love	色	other	910	159.2	5.7	no	2
love	情	other	79	12.2	6.4	no	2
love affair	色	other	910	159.2	5.7	no	2
love affair	訳	other	289	313.6	0.9	no	2
lover	色	other	910	159.2	5.7	no	2
lover	ファン	katakana	58	242.7	0.2	no	2
magazine	マガジン	katakana	164	157.4	1.0	no	2
magazine	雑誌	other	88	165.8	0.5	no	2
mail	文	other	583	127.3	4.6	no	2
mail	メール	katakana	348	47.8	7.3	no	2
main course	メイン	katakana	368	156.6	2.3	no	2
main course	主流	other	97	25.4	3.8	no	2
main part	メイン	katakana	368	156.6	2.3	no	2
main part	本体	other	235	43.3	5.4	no	2
main secondary or supporting role	主	other	102	128.6	0.8	no	2
main secondary or supporting role	重	other	85	88.8	1.0	no	2
mainly	多く	other	985	395.7	2.5	no	2
mainly	大半	other	54	54.7	1.0	no	2
mainstream	主流	other	97	25.4	3.8	no	2
mainstream	メジャー	katakana	80	94.2	0.8	no	2
makes a word more polite	方	other	462	268.2	1.7	no	2
makes a word more polite	様	other	51	51.9	1.0	no	2
manifestation	表示	other	3311	1059.5	3.1	no	2
manifestation	表明	other	62	83.2	0.7	no	2
mankind	人	other	284	482.4	0.6	no	2
mankind	人間	other	224	306.9	0.7	no	2
market	市場	other	392	121.3	3.2	no	2
market	マーケット	katakana	83	30.0	2.8	no	2
marketing	販売	other	864	323.2	2.7	no	2
marketing	マーケティング	katakana	94	30.1	3.1	no	2
mask	マスク	katakana	318	38.1	8.3	no	2
mask	面	other	242	379.0	0.6	no	2
materialization	実現	other	520	114.9	4.5	no	2
materialization	成立	other	59	158.0	0.4	no	2
materials	資料	other	120	197.9	0.6	no	2
materials	スタッフ	katakana	64	179.7	0.4	no	2
maximum	最大	other	544	230.9	2.4	no	2
maximum	最高	other	131	251.7	0.5	no	2
mean	中	other	1063	859.6	1.2	no	2
mean	平均	other	78	109.3	0.7	no	2
media	メディア	katakana	810	485.5	1.7	no	2
media	媒体	other	150	14.2	10.5	no	2
medium	中	other	1063	859.6	1.2	no	2
medium	媒体	other	150	14.2	10.5	no	2
melody	節	other	376	148.3	2.5	no	2
melody	曲	other	62	615.4	0.1	no	2
mental picture	イメージ	katakana	1087	136.7	8.0	no	2
mental picture	映像	other	170	244.5	0.7	no	2
microcomputer	マイクロコンピューター	katakana	61	1.2	52.3	yes	2
microcomputer	マイコン	katakana	59	3.4	17.3	yes	2
midway	中間	other	101	48.2	2.1	no	2
midway	途中	other	58	144.8	0.4	no	2
migration	移動	other	735	171.6	4.3	no	2
migration	マイグレーション	katakana	101	0.2	531.1	no	2
minimal	最小	other	163	17.9	9.1	no	2
minimal	最小限	other	88	6.7	13.2	no	2
minimum	最小	other	163	17.9	9.1	no	2
minimum	最小限	other	88	6.7	13.2	no	2
minute	詳細	other	1299	150.0	8.7	no	2
minute	分	other	388	1042.5	0.4	no	2
miss	方	other	462	268.2	1.7	no	2
miss	様	other	51	51.9	1.0	no	2
mixed	複雑	other	338	43.1	7.8	no	2
mixed	総合	other	60	387.2	0.2	no	2
mobile	移動	other	735	171.6	4.3	no	2
mobile	モバイル	katakana	254	24.3	10.5	no	2
mobile phone	携帯電話	other	172	35.0	4.9	no	2
mobile phone	携帯	other	138	42.1	3.3	no	2
mock-up	モデル	katakana	2092	351.7	5.9	no	2
mock-up	モック	katakana	56	2.1	27.3	no	2
mode	形式	other	1198	216.9	5.5	no	2
mode	モード	katakana	972	118.3	8.2	no	2
money	ドル	katakana	333	126.5	2.6	no	2
money	円	other	287	470.4	0.6	no	2
monitor	ディスプレー	katakana	395	24.5	16.1	no	2
monitor	モニター	katakana	158	23.9	6.6	no	2
monitoring	監視	other	370	45.4	8.2	no	2
monitoring	モニター	katakana	158	23.9	6.6	no	2
mood	法	other	505	388.4	1.3	no	2
mood	気	other	81	139.9	0.6	no	2
more	後	other	1236	1707.5	0.7	no	2
more	今	other	158	159.7	1.0	no	2
movie	写真	other	195	212.8	0.9	no	2
movie	映画	other	86	991.3	0.1	no	2
moving picture	活動	other	207	652.2	0.3	no	2
moving picture	写真	other	195	212.8	0.9	no	2
mr	方	other	462	268.2	1.7	no	2
mr	様	other	51	51.9	1.0	no	2
mrs	方	other	462	268.2	1.7	no	2
mrs	様	other	51	51.9	1.0	no	2
ms	方	other	462	268.2	1.7	no	2
ms	様	other	51	51.9	1.0	no	2
multi-floor building	ビル	katakana	86	145.9	0.6	no	2
multi-floor building	ビルディング	katakana	54	18.6	2.9	no	2
multi-storey building	ビル	katakana	86	145.9	0.6	no	2
multi-storey building	ビルディング	katakana	54	18.6	2.9	no	2
multiple	複数	other	1698	247.5	6.9	no	2
multiple	多重	other	62	10.3	6.0	no	2
museum	ミュージアム	katakana	62	65.4	1.0	no	2
museum	博物館	other	56	146.3	0.4	no	2
music	音楽	other	190	592.4	0.3	no	2
music	ミュージック	katakana	112	313.8	0.4	no	2
mutual	共通	other	284	85.7	3.3	no	2
mutual	相互	other	205	48.0	4.3	no	2
my husband	中	other	1063	859.6	1.2	no	2
my husband	内	other	391	89.1	4.4	no	2
my spouse	中	other	1063	859.6	1.2	no	2
my spouse	内	other	391	89.1	4.4	no	2
my wife	中	other	1063	859.6	1.2	no	2
my wife	内	other	391	89.1	4.4	no	2
naming	呼称	other	64	64.3	1.0	no	2
naming	命名	other	57	72.8	0.8	no	2
national	ナショナル	katakana	98	145.8	0.7	no	2
national	国立	other	68	292.6	0.2	no	2
native	固有	other	369	31.2	11.8	no	2
native	ネーティブ	katakana	294	22.6	13.0	no	2
necessary	必要	other	6287	367.4	17.1	no	2
necessary	必須	other	253	26.8	9.4	no	2
nest	ネスト	katakana	182	2.1	88.5	no	2
nest	入れ子	other	170	0.9	196.7	no	2
nesting	ネスト	katakana	182	2.1	88.5	yes	2
nesting	入れ子	other	170	0.9	196.7	no	2
network	ネットワーク	katakana	1588	134.1	11.8	no	2
network	ネット	katakana	236	198.4	1.2	no	2
newspaper	新聞	other	113	702.4	0.2	no	2
newspaper	紙	other	83	40.0	2.1	no	2
next	次	other	3640	222.5	16.4	no	2
next	ネクスト	katakana	194	64.4	3.0	no	2
nickname	字	other	97	243.4	0.4	no	2
nickname	通称	other	51	102.4	0.5	no	2
node	ノード	katakana	1722	8.7	198.3	no	2
node	節	other	376	148.3	2.5	no	2
noise	音	other	111	168.5	0.7	no	2
noise	ノイズ	katakana	84	15.2	5.5	no	2
nook	角	other	398	62.4	6.4	no	2
nook	曲	other	62	615.4	0.1	no	2
notation	表記	other	201	233.5	0.9	no	2
notation	記法	other	131	3.3	39.8	no	2
notebook	ノート	katakana	98	41.8	2.3	no	2
notebook	ノートパソコン	katakana	81	2.6	30.4	no	2
notes	文書	other	1224	113.4	10.8	no	2
notes	注釈	other	147	22.9	6.4	no	2
notification	通知	other	411	17.9	22.9	yes	2
notification	お知らせ	other	64	184.3	0.3	no	2
novel	新た	other	372	235.0	1.6	no	2
novel	ノベル	katakana	55	35.4	1.6	no	2
nowadays	最近	other	132	44.4	3.0	no	2
nowadays	今日	other	86	136.7	0.6	no	2
nozzle	前	other	1519	937.1	1.6	no	2
nozzle	先	other	370	156.6	2.4	no	2
number one	ピン	katakana	143	11.8	12.1	no	2
number one	一番	other	78	219.3	0.4	no	2
numeral	数	other	1186	430.3	2.8	no	2
numeral	数字	other	185	51.1	3.6	no	2
nut	子	other	606	265.3	2.3	no	2
nut	実	other	88	137.0	0.6	no	2
obstacle	障害	other	203	84.6	2.4	no	2
obstacle	故障	other	60	34.2	1.8	no	2
obvious	明らか	other	133	125.8	1.1	no	2
obvious	赤	other	66	78.1	0.8	no	2
occurrence	発生	other	2052	301.8	6.8	no	2
occurrence	事	other	452	429.9	1.1	no	2
offence	違反	other	102	54.7	1.9	no	2
offence	犯罪	other	50	75.5	0.7	no	2
offense	違反	other	102	54.7	1.9	no	2
offense	犯罪	other	50	75.5	0.7	no	2
offer	提供	other	2778	273.3	10.2	no	2
offer	プラン	katakana	95	38.3	2.5	no	2
official announcement	公表	other	124	72.2	1.7	no	2
official announcement	アナウンス	katakana	70	34.0	2.1	no	2
offline	オフ	katakana	82	65.0	1.3	no	2
offline	オフライン	katakana	53	4.5	11.6	no	2
offset	オフセット	katakana	259	3.3	78.3	no	2
offset	オフ	katakana	82	65.0	1.3	no	2
often	数	other	1186	430.3	2.8	no	2
often	多く	other	985	395.7	2.5	no	2
oh	ア	katakana	177	37.8	4.7	no	2
oh	イヤー	katakana	69	85.0	0.8	no	2
once	最後	other	706	339.7	2.1	no	2
once	一度	other	281	101.8	2.8	no	2
one's family	中	other	1063	859.6	1.2	no	2
one's family	内	other	391	89.1	4.4	no	2
one's feelings	中	other	1063	859.6	1.2	no	2
one's feelings	内	other	391	89.1	4.4	no	2
one's home	中	other	1063	859.6	1.2	no	2
one's home	内	other	391	89.1	4.4	no	2
one's part	方	other	462	268.2	1.7	no	2
one's part	分	other	388	1042.5	0.4	no	2
operator	演算子	other	502	5.5	91.9	yes	2
operator	オペレーター	katakana	74	11.6	6.4	no	2
opposite	逆	other	193	104.4	1.9	no	2
opposite	対	other	107	236.2	0.5	no	2
option	オプション	katakana	2050	38.6	53.1	no	2
option	選択	other	1367	114.8	11.9	no	2
orientation	方向	other	864	104.6	8.3	no	2
orientation	向き	other	91	12.1	7.6	no	2
other	他	other	3005	1417.5	2.1	no	2
other	外	other	132	73.3	1.8	no	2
others	人	other	284	482.4	0.6	no	2
others	端	other	105	30.3	3.5	no	2
our company	中	other	1063	859.6	1.2	no	2
our company	内	other	391	89.1	4.4	no	2
our organization	中	other	1063	859.6	1.2	no	2
our organization	内	other	391	89.1	4.4	no	2
outset	最初	other	1344	321.3	4.2	no	2
outset	当初	other	403	333.5	1.2	no	2
override	無効化	other	202	6.3	31.9	no	2
override	オーバーライド	katakana	99	0.6	162.1	no	2
ownership	所有	other	83	87.0	1.0	no	2
ownership	所有権	other	77	10.5	7.4	no	2
pace	速度	other	306	105.0	2.9	no	2
pace	ステップ	katakana	247	27.5	9.0	no	2
pack	パック	katakana	128	36.8	3.5	no	2
pack	組	other	77	255.8	0.3	no	2
packet	パケット	katakana	358	8.3	43.1	yes	2
packet	パック	katakana	128	36.8	3.5	no	2
padding	パディング	katakana	106	0.2	527.6	no	2
padding	パッド	katakana	72	6.2	11.7	no	2
page	ページ	katakana	2611	1901.3	1.4	no	2
page	面	other	242	379.0	0.6	no	2
pairing	カード	katakana	459	188.3	2.4	no	2
pairing	組み合わせ	other	179	32.5	5.5	no	2
panel	委員会	other	116	384.5	0.3	no	2
panel	パネル	katakana	96	30.7	3.1	no	2
parser	パーサー	katakana	58	0.7	86.7	yes	2
parser	パーサ	katakana	57	0.5	104.4	yes	2
part-timer	バイト	katakana	513	20.8	24.7	no	2
part-timer	パート	katakana	153	120.4	1.3	no	2
partial	パーシャル	katakana	78	20.3	3.8	no	2
partial	部分的	other	59	13.0	4.6	no	2
participant	メンバー	katakana	280	380.3	0.7	no	2
participant	参加者	other	60	33.1	1.8	no	2
partner	相手	other	79	221.6	0.4	no	2
partner	パートナー	katakana	64	56.5	1.1	no	2
partnership	共同	other	214	217.2	1.0	no	2
partnership	提携	other	82	49.4	1.7	no	2
password	暗号	other	561	18.9	29.7	no	2
password	パスワード	katakana	395	7.8	50.3	no	2
patron	利用者	other	433	35.4	12.2	no	2
patron	顧客	other	220	26.9	8.2	no	2
pc	パソコン	katakana	561	36.8	15.2	no	2
pc	パーソナルコンピューター	katakana	158	3.8	42.0	no	2
peculiarity	特徴	other	368	173.4	2.1	no	2
peculiarity	特性	other	204	42.5	4.8	no	2
penetration	挿入	other	395	27.8	14.2	no	2
penetration	侵入	other	71	39.6	1.8	no	2
penmanship	字	other	97	243.4	0.4	no	2
penmanship	書き方	other	72	3.0	23.9	no	2
percent	プロ	katakana	519	278.0	1.9	no	2
percent	パーセント	katakana	181	21.1	8.6	no	2
perfectly	十分	other	256	50.4	5.1	no	2
perfectly	ジャスト	katakana	71	25.6	2.8	no	2
permanence	常	other	793	101.1	7.8	no	2
permanence	永続	other	85	4.3	19.7	no	2
person in charge	責任者	other	654	27.3	23.9	no	2
person in charge	担当者	other	58	17.2	3.4	no	2
personal history	履歴	other	120	9.8	12.2	no	2
personal history	キャリア	katakana	54	62.4	0.9	no	2
petition	アプリケーション	katakana	1907	25.4	75.2	no	2
petition	申請	other	108	49.0	2.2	no	2
phenomenon	事象	other	128	11.0	11.7	no	2
phenomenon	現象	other	58	60.5	1.0	no	2
phone	音声	other	502	72.7	6.9	no	2
phone	電話	other	143	85.1	1.7	no	2
photo	写真	other	195	212.8	0.9	no	2
photo	フォト	katakana	79	42.1	1.9	no	2
photography	写真	other	195	212.8	0.9	no	2
photography	撮影	other	69	258.7	0.3	no	2
physique	スタイル	katakana	1602	140.6	11.4	no	2
physique	体	other	91	244.2	0.4	no	2
pin	ピン	katakana	143	11.8	12.1	no	2
pin	端子	other	127	11.6	10.9	no	2
pit	ボックス	katakana	1064	123.8	8.6	no	2
pit	実	other	88	137.0	0.6	no	2
pivot	中心	other	227	402.9	0.6	no	2
pivot	要	other	98	21.1	4.6	no	2
pixel	ピクセル	katakana	353	7.6	46.2	yes	2
pixel	ドット	katakana	123	18.4	6.7	yes	2
place where you do something	前	other	1519	937.1	1.6	no	2
place where you do something	先	other	370	156.6	2.4	no	2
plane	プレーン	katakana	221	6.7	32.9	no	2
plane	平面	other	52	18.5	2.8	no	2
plate	版	other	3542	2474.4	1.4	no	2
plate	板	other	52	40.7	1.3	no	2
player	プレーヤー	katakana	377	130.0	2.9	no	2
player	参加者	other	60	33.1	1.8	no	2
pledge	保証	other	329	23.3	14.1	no	2
pledge	予約	other	94	33.1	2.8	no	2
plenty	多く	other	985	395.7	2.5	no	2
plenty	十分	other	256	50.4	5.1	no	2
plus	プラス	katakana	166	109.9	1.5	no	2
plus	メリット	katakana	56	13.3	4.2	no	2
pointer	ポインター	katakana	370	4.5	82.3	yes	2
pointer	策	other	162	27.5	5.9	no	2
popular	一般的	other	831	124.5	6.7	no	2
popular	ポップ	katakana	167	34.8	4.8	no	2
popularity	通り	other	812	439.9	1.8	no	2
popularity	人気	other	145	208.0	0.7	no	2
popularization	普及	other	321	75.4	4.3	no	2
popularization	一般化	other	62	10.4	6.0	no	2
port	ポート	katakana	922	36.5	25.2	yes	2
port	端子	other	127	11.6	10.9	yes	2
posing	設定	other	6695	265.4	25.2	no	2
posing	モック	katakana	56	2.1	27.3	no	2
possibility	可能性	other	1647	188.1	8.8	no	2
possibility	目	other	127	180.7	0.7	no	2
practical use	運用	other	593	152.5	3.9	no	2
practical use	活用	other	295	70.9	4.2	no	2
prefix	接頭辞	other	174	3.0	57.9	no	2
prefix	プレフィックス	katakana	98	0.7	132.7	no	2
preparing	作成	other	4069	117.1	34.7	no	2
preparing	セット	katakana	398	87.3	4.6	no	2
prerequisite	条件	other	544	135.5	4.0	no	2
prerequisite	前提	other	122	27.9	4.4	no	2
presence	前	other	1519	937.1	1.6	no	2
presence	存在	other	1281	645.0	2.0	no	2
present	本	other	72	160.2	0.4	no	2
present	現行	other	52	32.6	1.6	no	2
priority	優先	other	195	34.9	5.6	no	2
priority	優先順位	other	97	2.7	36.4	no	2
private	個人	other	194	156.0	1.2	no	2
private	プライベート	katakana	177	27.8	6.4	no	2
privilege	権利	other	90	74.7	1.2	no	2
privilege	特権	other	84	11.0	7.6	no	2
probability	可能性	other	1647	188.1	8.8	no	2
probability	確率	other	141	32.7	4.3	no	2
procession	列	other	484	58.2	8.3	no	2
procession	行列	other	202	30.0	6.7	no	2
processor	プロセッサー	katakana	911	14.2	64.2	yes	2
processor	処理系	other	100	1.5	67.2	yes	2
proclamation	宣言	other	983	100.9	9.7	no	2
proclamation	公表	other	124	72.2	1.7	no	2
procurement	調達	other	249	23.8	10.5	no	2
procurement	入手	other	125	49.8	2.5	no	2
products	物	other	3627	2080.8	1.7	no	2
products	プロダクツ	katakana	68	12.5	5.4	no	2
profile	プロファイル	katakana	120	4.6	25.9	yes	2
profile	側面	other	54	51.4	1.0	no	2
progeny	子孫	other	136	43.5	3.1	no	2
progeny	種	other	113	277.4	0.4	no	2
prohibition	停止	other	473	115.8	4.1	no	2
prohibition	禁止	other	153	96.4	1.6	no	2
promise	可能性	other	1647	188.1	8.8	no	2
promise	プロミス	katakana	377	1.6	237.0	no	2
prompt	プロンプト	katakana	91	1.2	74.6	yes	2
prompt	速やか	other	70	7.6	9.2	no	2
proprietor	マスター	katakana	143	89.3	1.6	no	2
proprietor	主	other	102	128.6	0.8	no	2
prospect	ビジョン	katakana	95	35.9	2.6	no	2
prospect	候補	other	67	112.4	0.6	no	2
prospects	将来	other	131	49.4	2.6	no	2
prospects	希望	other	78	74.6	1.0	no	2
protest	デモ	katakana	182	40.7	4.5	no	2
protest	故障	other	60	34.2	1.8	no	2
proxy	代わり	other	918	90.4	10.2	no	2
proxy	プロキシー	katakana	326	1.6	208.0	yes	2
pull request	プルリクエスト	katakana	74	0.0	2380.5	yes	2
pull request	プルリク	katakana	70	0.0	inf	yes	2
putting on sale	発売	other	1227	969.6	1.3	no	2
putting on sale	市販	other	55	14.3	3.8	no	2
putting on the market	発売	other	1227	969.6	1.3	no	2
putting on the market	市販	other	55	14.3	3.8	no	2
quarrel	競合	other	134	19.1	7.0	no	2
quarrel	衝突	other	78	55.7	1.4	no	2
quarter	区域	other	120	101.7	1.2	no	2
quarter	クオータ	katakana	88	0.6	152.0	no	2
quintessential	ザ	katakana	4394	3055.9	1.4	no	2
quintessential	典型的	other	81	20.3	4.0	no	2
quota	割り当て	other	159	9.8	16.2	no	2
quota	クオータ	katakana	88	0.6	152.0	no	2
radio	無線	other	191	55.8	3.4	no	2
radio	ラジオ	katakana	104	390.7	0.3	no	2
radix point	コンマ	katakana	192	1.8	108.2	no	2
radix point	小数点	other	112	3.3	33.5	no	2
raid	攻撃	other	1048	322.2	3.3	no	2
raid	侵入	other	71	39.6	1.8	no	2
random	任意	other	713	41.8	17.1	no	2
random	ランダム	katakana	138	19.3	7.2	no	2
raw	ロー	katakana	120	51.5	2.3	no	2
raw	生	other	87	90.6	1.0	no	2
ray	線	other	177	344.9	0.5	no	2
ray	光	other	147	193.3	0.8	no	2
reaching	到達	other	124	41.1	3.0	no	2
reaching	成立	other	59	158.0	0.4	no	2
reaction	対応	other	2662	263.7	10.1	no	2
reaction	反応	other	59	94.6	0.6	no	2
rebuke	策	other	162	27.5	5.9	no	2
rebuke	意見	other	59	82.0	0.7	no	2
receiving	受信	other	278	24.2	11.5	no	2
receiving	キャッチ	katakana	59	17.6	3.3	no	2
recent	前	other	1519	937.1	1.6	no	2
recent	先	other	370	156.6	2.4	no	2
recently	最近	other	132	44.4	3.0	no	2
recently	今日	other	86	136.7	0.6	no	2
reception	対応	other	2662	263.7	10.1	no	2
reception	受信	other	278	24.2	11.5	no	2
recess	角	other	398	62.4	6.4	no	2
recess	曲	other	62	615.4	0.1	no	2
recreation	プレー	katakana	168	197.1	0.9	no	2
recreation	再現	other	66	49.0	1.4	no	2
recursion	反復	other	380	7.6	49.8	yes	2
recursion	再帰	other	113	3.2	35.9	yes	2
recycling	再生	other	358	92.3	3.9	no	2
recycling	再利用	other	191	8.5	22.5	no	2
red	レッド	katakana	179	153.4	1.2	no	2
red	赤	other	66	78.1	0.8	no	2
redirection	転送	other	407	14.7	27.7	no	2
redirection	リダイレクト	katakana	185	1.4	133.4	yes	2
rehabilitation	再生	other	358	92.3	3.9	no	2
rehabilitation	復旧	other	81	22.7	3.6	no	2
reiteration	反復	other	380	7.6	49.8	no	2
reiteration	繰り返し	other	64	4.9	12.9	no	2
relative	相対	other	309	16.6	18.6	no	2
relative	相対的	other	134	8.4	16.0	no	2
releasing	発表	other	1427	726.8	2.0	no	2
releasing	解除	other	189	44.0	4.3	no	2
relevant	適切	other	983	145.1	6.8	no	2
relevant	当該	other	548	57.0	9.6	no	2
reliance	依存	other	798	34.6	23.1	no	2
reliance	信頼	other	211	39.8	5.3	no	2
remainder	後	other	1236	1707.5	0.7	no	2
remainder	残り	other	149	56.2	2.6	no	2
remaining	限り	other	422	87.3	4.8	no	2
remaining	侭	other	213	181.1	1.2	no	2
remaining part	前	other	1519	937.1	1.6	no	2
remaining part	先	other	370	156.6	2.4	no	2
remark	注釈	other	147	22.9	6.4	no	2
remark	言葉	other	118	197.6	0.6	no	2
reminder	注意	other	892	61.0	14.6	no	2
reminder	注意喚起	other	111	3.1	35.8	no	2
repeal	廃止	other	173	351.7	0.5	no	2
repeal	廃棄	other	63	11.0	5.7	no	2
repeat	反復	other	380	7.6	49.8	no	2
repeat	繰り返し	other	64	4.9	12.9	no	2
repeatedly	数	other	1186	430.3	2.8	no	2
repeatedly	繰り返し	other	64	4.9	12.9	no	2
reply	応答	other	203	14.7	13.8	no	2
reply	回答	other	81	39.0	2.1	no	2
reportage	ドキュメント	katakana	1008	27.0	37.3	no	2
reportage	レポート	katakana	298	155.6	1.9	no	2
reprimand	注意	other	892	61.0	14.6	no	2
reprimand	意見	other	59	82.0	0.7	no	2
reproduction	複製	other	127	16.7	7.6	no	2
reproduction	再現	other	66	49.0	1.4	no	2
reputation	名	other	1968	938.7	2.1	no	2
reputation	通り	other	812	439.9	1.8	no	2
requisite	要件	other	515	22.5	22.9	no	2
requisite	必須	other	253	26.8	9.4	no	2
reset	初期化	other	391	2.2	176.6	yes	2
reset	リセット	katakana	138	6.8	20.4	no	2
respective	当該	other	548	57.0	9.6	no	2
respective	別々	other	70	12.6	5.5	no	2
responsibility	責任	other	143	70.5	2.0	no	2
responsibility	役	other	128	903.1	0.1	no	2
restitution	復旧	other	81	22.7	3.6	no	2
restitution	復元	other	72	27.6	2.6	no	2
retention	保持	other	441	46.2	9.6	no	2
retention	保有	other	79	56.9	1.4	no	2
retrieval	検索	other	549	65.7	8.3	no	2
retrieval	再生	other	358	92.3	3.9	no	2
return value	戻り値	other	175	0.5	366.1	yes	2
return value	返り値	other	60	0.1	467.7	yes	2
reverse	バック	katakana	675	235.9	2.9	no	2
reverse	逆	other	193	104.4	1.9	no	2
reversion	帰属	other	53	9.7	5.4	no	2
reversion	前後	other	51	81.2	0.6	no	2
reward	リターン	katakana	225	21.1	10.7	no	2
reward	報	other	87	6.2	14.1	no	2
right-hand side	右	other	238	92.2	2.6	no	2
right-hand side	右側	other	65	20.3	3.2	no	2
risk	リスク	katakana	490	48.0	10.2	no	2
risk	恐れ	other	113	27.0	4.2	no	2
road	通り	other	812	439.9	1.8	no	2
road	ロード	katakana	288	64.5	4.5	no	2
roll	ロール	katakana	462	47.0	9.8	no	2
roll	巻	other	102	805.0	0.1	no	2
room divider	スクリーン	katakana	191	22.2	8.6	no	2
room divider	パーティション	katakana	106	2.4	44.2	no	2
rotation	回転	other	174	73.0	2.4	no	2
rotation	循環	other	57	43.0	1.3	no	2
roughly	通り	other	812	439.9	1.8	no	2
roughly	略	other	72	36.9	1.9	no	2
routine	定期的	other	177	21.8	8.2	no	2
routine	ルーチン	katakana	57	3.4	16.5	yes	2
rules	コード	katakana	3590	108.1	33.2	no	2
rules	規約	other	67	12.9	5.2	no	2
safeguard	保護	other	369	129.5	2.9	no	2
safeguard	防御	other	72	41.5	1.7	no	2
safety	安全	other	547	129.4	4.2	no	2
safety	安全性	other	110	17.5	6.3	no	2
sales	販売	other	864	323.2	2.7	no	2
sales	売り上げ	other	51	55.2	0.9	no	2
same year	同期	other	290	44.8	6.5	no	2
same year	同年	other	186	562.4	0.3	no	2
satisfactory	十分	other	256	50.4	5.1	no	2
satisfactory	可	other	87	31.0	2.8	no	2
scale	規模	other	86	82.6	1.0	no	2
scale	スケール	katakana	77	21.3	3.6	no	2
scattering	分散	other	245	21.5	11.4	no	2
scattering	離散	other	58	6.6	8.8	no	2
scrap	切れ	other	142	99.2	1.4	no	2
scrap	端	other	105	30.3	3.5	no	2
screen	画面	other	564	77.0	7.3	no	2
screen	スクリーン	katakana	191	22.2	8.6	no	2
screenshot	キャプチャー	katakana	201	3.8	53.6	yes	2
screenshot	スクリーンショット	katakana	51	1.3	40.6	yes	2
seashore	方	other	462	268.2	1.7	no	2
seashore	辺	other	94	21.2	4.4	no	2
seaside	方	other	462	268.2	1.7	no	2
seaside	辺	other	94	21.2	4.4	no	2
second volume	中	other	1063	859.6	1.2	no	2
second volume	下	other	432	387.7	1.1	no	2
secondhand item	旧	other	223	597.4	0.4	no	2
secondhand item	故	other	51	56.6	0.9	no	2
secrecy	秘密	other	150	113.8	1.3	no	2
secrecy	機密	other	148	10.9	13.6	no	2
secret agent	間	other	730	565.0	1.3	no	2
secret agent	エージェント	katakana	492	25.3	19.4	no	2
secure	確実	other	193	25.4	7.6	no	2
secure	セキュア	katakana	144	3.9	36.8	no	2
securing	確保	other	313	76.9	4.1	no	2
securing	固定	other	194	63.1	3.1	no	2
seizure	捕捉	other	74	4.6	16.0	no	2
seizure	ジャック	katakana	59	94.0	0.6	no	2
self	自身	other	337	422.1	0.8	no	2
self	自己	other	122	81.9	1.5	no	2
self-reliance	主体	other	280	43.1	6.5	no	2
self-reliance	独立	other	216	219.8	1.0	no	2
sending	送信	other	1374	37.7	36.4	no	2
sending	出荷	other	173	19.8	8.7	no	2
senior	上	other	1233	475.6	2.6	no	2
senior	正	other	204	72.8	2.8	no	2
sentence	文	other	583	127.3	4.6	no	2
sentence	文章	other	79	30.5	2.6	no	2
separate item	オプション	katakana	2050	38.6	53.1	no	2
separate item	単体	other	98	16.6	5.9	no	2
services	メニュー	katakana	244	32.4	7.5	no	2
services	貢献	other	106	96.2	1.1	no	2
servicing	サービス	katakana	2486	273.2	9.1	no	2
servicing	整備	other	240	203.5	1.2	no	2
setting free	リリース	katakana	1543	286.2	5.4	no	2
setting free	解放	other	163	69.0	2.4	no	2
severe	非常	other	338	164.7	2.0	no	2
severe	厳格	other	103	12.5	8.3	no	2
shade	色	other	910	159.2	5.7	no	2
shade	曲	other	62	615.4	0.1	no	2
sham	疑似	other	417	11.9	35.0	no	2
sham	偽	other	111	25.8	4.3	no	2
share	分	other	388	1042.5	0.4	no	2
share	シェア	katakana	181	32.1	5.7	no	2
sharp	シャープ	katakana	75	16.6	4.5	no	2
sharp	ジャスト	katakana	71	25.6	2.8	no	2
sharpness	角	other	398	62.4	6.4	no	2
sharpness	切れ	other	142	99.2	1.4	no	2
sheet	シート	katakana	308	47.4	6.5	no	2
sheet	板	other	52	40.7	1.3	no	2
shell	シェル	katakana	247	14.4	17.2	yes	2
shell	甲	other	215	40.4	5.3	no	2
shipping	出荷	other	173	19.8	8.7	no	2
shipping	稼働	other	144	36.0	4.0	yes	2
shop	ストア	katakana	288	47.8	6.0	no	2
shop	ショップ	katakana	60	62.7	1.0	no	2
shore	辺	other	94	21.2	4.4	no	2
shore	辺り	other	51	36.3	1.4	no	2
shot	場面	other	64	67.9	0.9	no	2
shot	カット	katakana	58	63.2	0.9	no	2
show	ショー	katakana	71	144.3	0.5	no	2
show	ステージ	katakana	67	278.1	0.2	no	2
showing	表示	other	3311	1059.5	3.1	no	2
showing	提示	other	87	37.0	2.4	no	2
signed on behalf of by his wife	中	other	1063	859.6	1.2	no	2
signed on behalf of by his wife	内	other	391	89.1	4.4	no	2
significant	重要	other	1001	165.3	6.1	no	2
significant	重大	other	60	24.1	2.5	no	2
simultaneous	同時	other	441	272.6	1.6	no	2
simultaneous	マルチタスク	katakana	54	0.9	62.3	no	2
sincerity	真	other	136	105.0	1.3	no	2
sincerity	実	other	88	137.0	0.6	no	2
skip	コンテナ	katakana	3255	25.7	126.9	no	2
skip	スキップ	katakana	136	7.4	18.3	no	2
skipping	エスケープ	katakana	261	7.6	34.1	no	2
skipping	スキップ	katakana	136	7.4	18.3	no	2
slab	タブレット	katakana	155	10.2	15.3	no	2
slab	板	other	52	40.7	1.3	no	2
slice	切れ	other	142	99.2	1.4	no	2
slice	スライス	katakana	99	3.0	33.5	no	2
slogan	コピー	katakana	570	35.7	15.9	no	2
slogan	テーマ	katakana	99	243.7	0.4	no	2
snapshot	スナップ	katakana	125	3.1	40.9	no	2
snapshot	スナップショット	katakana	110	1.1	101.3	yes	2
some other place	他	other	3005	1417.5	2.1	no	2
some other place	外	other	132	73.3	1.8	no	2
some time ago	先	other	370	156.6	2.4	no	2
some time ago	先程	other	96	2.2	43.6	no	2
someone else	他	other	3005	1417.5	2.1	no	2
someone else	外	other	132	73.3	1.8	no	2
something else	他	other	3005	1417.5	2.1	no	2
something else	外	other	132	73.3	1.8	no	2
somewhere else	他	other	3005	1417.5	2.1	no	2
somewhere else	外	other	132	73.3	1.8	no	2
song	一番	other	78	219.3	0.4	no	2
song	曲	other	62	615.4	0.1	no	2
source code	ソース	katakana	632	47.8	13.2	yes	2
source code	ソースコード	katakana	371	5.6	66.3	yes	2
specialist	専門家	other	71	31.5	2.3	no	2
specialist	スペシャリスト	katakana	61	7.4	8.2	no	2
specifications	仕様書	other	2223	2.0	1126.4	no	2
specifications	スペック	katakana	81	15.3	5.3	no	2
speed	速度	other	306	105.0	2.9	no	2
speed	スピード	katakana	64	50.2	1.3	no	2
spontaneous	任意	other	713	41.8	17.1	no	2
spontaneous	自然	other	103	146.9	0.7	no	2
spread	普及	other	321	75.4	4.3	no	2
spread	拡大	other	173	159.6	1.1	no	2
spring	スプリング	katakana	105	34.1	3.1	no	2
spring	春	other	81	176.9	0.5	no	2
spy	間	other	730	565.0	1.3	no	2
spy	エージェント	katakana	492	25.3	19.4	no	2
square	角	other	398	62.4	6.4	no	2
square	目	other	127	180.7	0.7	no	2
stability	安定	other	157	54.5	2.9	no	2
stability	安定性	other	50	11.2	4.5	no	2
stand	台	other	308	313.7	1.0	no	2
stand	マウント	katakana	283	20.3	14.0	no	2
standardisation	標準化	other	213	8.5	25.0	no	2
standardisation	正規化	other	77	1.6	47.6	no	2
standardization	標準化	other	213	8.5	25.0	no	2
standardization	正規化	other	77	1.6	47.6	no	2
standing	位置	other	1430	332.7	4.3	no	2
standing	番	other	74	422.5	0.2	no	2
stanza	節	other	376	148.3	2.5	no	2
stanza	一連	other	185	37.3	5.0	no	2
starting	起動	other	581	19.9	29.2	no	2
starting	スタート	katakana	141	148.0	1.0	no	2
state of affairs	状況	other	517	177.9	2.9	no	2
state of affairs	事	other	452	429.9	1.1	no	2
static	静的	other	462	3.5	131.7	no	2
static	スタティック	katakana	104	2.6	39.4	no	2
stop	区切り	other	141	3.8	37.0	no	2
stop	ストップ	katakana	51	25.3	2.0	no	2
stoppage	停止	other	473	115.8	4.1	no	2
stoppage	中止	other	82	112.2	0.7	no	2
storyline	条	other	231	264.0	0.9	no	2
storyline	ストーリー	katakana	82	170.0	0.5	no	2
strange	乙	other	210	22.9	9.2	no	2
strange	変	other	78	40.3	1.9	no	2
stratum	層	other	282	76.8	3.7	no	2
stratum	階層	other	146	13.9	10.5	no	2
stream	ストリーム	katakana	519	15.4	33.6	yes	2
stream	流れ	other	78	59.3	1.3	no	2
streaming	配信	other	214	397.5	0.5	no	2
streaming	ストリーミング	katakana	103	16.2	6.3	no	2
street	通り	other	812	439.9	1.8	no	2
street	条	other	231	264.0	0.9	no	2
strength	度	other	546	575.2	0.9	no	2
strength	エネルギー	katakana	76	128.9	0.6	no	2
strict	厳密	other	114	22.1	5.2	no	2
strict	厳格	other	103	12.5	8.3	no	2
stripe	条	other	231	264.0	0.9	no	2
stripe	線	other	177	344.9	0.5	no	2
strong	高度	other	197	57.6	3.4	no	2
strong	強力	other	88	53.3	1.6	no	2
student	生	other	87	90.6	1.0	no	2
student	学生	other	70	167.9	0.4	no	2
stuff	物	other	3627	2080.8	1.7	no	2
stuff	スタッフ	katakana	64	179.7	0.4	no	2
stylish	乙	other	210	22.9	9.2	no	2
stylish	スマート	katakana	158	34.7	4.6	no	2
submission	投稿	other	180	67.7	2.7	no	2
submission	提出	other	142	75.2	1.9	no	2
subscription	登録	other	549	202.4	2.7	no	2
subscription	予約	other	94	33.1	2.8	no	2
subsidiary	子会社	other	70	90.5	0.8	no	2
subsidiary	系列	other	68	145.2	0.5	no	2
substantiation	検証	other	596	40.3	14.8	no	2
substantiation	実証	other	216	18.6	11.6	no	2
substrate	基盤	other	204	36.2	5.6	no	2
substrate	基板	other	92	7.8	11.8	no	2
success	成功	other	362	202.2	1.8	no	2
success	合格	other	51	54.9	0.9	no	2
suggestion	提案	other	299	98.7	3.0	no	2
suggestion	助言	other	52	20.0	2.6	no	2
suitable	適切	other	983	145.1	6.8	no	2
suitable	相当	other	219	97.4	2.3	no	2
suitable time	頃	other	250	520.7	0.5	no	2
suitable time	比	other	103	52.1	2.0	no	2
summit	上	other	1233	475.6	2.6	no	2
summit	頂点	other	98	20.9	4.7	no	2
sun	日	other	5833	9041.5	0.6	no	2
sun	サン	katakana	108	76.2	1.4	no	2
supervision	監視	other	370	45.4	8.2	no	2
supervision	統括	other	198	33.0	6.0	no	2
supervisor	責任者	other	654	27.3	23.9	no	2
supervisor	管理者	other	278	25.5	10.9	no	2
suppression	制御	other	1140	100.9	11.3	no	2
suppression	抑制	other	87	28.0	3.1	no	2
survey	観測	other	385	90.3	4.3	no	2
survey	調査	other	353	522.4	0.7	no	2
switch	ポイント	katakana	244	131.5	1.9	no	2
switch	スイッチ	katakana	223	60.9	3.7	no	2
switchboard number	代	other	611	785.4	0.8	no	2
switchboard number	代表	other	78	532.7	0.1	no	2
switching	交換	other	271	97.7	2.8	no	2
switching	切り替え	other	75	13.3	5.6	no	2
switchover	移行	other	286	98.1	2.9	no	2
switchover	切り替え	other	75	13.3	5.6	no	2
sympathy	理解	other	668	84.3	7.9	no	2
sympathy	情	other	79	12.2	6.4	no	2
tab	付け	other	402	42.6	9.4	no	2
tab	タブ	katakana	369	2.7	136.8	yes	2
tag	タグ	katakana	502	6.0	83.3	no	2
tag	タッチ	katakana	185	20.7	8.9	no	2
taiwan	台	other	308	313.7	1.0	no	2
taiwan	台湾	other	50	160.9	0.3	no	2
takeover	買収	other	400	76.1	5.3	no	2
takeover	ジャック	katakana	59	94.0	0.6	no	2
tall building	台	other	308	313.7	1.0	no	2
tall building	ビルディング	katakana	54	18.6	2.9	no	2
teaching	教育	other	156	406.7	0.4	no	2
teaching	教授	other	70	280.7	0.2	no	2
technical	技術的	other	155	18.7	8.3	no	2
technical	テクニカル	katakana	149	17.0	8.8	no	2
telephone call	電話	other	143	85.1	1.7	no	2
telephone call	通話	other	55	11.5	4.8	no	2
template	型	other	2046	26.9	76.0	no	2
template	テンプレート	katakana	672	19.1	35.1	no	2
temporary	一時的	other	127	36.8	3.5	no	2
temporary	仮	other	64	64.9	1.0	no	2
tense	時	other	4201	1843.2	2.3	no	2
tense	秋	other	63	130.8	0.5	no	2
termination	終了	other	687	382.3	1.8	no	2
termination	解除	other	189	44.0	4.3	no	2
text editor	エディター	katakana	263	13.2	19.9	yes	2
text editor	テキストエディタ	katakana	62	0.9	67.0	yes	2
the above-mentioned	以上	other	782	475.0	1.6	no	2
the above-mentioned	件	other	97	137.3	0.7	no	2
the aforementioned	以上	other	782	475.0	1.6	no	2
the aforementioned	件	other	97	137.3	0.7	no	2
the age	時	other	4201	1843.2	2.3	no	2
the age	秋	other	63	130.8	0.5	no	2
the authorities	行政	other	105	133.5	0.8	no	2
the authorities	省庁	other	95	8.1	11.8	no	2
the day	時	other	4201	1843.2	2.3	no	2
the day	秋	other	63	130.8	0.5	no	2
the end	以上	other	782	475.0	1.6	no	2
the end	限り	other	422	87.3	4.8	no	2
the latter	乙	other	210	22.9	9.2	no	2
the latter	後者	other	75	37.5	2.0	no	2
the said	同	other	274	517.0	0.5	no	2
the said	件	other	97	137.3	0.7	no	2
thereafter	その後	other	184	273.9	0.7	no	2
thereafter	以後	other	50	124.4	0.4	no	2
these days	最近	other	132	44.4	3.0	no	2
these days	今日	other	86	136.7	0.6	no	2
thesis	正	other	204	72.8	2.8	no	2
thesis	論文	other	181	87.4	2.1	no	2
thinking	観測	other	385	90.3	4.3	no	2
thinking	考え	other	52	46.2	1.1	no	2
third party	サードパーティー	katakana	192	3.3	58.7	no	2
third party	第三者	other	129	15.6	8.2	no	2
third person	第三者	other	129	15.6	8.2	no	2
third person	端	other	105	30.3	3.5	no	2
this	今	other	158	159.7	1.0	no	2
this	本	other	72	160.2	0.4	no	2
though	とも	other	355	430.1	0.8	no	2
though	条	other	231	264.0	0.9	no	2
thread	ツリー	katakana	434	21.0	20.6	no	2
thread	スレッド	katakana	408	7.4	55.4	yes	2
time of year	頃	other	250	520.7	0.5	no	2
time of year	比	other	103	52.1	2.0	no	2
time-out	タイム	katakana	282	180.1	1.6	no	2
time-out	タイムアウト	katakana	103	1.3	80.4	no	2
to	前	other	1519	937.1	1.6	no	2
to	対	other	107	236.2	0.5	no	2
to be sure	とも	other	355	430.1	0.8	no	2
to be sure	一定	other	96	58.0	1.7	no	2
token	トークン	katakana	312	3.6	86.8	yes	2
token	コイン	katakana	113	19.8	5.7	no	2
tolerance	量	other	181	94.6	1.9	no	2
tolerance	許容	other	110	9.8	11.2	no	2
touch	タッチ	katakana	185	20.7	8.9	no	2
touch	気	other	81	139.9	0.6	no	2
tough	厳格	other	103	12.5	8.3	no	2
tough	ハード	katakana	93	35.2	2.7	no	2
toward	頃	other	250	520.7	0.5	no	2
toward	比	other	103	52.1	2.0	no	2
tracing	追跡	other	174	26.4	6.6	no	2
tracing	トレース	katakana	117	4.8	24.7	no	2
tracking	追跡	other	174	26.4	6.6	no	2
tracking	トラッキング	katakana	62	2.8	21.8	no	2
trade	職	other	234	66.6	3.5	no	2
trade	商業	other	64	117.8	0.5	no	2
traffic	通り	other	812	439.9	1.8	no	2
traffic	トラフィック	katakana	110	15.6	7.0	no	2
trait	特徴	other	368	173.4	2.1	no	2
trait	特性	other	204	42.5	4.8	no	2
transformation	変換	other	1149	47.2	24.3	no	2
transformation	変化	other	422	170.5	2.5	no	2
translation	訳	other	289	313.6	0.9	no	2
translation	翻訳	other	182	70.5	2.6	no	2
traveling	行	other	1071	114.6	9.3	no	2
traveling	移動	other	735	171.6	4.3	no	2
travelling	行	other	1071	114.6	9.3	no	2
travelling	移動	other	735	171.6	4.3	no	2
tree	ツリー	katakana	434	21.0	20.6	no	2
tree	木	other	255	132.2	1.9	no	2
trespass	侵害	other	110	17.7	6.2	no	2
trespass	侵入	other	71	39.6	1.8	no	2
trial	テスト	katakana	1374	77.7	17.7	no	2
trial	試験	other	596	154.9	3.9	no	2
true form	本体	other	235	43.3	5.4	no	2
true form	実体	other	69	12.0	5.7	no	2
trust	委託	other	226	35.4	6.4	no	2
trust	信頼	other	211	39.8	5.3	no	2
turnover	回転	other	174	73.0	2.4	no	2
turnover	売り上げ	other	51	55.2	0.9	no	2
twice	倍	other	252	94.0	2.7	no	2
twice	再度	other	116	44.0	2.6	no	2
ultra	度	other	546	575.2	0.9	no	2
ultra	ウルトラ	katakana	92	58.9	1.6	no	2
unacceptable	アウト	katakana	192	85.0	2.3	no	2
unacceptable	無し	other	52	28.7	1.8	no	2
uncertain	不明	other	68	194.4	0.4	no	2
uncertain	不透明	other	56	3.6	15.5	no	2
uncomplicated	簡単	other	614	41.5	14.8	no	2
uncomplicated	単純	other	311	35.7	8.7	no	2
undertaking	事業	other	277	433.3	0.6	no	2
undertaking	請け負い	other	54	5.2	10.4	no	2
unfolding	展開	other	246	199.7	1.2	no	2
unfolding	発展	other	143	143.5	1.0	no	2
unit	単位	other	590	88.7	6.6	no	2
unit	ユニット	katakana	271	134.3	2.0	no	2
united kingdom	英	other	494	214.5	2.3	no	2
united kingdom	イギリス	katakana	88	355.3	0.2	no	2
universal	一般	other	465	256.6	1.8	no	2
universal	ユニバーサル	katakana	90	43.3	2.1	no	2
university	大学	other	227	517.8	0.4	no	2
university	ユニバーシティー	katakana	187	157.8	1.2	no	2
unjustifiable	不可	other	116	21.1	5.5	no	2
unjustifiable	無名	other	66	12.3	5.4	no	2
unsophisticated	初	other	147	695.5	0.2	no	2
unsophisticated	生	other	87	90.6	1.0	no	2
unveiling	発表	other	1427	726.8	2.0	no	2
unveiling	公開	other	934	486.9	1.9	no	2
upgrade	アップグレード	katakana	225	6.0	37.4	no	2
upgrade	バージョンアップ	katakana	57	4.5	12.7	yes	2
upload	アップ	katakana	240	175.9	1.4	no	2
upload	アップロード	katakana	110	6.0	18.3	yes	2
upper	上	other	1233	475.6	2.6	no	2
upper	正	other	204	72.8	2.8	no	2
us	アメリカ	katakana	271	597.1	0.5	no	2
us	米国	other	233	123.7	1.9	no	2
used item	旧	other	223	597.4	0.4	no	2
used item	故	other	51	56.6	0.9	no	2
username	ハンドル	katakana	93	18.1	5.1	no	2
username	ユーザー名	other	90	0.6	145.0	yes	2
usually	多く	other	985	395.7	2.5	no	2
usually	普通	other	118	130.0	0.9	no	2
utilisation	使用	other	12300	861.7	14.3	no	2
utilisation	利用	other	3346	394.5	8.5	no	2
utility	サービス	katakana	2486	273.2	9.1	no	2
utility	ユーティリティー	katakana	136	4.8	28.6	no	2
utilization	使用	other	12300	861.7	14.3	no	2
utilization	利用	other	3346	394.5	8.5	no	2
vaguely	空	other	577	126.5	4.6	no	2
vaguely	生	other	87	90.6	1.0	no	2
valid	有効	other	1550	49.7	31.2	no	2
valid	妥当	other	56	5.7	9.7	no	2
variable	変数	other	1473	19.3	76.5	yes	2
variable	可変	other	95	9.8	9.7	no	2
variable measure of fabric	段	other	117	128.6	0.9	no	2
variable measure of fabric	端	other	105	30.3	3.5	no	2
variation	変化	other	422	170.5	2.5	no	2
variation	差	other	62	114.4	0.5	no	2
very	真	other	136	105.0	1.3	no	2
very	実	other	88	137.0	0.6	no	2
violation	侵害	other	110	17.7	6.2	no	2
violation	違反	other	102	54.7	1.9	no	2
virtual	仮想	other	390	12.4	31.5	no	2
virtual	バーチャル	katakana	174	27.2	6.4	no	2
visual	ビジュアル	katakana	312	54.5	5.7	no	2
visual	視覚的	other	156	4.7	33.2	no	2
voiding	無効化	other	202	6.3	31.9	no	2
voiding	破棄	other	138	14.9	9.3	no	2
watch	ウォッチ	katakana	471	95.3	4.9	no	2
watch	番	other	74	422.5	0.2	no	2
way of using	使い方	other	509	637.8	0.8	no	2
way of using	用法	other	53	84.0	0.6	no	2
we	中	other	1063	859.6	1.2	no	2
we	内	other	391	89.1	4.4	no	2
weak	脆弱	other	74	5.7	13.1	no	2
weak	和	other	57	61.8	0.9	no	2
weakness	脆弱性	other	1522	4.7	324.9	no	2
weakness	欠点	other	78	15.4	5.0	no	2
weave	組織	other	406	242.9	1.7	no	2
weave	目	other	127	180.7	0.7	no	2
web page	ウェブページ	katakana	270	3.7	72.6	no	2
web page	ホームページ	katakana	126	123.4	1.0	no	2
well	とも	other	355	430.1	0.8	no	2
well	十分	other	256	50.4	5.1	no	2
wet behind the ears	初	other	147	695.5	0.2	no	2
wet behind the ears	生	other	87	90.6	1.0	no	2
when	際	other	1311	601.4	2.2	no	2
when	上	other	1233	475.6	2.6	no	2
whitespace	空白	other	229	13.5	17.0	yes	2
whitespace	間隔	other	97	25.2	3.8	yes	2
width	幅	other	547	69.4	7.9	no	2
width	横	other	54	60.1	0.9	no	2
wikipedia	ウィキ	katakana	436	281.5	1.5	no	2
wikipedia	ウィキペディア	katakana	128	24.1	5.3	no	2
window	ウインドー	katakana	734	13.4	54.9	yes	2
window	窓	other	100	58.4	1.7	no	2
wire	線	other	177	344.9	0.5	no	2
wire	ワイヤ	katakana	57	16.8	3.4	no	2
wireless	無線	other	191	55.8	3.4	no	2
wireless	ワイヤレス	katakana	98	7.1	13.9	no	2
within oneself	中	other	1063	859.6	1.2	no	2
within oneself	内	other	391	89.1	4.4	no	2
working out	計算	other	862	68.6	12.6	no	2
working out	トレーニング	katakana	54	36.5	1.5	no	2
workmanship	手	other	110	271.5	0.4	no	2
workmanship	細工	other	60	8.7	7.0	no	2
worry	気	other	81	139.9	0.6	no	2
worry	懸念	other	55	30.2	1.8	no	2
wrapper	ラッパー	katakana	76	10.6	7.1	no	2
wrapper	カバー	katakana	67	120.5	0.6	no	2
wrong	不可	other	116	21.1	5.5	no	2
wrong	曲	other	62	615.4	0.1	no	2
young	子	other	606	265.3	2.3	no	2
young	乙	other	210	22.9	9.2	no	2
younger	下	other	432	387.7	1.1	no	2
younger	乙	other	210	22.9	9.2	no	2
yourself	自分	other	341	427.7	0.8	no	2
yourself	自身	other	337	422.1	0.8	no	2
a bit	若干	other	55	29.7	1.9	no	1
a few	数	other	1186	430.3	2.8	no	1
a few characters	数字	other	185	51.1	3.6	no	1
a kind	一種	other	188	64.6	2.9	no	1
a little	若干	other	55	29.7	1.9	no	1
a population sharing a common ancestor	系統	other	51	154.0	0.3	no	1
a representative of	代	other	611	785.4	0.8	no	1
a second time	再度	other	116	44.0	2.6	no	1
a sort	一種	other	188	64.6	2.9	no	1
a sort of	一種	other	188	64.6	2.9	no	1
a species	一種	other	188	64.6	2.9	no	1
a time	回	other	367	1793.0	0.2	no	1
a variety	一種	other	188	64.6	2.9	no	1
a year	年間	other	127	321.0	0.4	no	1
abandonment	廃棄	other	63	11.0	5.7	no	1
abatement	軽減	other	74	18.9	3.9	no	1
abiding by	順守	other	513	6.7	77.0	no	1
ability to cope	手	other	110	271.5	0.4	no	1
able person	人物	other	80	471.6	0.2	no	1
aboard	上	other	1233	475.6	2.6	no	1
about to	所	other	234	343.3	0.7	no	1
above-named	上記	other	530	109.8	4.8	no	1
abrasiveness	角	other	398	62.4	6.4	no	1
abroad	海外	other	80	129.8	0.6	no	1
absolute	絶対	other	125	50.4	2.5	no	1
absoluteness	絶対	other	125	50.4	2.5	no	1
abstract	概要	other	432	68.1	6.3	no	1
abundant	豊富	other	52	29.6	1.8	no	1
abuse	悪用	other	321	4.8	67.4	no	1
abusive	ブラック	katakana	81	142.6	0.6	no	1
academia	文	other	583	127.3	4.6	no	1
academic conference	学会	other	114	202.3	0.6	no	1
academic meeting	学会	other	114	202.3	0.6	no	1
academic pursuits	学術	other	54	70.4	0.8	no	1
academic year	年度	other	107	574.8	0.2	no	1
academy	学会	other	114	202.3	0.6	no	1
accelerator	アクセラレーター	katakana	66	1.7	37.5	yes	1
accelerator pedal	アクセラレーター	katakana	66	1.7	37.5	no	1
accent	声	other	69	560.1	0.1	no	1
accenting	強調	other	85	33.8	2.5	no	1
accentuating	強調	other	85	33.8	2.5	no	1
access permission	アクセス権	other	50	0.6	83.7	no	1
access right	アクセス権	other	50	0.6	83.7	no	1
accessibility	アクセシビリティー	katakana	329	1.5	226.7	no	1
accessible	アクセシブル	katakana	101	0.6	161.9	no	1
accessories	部品	other	151	41.6	3.6	no	1
accident	変	other	78	40.3	1.9	no	1
accommodation	適応	other	53	19.3	2.7	no	1
accommodations	設備	other	51	82.9	0.6	no	1
accompanying sheet	別紙	other	59	2.5	23.3	no	1
accomplishments	実績	other	66	39.8	1.7	no	1
accordingly	結果	other	1963	464.9	4.2	no	1
accumulating	収集	other	166	47.9	3.5	no	1
accuracy	精度	other	118	19.2	6.1	no	1
accurate	正確	other	265	46.8	5.7	no	1
ace	ポイント	katakana	244	131.5	1.9	no	1
achievements	実績	other	66	39.8	1.7	no	1
acrobat	アクロバット	katakana	54	2.7	20.2	no	1
acrobatics	アクロバット	katakana	54	2.7	20.2	no	1
activation	起動	other	581	19.9	29.2	no	1
actual conditions	実際	other	854	216.2	4.0	no	1
actual proof	実証	other	216	18.6	11.6	no	1
actual results	実績	other	66	39.8	1.7	no	1
actualisation	実現	other	520	114.9	4.5	no	1
actualization	実現	other	520	114.9	4.5	no	1
adaptability	適合	other	90	16.5	5.5	no	1
adaptation	適応	other	53	19.3	2.7	no	1
adapter	アダプター	katakana	120	6.6	18.2	no	1
add-on	アドオン	katakana	126	1.7	75.4	no	1
adding up	計算	other	862	68.6	12.6	no	1
addressee	相手	other	79	221.6	0.4	no	1
addressing	アドレス	katakana	770	14.5	53.1	no	1
adequate	十分	other	256	50.4	5.1	no	1
adherence	順守	other	513	6.7	77.0	no	1
adjective	形	other	316	272.3	1.2	no	1
administrator	管理者	other	278	25.5	10.9	no	1
admission	アドミッション	katakana	64	0.6	110.5	no	1
admonishment	注意	other	892	61.0	14.6	no	1
adolescence	春	other	81	176.9	0.5	no	1
adopting a child after one's own has died	入れ子	other	170	0.9	196.7	no	1
adoption	採用	other	1086	251.2	4.3	no	1
adornment	修飾	other	137	5.1	26.7	no	1
adroit	スマート	katakana	158	34.7	4.6	no	1
adult	人	other	284	482.4	0.6	no	1
advance order	予約	other	94	33.1	2.8	no	1
advantageous circumstances	分	other	388	1042.5	0.4	no	1
adverse reaction	副作用	other	82	12.0	6.8	no	1
advertisement	広告	other	193	73.4	2.6	no	1
advertising	広告	other	193	73.4	2.6	no	1
affairs	事務	other	51	58.2	0.9	no	1
affecting	為	other	9021	3426.6	2.6	no	1
affection	情	other	79	12.2	6.4	no	1
affiliated	系列	other	68	145.2	0.5	no	1
affiliated school	付属	other	214	134.7	1.6	no	1
affinity	属性	other	3208	33.9	94.5	no	1
affirmation	確認	other	2121	171.0	12.4	no	1
affixing	添付	other	64	8.4	7.7	no	1
after one's death	後	other	1236	1707.5	0.7	no	1
after that	その後	other	184	273.9	0.7	no	1
after this	以後	other	50	124.4	0.4	no	1
afternoon	午後	other	121	71.3	1.7	no	1
again	再度	other	116	44.0	2.6	no	1
against	対	other	107	236.2	0.5	no	1
agent	エージェント	katakana	492	25.3	19.4	yes	1
aggregation	纏め	other	69	13.6	5.1	no	1
aggression	侵入	other	71	39.6	1.8	no	1
aggressive	積極的	other	52	55.6	0.9	no	1
aggressor	攻撃者	other	403	1.8	219.4	no	1
agility	切れ	other	142	99.2	1.4	no	1
ah	ア	katakana	177	37.8	4.7	no	1
ai	人工知能	other	134	9.7	13.8	yes	1
air force	空	other	577	126.5	4.6	no	1
air one gives off	線	other	177	344.9	0.5	no	1
aircraft	機	other	349	378.2	0.9	no	1
airspace	空間	other	867	108.8	8.0	no	1
alcohol by volume	度	other	546	575.2	0.9	no	1
alcohol content	度	other	546	575.2	0.9	no	1
algebra	代数	other	61	16.1	3.8	no	1
algorithm	アルゴリズム	katakana	755	18.1	41.8	yes	1
alienation	間	other	730	565.0	1.3	no	1
alike	同じ	other	490	75.0	6.5	no	1
all but	殆ど	other	476	214.0	2.2	no	1
all companies	各社	other	71	21.2	3.4	no	1
all day	一日	other	589	1324.8	0.4	no	1
all over	中	other	1063	859.6	1.2	no	1
all sorts	各種	other	259	66.3	3.9	no	1
all-out	コア	katakana	422	21.9	19.3	no	1
all-purpose	汎用	other	193	10.0	19.4	no	1
alley	アレイ	katakana	250	7.6	33.0	no	1
alleyway	アレイ	katakana	250	7.6	33.0	no	1
allocation	割り当て	other	159	9.8	16.2	yes	1
allotment	割り当て	other	159	9.8	16.2	no	1
allowed	可	other	87	31.0	2.8	no	1
allusion	言及	other	58	53.6	1.1	no	1
almanac	暦	other	50	8.6	5.8	no	1
almost all	殆ど	other	476	214.0	2.2	no	1
alone	一人	other	104	379.9	0.3	no	1
along	条	other	231	264.0	0.9	no	1
alpha	アルファ	katakana	131	21.7	6.1	no	1
alphabet	アルファベット	katakana	67	13.3	5.0	no	1
alright	有り	other	63	107.5	0.6	no	1
also as	とも	other	355	430.1	0.8	no	1
also known as	事	other	452	429.9	1.1	no	1
also-ran	等外	other	70	0.2	403.0	no	1
alternate	代わり	other	918	90.4	10.2	no	1
alternative	代替	other	315	42.0	7.5	no	1
alternatives	選択肢	other	187	16.3	11.5	no	1
amalgamation	合併	other	60	257.1	0.2	no	1
amazon	アマゾン	katakana	240	46.7	5.1	no	1
ambience	気	other	81	139.9	0.6	no	1
ambition	ウイル	katakana	107	40.0	2.7	no	1
amenity	サービス	katakana	2486	273.2	9.1	no	1
american	アメリカン	katakana	52	121.9	0.4	no	1
american person	ア	katakana	177	37.8	4.7	no	1
american standard code for information interchange	アスキー	katakana	340	28.0	12.1	yes	1
american-style drip coffee	アメリカン	katakana	52	121.9	0.4	no	1
amid	中	other	1063	859.6	1.2	no	1
amount of money	金額	other	83	22.2	3.8	no	1
amount sold	売り上げ	other	51	55.2	0.9	no	1
amount used	使用量	other	64	2.6	24.5	no	1
ample	豊富	other	52	29.6	1.8	no	1
amputation	切断	other	64	22.1	2.9	no	1
an experience	目	other	127	180.7	0.7	no	1
an instance	回	other	367	1793.0	0.2	no	1
analog	アナログ	katakana	110	33.4	3.3	no	1
analogue	アナログ	katakana	110	33.4	3.3	no	1
analogy	類似	other	135	45.0	3.0	no	1
analytical study	解析	other	340	44.7	7.6	no	1
anatomy	体制	other	248	103.4	2.4	no	1
anchor	アンカー	katakana	306	11.3	27.1	no	1
anchor bolt	アンカー	katakana	306	11.3	27.1	no	1
anchoring	固定	other	194	63.1	3.1	no	1
anchorman	アンカー	katakana	306	11.3	27.1	no	1
ancientness	時代	other	187	941.0	0.2	no	1
and	アンド	katakana	2923	1143.3	2.6	no	1
angular	アンギュラー	katakana	350	0.5	770.8	no	1
animal card	種	other	113	277.4	0.4	no	1
anime	アニメ	katakana	52	517.8	0.1	no	1
anime scene where previously used character movements are reused	バンク	katakana	61	41.4	1.5	no	1
annex	別紙	other	59	2.5	23.3	no	1
anode	プラス	katakana	166	109.9	1.5	no	1
anonymity	匿名	other	51	9.1	5.7	no	1
anonymous	無名	other	66	12.3	5.4	no	1
another company	他社	other	67	16.7	4.0	no	1
another helping	代わり	other	918	90.4	10.2	no	1
another name	別名	other	106	39.4	2.7	no	1
answering correctly	正答	other	154	1.0	156.0	no	1
antagonism	対抗	other	59	69.2	0.9	no	1
antecedents	前身	other	55	65.8	0.8	no	1
antenna	角	other	398	62.4	6.4	no	1
anticipating	先読み	other	66	1.2	55.0	no	1
antique	時代	other	187	941.0	0.2	no	1
antiquity	時代	other	187	941.0	0.2	no	1
antithesis	対	other	107	236.2	0.5	no	1
antler	角	other	398	62.4	6.4	no	1
any	任意	other	713	41.8	17.1	no	1
anyhow	左右	other	53	56.5	0.9	no	1
anything	物	other	3627	2080.8	1.7	no	1
apache	アパッチ	katakana	213	7.7	27.6	no	1
apex	頂点	other	98	20.9	4.7	no	1
app	アプリ	katakana	714	58.2	12.3	yes	1
apparition	変化	other	422	170.5	2.5	no	1
appendage	付加	other	72	15.7	4.6	no	1
apple	アップル	katakana	99	12.4	8.0	no	1
appliance	機械	other	221	90.4	2.4	no	1
applicable	当該	other	548	57.0	9.6	no	1
applied	応用	other	163	47.0	3.5	no	1
applying	成立	other	59	158.0	0.4	no	1
applying for entry	エントリー	katakana	222	40.5	5.5	no	1
appraisal	評価	other	646	216.0	3.0	no	1
apprehension	捕捉	other	74	4.6	16.0	no	1
approach shot	アプローチ	katakana	151	30.1	5.0	no	1
approachable	オープン	katakana	568	188.4	3.0	no	1
approximate	アバウト	katakana	217	60.0	3.6	no	1
april	エイプリル	katakana	115	54.4	2.1	no	1
apt	適切	other	983	145.1	6.8	no	1
aptitude	条	other	231	264.0	0.9	no	1
arabia	ア	katakana	177	37.8	4.7	no	1
arbitrary	任意	other	713	41.8	17.1	no	1
arc second	秒	other	386	265.2	1.5	no	1
archaic	プリミティブ	katakana	200	2.1	95.7	no	1
archetypal	典型的	other	81	20.3	4.0	no	1
archive	アーカイブ	katakana	1745	1230.6	1.4	no	1
archives	文書	other	1224	113.4	10.8	no	1
area in which cards are laid out	場	other	85	94.8	0.9	no	1
area of expertise	専門	other	78	128.2	0.6	no	1
area of thick growth	生	other	87	90.6	1.0	no	1
area required for something	代	other	611	785.4	0.8	no	1
arf	ワン	katakana	200	133.4	1.5	no	1
argentina	ア	katakana	177	37.8	4.7	no	1
arguing back and forth	遣り取り	other	100	15.9	6.3	no	1
arithmetic	算術	other	50	4.1	12.2	no	1
arm	手	other	110	271.5	0.4	no	1
armor	甲	other	215	40.4	5.3	no	1
armour	甲	other	215	40.4	5.3	no	1
aroma	気	other	81	139.9	0.6	no	1
around the time of	前後	other	51	81.2	0.6	no	1
around the world	世界中	other	65	34.5	1.9	no	1
arranging in a line	並列	other	205	8.7	23.6	no	1
arrhythmic section of recitative	差	other	62	114.4	0.5	no	1
arrow slit	間	other	730	565.0	1.3	no	1
art	技術	other	1149	301.9	3.8	no	1
artery	条	other	231	264.0	0.9	no	1
article of commerce	商品	other	141	119.4	1.2	no	1
artifice	細工	other	60	8.7	7.0	no	1
artist	作者	other	80	51.1	1.6	no	1
arts and sciences	学術	other	54	70.4	0.8	no	1
as a consequence of	結果	other	1963	464.9	4.2	no	1
as a matter of	上	other	1233	475.6	2.6	no	1
as a matter of fact	事実上	other	76	54.9	1.4	no	1
as a rule	原則	other	103	61.2	1.7	no	1
as a test	一番	other	78	219.3	0.4	no	1
as an experiment	一番	other	78	219.3	0.4	no	1
as if	一般	other	465	256.6	1.8	no	1
as it is	生	other	87	90.6	1.0	no	1
as of	現在	other	1619	990.5	1.6	no	1
as soon as	側	other	471	364.7	1.3	no	1
ascii	アスキー	katakana	340	28.0	12.1	yes	1
ascription	帰属	other	53	9.7	5.4	no	1
asia	ア	katakana	177	37.8	4.7	no	1
aside	横	other	54	60.1	0.9	no	1
aspiration	希望	other	78	74.6	1.0	no	1
assailant	攻撃者	other	403	1.8	219.4	no	1
assault	攻撃	other	1048	322.2	3.3	no	1
assembler	アセンブラ	katakana	53	0.9	58.5	yes	1
assent	同意	other	50	28.0	1.8	no	1
asserting dominance	マウント	katakana	283	20.3	14.0	no	1
assertive	積極的	other	52	55.6	0.9	no	1
assessment	評価	other	646	216.0	3.0	no	1
assets	資産	other	91	33.7	2.7	no	1
assignee	受託者	other	61	0.7	82.6	no	1
assigning parts	役割	other	201	96.3	2.1	no	1
assumed	仮	other	64	64.9	1.0	no	1
assurance	保証	other	329	23.3	14.1	no	1
asterisk	スター	katakana	76	206.6	0.4	no	1
asynchronous	非同期	other	373	1.2	321.3	yes	1
at a minimum	最小限	other	88	6.7	13.2	no	1
at all	一切	other	57	49.7	1.1	no	1
at any rate	左右	other	53	56.5	0.9	no	1
at first	当初	other	403	333.5	1.2	no	1
at least	左右	other	53	56.5	0.9	no	1
at sign	アット	katakana	143	10.5	13.6	no	1
at that time	当時	other	482	649.0	0.7	no	1
at the	とも	other	355	430.1	0.8	no	1
at the beginning	当初	other	403	333.5	1.2	no	1
at the present time	現時点	other	80	8.6	9.2	no	1
at the same time	側	other	471	364.7	1.3	no	1
athlon	アスロン	katakana	69	1.2	58.7	yes	1
atlas	地図	other	65	75.9	0.9	no	1
attached paper	別紙	other	59	2.5	23.3	no	1
attached school	付属	other	214	134.7	1.6	no	1
attaching importance to	重視	other	84	44.2	1.9	no	1
attaining	到達	other	124	41.1	3.0	no	1
attainment	達成	other	116	132.7	0.9	no	1
attempt	アタック	katakana	59	35.5	1.7	no	1
attendee	メンバー	katakana	280	380.3	0.7	no	1
attestation	認証	other	1137	30.0	37.9	no	1
attire	形	other	316	272.3	1.2	no	1
attribute	属性	other	3208	33.9	94.5	yes	1
audience	リスナー	katakana	223	41.3	5.4	no	1
audio engineer	音声	other	502	72.7	6.9	no	1
audio equipment	オーディオ	katakana	332	33.1	10.0	no	1
audio file	音源	other	85	49.5	1.7	no	1
authentic	本当	other	65	79.1	0.8	no	1
authentication	認証	other	1137	30.0	37.9	no	1
authentication token	トークン	katakana	312	3.6	86.8	yes	1
authenticity	信頼性	other	127	17.2	7.4	no	1
authorisation	認定	other	132	126.2	1.0	no	1
autograph	署名	other	157	38.8	4.0	no	1
automatically	自然	other	103	146.9	0.7	no	1
automatically responding with an upload slot to someone who allows you to download	カウンター	katakana	232	18.5	12.6	no	1
automaton	オートマトン	katakana	58	3.5	16.4	no	1
autumn	秋	other	63	130.8	0.5	no	1
availability	可用性	other	127	0.8	162.0	no	1
avenue	通り	other	812	439.9	1.8	no	1
avoidance	回避	other	243	179.0	1.4	no	1
awaiting an opportunity	待機	other	117	14.7	8.0	no	1
awe	恐れ	other	113	27.0	4.2	no	1
axis	軸	other	415	56.4	7.4	no	1
axle	軸	other	415	56.4	7.4	no	1
aye	可	other	87	31.0	2.8	no	1
back and forth	前後	other	51	81.2	0.6	no	1
back end	バックエンド	katakana	129	1.0	135.0	yes	1
back of hand	甲	other	215	40.4	5.3	no	1
backend	バックエンド	katakana	129	1.0	135.0	yes	1
backer	バック	katakana	675	235.9	2.9	no	1
background music	バックグラウンド	katakana	223	9.4	23.7	no	1
backhand	バック	katakana	675	235.9	2.9	no	1
backslash	バックスラッシュ	katakana	60	0.2	293.0	no	1
backspin shot	スライス	katakana	99	3.0	33.5	no	1
backstroke	バック	katakana	675	235.9	2.9	no	1
bad	不可	other	116	21.1	5.5	no	1
bad faith	悪意	other	131	5.9	22.4	no	1
bad meaning	悪意	other	131	5.9	22.4	no	1
badge	章	other	219	214.2	1.0	no	1
bag	バック	katakana	675	235.9	2.9	no	1
balancer	バランサー	katakana	61	0.8	72.0	no	1
ball	ボール	katakana	62	104.9	0.6	no	1
ball going through the net and landing in the opponent's half	スルー	katakana	51	21.8	2.4	no	1
banker	親	other	727	64.6	11.2	no	1
banking institution	銀行	other	51	121.2	0.4	no	1
banquet	振る舞い	other	166	11.1	15.0	no	1
banter	トーク	katakana	67	98.0	0.7	no	1
barb	返し	other	621	8.9	69.8	no	1
bareback	生	other	87	90.6	1.0	no	1
barely	殆ど	other	476	214.0	2.2	no	1
bargaining chip	カード	katakana	459	188.3	2.4	no	1
barkeeper	マスター	katakana	143	89.3	1.6	no	1
barre	バー	katakana	51	22.8	2.2	no	1
barrier	障害	other	203	84.6	2.4	no	1
barroom	バー	katakana	51	22.8	2.2	no	1
barter	交換	other	271	97.7	2.8	no	1
base bag	ベース	katakana	964	145.9	6.6	no	1
base price	本体	other	235	43.3	5.4	no	1
baseline	ベースライン	katakana	142	2.0	70.0	no	1
basic	基本的	other	591	108.4	5.5	no	1
basic ingredient	ベース	katakana	964	145.9	6.6	no	1
basic rules	マニュアル	katakana	234	27.6	8.5	no	1
basically	殆ど	other	476	214.0	2.2	no	1
basics	基本	other	709	92.1	7.7	no	1
bass guitar	ベース	katakana	964	145.9	6.6	no	1
batch	一括	other	211	9.6	22.1	no	1
bath	バス	katakana	272	380.0	0.7	no	1
batons	ハウ	katakana	138	38.7	3.6	no	1
battery	バッテリー	katakana	101	21.1	4.8	no	1
battle	役	other	128	903.1	0.1	no	1
bbs	掲示板	other	101	12.9	7.8	no	1
bearing fruit	結果	other	1963	464.9	4.2	no	1
bearing in mind	留意	other	114	4.2	26.9	no	1
beating	クリア	katakana	117	56.3	2.1	no	1
beauty	色	other	910	159.2	5.7	no	1
because	条	other	231	264.0	0.9	no	1
becoming a disciple	入門	other	96	60.3	1.6	no	1
becoming a pupil	入門	other	96	60.3	1.6	no	1
becoming an adult	成長	other	65	112.0	0.6	no	1
becoming aware	意識	other	77	89.0	0.9	no	1
becoming infected	感染	other	207	65.9	3.1	no	1
becoming more advanced	進化	other	118	60.1	2.0	no	1
bed	層	other	282	76.8	3.7	no	1
bedrock	基盤	other	204	36.2	5.6	no	1
befitting	相当	other	219	97.4	2.3	no	1
before and after	前後	other	51	81.2	0.6	no	1
before and behind	前後	other	51	81.2	0.6	no	1
before the fact	事前	other	297	45.3	6.6	no	1
beforehand	事前	other	297	45.3	6.6	no	1
beginning training	入門	other	96	60.3	1.6	no	1
behavioral pattern	パターン	katakana	624	42.3	14.8	no	1
behavioural pattern	パターン	katakana	624	42.3	14.8	no	1
behind the scenes	背後	other	59	20.8	2.9	no	1
being	存在	other	1281	645.0	2.0	no	1
being affiliated	付属	other	214	134.7	1.6	no	1
being alone	一人	other	104	379.9	0.3	no	1
being applicable to	該当	other	183	53.9	3.4	no	1
being appropriate	対応	other	2662	263.7	10.1	no	1
being apt to	左右	other	53	56.5	0.9	no	1
being attached	付属	other	214	134.7	1.6	no	1
being attached to	所属	other	80	485.6	0.2	no	1
being awarded	受賞	other	112	305.4	0.4	no	1
being based on	準拠	other	164	12.9	12.6	no	1
being behind	ダウン	katakana	124	65.9	1.9	no	1
being by oneself	一人	other	104	379.9	0.3	no	1
being down	ダウン	katakana	124	65.9	1.9	no	1
being economical	経済	other	89	347.4	0.3	no	1
being empty	空	other	577	126.5	4.6	no	1
being equipped with	搭載	other	1574	221.7	7.1	no	1
being equivalent to	相当	other	219	97.4	2.3	no	1
being fixed	固定	other	194	63.1	3.1	no	1
being floored	ダウン	katakana	124	65.9	1.9	no	1
being found eligible	合格	other	51	54.9	0.9	no	1
being in charge	担当	other	108	542.4	0.2	no	1
being in favour	可	other	87	31.0	2.8	no	1
being indifferent to	外	other	132	73.3	1.8	no	1
being infected	感染	other	207	65.9	3.1	no	1
being influenced	感染	other	207	65.9	3.1	no	1
being involved in	タッチ	katakana	185	20.7	8.9	no	1
being knocked down	ダウン	katakana	124	65.9	1.9	no	1
being knocked out	ダウン	katakana	124	65.9	1.9	no	1
being on alert	待機	other	117	14.7	8.0	no	1
being on one's own	独立	other	216	219.8	1.0	no	1
being on the green	オン	katakana	56	27.9	2.0	no	1
being orientated	指向	other	68	6.8	10.0	no	1
being out of action	ダウン	katakana	124	65.9	1.9	no	1
being out of it	ダウン	katakana	124	65.9	1.9	no	1
being out of order	故障	other	60	34.2	1.8	no	1
being over	アップ	katakana	240	175.9	1.4	no	1
being prone to	左右	other	53	56.5	0.9	no	1
being relevant to	該当	other	183	53.9	3.4	no	1
being representative of	代表	other	78	532.7	0.1	no	1
being responsible	担当	other	108	542.4	0.2	no	1
being single	一人	other	104	379.9	0.3	no	1
being typical of	代表	other	78	532.7	0.1	no	1
being under the control of	所属	other	80	485.6	0.2	no	1
being unmarried	一人	other	104	379.9	0.3	no	1
being up	アップ	katakana	240	175.9	1.4	no	1
being valid	成立	other	59	158.0	0.4	no	1
being very much	限り	other	422	87.3	4.8	no	1
bel	ベル	katakana	91	40.9	2.2	no	1
belay	確保	other	313	76.9	4.1	no	1
belaying	確保	other	313	76.9	4.1	no	1
bell	ベル	katakana	91	40.9	2.2	no	1
belonging to	所属	other	80	485.6	0.2	no	1
belonging to the company	自社	other	125	47.2	2.7	no	1
belongings	物	other	3627	2080.8	1.7	no	1
beloved	真	other	136	105.0	1.3	no	1
bend	曲	other	62	615.4	0.1	no	1
beneficial	有益	other	110	4.1	27.1	no	1
bequest	レガシー	katakana	52	12.4	4.2	no	1
best practice	ベストプラクティス	katakana	89	0.4	206.5	no	1
bestowal	付与	other	159	27.8	5.7	no	1
better	上	other	1233	475.6	2.6	no	1
betterment	改善	other	363	72.0	5.0	no	1
bhutakoti	実際	other	854	216.2	4.0	no	1
bicycle kick	オーバーヘッド	katakana	56	1.5	37.5	no	1
bifurcation	分岐	other	125	34.8	3.6	no	1
big company	大手	other	65	40.2	1.6	no	1
biggest	最大	other	544	230.9	2.4	no	1
bill of sale	付け	other	402	42.6	9.4	no	1
bin	ボックス	katakana	1064	123.8	8.6	no	1
binary	バイナリー	katakana	232	5.9	39.4	no	1
biracial person	ダブル	katakana	107	64.1	1.7	no	1
bird egg	子	other	606	265.3	2.3	no	1
birthmark	アザー	katakana	71	27.2	2.6	no	1
biscuit	クッキー	katakana	198	6.9	28.9	no	1
bishop	角	other	398	62.4	6.4	no	1
bitmap	ビットマップ	katakana	63	1.1	56.8	yes	1
bitt	ビット	katakana	1845	37.0	49.9	no	1
black	ブラック	katakana	81	142.6	0.6	no	1
blackface	ブラック	katakana	81	142.6	0.6	no	1
blade	中身	other	75	11.8	6.4	no	1
blank canvas	余白	other	51	1.6	31.1	no	1
blender	ブレンダー	katakana	110	2.2	50.1	no	1
blessing	利益	other	60	41.6	1.4	no	1
bloc	ブロック	katakana	1276	91.1	14.0	no	1
blocking	ブロック	katakana	1276	91.1	14.0	no	1
blog	ブログ	katakana	567	220.9	2.6	no	1
blow to a vital point of a person's body	中身	other	75	11.8	6.4	no	1
blue	ブルー	katakana	90	146.2	0.6	no	1
blueprint	仕様書	other	2223	2.0	1126.4	no	1
blunder	失敗	other	562	108.4	5.2	no	1
boarder	ボーダー	katakana	151	10.4	14.6	no	1
bob	ボブ	katakana	73	36.7	2.0	no	1
body plan	体制	other	248	103.4	2.4	no	1
bogus	偽	other	111	25.8	4.3	no	1
boiled and half-dried bonito	生	other	87	90.6	1.0	no	1
boldface	ブラック	katakana	81	142.6	0.6	no	1
bollard	ビット	katakana	1845	37.0	49.9	no	1
bond	結合	other	177	62.0	2.9	no	1
book jacket blurb	コピー	katakana	570	35.7	15.9	no	1
book series	ライブラリー	katakana	816	80.6	10.1	no	1
booking	予約	other	94	33.1	2.8	no	1
bookmark	ブックマーク	katakana	57	1.5	36.8	no	1
boolean	ブーリアン	katakana	65	0.6	103.5	no	1
boolean value	フラグ	katakana	531	6.1	87.2	yes	1
boot	ブート	katakana	187	5.2	35.7	yes	1
booth	ボックス	katakana	1064	123.8	8.6	no	1
booting	ブート	katakana	187	5.2	35.7	yes	1
booting up	起動	other	581	19.9	29.2	no	1
bootleg	ブート	katakana	187	5.2	35.7	no	1
bootstrap	ブート	katakana	187	5.2	35.7	yes	1
both parties	両方	other	713	51.8	13.8	no	1
both persons	両者	other	63	45.6	1.4	no	1
both sides	両方	other	713	51.8	13.8	no	1
both things	両者	other	63	45.6	1.4	no	1
boulder	ロック	katakana	303	210.5	1.4	no	1
boundary line	境界線	other	125	8.0	15.8	no	1
bow-wow	ワン	katakana	200	133.4	1.5	no	1
bowl	ボール	katakana	62	104.9	0.6	no	1
box	ボックス	katakana	1064	123.8	8.6	no	1
box-shaped area containing clean water for rinsing oneself	呼び出し	other	548	7.0	78.7	no	1
bracket	層	other	282	76.8	3.7	no	1
brackets	括弧	other	131	23.7	5.5	no	1
branching off	分岐	other	125	34.8	3.6	no	1
breach	違反	other	102	54.7	1.9	no	1
breakdown	故障	other	60	34.2	1.8	no	1
breakfast cereal	シリアル	katakana	132	8.5	15.5	no	1
breaking up	分解	other	72	35.5	2.0	no	1
breast	前	other	1519	937.1	1.6	no	1
breeding	発生	other	2052	301.8	6.8	no	1
bribery	買収	other	400	76.1	5.3	no	1
bridge	ブリッジ	katakana	127	33.0	3.9	yes	1
bright	明らか	other	133	125.8	1.1	no	1
bringing	将来	other	131	49.4	2.6	no	1
bringing about	将来	other	131	49.4	2.6	no	1
bringing in	導入	other	552	222.0	2.5	no	1
bringing together	統括	other	198	33.0	6.0	no	1
bringing up	提示	other	87	37.0	2.4	no	1
brink	際	other	1311	601.4	2.2	no	1
broadcasting	放送	other	98	1445.8	0.1	no	1
broadcasting station	局	other	118	596.1	0.2	no	1
brochure	プログラム	katakana	1773	122.2	14.5	no	1
brothers	兄弟	other	63	131.9	0.5	no	1
brothers and sisters	兄弟	other	63	131.9	0.5	no	1
browser	ブラウザ	katakana	4560	17.5	261.0	no	1
browser cookie	クッキー	katakana	198	6.9	28.9	yes	1
bruise	アザー	katakana	71	27.2	2.6	no	1
brunch	ブランチ	katakana	60	6.9	8.7	no	1
brush	衝突	other	78	55.7	1.4	no	1
buddhist doctrine	法	other	505	388.4	1.3	no	1
buddhist scholar	学生	other	70	167.9	0.4	no	1
buffer	バッファー	katakana	456	4.7	97.3	no	1
bugbear	変化	other	422	170.5	2.5	no	1
builder	ビルダー	katakana	76	5.3	14.3	no	1
building	構築	other	958	56.2	17.1	no	1
building up	展開	other	246	199.7	1.2	no	1
bulk	ボリューム	katakana	529	48.4	10.9	no	1
bulletin board	掲示板	other	101	12.9	7.8	no	1
bundling	バンドル	katakana	94	4.4	21.2	no	1
bunka era	文化	other	57	438.9	0.1	no	1
burdening	負荷	other	115	13.0	8.9	no	1
bureau de change	エクスチェンジ	katakana	95	8.8	10.8	no	1
burial	限り	other	422	87.3	4.8	no	1
bus	バス	katakana	272	380.0	0.7	yes	1
bush	木	other	255	132.2	1.9	no	1
business circles	業界	other	73	23.4	3.1	no	1
business flow	ワークフロー	katakana	56	1.1	49.5	no	1
business operator	事業者	other	212	56.3	3.8	no	1
business person	事業者	other	212	56.3	3.8	no	1
business use	商用	other	210	8.6	24.5	no	1
business world	業界	other	73	23.4	3.1	no	1
but at the same time	一方	other	230	203.7	1.1	no	1
buttocks	後	other	1236	1707.5	0.7	no	1
button	ボタン	katakana	928	49.9	18.6	no	1
buy-out	買収	other	400	76.1	5.3	no	1
buyer	消費者	other	68	22.5	3.0	no	1
buying	購入	other	188	114.0	1.6	no	1
buying off	買収	other	400	76.1	5.3	no	1
by	著	other	86	210.6	0.4	no	1
by itself	自ら	other	70	195.7	0.4	no	1
by oneself	一人	other	104	379.9	0.3	no	1
by the end of	中	other	1063	859.6	1.2	no	1
by way of experiment	一番	other	78	219.3	0.4	no	1
by way of trial	一番	other	78	219.3	0.4	no	1
bylaw	規約	other	67	12.9	5.2	no	1
bystanders	端	other	105	30.3	3.5	no	1
byte	バイト	katakana	513	20.8	24.7	yes	1
cabinet	筐体	other	95	9.8	9.6	no	1
cabinet secretariat	内閣官房	other	106	12.7	8.3	no	1
cable	ケーブル	katakana	195	38.7	5.0	no	1
cable railway	ケーブル	katakana	195	38.7	5.0	no	1
cache	キャッシュ	katakana	659	21.4	30.7	yes	1
calamity	曲	other	62	615.4	0.1	no	1
calculation error	誤差	other	50	8.1	6.2	no	1
calender	カレンダー	katakana	61	22.9	2.7	no	1
calipers	パス	katakana	956	33.4	28.6	no	1
calisthenics	柔軟	other	68	8.4	8.0	no	1
call for attention	注意喚起	other	111	3.1	35.8	no	1
call loan	コール	katakana	615	53.9	11.4	no	1
call money	コール	katakana	615	53.9	11.4	no	1
call of nature	用	other	163	9.4	17.4	no	1
call waiting	キャッチ	katakana	59	17.6	3.3	no	1
calla	カラー	katakana	276	107.2	2.6	no	1
calligraphy	書き方	other	72	3.0	23.9	no	1
calm	和	other	57	61.8	0.9	no	1
calories	エネルギー	katakana	76	128.9	0.6	no	1
cambridge	ケンブリッジ	katakana	58	43.8	1.3	no	1
camera	カメラ	katakana	189	81.8	2.3	no	1
campaign	役	other	128	903.1	0.1	no	1
canada	カナダ	katakana	65	131.2	0.5	no	1
cancel culture	キャンセル	katakana	163	11.4	14.3	no	1
cancelling	キャンセル	katakana	163	11.4	14.3	no	1
candidacy	候補	other	67	112.4	0.6	no	1
candidate	候補	other	67	112.4	0.6	no	1
candidature	候補	other	67	112.4	0.6	no	1
cane	策	other	162	27.5	5.9	no	1
canvas	キャンバス	katakana	231	8.6	26.8	no	1
capabilities	資格	other	234	80.1	2.9	no	1
capability	対応	other	2662	263.7	10.1	no	1
capable person	人	other	284	482.4	0.6	no	1
capacitance	容量	other	424	30.3	14.0	no	1
capital letter	大文字	other	220	6.3	34.9	no	1
capital region	上	other	1233	475.6	2.6	no	1
capitalizing on	活用	other	295	70.9	4.2	no	1
carapace	甲	other	215	40.4	5.3	no	1
card	カード	katakana	459	188.3	2.4	no	1
carriage	動作	other	1672	48.3	34.6	no	1
carrier	キャリア	katakana	54	62.4	0.9	no	1
cartography	マッピング	katakana	140	6.7	20.8	no	1
carton	パック	katakana	128	36.8	3.5	no	1
cartridge	カートリッジ	katakana	65	6.6	9.9	no	1
carya	行	other	1071	114.6	9.3	no	1
cascade	カスケード	katakana	101	3.3	30.7	no	1
case-by-case	個別	other	266	27.1	9.8	no	1
cashier	レジスター	katakana	484	25.0	19.4	no	1
casing	筐体	other	95	9.8	9.6	no	1
casino token	チップ	katakana	447	26.2	17.1	no	1
cast member	キャスト	katakana	68	154.8	0.4	no	1
casting	キャスト	katakana	68	154.8	0.4	yes	1
cat's cradle	文	other	583	127.3	4.6	no	1
catch	キャッチ	katakana	59	17.6	3.3	no	1
catcher	キャッチ	katakana	59	17.6	3.3	no	1
catching	キャッチ	katakana	59	17.6	3.3	no	1
catching fire	発火	other	126	5.2	24.4	no	1
catching the water	キャッチ	katakana	59	17.6	3.3	no	1
causeless	無名	other	66	12.3	5.4	no	1
causing	将来	other	131	49.4	2.6	no	1
cautioning	意見	other	59	82.0	0.7	no	1
cavity	空	other	577	126.5	4.6	no	1
cavity in an oar	入れ子	other	170	0.9	196.7	no	1
ceasing	停止	other	473	115.8	4.1	no	1
cel	セル	katakana	205	12.1	16.9	no	1
celebration	式	other	585	419.6	1.4	no	1
celebrity	スター	katakana	76	206.6	0.4	no	1
cell	セル	katakana	205	12.1	16.9	no	1
censure	攻撃	other	1048	322.2	3.3	no	1
center fielder	センター	katakana	328	510.6	0.6	no	1
centered on	中心	other	227	402.9	0.6	no	1
central government	国	other	106	272.5	0.4	no	1
central part of a country	中国	other	165	480.4	0.3	no	1
central point	焦点	other	54	22.3	2.4	no	1
centralization	集中	other	59	52.0	1.1	no	1
cereal	シリアル	katakana	132	8.5	15.5	no	1
ceremony	式	other	585	419.6	1.4	no	1
certificate	証明書	other	282	9.4	29.9	no	1
certification examination	検定	other	62	31.0	2.0	no	1
chain referral	マルチ	katakana	208	28.2	7.4	no	1
challenge	課題	other	272	48.8	5.6	no	1
chamfer	面	other	242	379.0	0.6	no	1
chances	確率	other	141	32.7	4.3	no	1
change of sides	チェンジ	katakana	67	37.9	1.8	no	1
change purse	パース	katakana	53	7.1	7.4	no	1
changeable	可変	other	95	9.8	9.7	no	1
changeover	移行	other	286	98.1	2.9	no	1
changing	チェンジ	katakana	67	37.9	1.8	no	1
changing gears	シフト	katakana	99	17.0	5.8	no	1
changing trains	接続	other	1072	99.6	10.8	no	1
chant	コール	katakana	615	53.9	11.4	no	1
chaos	混乱	other	81	46.2	1.7	no	1
character count	文字数	other	50	1.5	34.1	no	1
character string	文字列	other	3392	7.0	485.4	yes	1
characteristic way of speaking	節	other	376	148.3	2.5	no	1
characteristics	カラー	katakana	276	107.2	2.6	no	1
charter	特許	other	175	32.6	5.4	no	1
chase	追跡	other	174	26.4	6.6	no	1
chassis	筐体	other	95	9.8	9.6	no	1
cheap	安価	other	100	15.1	6.6	no	1
check-out time	アウト	katakana	192	85.0	2.3	no	1
checkbox	チェックボックス	katakana	124	0.2	777.3	yes	1
checking	点検	other	81	12.4	6.5	no	1
checking off	チェック	katakana	713	28.4	25.2	no	1
checking out	チェック	katakana	713	28.4	25.2	no	1
checkout	レジスター	katakana	484	25.0	19.4	no	1
cheek	面	other	242	379.0	0.6	no	1
cheek meat	面	other	242	379.0	0.6	no	1
cheeks	面	other	242	379.0	0.6	no	1
chef	板	other	52	40.7	1.3	no	1
cheque	チェック	katakana	713	28.4	25.2	no	1
chic	乙	other	210	22.9	9.2	no	1
chief part	主	other	102	128.6	0.8	no	1
chiefly	多く	other	985	395.7	2.5	no	1
child	子	other	606	265.3	2.3	no	1
child adopted by a parent of a deceased child	入れ子	other	170	0.9	196.7	no	1
chinese	中国語	other	75	149.1	0.5	no	1
chinese character	漢字	other	259	42.5	6.1	no	1
chinese courtesy name	字	other	97	243.4	0.4	no	1
chinese-derived reading of a kanji	音	other	111	168.5	0.7	no	1
chip	チップ	katakana	447	26.2	17.1	no	1
chip set	チップセット	katakana	158	2.3	69.2	yes	1
chirp	音	other	111	168.5	0.7	no	1
chirping	声	other	69	560.1	0.1	no	1
choice of words	用語	other	370	142.6	2.6	no	1
choices	選択肢	other	187	16.3	11.5	no	1
chop	カット	katakana	58	63.2	0.9	no	1
chop chop	其々	other	1180	301.7	3.9	no	1
chopping board	板	other	52	40.7	1.3	no	1
chord	コード	katakana	3590	108.1	33.2	no	1
chord name	コードネーム	katakana	93	9.5	9.8	no	1
chord symbol	コードネーム	katakana	93	9.5	9.8	no	1
christening	命名	other	57	72.8	0.8	no	1
cigarette holder	パイプ	katakana	84	15.6	5.4	no	1
cipher	暗号	other	561	18.9	29.7	no	1
cipher text	暗号文	other	50	1.0	50.7	no	1
circle inversion	反転	other	58	12.4	4.7	no	1
circumstance	境界	other	366	49.6	7.4	no	1
circumstances in life	境界	other	366	49.6	7.4	no	1
circumvention	無効化	other	202	6.3	31.9	no	1
citation	引用	other	76	48.5	1.6	no	1
citing	提示	other	87	37.0	2.4	no	1
civilisation	文化	other	57	438.9	0.1	no	1
civilization	文化	other	57	438.9	0.1	no	1
claim	主張	other	174	164.2	1.1	no	1
clarity	通り	other	812	439.9	1.8	no	1
clash	衝突	other	78	55.7	1.4	no	1
classical	クラシック	katakana	98	83.8	1.2	no	1
classical music	クラシック	katakana	98	83.8	1.2	no	1
classified by	別	other	875	421.0	2.1	no	1
classmate	同期	other	290	44.8	6.5	no	1
clean	クリーン	katakana	148	12.2	12.1	no	1
clearance	整理	other	104	54.3	1.9	no	1
clearing away	排除	other	57	33.0	1.7	no	1
clearness	著	other	86	210.6	0.4	no	1
clerical work	事務	other	51	58.2	0.9	no	1
click	クリック	katakana	601	10.9	55.1	yes	1
climax	頂点	other	98	20.9	4.7	no	1
cling film	ラップ	katakana	167	33.3	5.0	no	1
cling wrap	ラップ	katakana	167	33.3	5.0	no	1
clipboard	クリップボード	katakana	61	0.3	205.8	no	1
clique	クラスター	katakana	801	12.3	65.0	no	1
clitoris	実	other	88	137.0	0.6	no	1
clock	クロック	katakana	291	14.1	20.6	yes	1
close by	側	other	471	364.7	1.3	no	1
close relationship	系統	other	51	154.0	0.3	no	1
close relative	親	other	727	64.6	11.2	no	1
close-fitting trousers	パッチ	katakana	136	8.6	15.8	no	1
close-up	アップ	katakana	240	175.9	1.4	no	1
close-up view	詳細	other	1299	150.0	8.7	no	1
closeness	親	other	727	64.6	11.2	no	1
closest	最近	other	132	44.4	3.0	no	1
clothes	クローズ	katakana	91	14.4	6.3	no	1
cloud	クラウド	katakana	194	12.3	15.8	yes	1
cloud computing	クラウド	katakana	194	12.3	15.8	yes	1
club	部	other	252	1097.4	0.2	no	1
cluster	クラスター	katakana	801	12.3	65.0	yes	1
co-occurring	前後	other	51	81.2	0.6	no	1
co-ownership	共有	other	673	41.7	16.1	no	1
coal	コール	katakana	615	53.9	11.4	no	1
coalition	合併	other	60	257.1	0.2	no	1
coat of arms	文	other	583	127.3	4.6	no	1
code name	コードネーム	katakana	93	9.5	9.8	no	1
codec	コーデック	katakana	131	2.2	58.9	no	1
coefficient	係数	other	51	14.2	3.6	no	1
coercion	強制	other	213	50.2	4.2	no	1
cognisance	認識	other	304	73.5	4.1	no	1
cognizance	認識	other	304	73.5	4.1	no	1
coherence	一貫	other	71	27.9	2.6	no	1
cohort	代	other	611	785.4	0.8	no	1
coin	コイン	katakana	113	19.8	5.7	no	1
coincidence	一致	other	841	46.8	18.0	no	1
collapsing	ダウン	katakana	124	65.9	1.9	no	1
collar	カラー	katakana	276	107.2	2.6	no	1
collateral	形	other	316	272.3	1.2	no	1
collation	照合	other	173	2.1	83.8	no	1
collection of records	レジストリー	katakana	239	2.9	81.1	no	1
college	大学	other	227	517.8	0.4	no	1
colligation	総合	other	60	387.2	0.2	no	1
collision	衝突	other	78	55.7	1.4	no	1
colon	コロン	katakana	51	6.5	7.9	no	1
colonist	コロン	katakana	51	6.5	7.9	no	1
color phase	色相	other	56	0.9	61.2	no	1
coloring	カラー	katakana	276	107.2	2.6	no	1
colour phase	色相	other	56	0.9	61.2	no	1
colouring	色	other	910	159.2	5.7	no	1
column setting	段組み	other	60	0.1	565.6	no	1
combining	合成	other	152	61.5	2.5	no	1
combo	セット	katakana	398	87.3	4.6	no	1
combustion	発火	other	126	5.2	24.4	no	1
coming and going	通り	other	812	439.9	1.8	no	1
coming before	先行	other	50	67.7	0.7	no	1
coming into existence	成立	other	59	158.0	0.4	no	1
coming through	漏洩	other	122	5.1	23.8	no	1
coming to a stop	停止	other	473	115.8	4.1	no	1
coming to existence	出現	other	74	72.8	1.0	no	1
coming to life again	再生	other	358	92.3	3.9	no	1
coming under	該当	other	183	53.9	3.4	no	1
comma	コンマ	katakana	192	1.8	108.2	no	1
command key	コマンド	katakana	1565	25.2	62.1	yes	1
command line	コマンドライン	katakana	225	1.3	180.2	yes	1
commando	コマンド	katakana	1565	25.2	62.1	no	1
commencement	開始	other	779	770.6	1.0	no	1
commentary	解説	other	755	146.3	5.2	no	1
commerce	商業	other	64	117.8	0.5	no	1
commercial	市販	other	55	14.3	3.8	no	1
commercial use	商用	other	210	8.6	24.5	no	1
commit	コミット	katakana	212	1.9	114.2	yes	1
committee	委員会	other	116	384.5	0.3	no	1
committee meeting	委員会	other	116	384.5	0.3	no	1
committing	コミット	katakana	212	1.9	114.2	no	1
commodity	商品	other	141	119.4	1.2	no	1
commodore	コモドール	katakana	51	1.2	41.9	yes	1
common land	コモンズ	katakana	140	228.2	0.6	no	1
common name	通称	other	51	102.4	0.5	no	1
common possession	共同	other	214	217.2	1.0	no	1
common rush	イ	katakana	169	42.1	4.0	no	1
common strategy	セオリー	katakana	91	25.5	3.6	no	1
commonly	普通	other	118	130.0	0.9	no	1
commons	コモンズ	katakana	140	228.2	0.6	no	1
commonwealth	連邦	other	50	91.6	0.6	no	1
communal use	共同	other	214	217.2	1.0	no	1
communique	発表	other	1427	726.8	2.0	no	1
compact car	コンパクト	katakana	64	17.8	3.6	no	1
companion	相手	other	79	221.6	0.4	no	1
company one works for	自社	other	125	47.2	2.7	no	1
compartment	区分	other	63	45.5	1.4	no	1
compassion	情	other	79	12.2	6.4	no	1
compatible machine	互換機	other	129	2.5	52.0	yes	1
compensation	代わり	other	918	90.4	10.2	no	1
competent	当該	other	548	57.0	9.6	no	1
competent person	人	other	284	482.4	0.6	no	1
competitor	参加者	other	60	33.1	1.8	no	1
compile	コンパイル	katakana	368	5.9	62.3	no	1
compiler	コンパイラー	katakana	440	6.2	70.4	yes	1
compiling	コンパイル	katakana	368	5.9	62.3	yes	1
complaint	不足	other	78	61.5	1.3	no	1
complement	補足	other	57	6.1	9.4	no	1
complementation	補完	other	63	12.4	5.1	no	1
complete set	一部	other	969	623.7	1.6	no	1
completed literary work	編	other	93	922.4	0.1	no	1
completely	全て	other	3784	481.7	7.9	no	1
completeness	完全性	other	78	1.6	49.7	no	1
completing	クリア	katakana	117	56.3	2.1	no	1
completion of filming	アップ	katakana	240	175.9	1.4	no	1
complexion	色	other	910	159.2	5.7	no	1
complexity	複雑性	other	62	1.9	32.0	no	1
complying with	準拠	other	164	12.9	12.6	no	1
components	部品	other	151	41.6	3.6	no	1
composer	作者	other	80	51.1	1.6	no	1
composite photo	合成	other	152	61.5	2.5	no	1
compounding	合成	other	152	61.5	2.5	no	1
comprehending	網羅	other	60	6.2	9.6	no	1
comprehensibility	通り	other	812	439.9	1.8	no	1
comprehensive	総合	other	60	387.2	0.2	no	1
compression	圧縮	other	366	17.3	21.2	yes	1
comprising	網羅	other	60	6.2	9.6	no	1
compulsion	強制	other	213	50.2	4.2	no	1
compulsory dance	規定	other	331	125.9	2.6	no	1
compulsory exercise	規定	other	331	125.9	2.6	no	1
compulsory routine	規定	other	331	125.9	2.6	no	1
computational complexity	計算量	other	66	1.4	47.7	yes	1
computer graphics	コンピューターグラフィックス	katakana	60	2.0	29.8	yes	1
computer science	計算機科学	other	71	2.1	33.6	no	1
computer system	コンピューターシステム	katakana	58	2.1	28.4	no	1
computer terminal	端末	other	851	32.5	26.2	yes	1
computer-aided software engineering	ケース	katakana	326	80.7	4.0	yes	1
computing	コンピューティング	katakana	423	9.1	46.3	no	1
concatenation	連結	other	91	43.1	2.1	no	1
concealed information	入れ子	other	170	0.9	196.7	no	1
concentrating exclusively on	専門	other	78	128.2	0.6	no	1
concentration	集中	other	59	52.0	1.1	no	1
conception	考案	other	76	29.1	2.6	no	1
concerned	当該	other	548	57.0	9.6	no	1
concerning	為	other	9021	3426.6	2.6	no	1
concession	特許	other	175	32.6	5.4	no	1
concise	簡潔	other	92	4.5	20.4	no	1
concrete	具体的	other	331	43.8	7.5	no	1
concrete block	ブロック	katakana	1276	91.1	14.0	no	1
condemnation	攻撃	other	1048	322.2	3.3	no	1
condensing	圧縮	other	366	17.3	21.2	no	1
conditions	状況	other	517	177.9	2.9	no	1
conducting	経営	other	69	183.4	0.4	no	1
conductor	ガイド	katakana	711	111.4	6.4	no	1
confederation	連邦	other	50	91.6	0.6	no	1
conferment	付与	other	159	27.8	5.7	no	1
confidential information	機密情報	other	127	1.5	87.1	no	1
confidentiality	秘密	other	150	113.8	1.3	no	1
configuring	セット	katakana	398	87.3	4.6	no	1
confinement with rope	束縛	other	58	3.5	16.5	no	1
conflict	衝突	other	78	55.7	1.4	no	1
conforming to	準拠	other	164	12.9	12.6	no	1
confusion	混乱	other	81	46.2	1.7	no	1
conglomeration of businesses linked by cross-shareholdings	系列	other	68	145.2	0.5	no	1
congress	会議	other	104	191.0	0.5	no	1
congruence	適合	other	90	16.5	5.5	no	1
congruity	適合	other	90	16.5	5.5	no	1
conjunction	接続	other	1072	99.6	10.8	no	1
connected to	関係	other	762	424.1	1.8	no	1
connections	パイプ	katakana	84	15.6	5.4	no	1
connector	コネクター	katakana	153	5.3	29.1	yes	1
consensus	合意	other	65	63.4	1.0	no	1
consent or refusal	有無	other	106	16.1	6.6	no	1
consequences	前後	other	51	81.2	0.6	no	1
consequently	結果	other	1963	464.9	4.2	no	1
conservatism	保守	other	148	19.8	7.5	no	1
conservativeness	保守	other	148	19.8	7.5	no	1
considerable	相当	other	219	97.4	2.3	no	1
considerably	相当	other	219	97.4	2.3	no	1
consignee	受託者	other	61	0.7	82.6	no	1
consignment	委託	other	226	35.4	6.4	no	1
console	コンソール	katakana	305	10.8	28.4	yes	1
consortium	コンソーシアム	katakana	140	8.7	16.1	no	1
conspicuousness	著	other	86	210.6	0.4	no	1
constraint	抑制	other	87	28.0	3.1	no	1
constraints	制約	other	379	21.0	18.0	no	1
constructor	コンストラクター	katakana	729	5.6	129.6	no	1
consumption	消費	other	214	46.3	4.6	no	1
contact information	連絡先	other	74	2.7	27.6	no	1
contact play	付け	other	402	42.6	9.4	no	1
contacting	連絡	other	111	85.7	1.3	no	1
contagion	感染	other	207	65.9	3.1	no	1
containing	包含	other	95	3.9	24.3	no	1
contemporary	同期	other	290	44.8	6.5	no	1
contender	候補	other	67	112.4	0.6	no	1
content creator	クリエーター	katakana	54	22.3	2.4	no	1
contest	競争	other	51	35.6	1.4	no	1
continually	繰り返し	other	64	4.9	12.9	no	1
continuance	継続	other	173	98.4	1.8	no	1
continuously	限り	other	422	87.3	4.8	no	1
contours	線	other	177	344.9	0.5	no	1
contrabass	ベース	katakana	964	145.9	6.6	no	1
contracting	請け負い	other	54	5.2	10.4	no	1
contrary to expectations	割合	other	92	29.0	3.2	no	1
contrast	コントラスト	katakana	69	2.9	23.6	no	1
contravention	違反	other	102	54.7	1.9	no	1
controllable	可変	other	95	9.8	9.7	no	1
controller	コントローラー	katakana	464	14.8	31.3	no	1
conveniences	設備	other	51	82.9	0.6	no	1
convenient	便利	other	369	13.1	28.2	no	1
conventional	従来	other	398	108.4	3.7	no	1
convergence	集中	other	59	52.0	1.1	no	1
converse	逆	other	193	104.4	1.9	no	1
convertible	可変	other	95	9.8	9.7	no	1
cook	板	other	52	40.7	1.3	no	1
cookie	クッキー	katakana	198	6.9	28.9	yes	1
cooking	メーク	katakana	77	39.4	2.0	no	1
coordinate	座標	other	568	50.7	11.2	no	1
coordinates	座標	other	568	50.7	11.2	no	1
copper	赤	other	66	78.1	0.8	no	1
copy protection	プロテクト	katakana	54	3.9	13.8	yes	1
copy-book	ノート	katakana	98	41.8	2.3	no	1
copyright	著作権	other	190	35.9	5.3	no	1
cord	コード	katakana	3590	108.1	33.2	no	1
cormorant	ウ	katakana	140	5.2	26.9	no	1
cornerstone	要	other	98	21.1	4.6	no	1
corolla	英	other	494	214.5	2.3	no	1
corporate body	法人	other	139	124.2	1.1	no	1
corporate juridical person	社	other	982	1189.1	0.8	no	1
correct answer	正答	other	154	1.0	156.0	no	1
correction fluid	ホワイト	katakana	89	93.2	1.0	no	1
corresponding period	同期	other	290	44.8	6.5	no	1
corruption	買収	other	400	76.1	5.3	no	1
cosmetic surgery	整形	other	114	6.7	17.0	no	1
cosplayer	レイヤー	katakana	424	7.3	58.4	no	1
costly	高価	other	74	12.3	6.0	no	1
costs	経費	other	59	9.0	6.5	no	1
council	会議	other	104	191.0	0.5	no	1
counsel	助言	other	52	20.0	2.6	no	1
count of balls and strikes	カウント	katakana	146	29.0	5.0	no	1
countenance	色	other	910	159.2	5.7	no	1
counter	カウンター	katakana	232	18.5	12.6	no	1
counter for accounts	件	other	97	137.3	0.7	no	1
counter for aircraft	機	other	349	378.2	0.9	no	1
counter for banks	行	other	1071	114.6	9.3	no	1
counter for breaks in written language or speech	段	other	117	128.6	0.9	no	1
counter for character tiles	ワン	katakana	200	133.4	1.5	no	1
counter for colours	色	other	910	159.2	5.7	no	1
counter for cuts	限り	other	422	87.3	4.8	no	1
counter for days	日	other	5833	9041.5	0.6	no	1
counter for dot tiles	ピン	katakana	143	11.8	12.1	no	1
counter for editions of a publication	版	other	3542	2474.4	1.4	no	1
counter for generations	代	other	611	785.4	0.8	no	1
counter for groups or parties of people	行	other	1071	114.6	9.3	no	1
counter for humanoid forms	体	other	91	244.2	0.4	no	1
counter for hundreds of mon	条	other	231	264.0	0.9	no	1
counter for installed or mounted objects	基	other	136	144.4	0.9	no	1
counter for items that come in pairs	対	other	107	236.2	0.5	no	1
counter for lessons and chapters	課	other	58	211.3	0.3	no	1
counter for lives	機	other	349	378.2	0.9	no	1
counter for long thin things	条	other	231	264.0	0.9	no	1
counter for machines and vehicles	台	other	308	313.7	1.0	no	1
counter for military units	個	other	163	9.3	17.5	no	1
counter for months	箇月	other	94	201.6	0.5	no	1
counter for newspapers	紙	other	83	40.0	2.1	no	1
counter for places	所	other	234	343.3	0.7	no	1
counter for roads or blocks when giving directions	条	other	231	264.0	0.9	no	1
counter for rounds or points	本	other	72	160.2	0.4	no	1
counter for rows	列	other	484	58.2	8.3	no	1
counter for school-years	個	other	163	9.3	17.5	no	1
counter for scrolls	幅	other	547	69.4	7.9	no	1
counter for sets	対	other	107	236.2	0.5	no	1
counter for sets of things	通り	other	812	439.9	1.8	no	1
counter for slices	限り	other	422	87.3	4.8	no	1
counter for stories	層	other	282	76.8	3.7	no	1
counter for surrounded points	目	other	127	180.7	0.7	no	1
counter for telephone calls of a set duration	通話	other	55	11.5	4.8	no	1
counter for things or pieces	個	other	163	9.3	17.5	no	1
counter for traditional dance songs	差	other	62	114.4	0.5	no	1
counter for varieties	種	other	113	277.4	0.4	no	1
counter used to number the gaps between pillars	間	other	730	565.0	1.3	no	1
counter used with sino-japanese words	個	other	163	9.3	17.5	no	1
counter-attack	カウンター	katakana	232	18.5	12.6	no	1
counterfeit	偽	other	111	25.8	4.3	no	1
countermeasure	対策	other	2110	125.4	16.8	no	1
countermove	対策	other	2110	125.4	16.8	no	1
counterparty	相手	other	79	221.6	0.4	no	1
counterplan	対策	other	2110	125.4	16.8	no	1
counterpunch	カウンター	katakana	232	18.5	12.6	no	1
counting device	カウンター	katakana	232	18.5	12.6	no	1
course of events	数	other	1186	430.3	2.8	no	1
court lady	局	other	118	596.1	0.2	no	1
cover version	カバー	katakana	67	120.5	0.6	no	1
craft	技術	other	1149	301.9	3.8	no	1
craftsmanship	細工	other	60	8.7	7.0	no	1
craftsperson	技術者	other	168	28.2	5.9	no	1
crashing	ダウン	katakana	124	65.9	1.9	yes	1
crease	罫線	other	57	0.4	131.4	no	1
create	クリエート	katakana	142	20.8	6.8	no	1
creating	作成	other	4069	117.1	34.7	no	1
credentials	証明書	other	282	9.4	29.9	no	1
credibility	信頼性	other	127	17.2	7.4	no	1
credit card	カード	katakana	459	188.3	2.4	no	1
crenel	間	other	730	565.0	1.3	no	1
crest	文	other	583	127.3	4.6	no	1
crew	組	other	77	255.8	0.3	no	1
crime	犯罪	other	50	75.5	0.7	no	1
crime family	組	other	77	255.8	0.3	no	1
criminal intent to deceive	悪意	other	131	5.9	22.4	no	1
criminal record	前	other	1519	937.1	1.6	no	1
crimson	赤	other	66	78.1	0.8	no	1
crisis	事	other	452	429.9	1.1	no	1
crisp	チップ	katakana	447	26.2	17.1	no	1
critical	クリティカル	katakana	53	10.2	5.2	no	1
critical hit	クリティカル	katakana	53	10.2	5.2	no	1
cross	クロス	katakana	183	75.4	2.4	no	1
crossbar	バー	katakana	51	22.8	2.2	no	1
crossbeam	桁	other	174	34.3	5.1	no	1
crossing out	抹消	other	77	24.3	3.2	no	1
crossing over	交差	other	106	28.7	3.7	no	1
cryptogram	暗号文	other	50	1.0	50.7	no	1
cube	角	other	398	62.4	6.4	no	1
cue	キュー	katakana	275	23.4	11.7	no	1
cue stick	キュー	katakana	275	23.4	11.7	no	1
cup	ホール	katakana	88	231.6	0.4	no	1
curb	抑制	other	87	28.0	3.1	no	1
curd	カード	katakana	459	188.3	2.4	no	1
curiosity	興味	other	87	59.0	1.5	no	1
curious	変	other	78	40.3	1.9	no	1
curl	回転	other	174	73.0	2.4	no	1
curler	クリップ	katakana	74	16.2	4.6	no	1
currency	通貨	other	76	24.5	3.1	no	1
currency exchange	エクスチェンジ	katakana	95	8.8	10.8	no	1
currently	中	other	1063	859.6	1.2	no	1
cursed	度	other	546	575.2	0.9	no	1
cursor	カーソル	katakana	157	1.9	82.7	yes	1
curtain	スクリーン	katakana	191	22.2	8.6	no	1
curtain call	呼び出し	other	548	7.0	78.7	no	1
curve	曲線	other	96	23.2	4.2	no	1
curve ball with a vertical drop	ドロップ	katakana	175	11.1	15.8	no	1
custodian	管理者	other	278	25.5	10.9	no	1
custom-built	カスタム	katakana	745	16.0	46.5	no	1
custom-made	カスタム	katakana	745	16.0	46.5	no	1
customer panel participant	モニター	katakana	158	23.9	6.6	no	1
customisation	カスタマイズ	katakana	209	7.1	29.6	no	1
customs	カスタム	katakana	745	16.0	46.5	no	1
customs duty	カスタム	katakana	745	16.0	46.5	no	1
cut-in	組み込み	other	322	4.3	74.4	no	1
cutback	縮小	other	149	31.9	4.7	no	1
cute	乙	other	210	22.9	9.2	no	1
cutting across	横断	other	52	37.9	1.4	no	1
cutting board	板	other	52	40.7	1.3	no	1
cutting class	エスケープ	katakana	261	7.6	34.1	no	1
cutting down	整理	other	104	54.3	1.9	no	1
cutting horizontally	横断	other	52	37.9	1.4	no	1
cutting school	エスケープ	katakana	261	7.6	34.1	no	1
cutting through	横断	other	52	37.9	1.4	no	1
cutting tool	バイト	katakana	513	20.8	24.7	no	1
cyber-attack	サイバー攻撃	other	69	2.0	34.9	no	1
cyberattack	サイバー攻撃	other	69	2.0	34.9	no	1
d battery	単一	other	583	17.9	32.5	no	1
d cell	単一	other	583	17.9	32.5	no	1
daemon	デーモン	katakana	221	9.5	23.4	yes	1
daimyo	上	other	1233	475.6	2.6	no	1
damn	度	other	546	575.2	0.9	no	1
dan	段	other	117	128.6	0.9	no	1
danger	恐れ	other	113	27.0	4.2	no	1
dark area	曲	other	62	615.4	0.1	no	1
dark circles	曲	other	62	615.4	0.1	no	1
dark rings	曲	other	62	615.4	0.1	no	1
dash	ダッシュ	katakana	51	19.8	2.6	no	1
data breach	情報漏洩	other	70	1.6	43.8	no	1
data processing	情報処理	other	211	13.6	15.5	yes	1
data set	データセット	katakana	65	7.8	8.4	yes	1
data-set	データセット	katakana	65	7.8	8.4	yes	1
database	データベース	katakana	626	118.1	5.3	yes	1
date and time	日時	other	124	11.4	10.9	no	1
date night	デート	katakana	113	52.3	2.2	no	1
date of effect	付け	other	402	42.6	9.4	no	1
dated	付け	other	402	42.6	9.4	no	1
dating	日付け	other	241	118.9	2.0	no	1
datum	データ	katakana	3441	318.5	10.8	no	1
datum point	原点	other	87	14.6	6.0	no	1
day	日	other	5833	9041.5	0.6	no	1
day of month	日	other	5833	9041.5	0.6	no	1
day off	オフ	katakana	82	65.0	1.3	no	1
daylight	日	other	5833	9041.5	0.6	no	1
days and hours	日時	other	124	11.4	10.9	no	1
daytime	日	other	5833	9041.5	0.6	no	1
deadline	日	other	5833	9041.5	0.6	no	1
deal	プラン	katakana	95	38.3	2.5	no	1
dealer	親	other	727	64.6	11.2	no	1
dealing	扱い	other	62	87.4	0.7	no	1
dealings	取り引き	other	95	57.2	1.7	no	1
deallocation	解放	other	163	69.0	2.4	yes	1
debit card	カード	katakana	459	188.3	2.4	no	1
debugger	デバッガー	katakana	51	0.8	63.9	yes	1
debugging	デバッグ	katakana	253	1.9	136.6	yes	1
december	ディセンバー	katakana	99	48.7	2.0	no	1
decentralisation	分散	other	245	21.5	11.4	no	1
decentralization	分散	other	245	21.5	11.4	no	1
decimal fraction	小数	other	138	4.6	29.8	no	1
deck	組	other	77	255.8	0.3	no	1
declension	変化	other	422	170.5	2.5	no	1
decomposition	分解	other	72	35.5	2.0	no	1
decompression	展開	other	246	199.7	1.2	yes	1
decree	命令	other	1019	94.3	10.8	no	1
decryption	復号	other	91	1.5	58.6	no	1
dedicated use	専用	other	416	149.0	2.8	no	1
deduction	推論	other	63	5.7	11.0	no	1
deed	行為	other	82	116.2	0.7	no	1
deep	ディープ	katakana	54	34.3	1.6	no	1
default	デフォルト	katakana	1903	11.8	161.4	yes	1
defence	防御	other	72	41.5	1.7	no	1
defense	防御	other	72	41.5	1.7	no	1
deficiency	不足	other	78	61.5	1.3	no	1
deficit	不足	other	78	61.5	1.3	no	1
defined	一定	other	96	58.0	1.7	no	1
definition	定義	other	3398	96.3	35.3	no	1
definitive	ザ	katakana	4394	3055.9	1.4	no	1
degree of relative priority	優先度	other	138	1.6	86.5	no	1
degree of understanding	解像度	other	166	8.6	19.4	no	1
delay	遅延	other	221	13.5	16.4	no	1
delegate	代表	other	78	532.7	0.1	no	1
delegation	代表	other	78	532.7	0.1	no	1
deliberately	故	other	51	56.6	0.9	no	1
deliberation	考え	other	52	46.2	1.1	no	1
delightful	スイート	katakana	162	22.3	7.3	no	1
delimiter	区切り文字	other	50	0.2	207.9	yes	1
delivery date	限り	other	422	87.3	4.8	no	1
deluxe	プレミアム	katakana	78	80.5	1.0	no	1
demands	ニーズ	katakana	61	12.7	4.8	no	1
demarcation	区分	other	63	45.5	1.4	no	1
demeanour	動作	other	1672	48.3	34.6	no	1
demo	デモ	katakana	182	40.7	4.5	no	1
demon	デーモン	katakana	221	9.5	23.4	no	1
denial	拒否	other	313	62.7	5.0	no	1
denotation	指示	other	282	62.9	4.5	no	1
density	密度	other	55	21.0	2.6	no	1
denunciation	攻撃	other	1048	322.2	3.3	no	1
departing	スタート	katakana	141	148.0	1.0	no	1
dependence	依存	other	798	34.6	23.1	no	1
depiction	イメージ	katakana	1087	136.7	8.0	no	1
deploying	デプロイ	katakana	240	0.3	741.2	no	1
deposit	保管	other	75	30.9	2.4	no	1
depositing	投入	other	72	51.9	1.4	no	1
depot	ベース	katakana	964	145.9	6.6	no	1
deprecated	非推奨	other	539	0.6	946.6	yes	1
depreciation	低減	other	59	11.8	5.0	no	1
deputy	代わり	other	918	90.4	10.2	no	1
designated	特定	other	1384	134.9	10.3	no	1
designating	特定	other	1384	134.9	10.3	no	1
designed for	向き	other	91	12.1	7.6	no	1
designedly	故	other	51	56.6	0.9	no	1
designer	デザイナー	katakana	64	41.6	1.5	no	1
desktop	デスクトップ	katakana	444	7.6	58.5	yes	1
desktop computer	デスクトップ	katakana	444	7.6	58.5	no	1
destiny	数	other	1186	430.3	2.8	no	1
detachment	分離	other	190	99.4	1.9	no	1
detailed	詳細	other	1299	150.0	8.7	no	1
detailed inspection	点検	other	81	12.4	6.5	no	1
details	詳細	other	1299	150.0	8.7	no	1
deterioration	低下	other	127	59.8	2.1	no	1
determination	決定	other	499	429.9	1.2	no	1
deviation	誤差	other	50	8.1	6.2	no	1
device driver	デバイスドライバー	katakana	70	0.9	73.9	yes	1
devotedly	一意	other	116	3.5	33.5	no	1
dharma	法	other	505	388.4	1.3	no	1
diagnosis	診断	other	112	41.6	2.7	no	1
diagonal gap	間	other	730	565.0	1.3	no	1
dialect	言葉	other	118	197.6	0.6	no	1
dialog	ダイアローグ	katakana	165	4.0	40.8	no	1
diff	差分	other	54	2.5	21.4	yes	1
differences	差分	other	54	2.5	21.4	no	1
different name	別名	other	106	39.4	2.7	no	1
differentiation	区別	other	207	65.4	3.2	no	1
digest	ダイジェスト	katakana	73	21.9	3.3	no	1
digital	デジタル	katakana	881	310.2	2.8	no	1
dimensions	大きさ	other	169	47.0	3.6	no	1
dining area of a restaurant	ホール	katakana	88	231.6	0.4	no	1
diplomatic intercourse	国際	other	142	512.5	0.3	no	1
directing	指向	other	68	6.8	10.0	no	1
directional	指向	other	68	6.8	10.0	no	1
director	正	other	204	72.8	2.8	no	1
directory	ディレクトリー	katakana	901	8.5	105.5	yes	1
dirty	下	other	432	387.7	1.1	no	1
disability	障害	other	203	84.6	2.4	no	1
disabling	無効化	other	202	6.3	31.9	no	1
disaggregating	分解	other	72	35.5	2.0	no	1
disassembly	分解	other	72	35.5	2.0	no	1
disc	ディスク	katakana	504	66.9	7.5	yes	1
discarding	廃棄	other	63	11.0	5.7	no	1
discharge	履行	other	164	5.3	30.7	no	1
discharge of a gun without bullets	発火	other	126	5.2	24.4	no	1
disconnection	切断	other	64	22.1	2.9	no	1
discontent	不足	other	78	61.5	1.3	no	1
discontinuation	廃止	other	173	351.7	0.5	no	1
discount	サービス	katakana	2486	273.2	9.1	no	1
discounted item	サービス	katakana	2486	273.2	9.1	no	1
discrete	別個	other	60	5.1	11.7	no	1
discretionary	任意	other	713	41.8	17.1	no	1
discussing below	後述	other	109	83.2	1.3	no	1
dishonesty	不正	other	463	43.9	10.5	no	1
dishonoured	空	other	577	126.5	4.6	no	1
disintegration	分解	other	72	35.5	2.0	no	1
disinterested person	第三者	other	129	15.6	8.2	no	1
disk	ディスク	katakana	504	66.9	7.5	yes	1
disk drive	ディスクドライブ	katakana	69	1.3	54.0	yes	1
dismantling	分解	other	72	35.5	2.0	no	1
dispenser	サーバー	katakana	2170	37.8	57.4	no	1
displacement	置換	other	149	11.1	13.4	no	1
display board	掲示板	other	101	12.9	7.8	no	1
display model	サンプル	katakana	336	15.7	21.4	no	1
displaying	表示	other	3311	1059.5	3.1	yes	1
disposal by sale	売却	other	75	56.8	1.3	no	1
dispute	議論	other	125	61.3	2.0	no	1
disqualified	アウト	katakana	192	85.0	2.3	no	1
disregarding	無視	other	384	34.2	11.2	no	1
disreputable	曖昧	other	84	156.2	0.5	no	1
disrespect	ディス	katakana	193	56.1	3.4	no	1
disruption	破壊	other	60	130.7	0.5	no	1
diss	ディス	katakana	193	56.1	3.4	no	1
dissatisfaction	不足	other	78	61.5	1.3	no	1
dissemination	伝送	other	99	7.2	13.8	no	1
dissertation	論述	other	75	0.9	85.4	no	1
dissing	ディス	katakana	193	56.1	3.4	no	1
distant	遥か	other	58	34.0	1.7	no	1
distant place	空	other	577	126.5	4.6	no	1
distinct	明確	other	200	44.0	4.6	no	1
distinctive	独自	other	449	106.2	4.2	no	1
distress	困難	other	170	77.5	2.2	no	1
distro	ディストリビューション	katakana	232	9.5	24.4	yes	1
disturbance	変	other	78	40.3	1.9	no	1
divergence	分岐	other	125	34.8	3.6	no	1
diversity	変化	other	422	170.5	2.5	no	1
divination	判断	other	331	92.5	3.6	no	1
diving	シミュレーション	katakana	165	21.3	7.8	no	1
division into ten	十分	other	256	50.4	5.1	no	1
divulging	漏洩	other	122	5.1	23.8	no	1
docile	順	other	247	89.5	2.8	no	1
doctoring	細工	other	60	8.7	7.0	no	1
document addressed to someone	文書	other	1224	113.4	10.8	no	1
documentary	ドキュメント	katakana	1008	27.0	37.3	no	1
documents	資料	other	120	197.9	0.6	no	1
dodge	機関	other	811	154.7	5.2	no	1
doer	主	other	102	128.6	0.8	no	1
doggy style	バック	katakana	675	235.9	2.9	no	1
doing exclusively	専門	other	78	128.2	0.6	no	1
dolly	キャリア	katakana	54	62.4	0.9	no	1
domain name	ドメイン	katakana	445	28.3	15.7	no	1
domestic	国内	other	97	144.7	0.7	no	1
domination	左右	other	53	56.5	0.9	no	1
dominion	所有権	other	77	10.5	7.4	no	1
donating	提供	other	2778	273.3	10.2	no	1
dotted line	リーダー	katakana	265	80.7	3.3	no	1
double bed	ダブル	katakana	107	64.1	1.7	no	1
double width	ダブル	katakana	107	64.1	1.7	no	1
double-breasted	ダブル	katakana	107	64.1	1.7	no	1
double-cuffed	ダブル	katakana	107	64.1	1.7	no	1
doubles	ダブル	katakana	107	64.1	1.7	no	1
dough	円	other	287	470.4	0.6	no	1
dough scraper	カード	katakana	459	188.3	2.4	no	1
down jacket	ダウン	katakana	124	65.9	1.9	no	1
download	ダウンロード	katakana	380	40.4	9.4	yes	1
downstage right	角	other	398	62.4	6.4	no	1
draft	ドラフト	katakana	68	67.1	1.0	no	1
draft beer	生	other	87	90.6	1.0	no	1
drag	ドラッグ	katakana	170	24.8	6.8	no	1
dragging	ドラッグ	katakana	170	24.8	6.8	yes	1
dramatist	作者	other	80	51.1	1.6	no	1
drastic	大幅	other	165	66.0	2.5	no	1
draught	ドラフト	katakana	68	67.1	1.0	no	1
draught beer	生	other	87	90.6	1.0	no	1
drawback	欠点	other	78	15.4	5.0	no	1
drawing tablet	タブレット	katakana	155	10.2	15.3	no	1
drawing up	作成	other	4069	117.1	34.7	no	1
drifting	流れ	other	78	59.3	1.3	no	1
drill	訓練	other	55	89.1	0.6	no	1
drinker	左	other	231	105.9	2.2	no	1
driver	ドライバー	katakana	317	57.0	5.6	yes	1
dropping	ドロップ	katakana	175	11.1	15.8	yes	1
drug	ドラッグ	katakana	170	24.8	6.8	no	1
dual	デュアル	katakana	113	11.1	10.2	no	1
dumbbell	アレイ	katakana	250	7.6	33.0	no	1
duration	間	other	730	565.0	1.3	no	1
during the era	年間	other	127	321.0	0.4	no	1
dust jacket	カバー	katakana	67	120.5	0.6	no	1
dyeing	カラー	katakana	276	107.2	2.6	no	1
dysfunction	障害	other	203	84.6	2.4	no	1
e-mail	電子メール	other	171	5.1	33.2	no	1
each company	各社	other	71	21.2	3.4	no	1
each other	互い	other	111	66.8	1.7	no	1
each person	人々	other	110	166.2	0.7	no	1
each round	毎回	other	50	25.9	1.9	no	1
ear	イヤー	katakana	69	85.0	0.8	no	1
earlier	前	other	1519	937.1	1.6	no	1
earlier part	上	other	1233	475.6	2.6	no	1
early	アーリー	katakana	50	27.5	1.8	no	1
early days	初期	other	434	185.1	2.3	no	1
early stage	早期	other	84	24.4	3.4	no	1
early stages	初期	other	434	185.1	2.3	no	1
early years	初期	other	434	185.1	2.3	no	1
earnest	リアル	katakana	133	89.9	1.5	no	1
earth	国	other	106	272.5	0.4	no	1
eau de cologne	コロン	katakana	51	6.5	7.9	no	1
eccentric	変	other	78	40.3	1.9	no	1
echo	エコー	katakana	82	13.0	6.3	yes	1
echoey	ライブ	katakana	211	579.6	0.4	no	1
economics	経済	other	89	347.4	0.3	no	1
economy	経済	other	89	347.4	0.3	no	1
editor	エディター	katakana	263	13.2	19.9	no	1
effective management	運用	other	593	152.5	3.9	no	1
effective move	条	other	231	264.0	0.9	no	1
effectively	事実上	other	76	54.9	1.4	no	1
effectiveness	効果	other	443	134.4	3.3	no	1
effects	効果	other	443	134.4	3.3	no	1
efficacy	効果	other	443	134.4	3.3	no	1
efficient	効率的	other	134	10.9	12.3	no	1
elapsing	経過	other	97	39.7	2.4	no	1
elder	上	other	1233	475.6	2.6	no	1
electric bass	ベース	katakana	964	145.9	6.6	no	1
electric power	電力	other	235	63.6	3.7	no	1
electrical power	電源	other	215	24.9	8.6	no	1
electricity	電気	other	160	186.5	0.9	no	1
electromagnetic record	電磁的記録	other	76	0.5	156.5	no	1
electron	電子	other	420	135.5	3.1	no	1
electronic bulletin board	掲示板	other	101	12.9	7.8	no	1
electronic mail	電子メール	other	171	5.1	33.2	no	1
electronics	エレクトロニクス	katakana	58	9.0	6.4	no	1
elevated railway	ガード	katakana	66	32.8	2.0	no	1
eleventh month of the lunar calendar	子	other	606	265.3	2.3	no	1
ellipse	楕円	other	60	7.3	8.3	no	1
ellipsis	リーダー	katakana	265	80.7	3.3	no	1
elongation	延長	other	51	117.1	0.4	no	1
emancipation	解放	other	163	69.0	2.4	no	1
embankment	バンク	katakana	61	41.4	1.5	no	1
embedded	組み込み	other	322	4.3	74.4	no	1
embellishment	修飾	other	137	5.1	26.7	no	1
emblem	マーク	katakana	136	100.3	1.4	no	1
embrasure	間	other	730	565.0	1.3	no	1
embryo transfer	移植	other	195	35.1	5.6	no	1
embryo transplant	移植	other	195	35.1	5.6	no	1
emotion	情	other	79	12.2	6.4	no	1
emotional climate of a district	人気	other	145	208.0	0.7	no	1
employee	従業員	other	72	32.5	2.2	no	1
employer	主	other	102	128.6	0.8	no	1
emptiness	空	other	577	126.5	4.6	no	1
empty	空	other	577	126.5	4.6	no	1
empty air	空	other	577	126.5	4.6	no	1
empty-handed	空	other	577	126.5	4.6	no	1
emulation	エミュレーション	katakana	54	1.1	51.5	yes	1
emulator	エミュレーター	katakana	112	2.5	45.4	yes	1
en route	途中	other	58	144.8	0.4	no	1
enacting	成立	other	59	158.0	0.4	no	1
encipherment	暗号化	other	440	5.8	75.7	no	1
enclosure inside a castle's walls	円	other	287	470.4	0.6	no	1
encoder	エンコーダー	katakana	50	1.2	43.1	no	1
encompassing	網羅	other	60	6.2	9.6	no	1
encroachment	侵害	other	110	17.7	6.2	no	1
encryption	暗号化	other	440	5.8	75.7	no	1
end edge	終端	other	79	3.5	22.6	no	1
end of an act	限り	other	422	87.3	4.8	no	1
end of life	終わり	other	99	44.4	2.2	no	1
end of one's life	限り	other	422	87.3	4.8	no	1
end user	エンドユーザー	katakana	58	1.2	50.3	no	1
end-user	利用者	other	433	35.4	12.2	no	1
endemic	固有	other	369	31.2	11.8	no	1
ending	終わり	other	99	44.4	2.2	no	1
endorsement	推奨	other	504	19.8	25.4	no	1
endowment	付与	other	159	27.8	5.7	no	1
endpoint	エンドポイント	katakana	215	0.6	374.5	yes	1
energy	エネルギー	katakana	76	128.9	0.6	no	1
energy resource	エネルギー	katakana	76	128.9	0.6	no	1
energy source	エネルギー	katakana	76	128.9	0.6	no	1
enforcement regulations	式	other	585	419.6	1.4	no	1
england	イギリス	katakana	88	355.3	0.2	no	1
english flute	レコーダー	katakana	57	6.3	9.1	no	1
english pointer	ポインター	katakana	370	4.5	82.3	no	1
enhancement	強化	other	288	120.9	2.4	no	1
enjoyment	曲	other	62	615.4	0.1	no	1
enormous	巨大	other	58	101.8	0.6	no	1
ensuring	確保	other	313	76.9	4.1	no	1
entering	参入	other	50	29.9	1.7	no	1
entering an institution	入門	other	96	60.3	1.6	no	1
entering through a gate	入門	other	96	60.3	1.6	no	1
entertaining someone as one's guest	主	other	102	128.6	0.8	no	1
entertainment	振る舞い	other	166	11.1	15.0	no	1
enthusiast	ファン	katakana	58	242.7	0.2	no	1
entire	ホール	katakana	88	231.6	0.4	no	1
entirely	全て	other	3784	481.7	7.9	no	1
entrance	登場	other	477	848.1	0.6	no	1
entrant	参加者	other	60	33.1	1.8	no	1
entrusting	委託	other	226	35.4	6.4	no	1
entry field	入力欄	other	140	0.1	2203.7	yes	1
enum	列挙型	other	84	0.2	412.0	yes	1
enumerated type	列挙型	other	84	0.2	412.0	yes	1
enumeration	列挙	other	217	7.4	29.5	no	1
enumeration type	列挙型	other	84	0.2	412.0	yes	1
enunciation	論述	other	75	0.9	85.4	no	1
environmentally friendly	グリーン	katakana	74	108.3	0.7	no	1
episode	回	other	367	1793.0	0.2	no	1
equal footing	対	other	107	236.2	0.5	no	1
equal terms	対	other	107	236.2	0.5	no	1
equal treatment	同一	other	216	80.3	2.7	no	1
equal value	等価	other	199	5.8	34.5	no	1
equality	同等	other	259	25.4	10.2	no	1
equipped	内蔵	other	339	25.4	13.3	no	1
equipping	整備	other	240	203.5	1.2	no	1
equipping with	搭載	other	1574	221.7	7.1	no	1
equivalent to	分	other	388	1042.5	0.4	no	1
equivocation	左右	other	53	56.5	0.9	no	1
erecting	構築	other	958	56.2	17.1	no	1
errand	用	other	163	9.4	17.4	no	1
error message	エラーメッセージ	katakana	186	0.4	486.3	yes	1
esc	拡張	other	863	63.8	13.5	yes	1
escalation	拡大	other	173	159.6	1.1	no	1
escapement	エスケープ	katakana	261	7.6	34.1	no	1
esoteric teachings	秘密	other	150	113.8	1.3	no	1
especial	特別	other	283	291.6	1.0	no	1
especially	故	other	51	56.6	0.9	no	1
essence	実体	other	69	12.0	5.7	no	1
essential point	要	other	98	21.1	4.6	no	1
essentially	本来	other	128	95.3	1.3	no	1
established tactics	セオリー	katakana	91	25.5	3.6	no	1
establishing more	増設	other	53	20.7	2.5	no	1
estimate	予定	other	193	261.8	0.7	no	1
estrangement	間	other	730	565.0	1.3	no	1
ethernet	イーサーネット	katakana	175	2.9	60.6	yes	1
euphoric	ハイ	katakana	126	43.5	2.9	no	1
europe	ヨーロッパ	katakana	52	170.6	0.3	no	1
european pear	ペア	katakana	159	29.1	5.5	no	1
evacuation	退避	other	61	4.9	12.5	no	1
evaluation	評価	other	646	216.0	3.0	no	1
evasion	回避	other	243	179.0	1.4	no	1
evasive sidestep at the beginning of a bout	変化	other	422	170.5	2.5	no	1
even if	とも	other	355	430.1	0.8	no	1
eventual	最終的	other	196	110.6	1.8	no	1
ever since	以来	other	66	188.7	0.4	no	1
everlasting	不変	other	79	6.5	12.1	no	1
every kind	各種	other	259	66.3	3.9	no	1
every time	毎回	other	50	25.9	1.9	no	1
everyone	皆	other	57	156.6	0.4	no	1
evident	明らか	other	133	125.8	1.1	no	1
evil	曲	other	62	615.4	0.1	no	1
evil intention	悪意	other	131	5.9	22.4	no	1
ex ante	事前	other	297	45.3	6.6	no	1
exaggerated	オーバー	katakana	208	74.4	2.8	no	1
exceeding	オーバー	katakana	208	74.4	2.8	no	1
exceptional	特別	other	283	291.6	1.0	no	1
excess	余分	other	55	4.0	13.8	no	1
exchange rate	エクスチェンジ	katakana	95	8.8	10.8	no	1
excluding	以外	other	893	314.4	2.8	no	1
exclusive	オリジナル	katakana	1261	964.3	1.3	no	1
exclusive use	専用	other	416	149.0	2.8	no	1
excretion	用	other	163	9.4	17.4	no	1
excuse	理由	other	478	236.5	2.0	no	1
execution-time	実行時	other	181	1.3	137.7	yes	1
executive	行政	other	105	133.5	0.8	no	1
exemplar	代表	other	78	532.7	0.1	no	1
exemplary	代表的	other	71	31.7	2.2	no	1
exemplification	代表	other	78	532.7	0.1	no	1
exercise book	ノート	katakana	98	41.8	2.3	no	1
exhibiting	公開	other	934	486.9	1.9	no	1
exhibition	ショー	katakana	71	144.3	0.5	no	1
existence	存在	other	1281	645.0	2.0	no	1
existence or nonexistence	有無	other	106	16.1	6.6	no	1
existing alongside	混在	other	62	10.2	6.1	no	1
exit	アウト	katakana	192	85.0	2.3	no	1
exit here	アウト	katakana	192	85.0	2.3	no	1
expanded functionality	拡張機能	other	347	1.5	238.6	yes	1
expected	筈	other	272	53.3	5.1	no	1
expense	費用	other	84	39.6	2.1	no	1
expenses	経費	other	59	9.0	6.5	no	1
expensive	高価	other	74	12.3	6.0	no	1
experimental	実験的	other	137	9.0	15.3	no	1
experimentation	実験	other	76	103.7	0.7	no	1
explanatory note	注	other	87	26.9	3.2	no	1
explicit comparison	比	other	103	52.1	2.0	no	1
explicit statement	明示	other	525	11.4	46.1	no	1
exploitation	開発	other	3365	505.6	6.7	no	1
exploitative	ブラック	katakana	81	142.6	0.6	no	1
exploration	探索	other	199	21.0	9.5	no	1
explorer	エクスプローラー	katakana	61	4.8	12.7	no	1
expo	ショー	katakana	71	144.3	0.5	no	1
exponent	指数	other	57	14.1	4.1	no	1
export	エクスポート	katakana	203	2.1	97.3	no	1
exported goods	エクスポート	katakana	203	2.1	97.3	no	1
exporting	エクスポート	katakana	203	2.1	97.3	yes	1
exposure	向き	other	91	12.1	7.6	no	1
expressing	発表	other	1427	726.8	2.0	no	1
expression in writing	表記	other	201	233.5	0.9	no	1
expressway	高速	other	382	118.6	3.2	no	1
extended functionality	拡張機能	other	347	1.5	238.6	yes	1
extended game	延長	other	51	117.1	0.4	no	1
extending	展開	other	246	199.7	1.2	no	1
extinction	消去	other	98	6.3	15.4	no	1
extra innings	延長	other	51	117.1	0.4	no	1
extra time	延長	other	51	117.1	0.4	no	1
extreme amount	限り	other	422	87.3	4.8	no	1
extremity	端	other	105	30.3	3.5	no	1
eye	目	other	127	180.7	0.7	no	1
eyeball	目	other	127	180.7	0.7	no	1
eyes	目	other	127	180.7	0.7	no	1
fabric	テックス	katakana	74	3.5	21.4	no	1
face guard	面	other	242	379.0	0.6	no	1
face mask	パック	katakana	128	36.8	3.5	no	1
face pack	パック	katakana	128	36.8	3.5	no	1
face to face	差	other	62	114.4	0.5	no	1
facial	パック	katakana	128	36.8	3.5	no	1
facial mask	パック	katakana	128	36.8	3.5	no	1
facilitation	促進	other	56	45.4	1.2	no	1
facing	相対	other	309	16.6	18.6	no	1
faction	クラスター	katakana	801	12.3	65.0	no	1
factorization	分解	other	72	35.5	2.0	no	1
facts	事項	other	1255	29.5	42.6	no	1
facultative	任意	other	713	41.8	17.1	no	1
fairing	整形	other	114	6.7	17.0	no	1
fairly	相当	other	219	97.4	2.3	no	1
faith	信頼	other	211	39.8	5.3	no	1
faking	改竄	other	93	6.3	14.7	no	1
falling under	該当	other	183	53.9	3.4	no	1
falseness	偽	other	111	25.8	4.3	no	1
falsification	改竄	other	93	6.3	14.7	no	1
familiarization	普及	other	321	75.4	4.3	no	1
family line	系統	other	51	154.0	0.3	no	1
fan	ファン	katakana	58	242.7	0.2	no	1
fan group	クラスター	katakana	801	12.3	65.0	no	1
far	遥か	other	58	34.0	1.7	no	1
far away	遥か	other	58	34.0	1.7	no	1
far from the imperial palace	下	other	432	387.7	1.1	no	1
far off	遥か	other	58	34.0	1.7	no	1
far-off place	空	other	577	126.5	4.6	no	1
farming on one's own land	自作	other	57	17.8	3.2	no	1
fashion model	モデル	katakana	2092	351.7	5.9	no	1
fashion show	コレクション	katakana	162	184.1	0.9	no	1
fashionable	ポップ	katakana	167	34.8	4.8	no	1
fastening down	固定	other	194	63.1	3.1	no	1
favor	通り	other	812	439.9	1.8	no	1
favour	通り	other	812	439.9	1.8	no	1
favourable time	時刻	other	308	23.4	13.1	no	1
feasible	可能	other	3569	478.8	7.5	no	1
feast	振る舞い	other	166	11.1	15.0	no	1
february	フェブラリー	katakana	85	44.1	1.9	no	1
feces	下	other	432	387.7	1.1	no	1
federation	連邦	other	50	91.6	0.6	no	1
fee-charging	有料	other	75	26.4	2.8	no	1
feedback	フィードバック	katakana	105	5.5	19.3	no	1
feel	タッチ	katakana	185	20.7	8.9	no	1
feeler	角	other	398	62.4	6.4	no	1
felt hat	ソフト	katakana	817	127.7	6.4	no	1
felt-tip pen	マジック	katakana	56	48.0	1.2	no	1
fetch	フェッチ	katakana	102	0.3	305.2	yes	1
fetish	属性	other	3208	33.9	94.5	no	1
fetters	束縛	other	58	3.5	16.5	no	1
few	若干	other	55	29.7	1.9	no	1
fiberboard	テックス	katakana	74	3.5	21.4	no	1
fibreboard	テックス	katakana	74	3.5	21.4	no	1
fictitious	仮	other	64	64.9	1.0	no	1
fidelity	実	other	88	137.0	0.6	no	1
fifth principle of the eight principles of yong	策	other	162	27.5	5.9	no	1
figurehead	ロボット	katakana	107	100.5	1.1	no	1
file extension	拡張子	other	81	1.4	56.2	yes	1
file system	ファイルシステム	katakana	305	4.1	74.3	yes	1
filling in	記入	other	54	45.4	1.2	no	1
filling out	記入	other	54	45.4	1.2	no	1
film canister	マガジン	katakana	164	157.4	1.0	no	1
film cassette	マガジン	katakana	164	157.4	1.0	no	1
filming	撮影	other	69	258.7	0.3	no	1
filter	フィルター	katakana	368	13.7	27.0	no	1
filtering	フィルタリング	katakana	103	1.6	63.6	no	1
final moments	限り	other	422	87.3	4.8	no	1
final performance of the day	限り	other	422	87.3	4.8	no	1
finale	限り	other	422	87.3	4.8	no	1
finance	経済	other	89	347.4	0.3	no	1
finances	経済	other	89	347.4	0.3	no	1
financial circumstances	経済	other	89	347.4	0.3	no	1
financial year	年度	other	107	574.8	0.2	no	1
finest	最高	other	131	251.7	0.5	no	1
finish	限り	other	422	87.3	4.8	no	1
finished	アウト	katakana	192	85.0	2.3	no	1
finished goods	製品	other	1346	120.4	11.2	no	1
finishing tool	ラップ	katakana	167	33.3	5.0	no	1
finite	有限	other	126	32.7	3.8	no	1
fire	ファイア	katakana	93	52.4	1.8	no	1
firewall	ファイアーウォール	katakana	81	1.7	48.5	yes	1
firing	発火	other	126	5.2	24.4	yes	1
firing a blank cartridge	発火	other	126	5.2	24.4	no	1
firm request	要求	other	787	88.5	8.9	no	1
firm tone	強調	other	85	33.8	2.5	no	1
firmware	ファームウェア	katakana	92	1.9	48.8	yes	1
first base	ファースト	katakana	54	138.1	0.4	no	1
first baseman	ファースト	katakana	54	138.1	0.4	no	1
first book	上	other	1233	475.6	2.6	no	1
first class	上	other	1233	475.6	2.6	no	1
first consideration	主	other	102	128.6	0.8	no	1
first day of the month	一日	other	589	1324.8	0.4	no	1
first generation	初代	other	74	193.2	0.4	no	1
first grade	上	other	1233	475.6	2.6	no	1
first half	表	other	521	142.8	3.6	no	1
first in the world	世界初	other	85	19.9	4.3	no	1
first move	先	other	370	156.6	2.4	no	1
first place	一番	other	78	219.3	0.4	no	1
first principle of the eight principles of yong	側	other	471	364.7	1.3	no	1
first sign of the chinese calendar	甲	other	215	40.4	5.3	no	1
first ten days of the lunar month	一日	other	589	1324.8	0.4	no	1
first volume	上	other	1233	475.6	2.6	no	1
first-hand experience	体験	other	98	65.2	1.5	no	1
first-person plural	共	other	185	456.3	0.4	no	1
firsthand	直接	other	152	47.7	3.2	no	1
fiscal year	年度	other	107	574.8	0.2	no	1
fishing	フィッシング	katakana	56	4.5	12.4	no	1
fishy	変	other	78	40.3	1.9	no	1
fitting	適切	other	983	145.1	6.8	no	1
fix	修正	other	684	51.2	13.4	no	1
fixation	固定	other	194	63.1	3.1	no	1
fixed number	定数	other	267	30.9	8.6	no	1
fixture	マウント	katakana	283	20.3	14.0	no	1
flag	フラグ	katakana	531	6.1	87.2	yes	1
flagstick	ピン	katakana	143	11.8	12.1	no	1
flame	フレーム	katakana	407	31.2	13.1	no	1
flank	側面	other	54	51.4	1.0	no	1
flash	フラッシュ	katakana	142	18.8	7.6	no	1
flashbulb	フラッシュ	katakana	142	18.8	7.6	no	1
flashlight	フラッシュ	katakana	142	18.8	7.6	no	1
flat	変	other	78	40.3	1.9	no	1
flavour	気	other	81	139.9	0.6	no	1
flexible	柔軟	other	68	8.4	8.0	no	1
flexible-hours system	フレックス	katakana	303	2.2	137.9	no	1
flexitime	フレックス	katakana	303	2.2	137.9	no	1
flextime	フレックス	katakana	303	2.2	137.9	no	1
flipping	反転	other	58	12.4	4.7	no	1
float	フロート	katakana	79	5.9	13.4	no	1
floating	浮動	other	237	2.7	86.6	no	1
flooring	ダウン	katakana	124	65.9	1.9	no	1
flopping	シミュレーション	katakana	165	21.3	7.8	no	1
floppy	フロッピー	katakana	69	1.5	44.8	yes	1
floppy disk	フロッピーディスク	katakana	85	2.1	41.4	yes	1
flourishing	発展	other	143	143.5	1.0	no	1
fluctuation	動き	other	80	75.5	1.1	no	1
flush	フラッシュ	katakana	142	18.8	7.6	no	1
flyer	プリント	katakana	118	17.6	6.7	no	1
flying across	横断	other	52	37.9	1.4	no	1
flyover	ガード	katakana	66	32.8	2.0	no	1
foam	フォーム	katakana	1051	27.8	37.8	no	1
focused on	中心	other	227	402.9	0.6	no	1
focusing one's attention	集中	other	59	52.0	1.1	no	1
folk	フォーク	katakana	95	22.4	4.2	no	1
folk song	フォーク	katakana	95	22.4	4.2	no	1
following up	追跡	other	174	26.4	6.6	no	1
fondness	属性	other	3208	33.9	94.5	no	1
fondness for alcohol	左	other	231	105.9	2.2	no	1
font	フォント	katakana	713	13.4	53.3	no	1
food energy	エネルギー	katakana	76	128.9	0.6	no	1
food wrap	ラップ	katakana	167	33.3	5.0	no	1
footage	映像	other	170	244.5	0.7	no	1
footer	フッター	katakana	50	0.4	129.5	no	1
foothold	拠点	other	67	120.9	0.6	no	1
footing	基盤	other	204	36.2	5.6	no	1
footman	中間	other	101	48.2	2.1	no	1
footnote	脚注	other	458	628.6	0.7	no	1
for	代	other	611	785.4	0.8	no	1
for a moment	一度	other	281	101.8	2.8	no	1
for instance	辺り	other	51	36.3	1.4	no	1
for oneself	自ら	other	70	195.7	0.4	no	1
for the most part	略	other	72	36.9	1.9	no	1
force	フォース	katakana	61	74.7	0.8	no	1
force attacking the front of a castle	大手	other	65	40.2	1.6	no	1
force of habit	パターン	katakana	624	42.3	14.8	no	1
forced	強制的	other	58	13.5	4.3	no	1
forced labor	役	other	128	903.1	0.1	no	1
forcing	強制	other	213	50.2	4.2	no	1
fore	前	other	1519	937.1	1.6	no	1
foreclosure	流れ	other	78	59.3	1.3	no	1
forefather	親	other	727	64.6	11.2	no	1
forefront	先頭	other	324	91.6	3.5	no	1
foreground	表	other	521	142.8	3.6	yes	1
foreign	海外	other	80	129.8	0.6	no	1
foreleg	手	other	110	271.5	0.4	no	1
forepaw	手	other	110	271.5	0.4	no	1
foreseeing	先読み	other	66	1.2	55.0	no	1
foresight	ビジョン	katakana	95	35.9	2.6	no	1
forest	杜	other	84	19.9	4.2	no	1
forfeiture	流れ	other	78	59.3	1.3	no	1
forged	偽	other	111	25.8	4.3	no	1
fork	フォーク	katakana	95	22.4	4.2	no	1
forkball	フォーク	katakana	95	22.4	4.2	no	1
formal information release	アナウンス	katakana	70	34.0	2.1	no	1
formalities	手続き	other	163	43.2	3.8	no	1
formality	形式	other	1198	216.9	5.5	no	1
former imperial university of japan	大学	other	227	517.8	0.4	no	1
former times	以前	other	496	227.4	2.2	no	1
forth	フォース	katakana	61	74.7	0.8	no	1
fortune	資産	other	91	33.7	2.7	no	1
forum	フォーラム	katakana	153	37.4	4.1	no	1
forward	前	other	1519	937.1	1.6	no	1
foul tip	チップ	katakana	447	26.2	17.1	no	1
fouling	ハッキング	katakana	74	5.1	14.4	no	1
foundation garment	ファンデーション	katakana	308	23.1	13.3	no	1
founded and run by the central government	国立	other	68	292.6	0.2	no	1
founder of a school of thought	子	other	606	265.3	2.3	no	1
founding	設立	other	314	405.2	0.8	no	1
four	フォー	katakana	2196	496.5	4.4	no	1
fragility	脆弱性	other	1522	4.7	324.9	no	1
fragment	フラグメント	katakana	135	1.2	111.2	no	1
fragrance	気	other	81	139.9	0.6	no	1
frail	脆弱	other	74	5.7	13.1	no	1
frame of mind	モード	katakana	972	118.3	8.2	no	1
france	フランス	katakana	69	414.3	0.2	no	1
frank	オープン	katakana	568	188.4	3.0	no	1
fraud	不正	other	463	43.9	10.5	no	1
free service	サービス	katakana	2486	273.2	9.1	no	1
free skating	フリー	katakana	385	130.8	2.9	no	1
free software	フリーソフトウェア	katakana	62	0.9	67.4	yes	1
freebie	サービス	katakana	2486	273.2	9.1	no	1
freelance	フリー	katakana	385	130.8	2.9	no	1
freelancer	フリー	katakana	385	130.8	2.9	no	1
freeway	高速	other	382	118.6	3.2	no	1
french	フランス語	other	50	124.0	0.4	no	1
frequent	頻繁	other	67	31.0	2.2	no	1
frequently	数	other	1186	430.3	2.8	no	1
fresh start	リセット	katakana	138	6.8	20.4	no	1
friend	兄弟	other	63	131.9	0.5	no	1
friendliness	親	other	727	64.6	11.2	no	1
from	自	other	52	26.7	1.9	no	1
from morning till night	一日	other	589	1324.8	0.4	no	1
from the beginning	元々	other	53	36.0	1.5	no	1
from the outset	元々	other	53	36.0	1.5	no	1
from the standpoint of	上	other	1233	475.6	2.6	no	1
from the viewpoint of	上	other	1233	475.6	2.6	no	1
front and back	前後	other	51	81.2	0.6	no	1
front and rear	前後	other	51	81.2	0.6	no	1
front castle gate	大手	other	65	40.2	1.6	no	1
front end	フロントエンド	katakana	76	1.1	67.9	yes	1
front nine	アウト	katakana	192	85.0	2.3	no	1
frontal part	前	other	1519	937.1	1.6	no	1
frontend	フロントエンド	katakana	76	1.1	67.9	yes	1
frontier	境界	other	366	49.6	7.4	no	1
fruiting	結果	other	1963	464.9	4.2	no	1
fruitlessness	空	other	577	126.5	4.6	no	1
fruits	成果	other	67	38.4	1.8	no	1
fujitsu	富士通	other	198	14.0	14.2	no	1
fulfilling	該当	other	183	53.9	3.4	no	1
fulfilment	履行	other	164	5.3	30.7	no	1
full length of one's arm	大手	other	65	40.2	1.6	no	1
full score	スコア	katakana	93	36.2	2.6	no	1
full screen	全画面	other	78	0.4	213.2	yes	1
full-width cloth	大幅	other	165	66.0	2.5	no	1
fully	十分	other	256	50.4	5.1	no	1
fumble that leads to failing to put out a runner	エラー	katakana	1648	60.6	27.2	no	1
functioning	動作	other	1672	48.3	34.6	no	1
fundamental	基本的	other	591	108.4	5.5	no	1
fundamental truth	原理	other	66	28.6	2.3	no	1
fundamentals	基本	other	709	92.1	7.7	no	1
funds	資金	other	87	75.9	1.1	no	1
funeral	限り	other	422	87.3	4.8	no	1
funny	変	other	78	40.3	1.9	no	1
further than	以上	other	782	475.0	1.6	no	1
furtherance	推進	other	242	120.1	2.0	no	1
future generation	次世代	other	89	19.3	4.6	no	1
fuzzy	曖昧	other	84	156.2	0.5	yes	1
gable	端	other	105	30.3	3.5	no	1
gable wall	端	other	105	30.3	3.5	no	1
gagaku instrumental music	音声	other	502	72.7	6.9	no	1
gain	プラス	katakana	166	109.9	1.5	no	1
gaining possession	取得	other	1591	163.5	9.7	no	1
game of tag	タグ	katakana	502	6.0	83.3	no	1
gamepad	パッド	katakana	72	6.2	11.7	no	1
gaming	ゲーミング	katakana	87	7.9	11.0	no	1
gas pedal	アクセラレーター	katakana	66	1.7	37.5	no	1
gate	ゲート	katakana	83	54.8	1.5	yes	1
gateway	ゲートウェー	katakana	71	4.8	14.9	yes	1
gaze	目	other	127	180.7	0.7	no	1
gearshift	シフト	katakana	99	17.0	5.8	no	1
geisha	者	other	340	283.7	1.2	no	1
general principle	理	other	75	24.1	3.1	no	1
general purpose	汎用	other	193	10.0	19.4	no	1
general rule	原則	other	103	61.2	1.7	no	1
general term	総称	other	65	31.0	2.1	no	1
general-purpose counter	個	other	163	9.3	17.5	no	1
generalisation	一般化	other	62	10.4	6.0	no	1
generally	普通	other	118	130.0	0.9	no	1
generator	ジェネレーター	katakana	310	4.3	72.5	no	1
generic drug	ジェネリック	katakana	71	1.2	57.5	no	1
generic name	総称	other	65	31.0	2.1	no	1
generosity	量	other	181	94.6	1.9	no	1
genre	類型	other	60	8.6	7.0	no	1
gentleman	方	other	462	268.2	1.7	no	1
genuine article	実	other	88	137.0	0.6	no	1
genuineness	真	other	136	105.0	1.3	no	1
german	ドイツ語	other	57	144.9	0.4	no	1
germany	ドイツ	katakana	87	360.4	0.2	no	1
get-up-and-go	エネルギー	katakana	76	128.9	0.6	no	1
getter	ゲッター	katakana	57	3.2	17.9	no	1
getting ahead	リード	katakana	64	55.9	1.1	no	1
getting in touch	連絡	other	111	85.7	1.3	no	1
getting off to a lead	先行	other	50	67.7	0.7	no	1
getting out of order	前後	other	51	81.2	0.6	no	1
getting past	クリア	katakana	117	56.3	2.1	no	1
getting stuck	スタック	katakana	326	7.2	45.4	no	1
getting through	クリア	katakana	117	56.3	2.1	no	1
getup	形	other	316	272.3	1.2	no	1
ghost	変化	other	422	170.5	2.5	no	1
gift	サービス	katakana	2486	273.2	9.1	no	1
gigantic	巨大	other	58	101.8	0.6	no	1
girder	桁	other	174	34.3	5.1	no	1
girder bridge	ガード	katakana	66	32.8	2.0	no	1
giving a correct answer	正答	other	154	1.0	156.0	no	1
giving a name	呼称	other	64	64.3	1.0	no	1
giving a pass	パス	katakana	956	33.4	28.6	no	1
giving and taking	遣り取り	other	100	15.9	6.3	no	1
giving form to	形成	other	77	152.1	0.5	no	1
giving one the feeling of	気	other	81	139.9	0.6	no	1
giving rise to	将来	other	131	49.4	2.6	no	1
giving the appearance of	気	other	81	139.9	0.6	no	1
glancing through	一覧	other	453	744.0	0.6	no	1
glasses prescription	度	other	546	575.2	0.9	no	1
gleam	光	other	147	193.3	0.8	no	1
global	グローバル	katakana	510	75.3	6.8	no	1
glossary	グロッサリー	katakana	994	2.2	446.7	no	1
glow	光	other	147	193.3	0.8	no	1
gnu	ニュー	katakana	598	291.5	2.1	yes	1
go	ゴー	katakana	127	96.6	1.3	no	1
go-between	パイプ	katakana	84	15.6	5.4	no	1
goad	策	other	162	27.5	5.9	no	1
goblin	変化	other	422	170.5	2.5	no	1
going abreast	並行	other	104	34.1	3.0	no	1
going ahead	先行	other	50	67.7	0.7	no	1
going backwards	バック	katakana	675	235.9	2.9	no	1
going beyond	オーバー	katakana	208	74.4	2.8	no	1
going by way of	経由	other	259	113.5	2.3	no	1
going down	ダウン	katakana	124	65.9	1.9	yes	1
going first	先行	other	50	67.7	0.7	no	1
going on	継続	other	173	98.4	1.8	no	1
going over	オーバー	katakana	208	74.4	2.8	no	1
going side-by-side	並行	other	104	34.1	3.0	no	1
going up	アップ	katakana	240	175.9	1.4	no	1
going via	経由	other	259	113.5	2.3	no	1
going well	マッチ	katakana	296	61.8	4.8	no	1
going with	付属	other	214	134.7	1.6	no	1
good job	乙	other	210	22.9	9.2	no	1
good opportunity	間	other	730	565.0	1.3	no	1
goodbye	乙	other	210	22.9	9.2	no	1
goodnight	乙	other	210	22.9	9.2	no	1
gorge	間	other	730	565.0	1.3	no	1
governance	行政	other	105	133.5	0.8	no	1
governing	制御	other	1140	100.9	11.3	no	1
government employee who has passed the highest national civil service exam	キャリア	katakana	54	62.4	0.9	no	1
grace	利益	other	60	41.6	1.4	no	1
gradation haircut	グラデーション	katakana	194	2.1	94.1	no	1
grade a	甲	other	215	40.4	5.3	no	1
grading	格付け	other	131	10.6	12.4	no	1
graduation	目	other	127	180.7	0.7	no	1
grafting	移植	other	195	35.1	5.6	no	1
grain	目	other	127	180.7	0.7	no	1
grammar	文法	other	238	13.5	17.7	no	1
grammatical construction	構文	other	1811	5.3	339.0	no	1
grant-in-aid	補助	other	94	41.6	2.3	no	1
graphic magazine	グラフィック	katakana	220	26.9	8.2	no	1
graphical	グラフィカル	katakana	89	1.6	55.2	no	1
graphics card	ビデオカード	katakana	57	1.0	59.9	yes	1
graphics tablet	タブレット	katakana	155	10.2	15.3	no	1
grappling with	取り組み	other	125	33.8	3.7	no	1
gratuitous	無料	other	254	78.9	3.2	no	1
gratuity	チップ	katakana	447	26.2	17.1	no	1
grave	重大	other	60	24.1	2.5	no	1
great britain	イギリス	katakana	88	355.3	0.2	no	1
greater	正	other	204	72.8	2.8	no	1
greater than zero	正	other	204	72.8	2.8	no	1
greatest	最大	other	544	230.9	2.4	no	1
green space	グリーン	katakana	74	108.3	0.7	no	1
greenland	グリーン	katakana	74	108.3	0.7	no	1
grip	把握	other	195	21.4	9.1	no	1
gristly fish paste	条	other	231	264.0	0.9	no	1
group of people who remain together after the end of an event	流れ	other	78	59.3	1.3	no	1
grouping	区分	other	63	45.5	1.4	no	1
growing up	成長	other	65	112.0	0.6	no	1
grown-up	人	other	284	482.4	0.6	no	1
guardian spirit	主	other	102	128.6	0.8	no	1
guardianship	保護	other	369	129.5	2.9	no	1
guess	推測	other	101	40.9	2.5	no	1
guide ring	ガイド	katakana	711	111.4	6.4	no	1
guidebook	ガイド	katakana	711	111.4	6.4	no	1
guideline	ガイドライン	katakana	222	18.5	12.0	no	1
guiding	ガイド	katakana	711	111.4	6.4	no	1
gushing out	ビュー	katakana	641	19.2	33.4	no	1
habit	例	other	6343	223.3	28.4	no	1
hacker	ハッカー	katakana	152	6.7	22.5	yes	1
hacking attack	サイバー攻撃	other	69	2.0	34.9	no	1
hair slide	クリップ	katakana	74	16.2	4.6	no	1
haircut	カット	katakana	58	63.2	0.9	no	1
hairpin	クリップ	katakana	74	16.2	4.6	no	1
half	半分	other	50	48.3	1.0	no	1
half minute	半分	other	50	48.3	1.0	no	1
half-baked	生	other	87	90.6	1.0	no	1
half-hearted	生	other	87	90.6	1.0	no	1
half-siblings	兄弟	other	63	131.9	0.5	no	1
hall	ホール	katakana	88	231.6	0.4	no	1
halo	ハロー	katakana	111	43.1	2.6	no	1
halt	停止	other	473	115.8	4.1	no	1
han	ファン	katakana	58	242.7	0.2	no	1
hand blender	ブレンダー	katakana	110	2.2	50.1	no	1
hand truck	キャリア	katakana	54	62.4	0.9	no	1
handbook	ハンドブック	katakana	51	25.0	2.1	no	1
handicap	障害	other	203	84.6	2.4	no	1
handiwork	細工	other	60	8.7	7.0	no	1
handlebar	ハンドル	katakana	93	18.1	5.1	no	1
handlebars	ハンドル	katakana	93	18.1	5.1	no	1
handler	ハンドラー	katakana	848	1.5	574.6	yes	1
handout	プリント	katakana	118	17.6	6.7	no	1
hands-on experience	体験	other	98	65.2	1.5	no	1
handy	便利	other	369	13.1	28.2	no	1
hanging scroll	軸	other	415	56.4	7.4	no	1
happening at the same time	前後	other	51	81.2	0.6	no	1
happening prior	先行	other	50	67.7	0.7	no	1
happiness	光	other	147	193.3	0.8	no	1
harbor	ポート	katakana	922	36.5	25.2	no	1
hard	ハード	katakana	93	35.2	2.7	no	1
hard disk drive	ハードディスクドライブ	katakana	52	1.0	52.9	yes	1
hard drive	ハードディスク	katakana	142	3.6	39.6	yes	1
hard fact	現実	other	51	41.0	1.3	no	1
hardcore	コア	katakana	422	21.9	19.3	no	1
hardly	殆ど	other	476	214.0	2.2	no	1
hardship	困難	other	170	77.5	2.2	no	1
harm	被害	other	135	98.6	1.4	no	1
harmony	和	other	57	61.8	0.9	no	1
harrow	ハロー	katakana	111	43.1	2.6	no	1
harshness	角	other	398	62.4	6.4	no	1
hash	ハッシュ	katakana	310	4.4	70.7	yes	1
hash sign	シャープ	katakana	75	16.6	4.5	no	1
hat	ハット	katakana	137	19.1	7.2	no	1
hater	アンチ	katakana	77	20.5	3.8	no	1
have just done	所	other	234	343.3	0.7	no	1
having a look at	一覧	other	453	744.0	0.6	no	1
having an active sex life	発展	other	143	143.5	1.0	no	1
having no solution	不能	other	73	29.6	2.4	no	1
hdd	ハードディスクドライブ	katakana	52	1.0	52.9	yes	1
head office	本社	other	81	178.2	0.5	no	1
header	ヘッダー	katakana	1181	6.6	180.0	no	1
headline	見出し	other	277	6.1	45.2	no	1
headpiece	甲	other	215	40.4	5.3	no	1
headquarters	本社	other	81	178.2	0.5	no	1
heads-up	注意喚起	other	111	3.1	35.8	no	1
health	体	other	91	244.2	0.4	no	1
heavy	重	other	85	88.8	1.0	no	1
heavy-faced type	ブラック	katakana	81	142.6	0.6	no	1
heed	注意	other	892	61.0	14.6	no	1
heeding	留意	other	114	4.2	26.9	no	1
heel	巻	other	102	805.0	0.1	no	1
heian-period student of government administration	学生	other	70	167.9	0.4	no	1
heights	台	other	308	313.7	1.0	no	1
heisei era	平成	other	147	1303.5	0.1	no	1
hello	ハロー	katakana	111	43.1	2.6	no	1
helmet	甲	other	215	40.4	5.3	no	1
helper	ヘルパー	katakana	189	3.5	54.0	no	1
helping	前	other	1519	937.1	1.6	no	1
hence	結果	other	1963	464.9	4.2	no	1
henceforth	以来	other	66	188.7	0.4	no	1
henka	変化	other	422	170.5	2.5	no	1
herculean strength	強力	other	88	53.3	1.6	no	1
herd	群	other	335	167.1	2.0	no	1
hereditary occupational group	部	other	252	1097.4	0.2	no	1
hey	よう	other	10037	1988.9	5.0	no	1
heyday	春	other	81	176.9	0.5	no	1
hi	よう	other	10037	1988.9	5.0	no	1
hidden	非表示	other	206	0.9	223.2	yes	1
hideout	ネスト	katakana	182	2.1	88.5	no	1
hierarchy	階層	other	146	13.9	10.5	no	1
high	ハイ	katakana	126	43.5	2.9	no	1
high efficiency	高性能	other	132	13.0	10.2	no	1
high five	タッチ	katakana	185	20.7	8.9	no	1
high note	甲	other	215	40.4	5.3	no	1
high performance	高性能	other	132	13.0	10.2	no	1
high-class	プレミアム	katakana	78	80.5	1.0	no	1
high-degree	高度	other	197	57.6	3.4	no	1
high-end	最上位	other	142	8.1	17.5	yes	1
high-grade	高度	other	197	57.6	3.4	no	1
high-ranking prostitute in the yoshiwara district	呼び出し	other	548	7.0	78.7	no	1
high-speed	高速	other	382	118.6	3.2	no	1
higher	上	other	1233	475.6	2.6	no	1
higher order	上位	other	211	68.7	3.1	yes	1
highest	最高	other	131	251.7	0.5	no	1
highest position	最上位	other	142	8.1	17.5	no	1
highest rank	最上位	other	142	8.1	17.5	no	1
highest-order	最上位	other	142	8.1	17.5	yes	1
highlight	ハイライト	katakana	88	7.6	11.6	no	1
highlight in the hair	メッシュ	katakana	65	5.1	12.7	no	1
highlighting	強調	other	85	33.8	2.5	no	1
highly classified information	機密	other	148	10.9	13.6	no	1
highly priced	高価	other	74	12.3	6.0	no	1
highway	高速	other	382	118.6	3.2	no	1
hijack	ジャック	katakana	59	94.0	0.6	no	1
hijacking	ジャック	katakana	59	94.0	0.6	no	1
hips	後	other	1236	1707.5	0.7	no	1
hitachi	日立	other	54	23.2	2.3	no	1
hitch	故障	other	60	34.2	1.8	no	1
hive	ネスト	katakana	182	2.1	88.5	no	1
hold	把握	other	195	21.4	9.1	no	1
holder	台	other	308	313.7	1.0	no	1
holland	ラン	katakana	69	39.9	1.7	no	1
hollow	空	other	577	126.5	4.6	no	1
home base	ホーム	katakana	320	219.2	1.5	no	1
home computer	マイコン	katakana	59	3.4	17.3	yes	1
home plate	ホーム	katakana	320	219.2	1.5	no	1
homepage	ホームページ	katakana	126	123.4	1.0	no	1
homework	課題	other	272	48.8	5.6	no	1
honest	実体	other	69	12.0	5.7	no	1
honorable	上	other	1233	475.6	2.6	no	1
hook	フック	katakana	279	10.9	25.6	no	1
hoot	声	other	69	560.1	0.1	no	1
horizontal stripes	ボーダー	katakana	151	10.4	14.6	no	1
horn	角	other	398	62.4	6.4	no	1
horn-like projection	角	other	398	62.4	6.4	no	1
horror	恐れ	other	113	27.0	4.2	no	1
host computer	上位	other	211	68.7	3.1	yes	1
hostess	ナビゲーター	katakana	98	14.3	6.8	no	1
hot	話題	other	51	71.6	0.7	no	1
hotel room with a double bed	ダブル	katakana	107	64.1	1.7	no	1
hotel room with a single bed	シングル	katakana	136	418.6	0.3	no	1
hour of the rat	子	other	606	265.3	2.3	no	1
housing	筐体	other	95	9.8	9.6	no	1
housing for equipment and machines	格納	other	582	11.9	48.8	no	1
how	ハウ	katakana	138	38.7	3.6	no	1
how many	幾つ	other	918	121.7	7.5	no	1
how many degrees	何度	other	59	60.1	1.0	no	1
how many times	何度	other	59	60.1	1.0	no	1
how old	幾つ	other	918	121.7	7.5	no	1
how to use	使い方	other	509	637.8	0.8	no	1
how well one understands a person or thing	解像度	other	166	8.6	19.4	no	1
how-to	ハウツー	katakana	74	8.8	8.4	no	1
hsia dynasty	夏	other	92	206.1	0.4	no	1
huge	巨大	other	58	101.8	0.6	no	1
hui	回	other	367	1793.0	0.2	no	1
human being	人間	other	224	306.9	0.7	no	1
human beings	人	other	284	482.4	0.6	no	1
human presence	人気	other	145	208.0	0.7	no	1
humaneness	人気	other	145	208.0	0.7	no	1
humanity	人気	other	145	208.0	0.7	no	1
humankind	人間	other	224	306.9	0.7	no	1
humans	人	other	284	482.4	0.6	no	1
hunt	探索	other	199	21.0	9.5	no	1
hurry up	其々	other	1180	301.7	3.9	no	1
hurt	故障	other	60	34.2	1.8	no	1
husband	主	other	102	128.6	0.8	no	1
hush	ハッシュ	katakana	310	4.4	70.7	no	1
hushing	ハッシュ	katakana	310	4.4	70.7	no	1
hut	ハット	katakana	137	19.1	7.2	no	1
hybrid	ハイブリッド	katakana	69	22.8	3.0	no	1
hydration	ハイドレーション	katakana	64	0.0	1658.2	no	1
hyper	ハイパー	katakana	61	20.0	3.0	no	1
hyperlink	リンク	katakana	905	386.7	2.3	no	1
hypothesis testing	検定	other	62	31.0	2.0	no	1
hypothetical	仮	other	64	64.9	1.0	no	1
hysteresis	履歴	other	120	9.8	12.2	no	1
hyundai	現代	other	76	239.8	0.3	no	1
i-adjective	形	other	316	272.3	1.2	no	1
ic	集積回路	other	54	2.2	24.8	no	1
icon	アイコン	katakana	232	16.8	13.8	yes	1
identifier	識別子	other	308	2.4	130.7	no	1
identifying	特定	other	1384	134.9	10.3	no	1
idiosyncrasy	特性	other	204	42.5	4.8	no	1
ignition	発火	other	126	5.2	24.4	no	1
ignorance	不明	other	68	194.4	0.4	no	1
ill will	悪意	other	131	5.9	22.4	no	1
illegality	不正	other	463	43.9	10.5	no	1
illumination	光	other	147	193.3	0.8	no	1
illusion	ビジョン	katakana	95	35.9	2.6	no	1
im	メール	katakana	348	47.8	7.3	no	1
imagining	イメージ	katakana	1087	136.7	8.0	no	1
imitation	偽	other	111	25.8	4.3	no	1
immanence	内在	other	72	2.7	26.9	no	1
immediately	今	other	158	159.7	1.0	no	1
immediately following	直後	other	104	115.2	0.9	no	1
immersion blender	ブレンダー	katakana	110	2.2	50.1	no	1
immovable	不変	other	79	6.5	12.1	no	1
immutable	不変	other	79	6.5	12.1	no	1
impairment	障害	other	203	84.6	2.4	no	1
imperfect	不十分	other	54	14.4	3.7	no	1
imperial attestation	認証	other	1137	30.0	37.9	no	1
imperial capital	上	other	1233	475.6	2.6	no	1
imperial court	上	other	1233	475.6	2.6	no	1
imperial warehouse	内蔵	other	339	25.4	13.3	no	1
implementor	作成者	other	84	1.7	49.6	no	1
implication	包含	other	95	3.9	24.3	no	1
implicit	暗黙	other	181	3.1	57.8	no	1
important matter	要件	other	515	22.5	22.9	no	1
important part	ポイント	katakana	244	131.5	1.9	no	1
important point	注意点	other	69	1.6	41.9	no	1
important thing	要	other	98	21.1	4.6	no	1
importation	導入	other	552	222.0	2.5	no	1
imported goods	インポート	katakana	621	2.4	255.5	no	1
importing	インポート	katakana	621	2.4	255.5	yes	1
imposing	負荷	other	115	13.0	8.9	no	1
impotence	不能	other	73	29.6	2.4	no	1
impression one leaves	線	other	177	344.9	0.5	no	1
impromptu	即座	other	72	10.4	6.9	no	1
impropriety	不正	other	463	43.9	10.5	no	1
impudence	生	other	87	90.6	1.0	no	1
imputation	帰属	other	53	9.7	5.4	no	1
in accordance with	通り	other	812	439.9	1.8	no	1
in addition	後	other	1236	1707.5	0.7	no	1
in advance	事前	other	297	45.3	6.6	no	1
in due course	自ら	other	70	195.7	0.4	no	1
in effect	事実上	other	76	54.9	1.4	no	1
in fact	事実	other	56	73.1	0.8	no	1
in front	前	other	1519	937.1	1.6	no	1
in general	原則	other	103	61.2	1.7	no	1
in itself	本来	other	128	95.3	1.3	no	1
in operation	現行	other	52	32.6	1.6	no	1
in person	自ら	other	70	195.7	0.4	no	1
in principle	原則	other	103	61.2	1.7	no	1
in proportion to	分	other	388	1042.5	0.4	no	1
in question	件	other	97	137.3	0.7	no	1
in reality	事実上	other	76	54.9	1.4	no	1
in terms of	上	other	1233	475.6	2.6	no	1
in the area of	周辺	other	152	172.9	0.9	no	1
in the distance	遥か	other	58	34.0	1.7	no	1
in the first place	全体	other	807	159.2	5.1	no	1
in the news	話題	other	51	71.6	0.7	no	1
in the process of	中	other	1063	859.6	1.2	no	1
in the same position	元々	other	53	36.0	1.5	no	1
in the vicinity of	周辺	other	152	172.9	0.9	no	1
in those days	当時	other	482	649.0	0.7	no	1
in turn	一方	other	230	203.7	1.1	no	1
in view of	上	other	1233	475.6	2.6	no	1
in-betweens	動画	other	406	128.0	3.2	no	1
in-line	インライン	katakana	373	1.2	306.4	yes	1
inadequate	不十分	other	54	14.4	3.7	no	1
inadvisable	不可	other	116	21.1	5.5	no	1
inappropriate	不適切	other	117	12.6	9.2	no	1
inasmuch as	条	other	231	264.0	0.9	no	1
inauguration	開設	other	67	163.7	0.4	no	1
incantation	文	other	583	127.3	4.6	no	1
incapable	不能	other	73	29.6	2.4	no	1
incarnation	変化	other	422	170.5	2.5	no	1
incessant	頻繁	other	67	31.0	2.2	no	1
inch	インチ	katakana	305	46.7	6.5	no	1
inches	型	other	2046	26.9	76.0	no	1
incidence	発生	other	2052	301.8	6.8	no	1
include	インクルード	katakana	71	2.3	30.4	yes	1
inclusive of	共	other	185	456.3	0.4	no	1
incompatible	非対応	other	60	4.6	13.1	no	1
incompetence	不能	other	73	29.6	2.4	no	1
incomplete	生	other	87	90.6	1.0	no	1
inconvenience	問題	other	1312	399.2	3.3	no	1
inconvenient	不具合	other	66	10.7	6.2	no	1
incorporated body	社	other	982	1189.1	0.8	no	1
increase in speed	高速化	other	150	6.4	23.5	no	1
increment	増加	other	166	116.9	1.4	no	1
incremental difference	差分	other	54	2.5	21.4	yes	1
incurring	将来	other	131	49.4	2.6	no	1
incursion	侵入	other	71	39.6	1.8	no	1
indecent	曲	other	62	615.4	0.1	no	1
independent administrative agency	独立行政法人	other	123	20.1	6.1	no	1
independent administrative institution	独立行政法人	other	123	20.1	6.1	no	1
independent farmer	自作	other	57	17.8	3.2	no	1
indestructible	不変	other	79	6.5	12.1	no	1
index number	指数	other	57	14.1	4.1	no	1
index term	キーワード	katakana	637	13.3	47.8	yes	1
indicates one side of a comparison	方	other	462	268.2	1.7	no	1
indices	指標	other	68	14.6	4.6	no	1
indistinct	不明	other	68	194.4	0.4	no	1
individual concrete phenomenon	事	other	452	429.9	1.1	no	1
individual item	オプション	katakana	2050	38.6	53.1	no	1
indonesia	イ	katakana	169	42.1	4.0	no	1
induction	推論	other	63	5.7	11.0	no	1
ineffective	無効	other	579	25.4	22.8	no	1
inevitable	一定	other	96	58.0	1.7	no	1
inexpensive	安価	other	100	15.1	6.6	no	1
infeasibility	困難	other	170	77.5	2.2	no	1
infection	感染	other	207	65.9	3.1	no	1
inference	推論	other	63	5.7	11.0	no	1
inferior	ア	katakana	177	37.8	4.7	no	1
inferiority	下	other	432	387.7	1.1	no	1
infinite	無限	other	69	27.0	2.5	no	1
infinitude	無限	other	69	27.0	2.5	no	1
infinity	無限	other	69	27.0	2.5	no	1
infix	挿入	other	395	27.8	14.2	no	1
infixing	挿入	other	395	27.8	14.2	no	1
influencing	操作	other	1216	82.4	14.8	no	1
informatics	情報	other	7012	665.5	10.5	no	1
information access device	端末	other	851	32.5	26.2	no	1
information leak	情報漏洩	other	70	1.6	43.8	no	1
information processing	情報処理	other	211	13.6	15.5	yes	1
information security	情報セキュリティ	other	1166	2.7	436.1	no	1
information sharing	情報共有	other	51	1.4	37.3	no	1
infusion	投入	other	72	51.9	1.4	no	1
inherent	固有	other	369	31.2	11.8	no	1
inherent characteristic	性質	other	111	47.2	2.3	no	1
inheritor	後継	other	335	54.5	6.1	no	1
iniquity	不正	other	463	43.9	10.5	no	1
init	イニット	katakana	87	0.6	146.7	yes	1
initial condition	初期値	other	161	1.7	93.3	no	1
initial stages	初期	other	434	185.1	2.3	no	1
initial value	初期値	other	161	1.7	93.3	no	1
initialisation	初期化	other	391	2.2	176.6	yes	1
initialization	初期化	other	391	2.2	176.6	yes	1
initializing value	初期値	other	161	1.7	93.3	yes	1
initially	当初	other	403	333.5	1.2	no	1
initiation	開始	other	779	770.6	1.0	no	1
injustice	不正	other	463	43.9	10.5	no	1
inline	インライン	katakana	373	1.2	306.4	yes	1
inner part	内側	other	128	26.1	4.9	no	1
inner rules	規程	other	178	9.6	18.6	no	1
inning	回	other	367	1793.0	0.2	no	1
input and output	入出力	other	143	2.7	52.1	yes	1
input field	入力欄	other	140	0.1	2203.7	yes	1
input-output	入出力	other	143	2.7	52.1	yes	1
inrun	アプローチ	katakana	151	30.1	5.0	no	1
inscribing on the face	表記	other	201	233.5	0.9	no	1
inserting	投入	other	72	51.9	1.4	no	1
inside of	以内	other	56	46.7	1.2	no	1
inside the county	国内	other	97	144.7	0.7	no	1
insider	インサイダー	katakana	181	8.6	21.2	no	1
insight	ビジョン	katakana	95	35.9	2.6	no	1
insignia	章	other	219	214.2	1.0	no	1
insincere	空	other	577	126.5	4.6	no	1
insistence	主張	other	174	164.2	1.1	no	1
inspiration	モデル	katakana	2092	351.7	5.9	no	1
installer	インストーラー	katakana	72	1.1	66.1	yes	1
installing more	増設	other	53	20.7	2.5	no	1
instalment	回	other	367	1793.0	0.2	no	1
instant	即座	other	72	10.4	6.9	no	1
instant message	メール	katakana	348	47.8	7.3	no	1
instantaneous	即座	other	72	10.4	6.9	no	1
instep	甲	other	215	40.4	5.3	no	1
institute	インスティチュート	katakana	91	42.3	2.1	no	1
instructive	有益	other	110	4.1	27.1	no	1
instrument	機械	other	221	90.4	2.4	no	1
insubstantial	和	other	57	61.8	0.9	no	1
insufficiency	不足	other	78	61.5	1.3	no	1
integer	整数	other	657	24.4	26.9	no	1
integrated	総合	other	60	387.2	0.2	no	1
integrated circuit	集積回路	other	54	2.2	24.8	no	1
intel	インテル	katakana	957	22.0	43.5	no	1
intelligence source	情報源	other	71	5.6	12.6	no	1
intelligent	発明	other	70	34.0	2.1	no	1
intensifying	強化	other	288	120.9	2.4	no	1
intentionally	故	other	51	56.6	0.9	no	1
inter milan	インテル	katakana	957	22.0	43.5	no	1
interactive	インターラクティブ	katakana	106	12.9	8.2	no	1
interests	利益	other	60	41.6	1.4	no	1
interface	インターフェース	katakana	2026	17.7	114.3	yes	1
intermediate	中間	other	101	48.2	2.1	no	1
intermingling	混在	other	62	10.2	6.1	no	1
internet service provider	プロバイダー	katakana	230	6.0	38.1	no	1
interposition	挿入	other	395	27.8	14.2	no	1
interpreter	インタープリター	katakana	156	2.2	70.1	yes	1
interstice	間	other	730	565.0	1.3	no	1
interview	インタビュー	katakana	135	218.5	0.6	no	1
intimacy	親	other	727	64.6	11.2	no	1
intonation	声	other	69	560.1	0.1	no	1
intoxicated	ハイ	katakana	126	43.5	2.9	no	1
intransitive verb	自動	other	438	69.2	6.3	no	1
intricate	複雑	other	338	43.1	7.8	no	1
intrinsic	固有	other	369	31.2	11.8	no	1
intrinsically	本来	other	128	95.3	1.3	no	1
introducing to the market	参入	other	50	29.9	1.7	no	1
introductory part	導入	other	552	222.0	2.5	no	1
intrusion	侵入	other	71	39.6	1.8	no	1
invader	攻撃者	other	403	1.8	219.4	no	1
invalid	無効	other	579	25.4	22.8	no	1
invalidation	無効化	other	202	6.3	31.9	no	1
invariable	定数	other	267	30.9	8.6	no	1
invariant	不変	other	79	6.5	12.1	no	1
inverse	逆	other	193	104.4	1.9	no	1
invertible	可逆	other	62	3.3	18.7	no	1
invocation	呼び出し	other	548	7.0	78.7	yes	1
invoice	ビル	katakana	86	145.9	0.6	no	1
involving only the parties concerned	相対	other	309	16.6	18.6	no	1
io	入出力	other	143	2.7	52.1	yes	1
irregularity	不正	other	463	43.9	10.5	no	1
islam	回	other	367	1793.0	0.2	no	1
isp	プロバイダー	katakana	230	6.0	38.1	no	1
issuing	投入	other	72	51.9	1.4	yes	1
itself	自体	other	316	92.0	3.4	no	1
iv	初期値	other	161	1.7	93.3	no	1
jack	ジャック	katakana	59	94.0	0.6	no	1
jam	セッション	katakana	463	31.8	14.5	no	1
jam session	セッション	katakana	463	31.8	14.5	no	1
japan's old calendar	旧	other	223	597.4	0.4	no	1
japanese	日本語	other	657	261.5	2.5	no	1
japanese photinia	要	other	98	21.1	4.6	no	1
japanese-style	和	other	57	61.8	0.9	no	1
jeon	ジョン	katakana	278	287.6	1.0	no	1
jiao	角	other	398	62.4	6.4	no	1
joined without gaps	フラッシュ	katakana	142	18.8	7.6	no	1
joint business	提携	other	82	49.4	1.7	no	1
joint ownership	共有	other	673	41.7	16.1	no	1
journey	行	other	1071	114.6	9.3	no	1
juche	主体	other	280	43.1	6.5	no	1
july	ジュライ	katakana	102	50.0	2.0	no	1
junction	連結	other	91	43.1	2.1	no	1
junior high school	中	other	1063	859.6	1.2	no	1
juridical person	法人	other	139	124.2	1.1	no	1
just a little	生	other	87	90.6	1.0	no	1
just about	殆ど	other	476	214.0	2.2	no	1
just after	下	other	432	387.7	1.1	no	1
just as much as	分	other	388	1042.5	0.4	no	1
just before	直前	other	109	80.1	1.4	no	1
just finished doing	所	other	234	343.3	0.7	no	1
just in front of	直前	other	109	80.1	1.4	no	1
just keeps	一方	other	230	203.7	1.1	no	1
just prior to	直前	other	109	80.1	1.4	no	1
just when	前後	other	51	81.2	0.6	no	1
justification	名	other	1968	938.7	2.1	no	1
kabushiki kaisha	株式会社	other	596	811.0	0.7	no	1
kaizen	改善	other	363	72.0	5.0	no	1
kanji	漢字	other	259	42.5	6.1	no	1
kata	型	other	2046	26.9	76.0	no	1
keeping a close watch on	チェック	katakana	713	28.4	25.2	no	1
keeping a record	記録	other	395	526.6	0.7	no	1
keeping in check	制御	other	1140	100.9	11.3	no	1
keeping on file	ファイル	katakana	4392	107.0	41.1	no	1
keeping pace with	並行	other	104	34.1	3.0	no	1
keeping the same	固定	other	194	63.1	3.1	no	1
keikoku	警告	other	241	23.1	10.4	no	1
keiretsu	系列	other	68	145.2	0.5	no	1
ken	間	other	730	565.0	1.3	no	1
key frame	キーフレーム	katakana	58	0.1	517.9	yes	1
key phrase	キーワード	katakana	637	13.3	47.8	no	1
key word	キーワード	katakana	637	13.3	47.8	no	1
keyboard	キーボード	katakana	373	35.4	10.5	no	1
keystone	要	other	98	21.1	4.6	no	1
keyword	キーワード	katakana	637	13.3	47.8	yes	1
keyword in context	クイック	katakana	72	11.3	6.4	yes	1
ki	気	other	81	139.9	0.6	no	1
kickback	ピン	katakana	143	11.8	12.1	no	1
kid	子	other	606	265.3	2.3	no	1
kinder	キンドル	katakana	54	8.2	6.5	no	1
kindle	キンドル	katakana	54	8.2	6.5	no	1
kinetic	動的	other	364	6.4	57.3	no	1
king	限り	other	422	87.3	4.8	no	1
kit	キット	katakana	149	19.4	7.7	no	1
kk	株式会社	other	596	811.0	0.7	no	1
knave	ジャック	katakana	59	94.0	0.6	no	1
knob	節	other	376	148.3	2.5	no	1
knocking down	ダウン	katakana	124	65.9	1.9	no	1
known	既知	other	70	5.5	12.7	no	1
knuckle	節	other	376	148.3	2.5	no	1
korea	韓国	other	63	208.8	0.3	no	1
korean empire	韓国	other	63	208.8	0.3	no	1
kroon	クローン	katakana	59	16.1	3.7	no	1
kumadori	曲	other	62	615.4	0.1	no	1
kurash	クラッシュ	katakana	66	15.7	4.2	no	1
kwic	クイック	katakana	72	11.3	6.4	yes	1
kyodo news	共同	other	214	217.2	1.0	no	1
lab	ラボ	katakana	57	30.6	1.9	no	1
labor	仕事	other	77	171.3	0.5	no	1
laboratory	研究所	other	225	298.6	0.8	no	1
labour	仕事	other	77	171.3	0.5	no	1
lack	不足	other	78	61.5	1.3	no	1
lack of insight	不明	other	68	194.4	0.4	no	1
lack of wisdom	不明	other	68	194.4	0.4	no	1
lackadaisical	アバウト	katakana	217	60.0	3.6	no	1
lacking substance and existing in name only	仮	other	64	64.9	1.0	no	1
lady	方	other	462	268.2	1.7	no	1
lady-in-waiting	局	other	118	596.1	0.2	no	1
lan	ラン	katakana	69	39.9	1.7	yes	1
land boundary	境界	other	366	49.6	7.4	no	1
landlady	主	other	102	128.6	0.8	no	1
landmark	目標	other	161	83.4	1.9	no	1
language acquisition	言葉	other	118	197.6	0.6	no	1
language lab	ラボ	katakana	57	30.6	1.9	no	1
lap	ラップ	katakana	167	33.3	5.0	yes	1
lap time	ラップ	katakana	167	33.3	5.0	no	1
lapse	経過	other	97	39.7	2.4	no	1
larceny	窃取	other	61	0.4	151.2	no	1
large character	大文字	other	220	6.3	34.9	no	1
large display screen	ビジョン	katakana	95	35.9	2.6	no	1
large majority	殆ど	other	476	214.0	2.2	no	1
large number	多数	other	263	162.9	1.6	no	1
large proportion	殆ど	other	476	214.0	2.2	no	1
large quantity	大量	other	110	74.5	1.5	no	1
large writing	大文字	other	220	6.3	34.9	no	1
large-sized	大型	other	83	127.9	0.6	no	1
largely	大半	other	54	54.7	1.0	no	1
largest	最大	other	544	230.9	2.4	no	1
lash	策	other	162	27.5	5.9	no	1
last moment	期	other	57	501.1	0.1	no	1
last place	後	other	1236	1707.5	0.7	no	1
last time	前回	other	175	35.9	4.9	no	1
last train	最終	other	124	173.5	0.7	no	1
late-breaking	最新	other	313	68.5	4.6	no	1
lately	最近	other	132	44.4	3.0	no	1
latency	遅延	other	221	13.5	16.4	no	1
latent	潜在的	other	62	6.8	9.2	no	1
later	後	other	1236	1707.5	0.7	no	1
latest edition	最新版	other	68	3.9	17.8	no	1
latest version	最新版	other	68	3.9	17.8	no	1
latitude	幅	other	547	69.4	7.9	no	1
latter half	後半	other	104	125.7	0.8	no	1
launch	起動	other	581	19.9	29.2	no	1
launching	投入	other	72	51.9	1.4	no	1
lawn	グリーン	katakana	74	108.3	0.7	no	1
laws of nature	物理	other	176	34.8	5.1	no	1
lawsuit	訴訟	other	63	46.4	1.4	no	1
leaders	リーダー	katakana	265	80.7	3.3	no	1
leadership	主導	other	51	30.0	1.7	no	1
leak	漏洩	other	122	5.1	23.8	no	1
leakage	漏洩	other	122	5.1	23.8	no	1
learned society	学会	other	114	202.3	0.6	no	1
learning to speak	言葉	other	118	197.6	0.6	no	1
lease rod	文	other	583	127.3	4.6	no	1
leash	リード	katakana	64	55.9	1.1	no	1
leaven	種	other	113	277.4	0.4	no	1
leaving	侭	other	213	181.1	1.2	no	1
leaving a passing ball for a teammate	スルー	katakana	51	21.8	2.4	no	1
leaving out	省略	other	427	79.2	5.4	no	1
lede	リード	katakana	64	55.9	1.1	no	1
left and right	左右	other	53	56.5	0.9	no	1
left edge	左端	other	59	2.3	26.3	no	1
left end	左端	other	59	2.3	26.3	no	1
left field	レフト	katakana	151	38.6	3.9	no	1
left fielder	レフト	katakana	151	38.6	3.9	no	1
left hand	左	other	231	105.9	2.2	no	1
left side	左側	other	61	21.2	2.9	no	1
leftist	左	other	231	105.9	2.2	no	1
leftovers	残り	other	149	56.2	2.6	no	1
legacy	レガシー	katakana	52	12.4	4.2	yes	1
legal entity	法人	other	139	124.2	1.1	no	1
legal person	法人	other	139	124.2	1.1	no	1
legislation	法律	other	60	130.3	0.5	no	1
legitimate	正規	other	304	23.0	13.2	no	1
lengthening	延長	other	51	117.1	0.4	no	1
lens mount	マウント	katakana	283	20.3	14.0	no	1
let's	よう	other	10037	1988.9	5.0	no	1
letter of resignation	辞書	other	295	31.4	9.4	no	1
letting pass	スルー	katakana	51	21.8	2.4	no	1
letting the ball go past	スルー	katakana	51	21.8	2.4	no	1
level surface	平面	other	52	18.5	2.8	no	1
leverage	カード	katakana	459	188.3	2.4	no	1
liability	責任	other	143	70.5	2.0	no	1
liberty	自由	other	404	182.2	2.2	no	1
libre software	フリーソフトウェア	katakana	62	0.9	67.4	yes	1
license plate	ナンバー	katakana	244	245.2	1.0	no	1
licensing examination	検定	other	62	31.0	2.0	no	1
lie	空	other	577	126.5	4.6	no	1
lied	リード	katakana	64	55.9	1.1	no	1
life cycle	ライフサイクル	katakana	135	2.3	58.1	no	1
lifetime	代	other	611	785.4	0.8	no	1
light overcoat	スプリング	katakana	105	34.1	3.1	no	1
light weight	軽量	other	71	13.5	5.2	no	1
lighting	ライティング	katakana	52	9.1	5.7	no	1
likeness	類似	other	135	45.0	3.0	no	1
likewise	同	other	274	517.0	0.5	no	1
liking	ライク	katakana	71	31.1	2.3	no	1
limescale	スケール	katakana	77	21.3	3.6	no	1
limited	有限	other	126	32.7	3.8	no	1
limitless	無限	other	69	27.0	2.5	no	1
line break	改行	other	159	1.9	82.8	yes	1
line feed	改行	other	159	1.9	82.8	yes	1
line of thought	文脈	other	90	10.4	8.7	no	1
line-up	ラインアップ	katakana	84	24.1	3.5	no	1
linear induction motor train	リニア	katakana	50	9.7	5.2	no	1
linear motor train	リニア	katakana	50	9.7	5.2	no	1
lining up	配列	other	1551	23.0	67.3	no	1
link access protocol	ラップ	katakana	167	33.3	5.0	yes	1
link to a previous post	アンカー	katakana	306	11.3	27.1	no	1
linkage	リンク	katakana	905	386.7	2.3	yes	1
links	リンク	katakana	905	386.7	2.3	no	1
liquid crystal	液晶	other	158	16.3	9.7	no	1
liquidation of debts	決済	other	84	13.7	6.1	no	1
listener	リスナー	katakana	223	41.3	5.4	no	1
listing	記載	other	636	145.4	4.4	no	1
literary arts	文	other	583	127.3	4.6	no	1
literature	文	other	583	127.3	4.6	no	1
lithe	柔軟	other	68	8.4	8.0	no	1
litigation	訴訟	other	63	46.4	1.4	no	1
live birth	生産	other	137	211.3	0.6	no	1
live concert	ライブ	katakana	211	579.6	0.4	no	1
live performance	ライブ	katakana	211	579.6	0.4	no	1
livelihood	産業	other	162	180.0	0.9	no	1
lively	生	other	87	90.6	1.0	no	1
living	生	other	87	90.6	1.0	no	1
loader	ローダー	katakana	93	4.6	20.4	yes	1
local	ローカル	katakana	615	67.0	9.2	no	1
local area network	ラン	katakana	69	39.9	1.7	yes	1
local train	普通	other	118	130.0	0.9	no	1
locale	ロケール	katakana	253	0.2	1628.7	no	1
lock forward	ロック	katakana	303	210.5	1.4	no	1
lockout	閉鎖	other	64	72.3	0.9	no	1
logarithm	ログ	katakana	641	22.7	28.2	no	1
logbook	ログ	katakana	641	22.7	28.2	no	1
logger	ロガー	katakana	121	0.5	263.6	yes	1
logic element	ゲート	katakana	83	54.8	1.5	no	1
logical	論理的	other	111	5.1	21.7	no	1
logical move	条	other	231	264.0	0.9	no	1
login	ログイン	katakana	270	6.0	44.8	yes	1
long	ロング	katakana	90	60.0	1.5	no	1
long before	遥か	other	58	34.0	1.7	no	1
long program	フリー	katakana	385	130.8	2.9	no	1
long segment of a noh play forming its musical highlight	曲	other	62	615.4	0.1	no	1
long underwear	パッチ	katakana	136	8.6	15.8	no	1
long-time resident	主	other	102	128.6	0.8	no	1
lookahead	先読み	other	66	1.2	55.0	yes	1
looking	御覧	other	537	11.9	45.3	no	1
looking out	注意	other	892	61.0	14.6	no	1
looking the other way	スルー	katakana	51	21.8	2.4	no	1
looking up	検索	other	549	65.7	8.3	no	1
lookup	探索	other	199	21.0	9.5	no	1
loom	機	other	349	378.2	0.9	no	1
loop antenna	ループ	katakana	476	25.3	18.9	no	1
loop jump	ループ	katakana	476	25.3	18.9	no	1
loophole	間	other	730	565.0	1.3	no	1
looping	ループ	katakana	476	25.3	18.9	no	1
lorry	トラック	katakana	378	109.5	3.5	no	1
lot	組	other	77	255.8	0.3	no	1
lot in life	境界	other	366	49.6	7.4	no	1
low	ロー	katakana	120	51.5	2.3	no	1
low class female servant	端	other	105	30.3	3.5	no	1
low gear	ロー	katakana	120	51.5	2.3	no	1
low price	低価格	other	85	6.3	13.5	no	1
low rank	下位	other	107	20.1	5.4	no	1
low register	ベース	katakana	964	145.9	6.6	no	1
low-priced	安価	other	100	15.1	6.6	no	1
low-ranking priest who does manual labour at a temple	能力	other	207	216.2	1.0	no	1
lower half	下	other	432	387.7	1.1	no	1
lower order	下位	other	107	20.1	5.4	no	1
lower part	下	other	432	387.7	1.1	no	1
lower position	下位	other	107	20.1	5.4	no	1
lower reaches	下	other	432	387.7	1.1	no	1
lowercase letter	小文字	other	217	4.3	50.8	no	1
lowering	低下	other	127	59.8	2.1	no	1
lowest	最小限	other	88	6.7	13.2	no	1
lowness	下	other	432	387.7	1.1	no	1
lug arm tips	モダン	katakana	65	32.2	2.0	no	1
lull	和	other	57	61.8	0.9	no	1
lump	一括	other	211	9.6	22.1	no	1
lumping together	一括	other	211	9.6	22.1	no	1
lust	色	other	910	159.2	5.7	no	1
luxurious	プレミアム	katakana	78	80.5	1.0	no	1
mac	マッキントッシュ	katakana	272	7.5	36.3	no	1
mach	マーク	katakana	136	100.3	1.4	yes	1
machine code	機械語	other	81	1.1	71.3	yes	1
machine language	機械語	other	81	1.1	71.3	yes	1
machine learning	機械学習	other	81	2.2	36.9	yes	1
macintosh	マッキントッシュ	katakana	272	7.5	36.3	no	1
mackintosh	マッキントッシュ	katakana	272	7.5	36.3	no	1
macro	マクロ	katakana	196	7.7	25.5	yes	1
magic	マジック	katakana	56	48.0	1.2	no	1
magic marker	マジック	katakana	56	48.0	1.2	no	1
magic number	マジック	katakana	56	48.0	1.2	no	1
maglev train	リニア	katakana	50	9.7	5.2	no	1
magnanimity	量	other	181	94.6	1.9	no	1
magnetic levitation train	リニア	katakana	50	9.7	5.2	no	1
magnetic needle	方針	other	111	72.4	1.5	no	1
magnetism	磁気	other	145	16.0	9.1	no	1
magnification	拡大	other	173	159.6	1.1	no	1
magnitude	スケール	katakana	77	21.3	3.6	no	1
mail box	ポスト	katakana	123	117.5	1.0	no	1
mailbox	ポスト	katakana	123	117.5	1.0	no	1
main cause	要因	other	60	35.4	1.7	no	1
main constituent	主体	other	280	43.1	6.5	no	1
main dish	メイン	katakana	368	156.6	2.3	no	1
main ingredient	種	other	113	277.4	0.4	no	1
main number	代表	other	78	532.7	0.1	no	1
main office	本社	other	81	178.2	0.5	no	1
main point	要	other	98	21.1	4.6	no	1
main region	中国	other	165	480.4	0.3	no	1
main shrine	本社	other	81	178.2	0.5	no	1
main stream	主流	other	97	25.4	3.8	no	1
main text	本書	other	61	13.6	4.5	no	1
main thing	主	other	102	128.6	0.8	no	1
main unit	本体	other	235	43.3	5.4	no	1
maine	メイン	katakana	368	156.6	2.3	no	1
mainframe	メインフレーム	katakana	131	2.4	54.5	yes	1
maintaining	確保	other	313	76.9	4.1	no	1
major company	大手	other	65	40.2	1.6	no	1
major league baseball	メジャー	katakana	80	94.2	0.8	no	1
major record label	メジャー	katakana	80	94.2	0.8	no	1
make	号	other	280	2122.2	0.1	no	1
make-up	メーク	katakana	77	39.4	2.0	no	1
maker	メーカー	katakana	379	113.9	3.3	no	1
making an assault	アタック	katakana	59	35.5	1.7	no	1
making an attempt	試行	other	72	4.0	18.0	no	1
making available	提供	other	2778	273.3	10.2	no	1
making available to the public	公開	other	934	486.9	1.9	no	1
making by oneself	自作	other	57	17.8	3.2	no	1
making commercially available	市販	other	55	14.3	3.8	no	1
making food	メーク	katakana	77	39.4	2.0	no	1
making good use of	活用	other	295	70.9	4.2	no	1
making headway	進行	other	89	75.3	1.2	no	1
making known	発表	other	1427	726.8	2.0	no	1
making progress	進捗	other	52	3.7	13.9	no	1
making use of	運用	other	593	152.5	3.9	no	1
making visible	可視化	other	52	4.2	12.4	no	1
mala fides	悪意	other	131	5.9	22.4	no	1
male	メール	katakana	348	47.8	7.3	no	1
male temple employee	能力	other	207	216.2	1.0	no	1
malfunction	不具合	other	66	10.7	6.2	no	1
malice	悪意	other	131	5.9	22.4	no	1
malware	マルウェア	katakana	230	2.0	114.9	yes	1
manifesto	マニフェスト	katakana	192	4.7	41.3	no	1
manipulating	操作	other	1216	82.4	14.8	no	1
manipulation	操作	other	1216	82.4	14.8	no	1
manner of	方	other	462	268.2	1.7	no	1
manner of writing	書き方	other	72	3.0	23.9	no	1
manners	形	other	316	272.3	1.2	no	1
mano-vijnana	意識	other	77	89.0	0.9	no	1
manual transmission	マニュアル	katakana	234	27.6	8.5	no	1
manufactured goods	製品	other	1346	120.4	11.2	no	1
manufacturer	メーカー	katakana	379	113.9	3.3	no	1
mapping	マッピング	katakana	140	6.7	20.8	no	1
marker	マーカー	katakana	124	7.6	16.3	no	1
market share	シェア	katakana	181	32.1	5.7	no	1
marketplace	市場	other	392	121.3	3.2	no	1
marking	マーク	katakana	136	100.3	1.4	no	1
marking with a check	チェック	katakana	713	28.4	25.2	no	1
marks	点数	other	104	11.5	9.1	no	1
markup	マークアップ	katakana	177	0.9	208.2	no	1
massive	大量	other	110	74.5	1.5	no	1
masters and philosophers	子	other	606	265.3	2.3	no	1
matching top and bottom	セットアップ	katakana	276	2.2	125.2	no	1
matching two-piece clothes	セットアップ	katakana	276	2.2	125.2	no	1
matchup	カード	katakana	459	188.3	2.4	no	1
mate	兄弟	other	63	131.9	0.5	no	1
materialisation	実現	other	520	114.9	4.5	no	1
mathematics	数学	other	182	59.4	3.1	no	1
matrix	行列	other	202	30.0	6.7	no	1
maximum value	最大値	other	86	3.6	23.6	no	1
maybe	よう	other	10037	1988.9	5.0	no	1
mayhem	混乱	other	81	46.2	1.7	no	1
mc	ナビゲーター	katakana	98	14.3	6.8	no	1
mcintosh	マッキントッシュ	katakana	272	7.5	36.3	no	1
mcu	マイコン	katakana	59	3.4	17.3	no	1
meadow	フィールド	katakana	967	79.6	12.1	no	1
meaninglessness	空	other	577	126.5	4.6	no	1
meanwhile	一方	other	230	203.7	1.1	no	1
measurement across	法	other	505	388.4	1.3	no	1
measurement error	誤差	other	50	8.1	6.2	no	1
measuring	メジャー	katakana	80	94.2	0.8	no	1
measuring tape	メジャー	katakana	80	94.2	0.8	no	1
mechanical doll	機関	other	811	154.7	5.2	no	1
mechanical pencil	シャープ	katakana	75	16.6	4.5	no	1
medal	章	other	219	214.2	1.0	no	1
mediator	パイプ	katakana	84	15.6	5.4	no	1
medical examination	診断	other	112	41.6	2.7	no	1
medicine	ドラッグ	katakana	170	24.8	6.8	no	1
medium grade	中	other	1063	859.6	1.2	no	1
medium quality	中	other	1063	859.6	1.2	no	1
meek	順	other	247	89.5	2.8	no	1
meeting up	集合	other	402	52.8	7.6	no	1
mega	度	other	546	575.2	0.9	no	1
meld	役	other	128	903.1	0.1	no	1
memo	メモ	katakana	166	12.6	13.1	no	1
memorandum	メモ	katakana	166	12.6	13.1	no	1
memorial to an emperor	表	other	521	142.8	3.6	no	1
men and women	人々	other	110	166.2	0.7	no	1
menace	脅威	other	203	23.5	8.6	no	1
menses	下	other	432	387.7	1.1	no	1
mental image	イメージ	katakana	1087	136.7	8.0	no	1
mention	記載	other	636	145.4	4.4	no	1
mentioning later	後述	other	109	83.2	1.3	no	1
menu	メニュー	katakana	244	32.4	7.5	yes	1
merchandise	商品	other	141	119.4	1.2	no	1
merchants' guild	行	other	1071	114.6	9.3	no	1
mercy	情	other	79	12.2	6.4	no	1
merge	マージ	katakana	79	2.8	28.3	yes	1
merger	合併	other	60	257.1	0.2	no	1
merging	マージ	katakana	79	2.8	28.3	yes	1
mesdames	方	other	462	268.2	1.7	no	1
mesh	メッシュ	katakana	65	5.1	12.7	no	1
mess	様	other	51	51.9	1.0	no	1
message source	情報源	other	71	5.6	12.6	yes	1
messenger	メッセンジャー	katakana	77	6.0	12.9	no	1
metadata	メタデータ	katakana	174	2.0	87.2	yes	1
meter	米	other	141	109.7	1.3	no	1
method for solving a problem	方程式	other	50	26.7	1.9	no	1
method of	方	other	462	268.2	1.7	no	1
metre	米	other	141	109.7	1.3	no	1
metric	距離	other	116	118.3	1.0	no	1
metrics	メトリクス	katakana	125	1.1	118.1	no	1
micro	マイクロ	katakana	396	23.1	17.1	no	1
micro-controller	マイコン	katakana	59	3.4	17.3	no	1
micro-processor	マイコン	katakana	59	3.4	17.3	no	1
microchip	チップ	katakana	447	26.2	17.1	no	1
microfilm	マイクロ	katakana	396	23.1	17.1	no	1
microprocessor	マイクロプロセッサー	katakana	175	2.9	60.5	yes	1
microreader	リーダー	katakana	265	80.7	3.3	no	1
middle ground	間	other	730	565.0	1.3	no	1
middle of a nest of boxes	中心	other	227	402.9	0.6	no	1
middle position	中間	other	101	48.2	2.1	no	1
middle school	中	other	1063	859.6	1.2	no	1
middle way	中	other	1063	859.6	1.2	no	1
middle-of-the-road position	中間	other	101	48.2	2.1	no	1
middleware	ミドルウェア	katakana	90	0.9	100.3	yes	1
midi	ミディ	katakana	71	7.1	10.1	yes	1
midnight in red-light districts during the edo period	期	other	57	501.1	0.1	no	1
midpoint	間	other	730	565.0	1.3	no	1
midst	中	other	1063	859.6	1.2	no	1
midterm	中間	other	101	48.2	2.1	no	1
might it be	よう	other	10037	1988.9	5.0	no	1
milestone	区切り	other	141	3.8	37.0	no	1
military press	プレス	katakana	221	258.6	0.9	no	1
mill	工場	other	58	200.2	0.3	no	1
millimeter	ミリ	katakana	127	12.7	10.0	no	1
millimetre	ミリ	katakana	127	12.7	10.0	no	1
million	ミリオン	katakana	72	34.7	2.1	no	1
million seller	ミリオン	katakana	72	34.7	2.1	no	1
mime	マイム	katakana	163	1.7	94.0	yes	1
mind	気	other	81	139.9	0.6	no	1
miner	マイナー	katakana	51	30.2	1.7	no	1
miniature	小型	other	100	71.9	1.4	no	1
minibus	マイクロ	katakana	396	23.1	17.1	no	1
minimum value	最小値	other	72	1.1	65.6	no	1
miniskirt	ミニ	katakana	96	38.0	2.5	no	1
ministries and government offices	省庁	other	95	8.1	11.8	no	1
ministry	政府	other	210	345.1	0.6	no	1
minor	マイナー	katakana	51	30.2	1.7	no	1
minor market fluctuation	文	other	583	127.3	4.6	no	1
minus	負	other	273	15.3	17.8	no	1
minutes	記録	other	395	526.6	0.7	no	1
miracle	利益	other	60	41.6	1.4	no	1
mirror	ミラー	katakana	57	44.1	1.3	no	1
mistress	上	other	1233	475.6	2.6	no	1
misuse	悪用	other	321	4.8	67.4	no	1
mitigation	低減	other	59	11.8	5.0	no	1
mixture	混在	other	62	10.2	6.1	no	1
moa	モア	katakana	119	46.2	2.6	no	1
mobile device	モバイル端末	other	60	0.5	115.5	no	1
mobile network operator	キャリア	katakana	54	62.4	0.9	no	1
mobilisation	行動	other	102	193.2	0.5	no	1
mobilization	行動	other	102	193.2	0.5	no	1
mock	疑似	other	417	11.9	35.0	no	1
model of aircraft	機種	other	416	47.5	8.8	no	1
modeling	モデリング	katakana	215	8.7	24.8	no	1
modelling	モデリング	katakana	215	8.7	24.8	no	1
modem	モデム	katakana	84	2.2	38.1	yes	1
moderate position	中間	other	101	48.2	2.1	no	1
moderation	中	other	1063	859.6	1.2	no	1
modern	モダン	katakana	65	32.2	2.0	no	1
modern era	現代	other	76	239.8	0.3	no	1
modern times	現代	other	76	239.8	0.3	no	1
module	モジュール	katakana	1998	18.6	107.1	no	1
modulus	係数	other	51	14.2	3.6	no	1
mold	型	other	2046	26.9	76.0	no	1
molding	形成	other	77	152.1	0.5	no	1
moment of	際	other	1311	601.4	2.2	no	1
mon	文	other	583	127.3	4.6	no	1
monday	月	other	20237	29965.0	0.7	no	1
mongol dynasty	元	other	624	867.7	0.7	no	1
monocyclic	一環	other	57	43.2	1.3	no	1
month	月	other	20237	29965.0	0.7	no	1
moola	円	other	287	470.4	0.6	no	1
moon	月	other	20237	29965.0	0.7	no	1
moonlight	月	other	20237	29965.0	0.7	no	1
mooring post	ビット	katakana	1845	37.0	49.9	no	1
moratorium	一時停止	other	116	3.3	35.7	no	1
more than	以上	other	782	475.0	1.6	no	1
more than half	大半	other	54	54.7	1.0	no	1
morning	午前	other	85	54.4	1.6	no	1
morph	形態	other	116	103.8	1.1	no	1
most important	キー	katakana	1238	21.9	56.6	no	1
most part	大部分	other	53	44.9	1.2	no	1
most recent	最後	other	706	339.7	2.1	no	1
most suitable	最適	other	122	11.0	11.1	no	1
most-significant	最上位	other	142	8.1	17.5	yes	1
mother and father	親	other	727	64.6	11.2	no	1
motherboard	マザーボード	katakana	125	1.9	66.1	yes	1
motif	テーマ	katakana	99	243.7	0.4	no	1
motion picture	映画	other	86	991.3	0.1	no	1
motivation	気	other	81	139.9	0.6	no	1
motor vehicle	自動車	other	56	185.7	0.3	no	1
motorcar	自動車	other	56	185.7	0.3	no	1
motorist	ドライバー	katakana	317	57.0	5.6	no	1
motorola	モトローラ	katakana	55	1.7	31.6	no	1
motorway	高速	other	382	118.6	3.2	no	1
mould	型	other	2046	26.9	76.0	no	1
mount	マウント	katakana	283	20.3	14.0	no	1
mountain carrier-guide	強力	other	88	53.3	1.6	no	1
mouse	マウス	katakana	239	24.1	9.9	no	1
mouse cursor	ポインター	katakana	370	4.5	82.3	yes	1
moutan	ボタン	katakana	928	49.9	18.6	no	1
mouth	マウス	katakana	239	24.1	9.9	no	1
move played in a diagonal gap	間	other	730	565.0	1.3	no	1
movie set	セット	katakana	398	87.3	4.6	no	1
moving	移動	other	735	171.6	4.3	no	1
moving forward	進行	other	89	75.3	1.2	no	1
moving icon	マイコン	katakana	59	3.4	17.3	no	1
mozilla	モジラ	katakana	272	3.9	69.4	no	1
mpu	マイクロプロセッサー	katakana	175	2.9	60.5	yes	1
much	多く	other	985	395.7	2.5	no	1
much talked about	話題	other	51	71.6	0.7	no	1
mug	面	other	242	379.0	0.6	no	1
mulch	マルチ	katakana	208	28.2	7.4	no	1
mulching	マルチ	katakana	208	28.2	7.4	no	1
multi-level marketing	マルチ	katakana	208	28.2	7.4	no	1
multi-post	マルチ	katakana	208	28.2	7.4	no	1
multi-tiered food box	重	other	85	88.8	1.0	no	1
multicolumn layout	段組み	other	60	0.1	565.6	no	1
multimedia	マルチメディア	katakana	118	8.0	14.8	no	1
multiplex	多重	other	62	10.3	6.0	no	1
multiplication	乗算	other	54	1.4	37.8	no	1
multipurpose internet mail extension	マイム	katakana	163	1.7	94.0	yes	1
multitasking	マルチタスク	katakana	54	0.9	62.3	yes	1
murky	不透明	other	56	3.6	15.5	no	1
muscle	条	other	231	264.0	0.9	no	1
musical instrument digital interface	ミディ	katakana	71	7.1	10.1	yes	1
musical performance	プレー	katakana	168	197.1	0.9	no	1
must	筈	other	272	53.3	5.1	no	1
must-have	アイテム	katakana	865	67.7	12.8	no	1
must-have item	アイテム	katakana	865	67.7	12.8	no	1
mutation	変化	other	422	170.5	2.5	no	1
mutual understanding	合意	other	65	63.4	1.0	no	1
mystery	秘密	other	150	113.8	1.3	no	1
nameless	無名	other	66	12.3	5.4	no	1
nameplate	ネーム	katakana	284	35.1	8.1	no	1
nape	項	other	169	102.0	1.7	no	1
narcotics	ドラッグ	katakana	170	24.8	6.8	no	1
narration	語	other	315	494.4	0.6	no	1
narrow space between things	間	other	730	565.0	1.3	no	1
nation	国家	other	67	201.0	0.3	no	1
national government	国	other	106	272.5	0.4	no	1
native speaker	ネーティブ	katakana	294	22.6	13.0	no	1
nativity	誕生	other	69	158.3	0.4	no	1
natural person	個人	other	194	156.0	1.2	no	1
natural satellite	月	other	20237	29965.0	0.7	no	1
natural way of things	理	other	75	24.1	3.1	no	1
navigation	ナビゲーション	katakana	292	6.1	47.8	no	1
navigator	ナビゲーター	katakana	98	14.3	6.8	no	1
near by	側	other	471	364.7	1.3	no	1
nearest	最近	other	132	44.4	3.0	no	1
nec	日本電気	other	54	5.2	10.3	no	1
necessary condition	要件	other	515	22.5	22.9	no	1
needed	必要	other	6287	367.4	17.1	no	1
needs	ニーズ	katakana	61	12.7	4.8	no	1
negative	負	other	273	15.3	17.8	no	1
neglecting	外	other	132	73.3	1.8	no	1
neighborhood	辺り	other	51	36.3	1.4	no	1
neither	共	other	185	456.3	0.4	no	1
nested structure	入れ子	other	170	0.9	196.7	yes	1
net	ネット	katakana	236	198.4	1.2	no	1
netherlands	ラン	katakana	69	39.9	1.7	no	1
nett	ネット	katakana	236	198.4	1.2	no	1
neural	ニューラル	katakana	132	4.6	28.9	no	1
neutral position	中間	other	101	48.2	2.1	no	1
nevus	アザー	katakana	71	27.2	2.6	no	1
new beginning	リセット	katakana	138	6.8	20.4	no	1
new customer	新規	other	125	55.7	2.2	no	1
new feature	新機能	other	93	3.1	30.2	no	1
new functionality	新機能	other	93	3.1	30.2	no	1
new item	新規	other	125	55.7	2.2	no	1
new line	改行	other	159	1.9	82.8	no	1
new paragraph	改行	other	159	1.9	82.8	no	1
new share	子	other	606	265.3	2.3	no	1
new year	春	other	81	176.9	0.5	no	1
new york	ニューヨーク	katakana	91	187.2	0.5	no	1
newest	最新	other	313	68.5	4.6	no	1
newline	改行	other	159	1.9	82.8	yes	1
newly created object	新規	other	125	55.7	2.2	no	1
news media	プレス	katakana	221	258.6	0.9	no	1
news story	記事	other	681	314.5	2.2	no	1
newsflash	フラッシュ	katakana	142	18.8	7.6	no	1
next generation	次世代	other	89	19.3	4.6	no	1
next to	横	other	54	60.1	0.9	no	1
nikkei	日経	other	156	81.1	1.9	no	1
ninth vertical line	条	other	231	264.0	0.9	no	1
no	ノン	katakana	56	27.4	2.0	no	1
no different	一般	other	465	256.6	1.8	no	1
no good	アウト	katakana	192	85.0	2.3	no	1
no matter	とも	other	355	430.1	0.8	no	1
no sooner than	最後	other	706	339.7	2.1	no	1
no-show	空	other	577	126.5	4.6	no	1
nock	筈	other	272	53.3	5.1	no	1
nock-shaped grip	筈	other	272	53.3	5.1	no	1
nokia	ノキア	katakana	62	2.6	24.0	no	1
nom de plume	別名	other	106	39.4	2.7	no	1
nominalizing suffix	事	other	452	429.9	1.1	no	1
nomination	候補	other	67	112.4	0.6	no	1
non-celebrity	一般	other	465	256.6	1.8	no	1
non-display	非表示	other	206	0.9	223.2	yes	1
non-joking	リアル	katakana	133	89.9	1.5	no	1
non-winner	等外	other	70	0.2	403.0	no	1
none	共	other	185	456.3	0.4	no	1
none the worse	元々	other	53	36.0	1.5	no	1
nonexistent	無し	other	52	28.7	1.8	no	1
normalisation	正規化	other	77	1.6	47.6	no	1
normalization	正規化	other	77	1.6	47.6	no	1
normally	普通	other	118	130.0	0.9	no	1
north	子	other	606	265.3	2.3	no	1
north-south division of an imperial city consisting of west-east streets and their corresponding wards	条	other	231	264.0	0.9	no	1
not	ノット	katakana	181	59.1	3.1	no	1
not allowed	不可	other	116	21.1	5.5	no	1
not alright	無し	other	52	28.7	1.8	no	1
not being	無し	other	52	28.7	1.8	no	1
not caring for	外	other	132	73.3	1.8	no	1
not carrying anything	空	other	577	126.5	4.6	no	1
not famous	無名	other	66	12.3	5.4	no	1
not free	有料	other	75	26.4	2.8	no	1
not possible	不可	other	116	21.1	5.5	no	1
not recommended	非推奨	other	539	0.6	946.6	no	1
not using wires	無線	other	191	55.8	3.4	no	1
nothing	物	other	3627	2080.8	1.7	no	1
notice board	掲示板	other	101	12.9	7.8	no	1
noting down	ノート	katakana	98	41.8	2.3	no	1
noumenon	本体	other	235	43.3	5.4	no	1
noun	名	other	1968	938.7	2.1	no	1
novell	ノベル	katakana	55	35.4	1.6	no	1
nth day	日	other	5833	9041.5	0.6	no	1
nth page	ページ	katakana	2611	1901.3	1.4	no	1
nu	ニュー	katakana	598	291.5	2.1	no	1
nucha	項	other	169	102.0	1.7	no	1
nucleus	主体	other	280	43.1	6.5	no	1
null	ヌル	katakana	135	3.9	34.4	yes	1
nullification	無効化	other	202	6.3	31.9	no	1
number of articles	点数	other	104	11.5	9.1	no	1
number of characters	文字数	other	50	1.5	34.1	no	1
number of generations	代数	other	61	16.1	3.8	no	1
number of items	点数	other	104	11.5	9.1	no	1
number of times	回数	other	96	44.7	2.2	no	1
number plate	ナンバー	katakana	244	245.2	1.0	no	1
number sign	シャープ	katakana	75	16.6	4.5	no	1
numbers	数	other	1186	430.3	2.8	no	1
numeric character	数字	other	185	51.1	3.6	no	1
numerical formula	数式	other	57	2.9	19.6	no	1
numerical value	数値	other	855	33.7	25.4	no	1
o'clock	時	other	4201	1843.2	2.3	no	1
oat	オート	katakana	71	42.3	1.7	no	1
oats	オート	katakana	71	42.3	1.7	no	1
obedient	順	other	247	89.5	2.8	no	1
obeying	順守	other	513	6.7	77.0	no	1
object of worship	本体	other	235	43.3	5.4	no	1
object time	実行時	other	181	1.3	137.7	yes	1
object-oriented	オブジェクト指向	other	170	2.4	71.7	yes	1
objection	故障	other	60	34.2	1.8	no	1
obscurity	不透明	other	56	3.6	15.5	no	1
observable response	反応	other	59	94.6	0.6	no	1
observance	順守	other	513	6.7	77.0	no	1
observer	オブザーバー	katakana	66	7.4	8.9	no	1
observing	ウォッチ	katakana	471	95.3	4.9	no	1
obstacle race	障害	other	203	84.6	2.4	no	1
obstructing	ブロック	katakana	1276	91.1	14.0	no	1
obverse of an old zeni coin	形	other	316	272.3	1.2	no	1
obverse side of a coin	表	other	521	142.8	3.6	no	1
obviousness	著	other	86	210.6	0.4	no	1
occurring at the same time	並行	other	104	34.1	3.0	no	1
occurring first	先行	other	50	67.7	0.7	no	1
occurring naturally	自然	other	103	146.9	0.7	no	1
octet	バイト	katakana	513	20.8	24.7	yes	1
october	オクトーバー	katakana	114	52.4	2.2	no	1
odd	変	other	78	40.3	1.9	no	1
odd bit	端	other	105	30.3	3.5	no	1
odd money	端	other	105	30.3	3.5	no	1
odd sum	端	other	105	30.3	3.5	no	1
odds and ends	端	other	105	30.3	3.5	no	1
of course	とも	other	355	430.1	0.8	no	1
of its own accord	自ら	other	70	195.7	0.4	no	1
of sorts	一種	other	188	64.6	2.9	no	1
of the order of	程度	other	268	168.3	1.6	no	1
off	オフ	katakana	82	65.0	1.3	no	1
off-road	オフ	katakana	82	65.0	1.3	no	1
off-season	オフ	katakana	82	65.0	1.3	no	1
off-the-shelf	市販	other	55	14.3	3.8	no	1
offensive	攻撃	other	1048	322.2	3.3	no	1
offering for sale	発売	other	1227	969.6	1.3	no	1
office work	事務	other	51	58.2	0.9	no	1
official account	公式	other	720	897.1	0.8	no	1
official approval	検定	other	62	31.0	2.0	no	1
official certification	検定	other	62	31.0	2.0	no	1
official regulations	規程	other	178	9.6	18.6	no	1
offline get-together	オフ	katakana	82	65.0	1.3	no	1
offset printing	オフセット	katakana	259	3.3	78.3	no	1
offshoot	子	other	606	265.3	2.3	no	1
offside	オフ	katakana	82	65.0	1.3	no	1
oh dear	イヤー	katakana	69	85.0	0.8	no	1
oh my	イヤー	katakana	69	85.0	0.8	no	1
old age	年	other	25941	46332.2	0.6	no	1
old customs	旧	other	223	597.4	0.4	no	1
old things	旧	other	223	597.4	0.4	no	1
old times	旧	other	223	597.4	0.4	no	1
older	上	other	1233	475.6	2.6	no	1
older and younger brothers	兄弟	other	63	131.9	0.5	no	1
oldness	時代	other	187	941.0	0.2	no	1
ominous sign	影	other	76	55.1	1.4	no	1
omotesenke school of tea ceremony	表	other	521	142.8	3.6	no	1
on and after	以降	other	952	531.8	1.8	no	1
on behalf of	代	other	611	785.4	0.8	no	1
on one occasion	一度	other	281	101.8	2.8	no	1
on purpose	故	other	51	56.6	0.9	no	1
on the line	オンライン	katakana	421	264.6	1.6	no	1
on the one hand	一方	other	230	203.7	1.1	no	1
on the other hand	一方	other	230	203.7	1.1	no	1
on the rocks	ロック	katakana	303	210.5	1.4	no	1
on the verge of	所	other	234	343.3	0.7	no	1
on the way	途中	other	58	144.8	0.4	no	1
on-site inspection to gather physical evidence	検証	other	596	40.3	14.8	no	1
once more	再度	other	116	44.0	2.6	no	1
one and the same	同一	other	216	80.3	2.7	no	1
one another	互い	other	111	66.8	1.7	no	1
one by one	個々	other	190	18.1	10.5	no	1
one copy	一部	other	969	623.7	1.6	no	1
one day	一日	other	589	1324.8	0.4	no	1
one degree	一度	other	281	101.8	2.8	no	1
one direction	一方	other	230	203.7	1.1	no	1
one kan	一貫	other	71	27.9	2.6	no	1
one lump	一緒	other	116	107.9	1.1	no	1
one meaning	一意	other	116	3.5	33.5	no	1
one mixture	一緒	other	116	107.9	1.1	no	1
one musical interval	一度	other	281	101.8	2.8	no	1
one part	一部	other	969	623.7	1.6	no	1
one party	一方	other	230	203.7	1.1	no	1
one percent	分	other	388	1042.5	0.4	no	1
one piece of sushi	一貫	other	71	27.9	2.6	no	1
one portion	一部	other	969	623.7	1.6	no	1
one section	一部	other	969	623.7	1.6	no	1
one side	一方	other	230	203.7	1.1	no	1
one thought	一意	other	116	3.5	33.5	no	1
one time	一度	other	281	101.8	2.8	no	1
one tone	一度	other	281	101.8	2.8	no	1
one way	一方	other	230	203.7	1.1	no	1
one's attendants	左右	other	53	56.5	0.9	no	1
one's character	人物	other	80	471.6	0.2	no	1
one's company	自社	other	125	47.2	2.7	no	1
one's duty	分	other	388	1042.5	0.4	no	1
one's final moments	最後	other	706	339.7	2.1	no	1
one's first birthday	誕生	other	69	158.3	0.4	no	1
one's fortune	付け	other	402	42.6	9.4	no	1
one's hands	手	other	110	271.5	0.4	no	1
one's house	所	other	234	343.3	0.7	no	1
one's inferior	下	other	432	387.7	1.1	no	1
one's lot	分	other	388	1042.5	0.4	no	1
one's luck	付け	other	402	42.6	9.4	no	1
one's means	分	other	388	1042.5	0.4	no	1
one's own	独自	other	449	106.2	4.2	no	1
one's own body	自体	other	316	92.0	3.4	no	1
one's own work	自作	other	57	17.8	3.2	no	1
one's past	過去	other	133	198.0	0.7	no	1
one's personality	人物	other	80	471.6	0.2	no	1
one's place	分	other	388	1042.5	0.4	no	1
one's possession	手	other	110	271.5	0.4	no	1
one's principles	節	other	376	148.3	2.5	no	1
one's social position	分	other	388	1042.5	0.4	no	1
one's things	物	other	3627	2080.8	1.7	no	1
one's type	タイプ	katakana	648	165.8	3.9	no	1
one's workplace	会社	other	299	332.6	0.9	no	1
one-of-a-kind	オリジナル	katakana	1261	964.3	1.3	no	1
one-size-fits-all	フリー	katakana	385	130.8	2.9	no	1
one-tenth	分	other	388	1042.5	0.4	no	1
one-tenth of a monme of silver	分	other	388	1042.5	0.4	no	1
one-thousandth of a kan	文	other	583	127.3	4.6	no	1
online	オンライン	katakana	421	264.6	1.6	no	1
onlookers	端	other	105	30.3	3.5	no	1
onset	最初	other	1344	321.3	4.2	no	1
onslaught	攻撃	other	1048	322.2	3.3	no	1
ontogeny	発生	other	2052	301.8	6.8	no	1
onus	責任	other	143	70.5	2.0	no	1
onward movement	進行	other	89	75.3	1.2	no	1
opacity	不透明	other	56	3.6	15.5	no	1
opaque	不透明	other	56	3.6	15.5	no	1
open	オープン	katakana	568	188.4	3.0	no	1
open source	オープンソース	katakana	518	8.5	61.0	yes	1
open-hearted	オープン	katakana	568	188.4	3.0	no	1
open-source software	オープンソースソフトウェア	katakana	84	1.3	62.6	yes	1
opening move	先	other	370	156.6	2.4	no	1
opening to the public	公開	other	934	486.9	1.9	no	1
operand	オペランド	katakana	108	0.8	141.1	yes	1
operating system	オペレーティングシステム	katakana	477	9.5	50.4	yes	1
operation flow	ワークフロー	katakana	56	1.1	49.5	no	1
operations	業務	other	622	129.5	4.8	no	1
operations manual	マニュアル	katakana	234	27.6	8.5	no	1
opponent	相手	other	79	221.6	0.4	no	1
opposition	対抗	other	59	69.2	0.9	no	1
oppressive	ブラック	katakana	81	142.6	0.6	no	1
optical fiber	光	other	147	193.3	0.8	no	1
optical fibre	光	other	147	193.3	0.8	no	1
optics	光学	other	56	17.8	3.1	no	1
optimal	最適	other	122	11.0	11.1	no	1
optimisation	最適化	other	318	10.3	30.9	no	1
optimization	最適化	other	318	10.3	30.9	no	1
optimum	最適	other	122	11.0	11.1	no	1
option button	ラジオボタン	katakana	80	0.1	986.4	yes	1
optional	任意	other	713	41.8	17.1	no	1
optional extra	オプション	katakana	2050	38.6	53.1	no	1
options	選択肢	other	187	16.3	11.5	no	1
options setting	設定	other	6695	265.4	25.2	yes	1
opus	作品	other	120	908.8	0.1	no	1
or	事	other	452	429.9	1.1	no	1
or thereabouts	辺り	other	51	36.3	1.4	no	1
oracle	オラクル	katakana	73	3.1	23.6	no	1
orchid	ラン	katakana	69	39.9	1.7	no	1
order of magnitude	桁	other	174	34.3	5.1	no	1
order of precedence	優先順位	other	97	2.7	36.4	no	1
ordering	配列	other	1551	23.0	67.3	no	1
ordinal number suffix	目	other	127	180.7	0.7	no	1
ordinarily	普通	other	118	130.0	0.9	no	1
organ	機関	other	811	154.7	5.2	no	1
organized-crime syndicate	組	other	77	255.8	0.3	no	1
original text	本書	other	61	13.6	4.5	no	1
ornament	装飾	other	74	35.9	2.1	no	1
ornamentation	修飾	other	137	5.1	26.7	no	1
orthography	表記	other	201	233.5	0.9	no	1
orthopedics	整形	other	114	6.7	17.0	no	1
os	オペレーティングシステム	katakana	477	9.5	50.4	yes	1
other company	他社	other	67	16.7	4.0	no	1
other party	相手	other	79	221.6	0.4	no	1
other people	外	other	132	73.3	1.8	no	1
other place	外	other	132	73.3	1.8	no	1
other side	影	other	76	55.1	1.4	no	1
otherwise known as	事	other	452	429.9	1.1	no	1
out	アウト	katakana	192	85.0	2.3	no	1
out of	中	other	1063	859.6	1.2	no	1
out of line	アウト	katakana	192	85.0	2.3	no	1
outbreak	発生	other	2052	301.8	6.8	no	1
outfit	形	other	316	272.3	1.2	no	1
outfitting	整備	other	240	203.5	1.2	no	1
outgoings	経費	other	59	9.0	6.5	no	1
outing	デート	katakana	113	52.3	2.2	no	1
outlays	経費	other	59	9.0	6.5	no	1
outlook	アウトルック	katakana	54	2.6	20.6	no	1
output	出力	other	1442	76.8	18.8	no	1
outs	ダウン	katakana	124	65.9	1.9	no	1
outside one's group	外	other	132	73.3	1.8	no	1
outside the line	アウト	katakana	192	85.0	2.3	no	1
outside world	外部	other	804	50.0	16.1	no	1
outsider	第三者	other	129	15.6	8.2	no	1
outsiders	端	other	105	30.3	3.5	no	1
outskirts	周辺	other	152	172.9	0.9	no	1
outsourcing	業務委託	other	76	2.8	27.1	no	1
oval	楕円	other	60	7.3	8.3	no	1
over par	オーバー	katakana	208	74.4	2.8	no	1
over the top	オーバー	katakana	208	74.4	2.8	no	1
over-the-counter	市販	other	55	14.3	3.8	no	1
overcoat	オーバー	katakana	208	74.4	2.8	no	1
overcoming	クリア	katakana	117	56.3	2.1	no	1
overdone	オーバー	katakana	208	74.4	2.8	no	1
overexposure	オーバー	katakana	208	74.4	2.8	no	1
overflow	オーバーフロー	katakana	134	1.1	118.2	yes	1
overflow hole	オーバーフロー	katakana	134	1.1	118.2	no	1
overhead	オーバーヘッド	katakana	56	1.5	37.5	yes	1
overhead kick	オーバーヘッド	katakana	56	1.5	37.5	no	1
overlapping	重複	other	128	39.6	3.2	no	1
overly harsh	ブラック	katakana	81	142.6	0.6	no	1
overpass	ガード	katakana	66	32.8	2.0	no	1
overseas	海外	other	80	129.8	0.6	no	1
overtime	延長	other	51	117.1	0.4	no	1
overview	概要	other	432	68.1	6.3	no	1
overwriting	上書き	other	332	1.9	173.1	yes	1
ownership rights	所有権	other	77	10.5	7.4	no	1
paas	パース	katakana	53	7.1	7.4	yes	1
packaging	実装	other	1724	39.1	44.1	no	1
packing together with	同梱	other	106	13.3	8.0	no	1
pad	パッド	katakana	72	6.2	11.7	no	1
paging	呼び出し	other	548	7.0	78.7	no	1
paid	有料	other	75	26.4	2.8	no	1
paint	ペイント	katakana	101	8.3	12.1	no	1
painting	描画	other	562	5.8	96.2	no	1
pair-oared boat	ペア	katakana	159	29.1	5.5	no	1
pamphlet	プログラム	katakana	1773	122.2	14.5	no	1
pane	板	other	52	40.7	1.3	no	1
pannier rack	キャリア	katakana	54	62.4	0.9	no	1
papers	文書	other	1224	113.4	10.8	no	1
parade	行列	other	202	30.0	6.7	no	1
parallel	並列	other	205	8.7	23.6	no	1
parameter	パラメーター	katakana	565	14.3	39.4	no	1
paramour	色	other	910	159.2	5.7	no	1
parcel	パケット	katakana	358	8.3	43.1	no	1
pardon	許容	other	110	9.8	11.2	no	1
parent	親	other	727	64.6	11.2	no	1
parent company	本社	other	81	178.2	0.5	no	1
parentheses	括弧	other	131	23.7	5.5	no	1
parents	親	other	727	64.6	11.2	no	1
parity	等価	other	199	5.8	34.5	no	1
parse	解析	other	340	44.7	7.6	no	1
part of that group	号	other	280	2122.2	0.1	no	1
part-time	パート	katakana	153	120.4	1.3	no	1
part-time job	バイト	katakana	513	20.8	24.7	no	1
part-time worker	バイト	katakana	513	20.8	24.7	no	1
partially	生	other	87	90.6	1.0	no	1
particle indicating a command	こと	other	20250	5852.0	3.5	no	1
particle indicating a gentle interrogative	こと	other	20250	5852.0	3.5	no	1
particle indicating mild enthusiasm	こと	other	20250	5852.0	3.5	no	1
particle used to soften a judgment or conclusion	こと	other	20250	5852.0	3.5	no	1
particularly	故	other	51	56.6	0.9	no	1
particulars	詳細	other	1299	150.0	8.7	no	1
partition wall	スクリーン	katakana	191	22.2	8.6	no	1
parts	部品	other	151	41.6	3.6	no	1
pascal	パスカル	katakana	110	8.8	12.4	yes	1
passable	有り	other	63	107.5	0.6	no	1
passing grade	合格	other	51	54.9	0.9	no	1
passing through	スルー	katakana	51	21.8	2.4	no	1
passion	情	other	79	12.2	6.4	no	1
passionate	コア	katakana	422	21.9	19.3	no	1
past one's prime	年	other	25941	46332.2	0.6	no	1
past results	実績	other	66	39.8	1.7	no	1
patch	パッチ	katakana	136	8.6	15.8	yes	1
patent	特許	other	175	32.6	5.4	no	1
paternal blood	種	other	113	277.4	0.4	no	1
patronage	保護	other	369	129.5	2.9	no	1
pattern of diagonal stripes	文	other	583	127.3	4.6	no	1
pawn	ロボット	katakana	107	100.5	1.1	no	1
paying attention	留意	other	114	4.2	26.9	no	1
paying attention to	マーク	katakana	136	100.3	1.4	no	1
paying off	整理	other	104	54.3	1.9	no	1
paying tribute	貢献	other	106	96.2	1.1	no	1
payload	ペイロード	katakana	70	4.3	16.4	yes	1
payment invoice	付け	other	402	42.6	9.4	no	1
peace	和	other	57	61.8	0.9	no	1
peaceful	和	other	57	61.8	0.9	no	1
peak	頂点	other	98	20.9	4.7	no	1
pedestal	台	other	308	313.7	1.0	no	1
peer	比	other	103	52.1	2.0	no	1
pen name	別名	other	106	39.4	2.7	no	1
pen-name	号	other	280	2122.2	0.1	no	1
pentium	ペンティアム	katakana	220	3.1	71.0	no	1
people accompanying one	左右	other	53	56.5	0.9	no	1
per cent	パーセント	katakana	181	21.1	8.6	no	1
perception	認識	other	304	73.5	4.1	no	1
perchance	よう	other	10037	1988.9	5.0	no	1
perfection	完成	other	114	235.9	0.5	no	1
perfunctory	生	other	87	90.6	1.0	no	1
perhaps	よう	other	10037	1988.9	5.0	no	1
period of an apprentice's contract	年	other	25941	46332.2	0.6	no	1
period of time	間	other	730	565.0	1.3	no	1
period piece	時代	other	187	941.0	0.2	no	1
periodic	定期的	other	177	21.8	8.2	no	1
periodical	雑誌	other	88	165.8	0.5	no	1
peripheral	周辺	other	152	172.9	0.9	yes	1
permanent	不変	other	79	6.5	12.1	no	1
permanent marker	マジック	katakana	56	48.0	1.2	no	1
permitted	可	other	87	31.0	2.8	no	1
permutation	置換	other	149	11.1	13.4	no	1
perpendicular	垂直	other	190	19.7	9.6	no	1
perpetuity	常	other	793	101.1	7.8	no	1
persistence	継続	other	173	98.4	1.8	no	1
persistently	繰り返し	other	64	4.9	12.9	no	1
person in a sports team in charge of administrative and miscellaneous duties	マネージャー	katakana	393	45.8	8.6	no	1
person of high rank	上	other	1233	475.6	2.6	no	1
person of mixed parentage	ダブル	katakana	107	64.1	1.7	no	1
person responsible	担当者	other	58	17.2	3.4	no	1
person studying buddhism	学生	other	70	167.9	0.4	no	1
person with one non-japanese grandparent	クオータ	katakana	88	0.6	152.0	no	1
personage	人物	other	80	471.6	0.2	no	1
personal appearance	形	other	316	272.3	1.2	no	1
personal experience	体験	other	98	65.2	1.5	no	1
personal information	個人情報	other	75	6.1	12.4	no	1
personal life	プライベート	katakana	177	27.8	6.4	no	1
personal use	専用	other	416	149.0	2.8	no	1
personally	自ら	other	70	195.7	0.4	no	1
perspective drawing	パース	katakana	53	7.1	7.4	no	1
perspective view	パース	katakana	53	7.1	7.4	no	1
pertinent	適切	other	983	145.1	6.8	no	1
perusal	閲覧	other	9073	7532.7	1.2	no	1
perversion	悪用	other	321	4.8	67.4	no	1
phantom	ビジョン	katakana	95	35.9	2.6	no	1
philippines	比	other	103	52.1	2.0	no	1
philosophy	コンセプト	katakana	91	51.7	1.8	no	1
phishing	フィッシング	katakana	56	4.5	12.4	yes	1
pho	フォー	katakana	2196	496.5	4.4	no	1
phone call	電話	other	143	85.1	1.7	no	1
phony	偽	other	111	25.8	4.3	no	1
photocopy	コピー	katakana	570	35.7	15.9	no	1
photograph	写真	other	195	212.8	0.9	no	1
photographing	撮影	other	69	258.7	0.3	no	1
photographing secretly	フォーカス	katakana	487	16.6	29.4	no	1
phrase	言葉	other	118	197.6	0.6	no	1
phraseology	用語	other	370	142.6	2.6	no	1
physical	物理的	other	165	14.3	11.6	no	1
physical appeal	色	other	910	159.2	5.7	no	1
physical laws	物理	other	176	34.8	5.1	no	1
physical reaction	反応	other	59	94.6	0.6	no	1
physics	物理	other	176	34.8	5.1	no	1
pick	候補	other	67	112.4	0.6	no	1
pick-up	アイテム	katakana	865	67.7	12.8	no	1
pictorial magazine	グラフィック	katakana	220	26.9	8.2	no	1
picture element	ピクセル	katakana	353	7.6	46.2	yes	1
piece of music	曲	other	62	615.4	0.1	no	1
pieces	番	other	74	422.5	0.2	no	1
pill	タブレット	katakana	155	10.2	15.3	no	1
pillar box	ポスト	katakana	123	117.5	1.0	no	1
ping	ピン	katakana	143	11.8	12.1	yes	1
pinpointing	特定	other	1384	134.9	10.3	no	1
pipe	パイプ	katakana	84	15.6	5.4	no	1
pipeline	パイプライン	katakana	135	6.9	19.7	no	1
pity	情	other	79	12.2	6.4	no	1
place to stop	限り	other	422	87.3	4.8	no	1
place where many fish gather	ポイント	katakana	244	131.5	1.9	no	1
placeholder	プレースホルダー	katakana	142	0.1	1142.3	no	1
placing	セット	katakana	398	87.3	4.6	no	1
plaid	チェック	katakana	713	28.4	25.2	no	1
plain text	平文	other	62	1.1	56.3	no	1
plaintiff	甲	other	215	40.4	5.3	no	1
plane inversion	反転	other	58	12.4	4.7	no	1
plank	板	other	52	40.7	1.3	no	1
planning	企画	other	104	324.3	0.3	no	1
plans	予定	other	193	261.8	0.7	no	1
plant	工場	other	58	200.2	0.3	no	1
plastic surgery	整形	other	114	6.7	17.0	no	1
plastic wrap	ラップ	katakana	167	33.3	5.0	no	1
plateau	台	other	308	313.7	1.0	no	1
platform as a service	パース	katakana	53	7.1	7.4	yes	1
platform truck	キャリア	katakana	54	62.4	0.9	no	1
play	プレー	katakana	168	197.1	0.9	no	1
play ball	プレー	katakana	168	197.1	0.9	no	1
playback	再生	other	358	92.3	3.9	no	1
player who is not a dealer	子	other	606	265.3	2.3	no	1
playing	プレー	katakana	168	197.1	0.9	no	1
playing around	発展	other	143	143.5	1.0	no	1
playing card suit	文	other	583	127.3	4.6	no	1
playing cards	カード	katakana	459	188.3	2.4	no	1
playing to the gallery	パフォーマンス	katakana	564	62.3	9.1	no	1
playing truant	エスケープ	katakana	261	7.6	34.1	no	1
playwright	作者	other	80	51.1	1.6	no	1
pleasant	スイート	katakana	162	22.3	7.3	no	1
pleasing	スイート	katakana	162	22.3	7.3	no	1
pleasure	曲	other	62	615.4	0.1	no	1
plentiful	豊富	other	52	29.6	1.8	no	1
pliable	柔軟	other	68	8.4	8.0	no	1
plight	様	other	51	51.9	1.0	no	1
plug-in	プラグイン	katakana	508	5.8	87.5	yes	1
plugin	プラグイン	katakana	508	5.8	87.5	yes	1
plural	複数	other	1698	247.5	6.9	no	1
plus sign	プラス	katakana	166	109.9	1.5	no	1
plus terminal	プラス	katakana	166	109.9	1.5	no	1
pocket calculator	電卓	other	120	3.7	32.1	no	1
pod	ポッド	katakana	1664	13.7	121.3	no	1
point at issue	焦点	other	54	22.3	2.4	no	1
point in favor	利点	other	138	13.5	10.3	no	1
point in favour	利点	other	138	13.5	10.3	no	1
point in time	時点	other	1352	979.9	1.4	no	1
point of departure	出発点	other	66	3.3	20.0	no	1
point of purchase	ポップ	katakana	167	34.8	4.8	no	1
point of reference	次元	other	174	53.2	3.3	no	1
point to make note of	注意点	other	69	1.6	41.9	no	1
point-of-purchase advertising	ポップ	katakana	167	34.8	4.8	no	1
pointing	指向	other	68	6.8	10.0	no	1
pointing at	指定	other	6373	334.7	19.0	no	1
pointing out	指摘	other	103	122.9	0.8	no	1
pointing stick	ポインター	katakana	370	4.5	82.3	no	1
policing	規制	other	61	74.1	0.8	no	1
polka dots	ドット	katakana	123	18.4	6.7	no	1
polygon	ポリゴン	katakana	63	5.3	11.9	no	1
polynomial	多項式	other	92	9.2	10.0	no	1
pontoon	フロート	katakana	79	5.9	13.4	no	1
pool	プール	katakana	65	64.4	1.0	no	1
pooling	プール	katakana	65	64.4	1.0	no	1
poorly built	和	other	57	61.8	0.9	no	1
pop	ポップ	katakana	167	34.8	4.8	yes	1
pop-art-style	ポップ	katakana	167	34.8	4.8	no	1
pop-up	ポップアップ	katakana	106	2.7	38.9	yes	1
popular name	通称	other	51	102.4	0.5	no	1
popularisation	一般化	other	62	10.4	6.0	no	1
portable	ポータブル	katakana	110	14.2	7.7	no	1
portable powder case	コンパクト	katakana	64	17.8	3.6	no	1
portal	ポータル	katakana	159	54.6	2.9	no	1
porting	移植	other	195	35.1	5.6	yes	1
portrait	画像	other	1453	94.8	15.3	no	1
posing a question	設問	other	308	0.7	410.7	no	1
positioning	セット	katakana	398	87.3	4.6	no	1
positive effect	プラス	katakana	166	109.9	1.5	no	1
positive factor	プラス	katakana	166	109.9	1.5	no	1
positive pole	プラス	katakana	166	109.9	1.5	no	1
positive symbol	プラス	katakana	166	109.9	1.5	no	1
possessions	物	other	3627	2080.8	1.7	no	1
possible	可能	other	3569	478.8	7.5	no	1
post office protocol	ポップ	katakana	167	34.8	4.8	yes	1
postbox	ポスト	katakana	123	117.5	1.0	no	1
posting online	アップ	katakana	240	175.9	1.4	no	1
posture	体	other	91	244.2	0.4	no	1
potentiality	可能性	other	1647	188.1	8.8	no	1
potentiometer	ボリューム	katakana	529	48.4	10.9	no	1
pound sign	シャープ	katakana	75	16.6	4.5	no	1
poundage	分割	other	281	79.6	3.5	no	1
pouring	注入	other	107	8.5	12.7	no	1
powerful	強力	other	88	53.3	1.6	no	1
practicable	可能	other	3569	478.8	7.5	no	1
practical	技術的	other	155	18.7	8.3	no	1
practically	殆ど	other	476	214.0	2.2	no	1
praising	評価	other	646	216.0	3.0	no	1
pramana	量	other	181	94.6	1.9	no	1
prayer	プレー	katakana	168	197.1	0.9	no	1
praying	プレー	katakana	168	197.1	0.9	no	1
pre-tax price	本体	other	235	43.3	5.4	no	1
prearranged	既定	other	486	1.7	286.0	no	1
precaution	注意	other	892	61.0	14.6	no	1
precedence	優先	other	195	34.9	5.6	no	1
preceding	先行	other	50	67.7	0.7	no	1
precision	精度	other	118	19.2	6.1	no	1
predecessor organisation	前身	other	55	65.8	0.8	no	1
predecessor organization	前身	other	55	65.8	0.8	no	1
predefined	組み込み	other	322	4.3	74.4	no	1
predetermined	既定	other	486	1.7	286.0	no	1
predictability	パターン	katakana	624	42.3	14.8	no	1
predicting the future	先読み	other	66	1.2	55.0	no	1
predominately	大半	other	54	54.7	1.0	no	1
preference	優先	other	195	34.9	5.6	no	1
preference settings	設定	other	6695	265.4	25.2	yes	1
prefetching	先読み	other	66	1.2	55.0	yes	1
prefix used for stress or emphasis	差	other	62	114.4	0.5	no	1
prehension	捕捉	other	74	4.6	16.0	no	1
preinstallation	プリインストール	katakana	57	1.8	31.0	yes	1
preliminary	下	other	432	387.7	1.1	no	1
preloading	プリインストール	katakana	57	1.8	31.0	yes	1
premise	前提	other	122	27.9	4.4	no	1
premium	プレミアム	katakana	78	80.5	1.0	no	1
preparatory	下	other	432	387.7	1.1	no	1
prescribed	一定	other	96	58.0	1.7	no	1
prescribed form	書式	other	280	2.4	117.8	no	1
prescription	規定	other	331	125.9	2.6	no	1
presence of mind	度	other	546	575.2	0.9	no	1
presence or absence	有無	other	106	16.1	6.6	no	1
present age	現代	other	76	239.8	0.3	no	1
present day	現代	other	76	239.8	0.3	no	1
present point	現時点	other	80	8.6	9.2	no	1
present tense	現在	other	1619	990.5	1.6	no	1
present time	現在	other	1619	990.5	1.6	no	1
presenting	発表	other	1427	726.8	2.0	no	1
press	プレス	katakana	221	258.6	0.9	no	1
press release	プレスリリース	katakana	154	175.1	0.9	no	1
press stud	スナップ	katakana	125	3.1	40.9	no	1
pressing	プレス	katakana	221	258.6	0.9	no	1
pressuring	プッシュ	katakana	101	4.2	24.1	no	1
presumption	推定	other	57	72.6	0.8	no	1
pretending	モック	katakana	56	2.1	27.3	no	1
pretense	名	other	1968	938.7	2.1	no	1
preterit	過去	other	133	198.0	0.7	no	1
preterite	過去	other	133	198.0	0.7	no	1
pretty	相当	other	219	97.4	2.3	no	1
prevailing mood of a locality	人気	other	145	208.0	0.7	no	1
prevention	防止	other	224	47.9	4.7	no	1
preview	プレビュー	katakana	79	3.8	20.5	no	1
previous conviction	前	other	1519	937.1	1.6	no	1
previous existence	前身	other	55	65.8	0.8	no	1
previous installment	前回	other	175	35.9	4.9	no	1
previous instalment	前回	other	175	35.9	4.9	no	1
previous life	過去	other	133	198.0	0.7	no	1
previous position	前身	other	55	65.8	0.8	no	1
previous session	前回	other	175	35.9	4.9	no	1
previous time	前回	other	175	35.9	4.9	no	1
primarily	本来	other	128	95.3	1.3	no	1
primary factor	要因	other	60	35.4	1.7	no	1
primary object	主	other	102	128.6	0.8	no	1
prime	春	other	81	176.9	0.5	no	1
primer	入門	other	96	60.3	1.6	no	1
primitive	プリミティブ	katakana	200	2.1	95.7	no	1
principal aim	主	other	102	128.6	0.8	no	1
principal part	メイン	katakana	368	156.6	2.3	no	1
print	プリント	katakana	118	17.6	6.7	no	1
printed style writing	真	other	136	105.0	1.3	no	1
printer	プリンター	katakana	201	7.7	26.0	no	1
prior to	以前	other	496	227.4	2.2	no	1
priority level	優先度	other	138	1.6	86.5	no	1
private parts	前	other	1519	937.1	1.6	no	1
private person	個人	other	194	156.0	1.2	no	1
private use	専用	other	416	149.0	2.8	no	1
privates	前	other	1519	937.1	1.6	no	1
prize	賞	other	147	630.1	0.2	no	1
pro	プロ	katakana	519	278.0	1.9	no	1
proactive	積極的	other	52	55.6	0.9	no	1
proceedings	手続き	other	163	43.2	3.8	no	1
proceeds	売り上げ	other	51	55.2	0.9	no	1
processing	処理	other	1965	91.1	21.6	no	1
producer	メーカー	katakana	379	113.9	3.3	no	1
producing a negative from a positive	反転	other	58	12.4	4.7	no	1
producing a positive from a negative	反転	other	58	12.4	4.7	no	1
product year	年度	other	107	574.8	0.2	no	1
production environment	本番環境	other	63	0.1	739.7	yes	1
professional experience	キャリア	katakana	54	62.4	0.9	no	1
professor	教授	other	70	280.7	0.2	no	1
proficiency test	検定	other	62	31.0	2.0	no	1
profitable	有益	other	110	4.1	27.1	no	1
programing	プログラミング	katakana	1163	38.9	29.9	yes	1
programmer	プログラマー	katakana	240	9.3	25.7	no	1
progress of work	工程	other	75	21.1	3.6	no	1
proletarian	プロ	katakana	519	278.0	1.9	no	1
proletariat	プロ	katakana	519	278.0	1.9	no	1
prolongation	延長	other	51	117.1	0.4	no	1
promising	期待	other	354	78.2	4.5	no	1
promissory note	ビル	katakana	86	145.9	0.6	no	1
promulgation	普及	other	321	75.4	4.3	no	1
pronoun	代	other	611	785.4	0.8	no	1
proof	証明	other	187	54.5	3.4	no	1
propaganda	プロ	katakana	519	278.0	1.9	no	1
propagation	伝送	other	99	7.2	13.8	no	1
property rights	所有権	other	77	10.5	7.4	no	1
proportional constant	係数	other	51	14.2	3.6	no	1
proportionate	相当	other	219	97.4	2.3	no	1
proposition	提案	other	299	98.7	3.0	no	1
proprietary	プロプライエタリ	katakana	75	1.0	72.2	yes	1
proprietorship	所有権	other	77	10.5	7.4	no	1
proprietress	主	other	102	128.6	0.8	no	1
propulsion	推進	other	242	120.1	2.0	no	1
prose	文章	other	79	30.5	2.6	no	1
prospective client	リード	katakana	64	55.9	1.1	no	1
prosperity	成功	other	362	202.2	1.8	no	1
prostitute	者	other	340	283.7	1.2	no	1
prostitute attached to a single member of the post-wwii occupation forces	オンリー	katakana	58	23.5	2.5	no	1
prototype	プロトタイプ	katakana	325	11.8	27.6	no	1
providing	提供	other	2778	273.3	10.2	no	1
province	国	other	106	272.5	0.4	no	1
province of the second lowest rank	中国	other	165	480.4	0.3	no	1
provisional	仮	other	64	64.9	1.0	no	1
provisioning	プロビジョニング	katakana	62	0.1	413.0	no	1
provocative testing	負荷	other	115	13.0	8.9	no	1
proximity	側	other	471	364.7	1.3	no	1
proxy application company	代	other	611	785.4	0.8	no	1
pseudo	疑似	other	417	11.9	35.0	no	1
pseudonym	別名	other	106	39.4	2.7	no	1
pub	バー	katakana	51	22.8	2.2	no	1
puberty	春	other	81	176.9	0.5	no	1
public discussion	問題	other	1312	399.2	3.3	no	1
public favor	人気	other	145	208.0	0.7	no	1
public key	公開鍵	other	66	0.9	74.4	yes	1
publishing	パブリッシング	katakana	63	58.1	1.1	no	1
puck	パック	katakana	128	36.8	3.5	no	1
pull	プル	katakana	151	2.3	65.7	no	1
puller-in	キャッチ	katakana	59	17.6	3.3	no	1
punctuation	区切り	other	141	3.8	37.0	no	1
pundit	専門家	other	71	31.5	2.3	no	1
puppet	ロボット	katakana	107	100.5	1.1	no	1
purse	パース	katakana	53	7.1	7.4	no	1
purser	パーサー	katakana	58	0.7	86.7	no	1
pursuit	追跡	other	174	26.4	6.6	no	1
push	プッシュ	katakana	101	4.2	24.1	yes	1
push-button	ボタン	katakana	928	49.9	18.6	no	1
pushing	プッシュ	katakana	101	4.2	24.1	yes	1
pushing forward	推進	other	242	120.1	2.0	no	1
put-on	空	other	577	126.5	4.6	no	1
putout	アウト	katakana	192	85.0	2.3	no	1
putting emphasis on	重視	other	84	44.2	1.9	no	1
putting green	グリーン	katakana	74	108.3	0.7	no	1
putting in order	整理	other	104	54.3	1.9	no	1
putting in place	整備	other	240	203.5	1.2	no	1
putting in someone's charge	委託	other	226	35.4	6.4	no	1
putting into computer memory	格納	other	582	11.9	48.8	yes	1
putting into practice	実施	other	901	326.0	2.8	no	1
putting into use	アプリケーション	katakana	1907	25.4	75.2	no	1
putting on record	記録	other	395	526.6	0.7	no	1
putting to good use	活用	other	295	70.9	4.2	no	1
putting to practical use	応用	other	163	47.0	3.5	no	1
putting together	総合	other	60	387.2	0.2	no	1
putting up	構築	other	958	56.2	17.1	no	1
pyramid selling	マルチ	katakana	208	28.2	7.4	no	1
qi	気	other	81	139.9	0.6	no	1
qing	頃	other	250	520.7	0.5	no	1
quaint	乙	other	210	22.9	9.2	no	1
qualifications	資格	other	234	80.1	2.9	no	1
qualifying for	該当	other	183	53.9	3.4	no	1
quantity consumed	使用量	other	64	2.6	24.5	no	1
quantum	量子	other	110	17.2	6.4	no	1
quarantine	待機	other	117	14.7	8.0	no	1
quart	クオート	katakana	55	4.7	11.7	no	1
quarto	クオート	katakana	55	4.7	11.7	no	1
quashing	破棄	other	138	14.9	9.3	no	1
quasi	疑似	other	417	11.9	35.0	no	1
queer	乙	other	210	22.9	9.2	no	1
quickstep	クイック	katakana	72	11.3	6.4	no	1
quiet	和	other	57	61.8	0.9	no	1
quietly	シーン	katakana	86	133.3	0.6	no	1
quiz	テスト	katakana	1374	77.7	17.7	no	1
quorum	定数	other	267	30.9	8.6	no	1
quotation	引用	other	76	48.5	1.6	no	1
quotation marks	引用符	other	137	0.6	231.1	no	1
quote	クオート	katakana	55	4.7	11.7	no	1
quote marks	引用符	other	137	0.6	231.1	no	1
rabbit horns	左右	other	53	56.5	0.9	no	1
race	競争	other	51	35.6	1.4	no	1
race car	マシン	katakana	611	184.6	3.3	no	1
racing motorcycle	マシン	katakana	611	184.6	3.3	no	1
rack	台	other	308	313.7	1.0	no	1
radical	基	other	136	144.4	0.9	no	1
radio button	ラジオボタン	katakana	80	0.1	986.4	yes	1
radius	半径	other	72	16.4	4.4	no	1
raif	ライフ	katakana	88	152.9	0.6	no	1
railway bridge	ガード	katakana	66	32.8	2.0	no	1
raising of status	昇格	other	77	108.4	0.7	no	1
rake-off	ピン	katakana	143	11.8	12.1	no	1
ramification	分岐	other	125	34.8	3.6	no	1
rand	ランド	katakana	70	109.7	0.6	no	1
random number	乱数	other	81	2.1	38.3	no	1
random sampling	ランダム	katakana	138	19.3	7.2	no	1
ranked by	別	other	875	421.0	2.1	no	1
ranks	列	other	484	58.2	8.3	no	1
rap	ラップ	katakana	167	33.3	5.0	no	1
rap music	ラップ	katakana	167	33.3	5.0	no	1
rapper	ラッパー	katakana	76	10.6	7.1	no	1
raspberry	ラズベリー	katakana	54	3.7	14.5	no	1
raster	スクリーン	katakana	191	22.2	8.6	no	1
rather	相当	other	219	97.4	2.3	no	1
rating highly	評価	other	646	216.0	3.0	no	1
rationing	割り当て	other	159	9.8	16.2	no	1
ravine	間	other	730	565.0	1.3	no	1
reach	通り	other	812	439.9	1.8	no	1
read-only	読み取り専用	other	405	0.1	3699.6	yes	1
reader	リーダー	katakana	265	80.7	3.3	no	1
reading ahead	先読み	other	66	1.2	55.0	no	1
reading and writing	読み書き	other	91	4.2	21.5	no	1
real thing	実	other	88	137.0	0.6	no	1
real time	リアルタイム	katakana	208	17.0	12.3	no	1
real world	リアル	katakana	133	89.9	1.5	no	1
realisation	実現	other	520	114.9	4.5	no	1
realistic	リアル	katakana	133	89.9	1.5	no	1
realm governed by one buddha	世界	other	357	1109.7	0.3	no	1
realtime blog	リアル	katakana	133	89.9	1.5	no	1
reappearance	再現	other	66	49.0	1.4	no	1
reasonable	妥当	other	56	5.7	9.7	no	1
reasoning	推論	other	63	5.7	11.0	no	1
rebel	レベル	katakana	669	110.7	6.0	no	1
rebirth	再生	other	358	92.3	3.9	no	1
reboot	再起動	other	190	2.8	67.7	yes	1
recall	再生	other	358	92.3	3.9	no	1
recapitulation	纏め	other	69	13.6	5.1	no	1
receiver	セット	katakana	398	87.3	4.6	no	1
receiving an award	受賞	other	112	305.4	0.4	no	1
recent years	近年	other	99	78.8	1.3	no	1
reciprocal	相互	other	205	48.0	4.3	no	1
reciprocity	交換	other	271	97.7	2.8	no	1
recital	語	other	315	494.4	0.6	no	1
reckoning	計算	other	862	68.6	12.6	no	1
reclamation	再生	other	358	92.3	3.9	no	1
recommendation	推奨	other	504	19.8	25.4	no	1
reconciliation	調整	other	310	73.7	4.2	no	1
reconsideration	見直し	other	110	20.8	5.3	no	1
reconstruction	復元	other	72	27.6	2.6	no	1
recorder	レコーダー	katakana	57	6.3	9.1	no	1
recording device	レコーダー	katakana	57	6.3	9.1	no	1
records	文書	other	1224	113.4	10.8	no	1
recovery	再生	other	358	92.3	3.9	no	1
recruitment	採用	other	1086	251.2	4.3	no	1
rectangle	矩形	other	143	1.5	97.2	no	1
rectangular field area	ボックス	katakana	1064	123.8	8.6	no	1
recurrence	再帰	other	113	3.2	35.9	no	1
recusal	回避	other	243	179.0	1.4	no	1
red dragon tile	中	other	1063	859.6	1.2	no	1
red ink	赤	other	66	78.1	0.8	no	1
red light	赤	other	66	78.1	0.8	no	1
red-containing colour	赤	other	66	78.1	0.8	no	1
red-light district	中	other	1063	859.6	1.2	no	1
redeeming feature	取得	other	1591	163.5	9.7	no	1
redirect	リダイレクト	katakana	185	1.4	133.4	yes	1
reduced	オフ	katakana	82	65.0	1.3	no	1
reduced instruction set computer	リスク	katakana	490	48.0	10.2	yes	1
redundancy	重複	other	128	39.6	3.2	no	1
reed	リード	katakana	64	55.9	1.1	no	1
reel	巻	other	102	805.0	0.1	no	1
reemergence	再現	other	66	49.0	1.4	no	1
reenactment	再現	other	66	49.0	1.4	no	1
referer	リファラー	katakana	76	0.4	210.7	no	1
referral	紹介	other	317	307.0	1.0	no	1
referrer	リファラー	katakana	76	0.4	210.7	no	1
refill	代わり	other	918	90.4	10.2	no	1
reflexivity	再帰	other	113	3.2	35.9	no	1
reform	改良	other	174	70.1	2.5	no	1
reformation	再生	other	358	92.3	3.9	no	1
refrain	繰り返し	other	64	4.9	12.9	no	1
refresh	リフレッシュ	katakana	62	4.0	15.7	yes	1
refreshing one's spirit	リフレッシュ	katakana	62	4.0	15.7	no	1
refreshing oneself	リフレッシュ	katakana	62	4.0	15.7	no	1
refreshment	リフレッシュ	katakana	62	4.0	15.7	no	1
refuge	ネスト	katakana	182	2.1	88.5	no	1
refunding	バック	katakana	675	235.9	2.9	no	1
refusal	拒否	other	313	62.7	5.0	no	1
regarding	為	other	9021	3426.6	2.6	no	1
regarding as important	重視	other	84	44.2	1.9	no	1
regeneration	再生	other	358	92.3	3.9	no	1
regime	体制	other	248	103.4	2.4	no	1
region the imperial palace	上	other	1233	475.6	2.6	no	1
regional chinese god of the earth	社	other	982	1189.1	0.8	no	1
registering to participate	エントリー	katakana	222	40.5	5.5	no	1
registration	登録	other	549	202.4	2.7	no	1
registry	レジストリー	katakana	239	2.9	81.1	yes	1
regrowth	再生	other	358	92.3	3.9	no	1
rehearsal	テスト	katakana	1374	77.7	17.7	no	1
reif	ライフ	katakana	88	152.9	0.6	no	1
reign	代	other	611	785.4	0.8	no	1
reincarnation	再生	other	358	92.3	3.9	no	1
reinforcement	強化	other	288	120.9	2.4	no	1
reiwa era	令和	other	136	302.0	0.5	no	1
rejection	拒否	other	313	62.7	5.0	no	1
related to	関係	other	762	424.1	1.8	no	1
relational database	関係データベース	other	54	0.8	66.0	yes	1
relations	間	other	730	565.0	1.3	no	1
relatively	比較的	other	126	64.8	1.9	no	1
relativity	相対	other	309	16.6	18.6	no	1
relay	リレー	katakana	57	28.2	2.0	no	1
relevance	関連	other	3620	424.8	8.5	no	1
reliability	信頼性	other	127	17.2	7.4	no	1
reliable	確実	other	193	25.4	7.6	no	1
relief	代わり	other	918	90.4	10.2	no	1
reloading	再読み込み	other	86	0.0	2572.6	yes	1
remarkable	非常	other	338	164.7	2.0	no	1
remedy	仕様	other	762	119.7	6.4	no	1
remnant	残り	other	149	56.2	2.6	no	1
remote	リモート	katakana	219	8.8	24.9	no	1
renaming	改称	other	53	198.9	0.3	no	1
renderer	レンダラー	katakana	58	0.9	66.3	yes	1
rendering	レンダリング	katakana	875	4.4	199.9	no	1
rendition	イメージ	katakana	1087	136.7	8.0	no	1
renewal	更新	other	1600	112.1	14.3	no	1
renovation	更新	other	1600	112.1	14.3	no	1
renown	名	other	1968	938.7	2.1	no	1
reopening	再開	other	62	107.1	0.6	no	1
repair	形成	other	77	152.1	0.5	no	1
repeating	ループ	katakana	476	25.3	18.9	no	1
replacing	代わり	other	918	90.4	10.2	no	1
replica	レプリカ	katakana	84	7.5	11.1	no	1
replication	反復	other	380	7.6	49.8	no	1
repository	リポジトリー	katakana	329	5.3	61.8	no	1
representative example	代表	other	78	532.7	0.1	no	1
reprinting	複製	other	127	16.7	7.6	no	1
reprogramming	初期化	other	391	2.2	176.6	no	1
republic of korea	韓国	other	63	208.8	0.3	no	1
requests	ニーズ	katakana	61	12.7	4.8	no	1
required	必須	other	253	26.8	9.4	no	1
requirements	資格	other	234	80.1	2.9	no	1
requisition	要求	other	787	88.5	8.9	no	1
rescinding	解除	other	189	44.0	4.3	no	1
rescission	解除	other	189	44.0	4.3	no	1
research institute	研究所	other	225	298.6	0.8	no	1
researcher	研究者	other	108	61.3	1.8	no	1
researcher at a buddhist temple	学生	other	70	167.9	0.4	no	1
resemblance	類似	other	135	45.0	3.0	no	1
reservation	予約	other	94	33.1	2.8	no	1
reserve	サブ	katakana	51	15.9	3.2	no	1
reserving	準備	other	197	77.2	2.6	no	1
resizing	リサイズ	katakana	52	0.2	211.4	no	1
resonant	ライブ	katakana	211	579.6	0.4	no	1
resources	資源	other	114	48.9	2.3	no	1
respect	点	other	885	363.9	2.4	no	1
respectively	其々	other	1180	301.7	3.9	no	1
responsible party	責任者	other	654	27.3	23.9	no	1
restart	再起動	other	190	2.8	67.7	yes	1
restarting	再開	other	62	107.1	0.6	no	1
restoration to life	再生	other	358	92.3	3.9	no	1
restoring	リターン	katakana	225	21.1	10.7	no	1
resumption	再開	other	62	107.1	0.6	no	1
resuscitation	再生	other	358	92.3	3.9	no	1
retitling	改称	other	53	198.9	0.3	no	1
retouching	修正	other	684	51.2	13.4	no	1
retreat	ネスト	katakana	182	2.1	88.5	no	1
retrenchment	整理	other	104	54.3	1.9	no	1
retribution	報	other	87	6.2	14.1	no	1
return favour	返し	other	621	8.9	69.8	no	1
return gift	返し	other	621	8.9	69.8	no	1
returned value	戻り値	other	175	0.5	366.1	yes	1
returning	バック	katakana	675	235.9	2.9	no	1
returning again	再帰	other	113	3.2	35.9	no	1
reuse	再利用	other	191	8.5	22.5	no	1
revell	レベル	katakana	669	110.7	6.0	no	1
reverberating	ライブ	katakana	211	579.6	0.4	no	1
reverence	恐れ	other	113	27.0	4.2	no	1
reversible	可逆	other	62	3.3	18.7	no	1
reversing	バック	katakana	675	235.9	2.9	no	1
revival	再現	other	66	49.0	1.4	no	1
revolution	回転	other	174	73.0	2.4	no	1
revue	レビュー	katakana	262	122.2	2.1	no	1
rho	ロー	katakana	120	51.5	2.3	no	1
rial	リアル	katakana	133	89.9	1.5	no	1
rice	米	other	141	109.7	1.3	no	1
rich	豊富	other	52	29.6	1.8	no	1
right and left	左右	other	53	56.5	0.9	no	1
right field	ライト	katakana	315	179.3	1.8	no	1
right fielder	ライト	katakana	315	179.3	1.8	no	1
right hand	右	other	238	92.2	2.6	no	1
right in front of	直前	other	109	80.1	1.4	no	1
right next to	側	other	471	364.7	1.3	no	1
right now	最近	other	132	44.4	3.0	no	1
right of access	アクセス権	other	50	0.6	83.7	no	1
right of way	優先	other	195	34.9	5.6	no	1
right person	人	other	284	482.4	0.6	no	1
right side	右側	other	65	20.3	3.2	no	1
right there on the spot	即座	other	72	10.4	6.9	no	1
right upward flick	策	other	162	27.5	5.9	no	1
rightful	本来	other	128	95.3	1.3	no	1
rightist	右	other	238	92.2	2.6	no	1
rigid	厳格	other	103	12.5	8.3	no	1
rigorous	厳格	other	103	12.5	8.3	no	1
rim	ボーダー	katakana	151	10.4	14.6	no	1
rink	リンク	katakana	905	386.7	2.3	no	1
risc	リスク	katakana	490	48.0	10.2	yes	1
rising	期待	other	354	78.2	4.5	no	1
rite	式	other	585	419.6	1.4	no	1
ritual	式	other	585	419.6	1.4	no	1
riyal	リアル	katakana	133	89.9	1.5	no	1
roaming	流れ	other	78	59.3	1.3	no	1
robot	ロボット	katakana	107	100.5	1.1	no	1
roc	ロック	katakana	303	210.5	1.4	no	1
rock	ロック	katakana	303	210.5	1.4	no	1
rod	策	other	162	27.5	5.9	no	1
roll film	ロール	katakana	462	47.0	9.8	no	1
rolled number	目	other	127	180.7	0.7	no	1
roller	ロール	katakana	462	47.0	9.8	no	1
rolling over	反転	other	58	12.4	4.7	no	1
rolling up	ロール	katakana	462	47.0	9.8	no	1
roof rack	キャリア	katakana	54	62.4	0.9	no	1
rookery	ネスト	katakana	182	2.1	88.5	no	1
room for a very low class prostitute	局	other	118	596.1	0.2	no	1
room for rent or lease	空間	other	867	108.8	8.0	no	1
rough	アバウト	katakana	217	60.0	3.6	no	1
rough copy	ドラフト	katakana	68	67.1	1.0	no	1
rough draft	ネーム	katakana	284	35.1	8.1	no	1
rough edges	角	other	398	62.4	6.4	no	1
rough sketch	ドラフト	katakana	68	67.1	1.0	no	1
router	ルーター	katakana	166	3.8	43.2	yes	1
routine duties	ルーチン	katakana	57	3.4	16.5	no	1
routine work	ルーチン	katakana	57	3.4	16.5	no	1
routing	ルーティング	katakana	231	1.5	151.2	yes	1
roving	移動	other	735	171.6	4.3	no	1
row of the multiplication table	段	other	117	128.6	0.9	no	1
ruby	ルビー	katakana	156	15.1	10.3	yes	1
ruby character	ルビー	katakana	156	15.1	10.3	no	1
ruled line	罫線	other	57	0.4	131.4	no	1
ruler	スケール	katakana	77	21.3	3.6	no	1
ruling	判定	other	117	81.2	1.4	no	1
rump	後	other	1236	1707.5	0.7	no	1
run time	実行時	other	181	1.3	137.7	yes	1
rung	段	other	117	128.6	0.9	no	1
running board	ステップ	katakana	247	27.5	9.0	no	1
running concurrently	並行	other	104	34.1	3.0	no	1
running into	衝突	other	78	55.7	1.4	no	1
running one's eyes over	一覧	other	453	744.0	0.6	no	1
running style	行	other	1071	114.6	9.3	no	1
runs	点数	other	104	11.5	9.1	no	1
runtime	ランタイム	katakana	203	1.0	196.4	yes	1
rupa	色	other	910	159.2	5.7	no	1
russia	ロシア	katakana	50	246.9	0.2	no	1
sad	ブルー	katakana	90	146.2	0.6	no	1
sad sight	様	other	51	51.9	1.0	no	1
safe	確実	other	193	25.4	7.6	no	1
safekeeping	保管	other	75	30.9	2.4	no	1
said	当該	other	548	57.0	9.6	no	1
said person	実	other	88	137.0	0.6	no	1
sailing across	横断	other	52	37.9	1.4	no	1
saint	サン	katakana	108	76.2	1.4	no	1
sake	為	other	9021	3426.6	2.6	no	1
sam	サム	katakana	91	37.6	2.4	no	1
same age	同年	other	186	562.4	0.3	no	1
same meaning	同意	other	50	28.0	1.8	no	1
same opinion	同意	other	50	28.0	1.8	no	1
same period	同期	other	290	44.8	6.5	no	1
same rank	同等	other	259	25.4	10.2	no	1
same rights	同等	other	259	25.4	10.2	no	1
same time	同時	other	441	272.6	1.6	no	1
same view	同意	other	50	28.0	1.8	no	1
sample	サンプル	katakana	336	15.7	21.4	no	1
sampling	抽出	other	120	13.8	8.7	no	1
samskara	行	other	1071	114.6	9.3	no	1
samsun	サムスン	katakana	175	8.4	20.8	no	1
samsung	サムスン	katakana	175	8.4	20.8	no	1
samurai's attendant	中間	other	101	48.2	2.1	no	1
san	サン	katakana	108	76.2	1.4	no	1
sandbox	サンドボックス	katakana	68	0.6	112.0	yes	1
sauce	ソース	katakana	632	47.8	13.2	no	1
sauciness	生	other	87	90.6	1.0	no	1
save	保存	other	807	101.2	8.0	yes	1
saving	格納	other	582	11.9	48.8	yes	1
saving grace	取得	other	1591	163.5	9.7	no	1
say	辺り	other	51	36.3	1.4	no	1
scaling	スケーリング	katakana	65	1.3	49.9	yes	1
scaling down	縮小	other	149	31.9	4.7	no	1
scandal	事件	other	66	488.5	0.1	no	1
scanning	走査	other	56	2.3	24.3	no	1
scarcely	殆ど	other	476	214.0	2.2	no	1
scarcity	不足	other	78	61.5	1.3	no	1
scarlet	赤	other	66	78.1	0.8	no	1
scenery	背景	other	271	76.7	3.5	no	1
schaap	シャープ	katakana	75	16.6	4.5	no	1
scheduler	スケジューラー	katakana	88	0.1	675.6	no	1
scheduling	スケジューリング	katakana	126	0.9	143.9	no	1
schema	スキーマ	katakana	97	1.3	73.9	no	1
scherp	シャープ	katakana	75	16.6	4.5	no	1
school year	年度	other	107	574.8	0.2	no	1
schooling	教育	other	156	406.7	0.4	no	1
science and technology	科学技術	other	54	29.3	1.8	no	1
scientific society	学会	other	114	202.3	0.6	no	1
scientific techniques	科学技術	other	54	29.3	1.8	no	1
scolding	意見	other	59	82.0	0.7	no	1
scorekeeper	マーカー	katakana	124	7.6	16.3	no	1
scoring combination	役	other	128	903.1	0.1	no	1
scoring first	先行	other	50	67.7	0.7	no	1
scourge	策	other	162	27.5	5.9	no	1
scrapping	廃棄	other	63	11.0	5.7	no	1
screen capture	スクリーンショット	katakana	51	1.3	40.6	yes	1
screen name	ハンドル	katakana	93	18.1	5.1	no	1
screengrab	スクリーンショット	katakana	51	1.3	40.6	yes	1
screenplay	シナリオ	katakana	108	51.9	2.1	no	1
screwdriver	ドライバー	katakana	317	57.0	5.6	no	1
scripting	スクリプティング	katakana	69	0.2	310.5	yes	1
scripture	文	other	583	127.3	4.6	no	1
scroll bar	スクロールバー	katakana	81	0.2	451.7	yes	1
scrolling	スクロール	katakana	642	8.6	74.2	yes	1
scrupulous	厳密	other	114	22.1	5.2	no	1
scrutinizing	チェック	katakana	713	28.4	25.2	no	1
scrutiny	検討	other	425	84.0	5.1	no	1
seam	層	other	282	76.8	3.7	no	1
seam on a helmet	条	other	231	264.0	0.9	no	1
search engine	検索エンジン	other	107	3.0	36.3	yes	1
search term	キーワード	katakana	637	13.3	47.8	yes	1
seasonal banquet	節	other	376	148.3	2.5	no	1
seasonal feast	節	other	376	148.3	2.5	no	1
seasonal festival	節	other	376	148.3	2.5	no	1
seat	シート	katakana	308	47.4	6.5	no	1
seat of government	中央	other	113	374.1	0.3	no	1
second base	セカンド	katakana	74	108.2	0.7	no	1
second baseman	セカンド	katakana	74	108.2	0.7	no	1
second half	後半	other	104	125.7	0.8	no	1
second helping	代わり	other	918	90.4	10.2	no	1
second in rank	乙	other	210	22.9	9.2	no	1
second or third person plural	共	other	185	456.3	0.4	no	1
second sign of the chinese calendar	乙	other	210	22.9	9.2	no	1
second string of a koto	為	other	9021	3426.6	2.6	no	1
second-rate	ア	katakana	177	37.8	4.7	no	1
seconds	代わり	other	918	90.4	10.2	no	1
section of a village	字	other	97	243.4	0.4	no	1
section of village	字	other	97	243.4	0.4	no	1
sectioning laterally	横断	other	52	37.9	1.4	no	1
sector	セクター	katakana	70	6.7	10.4	yes	1
security hole	脆弱性	other	1522	4.7	324.9	yes	1
see you	乙	other	210	22.9	9.2	no	1
seeing	御覧	other	537	11.9	45.3	no	1
seeming	気	other	81	139.9	0.6	no	1
seeming to be	気	other	81	139.9	0.6	no	1
segment	セグメント	katakana	117	7.0	16.7	no	1
segmentation	区分	other	63	45.5	1.4	no	1
segmenting	分割	other	281	79.6	3.5	no	1
segregation	分離	other	190	99.4	1.9	no	1
selector	セレクター	katakana	499	3.5	144.5	no	1
self-service	セルフ	katakana	76	32.9	2.3	no	1
self-timer	タイマー	katakana	70	3.9	18.2	no	1
selling	販売	other	864	323.2	2.7	no	1
selling off	売却	other	75	56.8	1.3	no	1
semen	種	other	113	277.4	0.4	no	1
semi-cursive style	行	other	1071	114.6	9.3	no	1
semicolon	セミコロン	katakana	55	0.3	177.6	no	1
semiconductor	半導体	other	122	14.6	8.4	no	1
sender	送信元	other	82	0.5	165.8	no	1
sending and receiving	送受信	other	60	3.2	18.8	no	1
senior bureaucrat	トップ	katakana	79	155.9	0.5	no	1
senior management	トップ	katakana	79	155.9	0.5	no	1
sensor	センサー	katakana	136	22.5	6.0	no	1
sensuality	色	other	910	159.2	5.7	no	1
sentence structure	構文	other	1811	5.3	339.0	no	1
sentiment	情	other	79	12.2	6.4	no	1
separate room in a palace	局	other	118	596.1	0.2	no	1
separate sheet	別紙	other	59	2.5	23.3	no	1
separately	別途	other	59	10.5	5.6	no	1
separation of two groups	限り	other	422	87.3	4.8	no	1
sequencing	配列	other	1551	23.0	67.3	no	1
serge	セル	katakana	205	12.1	16.9	no	1
serial	シリアル	katakana	132	8.5	15.5	no	1
serialise	シリアライズ	katakana	124	0.1	857.7	no	1
serialize	シリアライズ	katakana	124	0.1	857.7	no	1
series of digits	番号	other	406	187.9	2.2	no	1
seriousness	真	other	136	105.0	1.3	no	1
serve	サービス	katakana	2486	273.2	9.1	no	1
server	サーバー	katakana	2170	37.8	57.4	yes	1
serving	所属	other	80	485.6	0.2	no	1
set of two	ペア	katakana	159	29.1	5.5	no	1
set way of achieving a particular result	方程式	other	50	26.7	1.9	no	1
set-up	体制	other	248	103.4	2.4	no	1
setter	セッター	katakana	62	3.0	20.5	no	1
setting a question	出題	other	237	15.7	15.0	no	1
setting a theme	出題	other	237	15.7	15.0	no	1
setting forth	論述	other	75	0.9	85.4	no	1
settling	クリア	katakana	117	56.3	2.1	no	1
settling on	策定	other	275	23.1	11.9	no	1
seven bridge	ブリッジ	katakana	127	33.0	3.9	no	1
several	数	other	1186	430.3	2.8	no	1
several times	複数回	other	79	9.4	8.4	no	1
severance	切断	other	64	22.1	2.9	no	1
sexiness	色	other	910	159.2	5.7	no	1
sexual desire	春	other	81	176.9	0.5	no	1
sexual relations	関係	other	762	424.1	1.8	no	1
sexual relationship	関係	other	762	424.1	1.8	no	1
sexuality	春	other	81	176.9	0.5	no	1
shackles	束縛	other	58	3.5	16.5	no	1
shader	シェーダー	katakana	71	1.1	63.6	yes	1
shading	曲	other	62	615.4	0.1	no	1
shady	曖昧	other	84	156.2	0.5	no	1
shaft	軸	other	415	56.4	7.4	no	1
shall	よう	other	10037	1988.9	5.0	no	1
shallow	安価	other	100	15.1	6.6	no	1
shapeshifting	変化	other	422	170.5	2.5	no	1
shaping	整形	other	114	6.7	17.0	no	1
share-alike	継承	other	642	98.5	6.5	no	1
shared	共通	other	284	85.7	3.3	no	1
sharpe	シャープ	katakana	75	16.6	4.5	no	1
sheaf	層	other	282	76.8	3.7	no	1
shelf	段	other	117	128.6	0.9	no	1
shingle	シングル	katakana	136	418.6	0.3	no	1
shipment	出荷	other	173	19.8	8.7	no	1
shiro	代	other	611	785.4	0.8	no	1
shogun	上	other	1233	475.6	2.6	no	1
shooting	撮影	other	69	258.7	0.3	no	1
shop tout	キャッチ	katakana	59	17.6	3.3	no	1
shopping district	行	other	1071	114.6	9.3	no	1
short-cut hairstyle for women	ショートカット	katakana	89	4.6	19.5	no	1
short-lived	一時的	other	127	36.8	3.5	no	1
shortage	不足	other	78	61.5	1.3	no	1
shortcoming	欠点	other	78	15.4	5.0	no	1
shortcut	ショートカット	katakana	89	4.6	19.5	yes	1
should	筈	other	272	53.3	5.1	no	1
shouldering	負荷	other	115	13.0	8.9	no	1
shout	コール	katakana	615	53.9	11.4	no	1
showcase	紹介	other	317	307.0	1.0	no	1
showing up	出現	other	74	72.8	1.0	no	1
showy action	パフォーマンス	katakana	564	62.3	9.1	no	1
shrine	社	other	982	1189.1	0.8	no	1
shrine grove	杜	other	84	19.9	4.2	no	1
shrine precincts	社内	other	50	17.8	2.8	no	1
shrinkage	縮小	other	149	31.9	4.7	no	1
shrub	木	other	255	132.2	1.9	no	1
shunyata	空	other	577	126.5	4.6	no	1
shutdown	閉鎖	other	64	72.3	0.9	no	1
siblings	兄弟	other	63	131.9	0.5	no	1
siblings by marriage or adoption	兄弟	other	63	131.9	0.5	no	1
sic	侭	other	213	181.1	1.2	no	1
side effect	副作用	other	82	12.0	6.8	no	1
side job	バイト	katakana	513	20.8	24.7	no	1
side-slope	法	other	505	388.4	1.3	no	1
side-to-side	横	other	54	60.1	0.9	no	1
sidebar	サイドバー	katakana	66	0.3	235.0	yes	1
sidelight	側面	other	54	51.4	1.0	no	1
sigma	シグマ	katakana	87	12.1	7.2	no	1
sign of life	人気	other	145	208.0	0.7	no	1
signaling	信号	other	388	46.4	8.4	no	1
signalling	信号	other	388	46.4	8.4	no	1
significance	意味	other	889	359.7	2.5	no	1
silently	シーン	katakana	86	133.3	0.6	no	1
silhouette	影	other	76	55.1	1.4	no	1
silicon	シリコン	katakana	71	6.6	10.8	no	1
silicone	シリコン	katakana	71	6.6	10.8	no	1
similar	同様	other	907	331.5	2.7	no	1
similar pattern	類型	other	60	8.6	7.0	no	1
similar to	様	other	51	51.9	1.0	no	1
similar type	類型	other	60	8.6	7.0	no	1
similarity	類似	other	135	45.0	3.0	no	1
simple substance	単体	other	98	16.6	5.9	no	1
simple-minded	単純	other	311	35.7	8.7	no	1
simplified	簡易	other	66	33.7	2.0	no	1
simply	一人	other	104	379.9	0.3	no	1
simulation	シミュレーション	katakana	165	21.3	7.8	no	1
simulator	シミュレーター	katakana	63	6.7	9.4	no	1
sincere	実体	other	69	12.0	5.7	no	1
sine qua non	要件	other	515	22.5	22.9	no	1
sinew	条	other	231	264.0	0.9	no	1
singing	声	other	69	560.1	0.1	no	1
single bed	シングル	katakana	136	418.6	0.3	no	1
single focus	専門	other	78	128.2	0.6	no	1
single width	シングル	katakana	136	418.6	0.3	no	1
single-breasted	シングル	katakana	136	418.6	0.3	no	1
single-cuffed	シングル	katakana	136	418.6	0.3	no	1
single-figure handicap	シングル	katakana	136	418.6	0.3	no	1
single-mindedly	一意	other	116	3.5	33.5	no	1
singleness	単独	other	56	99.9	0.6	no	1
singles	シングル	katakana	136	418.6	0.3	no	1
singularity	単独	other	56	99.9	0.6	no	1
sirs	方	other	462	268.2	1.7	no	1
situation in life	境界	other	366	49.6	7.4	no	1
six ken	段	other	117	128.6	0.9	no	1
skilful	スマート	katakana	158	34.7	4.6	no	1
skin color	色	other	910	159.2	5.7	no	1
skin colour	色	other	910	159.2	5.7	no	1
skipper	スキップ	katakana	136	7.4	18.3	no	1
skirmish	衝突	other	78	55.7	1.4	no	1
sky	空	other	577	126.5	4.6	no	1
skype	スカイプ	katakana	66	1.6	40.8	no	1
slalom	回転	other	174	73.0	2.4	no	1
slash	スラッシュ	katakana	58	4.8	12.2	no	1
slender	スマート	katakana	158	34.7	4.6	no	1
slick	スマート	katakana	158	34.7	4.6	no	1
slim	スマート	katakana	158	34.7	4.6	no	1
slip	誤り	other	91	19.7	4.6	no	1
slit	スラッシュ	katakana	58	4.8	12.2	no	1
slope	法	other	505	388.4	1.3	no	1
sloppy	アバウト	katakana	217	60.0	3.6	no	1
slot	スロット	katakana	229	11.8	19.5	no	1
slot machine	スロット	katakana	229	11.8	19.5	no	1
slow	スロー	katakana	64	13.7	4.7	no	1
slow motion	スロー	katakana	64	13.7	4.7	no	1
slug	コイン	katakana	113	19.8	5.7	no	1
slush	スラッシュ	katakana	58	4.8	12.2	no	1
small change	端	other	105	30.3	3.5	no	1
small hiragana or katakana readings of kanji usually above or to the side of the kanji	ルビー	katakana	156	15.1	10.3	no	1
small letter	小文字	other	217	4.3	50.8	no	1
small rectangular building	ボックス	katakana	1064	123.8	8.6	no	1
small scale	小規模	other	56	28.1	2.0	no	1
small-scale	小型	other	100	71.9	1.4	no	1
small-sized	小型	other	100	71.9	1.4	no	1
smallest	最小	other	163	17.9	9.1	no	1
smart phone	スマートフォン	katakana	213	28.2	7.5	no	1
smartphone	スマートフォン	katakana	213	28.2	7.5	no	1
smoothing	整形	other	114	6.7	17.0	no	1
snap	スナップ	katakana	125	3.1	40.9	no	1
snap fastener	スナップ	katakana	125	3.1	40.9	no	1
snippet	スニペット	katakana	54	0.1	365.4	yes	1
so far	従来	other	398	108.4	3.7	no	1
sobriquet	号	other	280	2122.2	0.1	no	1
social	ソーシャル	katakana	120	30.5	3.9	no	1
social position	条	other	231	264.0	0.9	no	1
social studies	社会	other	96	318.3	0.3	no	1
socializing outside the club	アフター	katakana	77	59.9	1.3	no	1
socket	ソケット	katakana	349	6.2	56.5	no	1
soft hat	ソフト	katakana	817	127.7	6.4	no	1
soft rush	イ	katakana	169	42.1	4.0	no	1
soft serve ice cream	ソフト	katakana	817	127.7	6.4	no	1
soft-shelled turtle	円	other	287	470.4	0.6	no	1
softball	ソフト	katakana	817	127.7	6.4	no	1
sole interest	専門	other	78	128.2	0.6	no	1
solely	オンリー	katakana	58	23.5	2.5	no	1
solid	確実	other	193	25.4	7.6	no	1
solidification	強化	other	288	120.9	2.4	no	1
solo	単独	other	56	99.9	0.6	no	1
solo item	単体	other	98	16.6	5.9	no	1
solution strategy	解決策	other	92	4.8	19.3	no	1
solving	クリア	katakana	117	56.3	2.1	no	1
some	若干	other	55	29.7	1.9	no	1
somebody	人	other	284	482.4	0.6	no	1
someone	人	other	284	482.4	0.6	no	1
something	物	other	3627	2080.8	1.7	no	1
something done for show	パフォーマンス	katakana	564	62.3	9.1	no	1
something of a	一種	other	188	64.6	2.9	no	1
something serious	事	other	452	429.9	1.1	no	1
something standing alone	単体	other	98	16.6	5.9	no	1
something that foreshadows a future event or outcome	フラグ	katakana	531	6.1	87.2	no	1
something without substance	仮	other	64	64.9	1.0	no	1
son	サン	katakana	108	76.2	1.4	no	1
sony	ソニー	katakana	156	64.9	2.4	no	1
soon	今	other	158	159.7	1.0	no	1
sophisticated	高度	other	197	57.6	3.4	no	1
sorry state	様	other	51	51.9	1.0	no	1
sort of	一種	other	188	64.6	2.9	no	1
sound effect produced by striking a wooden board with clappers	付け	other	402	42.6	9.4	no	1
sound generator	音源	other	85	49.5	1.7	no	1
sound recordist	音声	other	502	72.7	6.9	no	1
sound source	音源	other	85	49.5	1.7	no	1
source of electricity	電源	other	215	24.9	8.6	no	1
source of information	情報源	other	71	5.6	12.6	no	1
south korea	韓国	other	63	208.8	0.3	no	1
south of	下	other	432	387.7	1.1	no	1
sovereign	上	other	1233	475.6	2.6	no	1
space between two nodes	節	other	376	148.3	2.5	no	1
space between two stones diagonally apart	間	other	730	565.0	1.3	no	1
space character	間隔	other	97	25.2	3.8	yes	1
spacing	目	other	127	180.7	0.7	no	1
spam	スパム	katakana	51	2.0	25.3	no	1
span	範囲	other	984	78.3	12.6	no	1
spar	桁	other	174	34.3	5.1	no	1
spatula	カード	katakana	459	188.3	2.4	no	1
speaker	スピーカー	katakana	59	13.4	4.4	no	1
speaking	言葉	other	118	197.6	0.6	no	1
speaking over the telephone	通話	other	55	11.5	4.8	no	1
spearhead	主導	other	51	30.0	1.7	no	1
special characteristic	特性	other	204	42.5	4.8	no	1
special permission	特許	other	175	32.6	5.4	no	1
special quality	特性	other	204	42.5	4.8	no	1
special right	特権	other	84	11.0	7.6	no	1
special subject of study	専門	other	78	128.2	0.6	no	1
specialisation	特化	other	134	28.4	4.7	no	1
speciality	専門	other	78	128.2	0.6	no	1
specialization	特化	other	134	28.4	4.7	no	1
specialty	専門	other	78	128.2	0.6	no	1
species	種	other	113	277.4	0.4	no	1
specification document	仕様書	other	2223	2.0	1126.4	no	1
specifics	詳細	other	1299	150.0	8.7	no	1
specifying	特定	other	1384	134.9	10.3	no	1
specimen	サンプル	katakana	336	15.7	21.4	no	1
speck	点	other	885	363.9	2.4	no	1
specs	スペック	katakana	81	15.3	5.3	no	1
speech sound	音声	other	502	72.7	6.9	no	1
speeding up	巻	other	102	805.0	0.1	no	1
speedy	速やか	other	70	7.6	9.2	no	1
spending	消費	other	214	46.3	4.6	no	1
sperm	種	other	113	277.4	0.4	no	1
spin	回転	other	174	73.0	2.4	no	1
spiral	ループ	katakana	476	25.3	18.9	no	1
spiral loop	ループ	katakana	476	25.3	18.9	no	1
spirit	気	other	81	139.9	0.6	no	1
spirit level	レベル	katakana	669	110.7	6.0	no	1
spite	悪意	other	131	5.9	22.4	no	1
splitting	分割	other	281	79.6	3.5	no	1
spoils	物	other	3627	2080.8	1.7	no	1
sponsoring	提供	other	2778	273.3	10.2	no	1
sponsorship	提携	other	82	49.4	1.7	no	1
spontaneously	自然	other	103	146.9	0.7	no	1
spotting	補助	other	94	41.6	2.3	no	1
spouse	パートナー	katakana	64	56.5	1.1	no	1
spreading out	展開	other	246	199.7	1.2	no	1
spreadsheet	シート	katakana	308	47.4	6.5	yes	1
springtime	春	other	81	176.9	0.5	no	1
spur	策	other	162	27.5	5.9	no	1
spurring on	促進	other	56	45.4	1.2	no	1
square root	ルート	katakana	656	94.8	6.9	no	1
st	サン	katakana	108	76.2	1.4	no	1
stable	安定	other	157	54.5	2.9	no	1
stack	スタック	katakana	326	7.2	45.4	yes	1
stadium	場	other	85	94.8	0.9	no	1
staff	スタッフ	katakana	64	179.7	0.4	no	1
staff member	スタッフ	katakana	64	179.7	0.4	no	1
stage of a process	工程	other	75	21.1	3.6	no	1
stage setting	装置	other	335	157.8	2.1	no	1
stages	経路	other	123	42.7	2.9	no	1
stair	段	other	117	128.6	0.9	no	1
stairs	段階	other	192	85.6	2.2	no	1
stairs at the front of a noh stage	段階	other	192	85.6	2.2	no	1
stalk	軸	other	415	56.4	7.4	no	1
stalker	先行	other	50	67.7	0.7	no	1
stalking	追跡	other	174	26.4	6.6	no	1
stamina	エネルギー	katakana	76	128.9	0.6	no	1
stamping	プレス	katakana	221	258.6	0.9	no	1
stand-alone feature article framed by a box	コラム	katakana	154	38.5	4.0	no	1
stand-in	代わり	other	918	90.4	10.2	no	1
standard procedure	セオリー	katakana	91	25.5	3.6	no	1
standards	マニュアル	katakana	234	27.6	8.5	no	1
standing by	待機	other	117	14.7	8.0	no	1
standing in a row	並列	other	205	8.7	23.6	no	1
standpoint	観点	other	131	28.6	4.6	no	1
standstill	停止	other	473	115.8	4.1	no	1
staple	米	other	141	109.7	1.3	no	1
star	スター	katakana	76	206.6	0.4	no	1
star performer	真	other	136	105.0	1.3	no	1
stare	目	other	127	180.7	0.7	no	1
starship enterprise	エンタープライズ	katakana	321	19.6	16.3	no	1
starter motor	セル	katakana	205	12.1	16.9	no	1
starting a match	プレー	katakana	168	197.1	0.9	no	1
starting line	スタート	katakana	141	148.0	1.0	no	1
startup	起動	other	581	19.9	29.2	no	1
state of mind	空	other	577	126.5	4.6	no	1
state of the market	場面	other	64	67.9	0.9	no	1
station	次	other	3640	222.5	16.4	no	1
stationing	配置	other	862	116.8	7.4	no	1
statistics	統計	other	66	310.9	0.2	no	1
steadiness	安定	other	157	54.5	2.9	no	1
stealing	窃取	other	61	0.4	151.2	no	1
steeplechase	障害	other	203	84.6	2.4	no	1
steering	運用	other	593	152.5	3.9	no	1
steering wheel	ハンドル	katakana	93	18.1	5.1	no	1
stem	軸	other	415	56.4	7.4	no	1
stencil printing	型付け	other	66	0.5	143.6	no	1
step-siblings	兄弟	other	63	131.9	0.5	no	1
steppe	ステップ	katakana	247	27.5	9.0	no	1
steps	段	other	117	128.6	0.9	no	1
stereotypical	典型的	other	81	20.3	4.0	no	1
stern	厳格	other	103	12.5	8.3	no	1
stick	策	other	162	27.5	5.9	no	1
stick blender	ブレンダー	katakana	110	2.2	50.1	no	1
sticking to	専門	other	78	128.2	0.6	no	1
stipulation	規定	other	331	125.9	2.6	no	1
stitch	目	other	127	180.7	0.7	no	1
stoa	ストア	katakana	288	47.8	6.0	no	1
stock company	株式会社	other	596	811.0	0.7	no	1
stoic	ストア	katakana	288	47.8	6.0	no	1
stopping	一時停止	other	116	3.3	35.7	no	1
stopping place	段落	other	194	1.8	107.0	no	1
stopwatch	タイマー	katakana	70	3.9	18.2	no	1
store	ストア	katakana	288	47.8	6.0	no	1
store-bought	市販	other	55	14.3	3.8	no	1
storeroom	内蔵	other	339	25.4	13.3	no	1
storing	ストア	katakana	288	47.8	6.0	yes	1
story	ストーリー	katakana	82	170.0	0.5	no	1
storyboard	ネーム	katakana	284	35.1	8.1	no	1
straightforward	単純	other	311	35.7	8.7	no	1
strain	系統	other	51	154.0	0.3	no	1
strange parts	外	other	132	73.3	1.8	no	1
stratagem	策	other	162	27.5	5.9	no	1
streak	条	other	231	264.0	0.9	no	1
streaked hair	メッシュ	katakana	65	5.1	12.7	no	1
strengthening	強化	other	288	120.9	2.4	no	1
stress testing	負荷	other	115	13.0	8.9	no	1
stretch	間	other	730	565.0	1.3	no	1
stria	線	other	177	344.9	0.5	no	1
striking off	抹消	other	77	24.3	3.2	no	1
striking out	削除	other	1755	35.2	49.8	no	1
striking techniques	中身	other	75	11.8	6.4	no	1
striking the head	面	other	242	379.0	0.6	no	1
string puppet	機関	other	811	154.7	5.2	no	1
strip	切れ	other	142	99.2	1.4	no	1
stroke	ストローク	katakana	68	11.2	6.0	no	1
stroke order of a character	書き方	other	72	3.0	23.9	no	1
strong point	取得	other	1591	163.5	9.7	no	1
strong tone	強調	other	85	33.8	2.5	no	1
stronghold	拠点	other	67	120.9	0.6	no	1
structural plan	体制	other	248	103.4	2.4	no	1
structuralization	構造化	other	85	2.0	42.5	no	1
studio	スタジオ	katakana	340	211.5	1.6	no	1
stuffing	スタッフ	katakana	64	179.7	0.4	no	1
stupid	度	other	546	575.2	0.9	no	1
style of kabuki makeup used for violent roles	曲	other	62	615.4	0.1	no	1
sub	サブ	katakana	51	15.9	3.2	no	1
sub-system	サブシステム	katakana	62	1.5	41.4	yes	1
subclass	サブクラス	katakana	191	0.7	268.5	yes	1
subcontracting	業務委託	other	76	2.8	27.1	no	1
subdomain	サブドメイン	katakana	52	0.3	178.0	yes	1
subject matter	テーマ	katakana	99	243.7	0.4	no	1
submissive	順	other	247	89.5	2.8	no	1
submitting	投入	other	72	51.9	1.4	yes	1
subordinate position	下位	other	107	20.1	5.4	no	1
subrogation	代替	other	315	42.0	7.5	no	1
subroutine	サブルーチン	katakana	80	1.1	70.6	yes	1
subscript	添え字	other	86	2.0	43.1	no	1
subsequent	次	other	3640	222.5	16.4	no	1
subset	サブセット	katakana	61	2.2	27.9	no	1
subsidy	補助	other	94	41.6	2.3	no	1
substituting	代わり	other	918	90.4	10.2	no	1
substitution of one person for another	代替	other	315	42.0	7.5	no	1
subsystem	サブシステム	katakana	62	1.5	41.4	yes	1
subtitles	スーパー	katakana	132	260.2	0.5	no	1
subtraction	差分	other	54	2.5	21.4	no	1
subvention	補助	other	94	41.6	2.3	no	1
succeeding	成功	other	362	202.2	1.8	no	1
successful	効果的	other	83	13.9	6.0	no	1
succinct	簡潔	other	92	4.5	20.4	no	1
such as	辺り	other	51	36.3	1.4	no	1
sufficient	十分	other	256	50.4	5.1	no	1
sufficiently	十分	other	256	50.4	5.1	no	1
suffix for names of people	円	other	287	470.4	0.6	no	1
suffix for ship names	円	other	287	470.4	0.6	no	1
suit	訴訟	other	63	46.4	1.4	no	1
suitability	対応	other	2662	263.7	10.1	no	1
suitable for	向き	other	91	12.1	7.6	no	1
suitable person	人	other	284	482.4	0.6	no	1
suite	スイート	katakana	162	22.3	7.3	no	1
suited to	向き	other	91	12.1	7.6	no	1
suji	条	other	231	264.0	0.9	no	1
sum total	合計	other	113	79.4	1.4	no	1
summarizing	圧縮	other	366	17.3	21.2	no	1
summer	夏	other	92	206.1	0.4	no	1
summing up	一括	other	211	9.6	22.1	no	1
summons	呼び出し	other	548	7.0	78.7	no	1
sumo tournament	場所	other	567	333.5	1.7	no	1
sunday	日	other	5833	9041.5	0.6	no	1
sunlight	日	other	5833	9041.5	0.6	no	1
sunshine	日	other	5833	9041.5	0.6	no	1
super	スーパー	katakana	132	260.2	0.5	no	1
supercomputer	スーパーコンピューター	katakana	132	3.2	40.8	yes	1
superficial	安価	other	100	15.1	6.6	no	1
superheterodyne	スーパー	katakana	132	260.2	0.5	no	1
superintendent	管理者	other	278	25.5	10.9	no	1
supermarket	スーパー	katakana	132	260.2	0.5	no	1
superscript	添え字	other	86	2.0	43.1	no	1
superscription	上書き	other	332	1.9	173.1	no	1
supplementation	補完	other	63	12.4	5.1	no	1
supply chain	サプライチェーン	katakana	64	1.2	54.0	no	1
supplying	提供	other	2778	273.3	10.2	no	1
supporter	バック	katakana	675	235.9	2.9	no	1
supporting oneself	独立	other	216	219.8	1.0	no	1
suppressing	ハッシュ	katakana	310	4.4	70.7	no	1
supreme	最高	other	131	251.7	0.5	no	1
supremum	上限	other	76	15.5	4.9	no	1
sure	確実	other	193	25.4	7.6	no	1
surely	とも	other	355	430.1	0.8	no	1
surface of a painting	画面	other	564	77.0	7.3	no	1
surface-to-air missile	サム	katakana	91	37.6	2.4	no	1
surplus	余分	other	55	4.0	13.8	no	1
surveillance	監視	other	370	45.4	8.2	no	1
surveyor's level	レベル	katakana	669	110.7	6.0	no	1
suspected	疑似	other	417	11.9	35.0	no	1
suspicious	変	other	78	40.3	1.9	no	1
swap	スワップ	katakana	71	2.5	28.0	no	1
swapping	スワップ	katakana	71	2.5	28.0	yes	1
swarm	群	other	335	167.1	2.0	no	1
sweet	スイート	katakana	162	22.3	7.3	no	1
swift	速やか	other	70	7.6	9.2	no	1
swinging	スワップ	katakana	71	2.5	28.0	no	1
switching ends	チェンジ	katakana	67	37.9	1.8	no	1
symbol set	コード	katakana	3590	108.1	33.2	no	1
symbolic	シンボリック	katakana	60	1.4	42.0	no	1
symposium	シンポジウム	katakana	63	16.8	3.7	no	1
synchronism	同期	other	290	44.8	6.5	yes	1
synchronization	同期	other	290	44.8	6.5	yes	1
synchronous	同時	other	441	272.6	1.6	no	1
syndicate	財団	other	107	61.3	1.7	no	1
synonym	別名	other	106	39.4	2.7	no	1
synopsis	概要	other	432	68.1	6.3	no	1
syntax	構文	other	1811	5.3	339.0	yes	1
system auditing	システム監査	other	55	0.2	278.1	yes	1
systems for nuclear auxiliary power	スナップ	katakana	125	3.1	40.9	no	1
table of contents	目次	other	139	5.1	27.3	no	1
tablecloth	クロス	katakana	183	75.4	2.4	no	1
tablet	タブレット	katakana	155	10.2	15.3	no	1
tablet computer	タブレット	katakana	155	10.2	15.3	no	1
tacit	暗黙	other	181	3.1	57.8	no	1
tackling	アタック	katakana	59	35.5	1.7	no	1
tactic	カード	katakana	459	188.3	2.4	no	1
tactics	戦略	other	239	75.3	3.2	no	1
tag-team match	タグ	katakana	502	6.0	83.3	no	1
tailoring	調整	other	310	73.7	4.2	no	1
taking a serious view of	重視	other	84	44.2	1.9	no	1
taking a shortcut	ショートカット	katakana	89	4.6	19.5	no	1
taking apart	分解	other	72	35.5	2.0	no	1
taking effect	反映	other	374	33.2	11.3	yes	1
taking form	形成	other	77	152.1	0.5	no	1
taking into account	考慮	other	348	44.3	7.9	no	1
taking little notice of	外	other	132	73.3	1.8	no	1
taking over	代替	other	315	42.0	7.5	no	1
taking refuge	退避	other	61	4.9	12.5	no	1
taking the lead	リード	katakana	64	55.9	1.1	no	1
takings	売り上げ	other	51	55.2	0.9	no	1
tale	ストーリー	katakana	82	170.0	0.5	no	1
talent	条	other	231	264.0	0.9	no	1
talented person	人物	other	80	471.6	0.2	no	1
talk show	トーク	katakana	67	98.0	0.7	no	1
tampering	細工	other	60	8.7	7.0	no	1
tane	種	other	113	277.4	0.4	no	1
tang	中心	other	227	402.9	0.6	no	1
tape	テープ	katakana	203	23.4	8.7	no	1
taper	グラデーション	katakana	194	2.1	94.1	no	1
tar	タール	katakana	54	7.0	7.8	no	1
taste	気	other	81	139.9	0.6	no	1
tasty	乙	other	210	22.9	9.2	no	1
tavern	バー	katakana	51	22.8	2.2	no	1
teachings of buddha	法	other	505	388.4	1.3	no	1
tearing up and discarding	破棄	other	138	14.9	9.3	no	1
technical correction	文	other	583	127.3	4.6	no	1
technical expert	技術者	other	168	28.2	5.9	no	1
technician	技術者	other	168	28.2	5.9	no	1
technological	技術的	other	155	18.7	8.3	no	1
technologies	テクノロジーズ	katakana	166	7.8	21.3	no	1
teenager	子	other	606	265.3	2.3	no	1
telecommunications	通信	other	1060	220.0	4.8	no	1
telephone	電話	other	143	85.1	1.7	no	1
telephone number at which a person without a telephone can be reached	呼び出し	other	548	7.0	78.7	no	1
television	テレビ	katakana	143	687.4	0.2	no	1
telling-off	注意	other	892	61.0	14.6	no	1
telop	スーパー	katakana	132	260.2	0.5	no	1
temperament	性質	other	111	47.2	2.3	no	1
temple tips	モダン	katakana	65	32.2	2.0	no	1
temporal loop	ループ	katakana	476	25.3	18.9	no	1
temporarily	一度	other	281	101.8	2.8	no	1
temporary halt	一時停止	other	116	3.3	35.7	no	1
ten duodecillion	正	other	204	72.8	2.8	no	1
ten minutes	十分	other	256	50.4	5.1	no	1
tender	提供	other	2778	273.3	10.2	no	1
tending to	左右	other	53	56.5	0.9	no	1
tendon	条	other	231	264.0	0.9	no	1
tenet	主張	other	174	164.2	1.1	no	1
tentacle	角	other	398	62.4	6.4	no	1
tentative	仮	other	64	64.9	1.0	no	1
tentatively	一番	other	78	219.3	0.4	no	1
terminology	用語	other	370	142.6	2.6	no	1
terminus	終端	other	79	3.5	22.6	no	1
terrible	非常	other	338	164.7	2.0	no	1
territory	領域	other	519	78.4	6.6	no	1
test environment	サンドボックス	katakana	68	0.6	112.0	yes	1
testament	ウイル	katakana	107	40.0	2.7	no	1
testimonial	証明書	other	282	9.4	29.9	no	1
testimony	証明	other	187	54.5	3.4	no	1
tesuji	条	other	231	264.0	0.9	no	1
tete-a-tete	相対	other	309	16.6	18.6	no	1
tex	テックス	katakana	74	3.5	21.4	no	1
textbook	テキスト	katakana	1959	50.1	39.1	no	1
thank you	乙	other	210	22.9	9.2	no	1
that is the end	以上	other	782	475.0	1.6	no	1
that year	同年	other	186	562.4	0.3	no	1
that's all	以上	other	782	475.0	1.6	no	1
that's right	其々	other	1180	301.7	3.9	no	1
the	ザ	katakana	4394	3055.9	1.4	no	1
the a party	甲	other	215	40.4	5.3	no	1
the actual situation	情	other	79	12.2	6.4	no	1
the aforesaid	件	other	97	137.3	0.7	no	1
the air	空	other	577	126.5	4.6	no	1
the americas	アメリカ	katakana	271	597.1	0.5	no	1
the below-mentioned	以下	other	4026	502.1	8.0	no	1
the best	上	other	1233	475.6	2.6	no	1
the better	右	other	238	92.2	2.6	no	1
the classics	クラシック	katakana	98	83.8	1.2	no	1
the deceased	故	other	51	56.6	0.9	no	1
the establishment	体制	other	248	103.4	2.4	no	1
the first of the month	一日	other	589	1324.8	0.4	no	1
the first party	甲	other	215	40.4	5.3	no	1
the force	フォース	katakana	61	74.7	0.8	no	1
the foregoing	以上	other	782	475.0	1.6	no	1
the great learning	大学	other	227	517.8	0.4	no	1
the heavens	空	other	577	126.5	4.6	no	1
the holy spirit association for the unification of world christianity	統一	other	168	118.5	1.4	no	1
the last	限り	other	422	87.3	4.8	no	1
the late	故	other	51	56.6	0.9	no	1
the left	左	other	231	105.9	2.2	no	1
the literary arts	文	other	583	127.3	4.6	no	1
the major leagues	メジャー	katakana	80	94.2	0.8	no	1
the membership	会員	other	75	94.1	0.8	no	1
the minor leagues	マイナー	katakana	51	30.2	1.7	no	1
the new york times	ニューヨークタイムズ	katakana	70	48.0	1.5	no	1
the norm	標準	other	997	83.2	12.0	no	1
the old	旧	other	223	597.4	0.4	no	1
the open	外	other	132	73.3	1.8	no	1
the ordinary	標準	other	997	83.2	12.0	no	1
the other	一方	other	230	203.7	1.1	no	1
the other direction	一方	other	230	203.7	1.1	no	1
the other side	一方	other	230	203.7	1.1	no	1
the other way	一方	other	230	203.7	1.1	no	1
the present	現在	other	1619	990.5	1.6	no	1
the present time	今	other	158	159.7	1.0	no	1
the press	プレス	katakana	221	258.6	0.9	no	1
the rat	子	other	606	265.3	2.3	no	1
the real person	実	other	88	137.0	0.6	no	1
the red	赤	other	66	78.1	0.8	no	1
the right	右	other	238	92.2	2.6	no	1
the said firm	同社	other	264	111.5	2.4	no	1
the said shrine	同社	other	264	111.5	2.4	no	1
the same category	一緒	other	116	107.9	1.1	no	1
the same company	同社	other	264	111.5	2.4	no	1
the same shrine	同社	other	264	111.5	2.4	no	1
the same time	一緒	other	116	107.9	1.1	no	1
the same way	通り	other	812	439.9	1.8	no	1
the second	後者	other	75	37.5	2.0	no	1
the side	側	other	471	364.7	1.3	no	1
the two	両者	other	63	45.6	1.4	no	1
the underlying principles of the cosmos	理	other	75	24.1	3.1	no	1
the universe	世界	other	357	1109.7	0.3	no	1
the usual	件	other	97	137.3	0.7	no	1
the way of things	物	other	3627	2080.8	1.7	no	1
the way things really are	情	other	79	12.2	6.4	no	1
the whole day	一日	other	589	1324.8	0.4	no	1
theater	パフォーマンス	katakana	564	62.3	9.1	no	1
theatre	パフォーマンス	katakana	564	62.3	9.1	no	1
theft	窃取	other	61	0.4	151.2	no	1
theorem	定理	other	112	27.1	4.1	no	1
theoretical	仮	other	64	64.9	1.0	no	1
thickness	分	other	388	1042.5	0.4	no	1
things	物	other	3627	2080.8	1.7	no	1
things that do not exist	左右	other	53	56.5	0.9	no	1
third	サード	katakana	59	56.2	1.0	no	1
third base	サード	katakana	59	56.2	1.0	no	1
third baseman	サード	katakana	59	56.2	1.0	no	1
third degree	角	other	398	62.4	6.4	no	1
third gear	サード	katakana	59	56.2	1.0	no	1
third volume	下	other	432	387.7	1.1	no	1
this and that	左右	other	53	56.5	0.9	no	1
this book	本書	other	61	13.6	4.5	no	1
this company	本社	other	81	178.2	0.5	no	1
this day	今日	other	86	136.7	0.6	no	1
this life	現在	other	1619	990.5	1.6	no	1
this passage	本文	other	96	19.6	4.9	no	1
this sentence	本文	other	96	19.6	4.9	no	1
this shrine	本社	other	81	178.2	0.5	no	1
this time	今回	other	162	42.6	3.8	no	1
this volume	本書	other	61	13.6	4.5	no	1
this world	現在	other	1619	990.5	1.6	no	1
thorough examination	点検	other	81	12.4	6.5	no	1
thoroughfare	通り	other	812	439.9	1.8	no	1
thoroughly	十分	other	256	50.4	5.1	no	1
those days	時代	other	187	941.0	0.2	no	1
those in power	体制	other	248	103.4	2.4	no	1
thought	考え	other	52	46.2	1.1	no	1
threat	脅威	other	203	23.5	8.6	no	1
three	サン	katakana	108	76.2	1.4	no	1
three-wheeler truck	オート	katakana	71	42.3	1.7	no	1
threshold	閾値	other	56	2.6	21.8	no	1
thrift	経済	other	89	347.4	0.3	no	1
throng	群	other	335	167.1	2.0	no	1
through	中	other	1063	859.6	1.2	no	1
throughout	中	other	1063	859.6	1.2	no	1
throughout the world	世界中	other	65	34.5	1.9	no	1
throw	スロー	katakana	64	13.7	4.7	no	1
throwing in	投入	other	72	51.9	1.4	no	1
thumb	サム	katakana	91	37.6	2.4	no	1
thursday	木	other	255	132.2	1.9	no	1
thus	結果	other	1963	464.9	4.2	no	1
thyme	タイム	katakana	282	180.1	1.6	no	1
tick	チェック	katakana	713	28.4	25.2	no	1
ticket	パス	katakana	956	33.4	28.6	no	1
ticking	チェック	katakana	713	28.4	25.2	no	1
tide	流れ	other	78	59.3	1.3	no	1
tie-up	提携	other	82	49.4	1.7	no	1
tier	段	other	117	128.6	0.9	no	1
timber	木	other	255	132.2	1.9	no	1
time allowed for payment of a bill of exchange	サイト	katakana	1003	696.6	1.4	no	1
time between events	間	other	730	565.0	1.3	no	1
time keeper	タイマー	katakana	70	3.9	18.2	no	1
time loop	ループ	katakana	476	25.3	18.9	no	1
time of death	期	other	57	501.1	0.1	no	1
time of the year	節	other	376	148.3	2.5	no	1
time switch	タイマー	katakana	70	3.9	18.2	no	1
time zone	タイムゾーン	katakana	93	0.5	175.1	no	1
time-stamp	タイムスタンプ	katakana	114	0.5	222.0	no	1
time-stamping machine	タイムスタンプ	katakana	114	0.5	222.0	no	1
timeline	タイムライン	katakana	171	5.3	32.3	no	1
timeout	タイムアウト	katakana	103	1.3	80.4	yes	1
timer	タイマー	katakana	70	3.9	18.2	no	1
timetable	タイムライン	katakana	171	5.3	32.3	no	1
timing	タイミング	katakana	198	21.4	9.3	no	1
tinge	色	other	910	159.2	5.7	no	1
tint	色	other	910	159.2	5.7	no	1
tiny	小型	other	100	71.9	1.4	no	1
tiny dash or speck	側	other	471	364.7	1.3	no	1
tipsiness	生	other	87	90.6	1.0	no	1
tissue	組織	other	406	242.9	1.7	no	1
to a certain extent	若干	other	55	29.7	1.9	no	1
to actually exist	現在	other	1619	990.5	1.6	no	1
to be	有り	other	63	107.5	0.6	no	1
to be common	共通	other	284	85.7	3.3	no	1
to be deserving of	相当	other	219	97.4	2.3	no	1
to be immanent	内在	other	72	2.7	26.9	no	1
to be in keeping with	相当	other	219	97.4	2.3	no	1
to be inherent	内在	other	72	2.7	26.9	no	1
to be intrinsic	内在	other	72	2.7	26.9	no	1
to be proportionate to	相当	other	219	97.4	2.3	no	1
to be shared	共通	other	284	85.7	3.3	no	1
to be worthy of	相当	other	219	97.4	2.3	no	1
to become financially independent and retire early	ファイア	katakana	93	52.4	1.8	no	1
to begin with	全体	other	807	159.2	5.1	no	1
to compensate for	カバー	katakana	67	120.5	0.6	no	1
to contact using line	ライン	katakana	122	101.3	1.2	no	1
to cover	カバー	katakana	67	120.5	0.6	no	1
to cover for	カバー	katakana	67	120.5	0.6	no	1
to do	為	other	9021	3426.6	2.6	no	1
to drive	ドライブ	katakana	363	48.1	7.5	no	1
to exist right in front of one	現在	other	1619	990.5	1.6	no	1
to exist right now	現在	other	1619	990.5	1.6	no	1
to fix	一定	other	96	58.0	1.7	no	1
to go on a trip by car	ドライブ	katakana	363	48.1	7.5	no	1
to have	有り	other	63	107.5	0.6	no	1
to hide	非表示	other	206	0.9	223.2	yes	1
to make up for	カバー	katakana	67	120.5	0.6	no	1
to mark	マーク	katakana	136	100.3	1.4	no	1
to master	マスター	katakana	143	89.3	1.6	no	1
to offset	カバー	katakana	67	120.5	0.6	no	1
to pack	パック	katakana	128	36.8	3.5	no	1
to package	パック	katakana	128	36.8	3.5	no	1
to point	ポイント	katakana	244	131.5	1.9	yes	1
to propel	ドライブ	katakana	363	48.1	7.5	no	1
to put a mark on	マーク	katakana	136	100.3	1.4	no	1
to regularize	一定	other	96	58.0	1.7	no	1
to reside	内在	other	72	2.7	26.9	no	1
to send a message using line	ライン	katakana	122	101.3	1.2	no	1
to settle	一定	other	96	58.0	1.7	no	1
to standardize	一定	other	96	58.0	1.7	no	1
to the same degree	分	other	388	1042.5	0.4	no	1
to think about scientifically	科学	other	148	224.9	0.7	no	1
to think in terms of science	科学	other	148	224.9	0.7	no	1
to wrap	パック	katakana	128	36.8	3.5	no	1
to wrap in plastic wrap	ラップ	katakana	167	33.3	5.0	no	1
together	一緒	other	116	107.9	1.1	no	1
together with	共	other	185	456.3	0.4	no	1
tokyo	東京	other	68	994.5	0.1	no	1
toll road	有料	other	75	26.4	2.8	no	1
tone generator	音源	other	85	49.5	1.7	no	1
tone mark	声	other	69	560.1	0.1	no	1
tongue	実	other	88	137.0	0.6	no	1
tool	ツール	katakana	910	37.0	24.6	yes	1
toolbar	ツールバー	katakana	57	0.6	99.9	yes	1
tooth	目	other	127	180.7	0.7	no	1
top edge	上端	other	60	1.6	38.0	no	1
top part	上部	other	56	42.5	1.3	no	1
top position	トップ	katakana	79	155.9	0.5	no	1
top-level	トップレベル	katakana	104	3.1	33.7	no	1
top-ranking	トップレベル	katakana	104	3.1	33.7	no	1
topcoat	スプリング	katakana	105	34.1	3.1	no	1
topical	話題	other	51	71.6	0.7	no	1
toplist	ランキング	katakana	60	148.6	0.4	no	1
topology	トポロジー	katakana	51	2.8	18.3	no	1
toque	トーク	katakana	67	98.0	0.7	no	1
torso	体	other	91	244.2	0.4	no	1
toshiba corporation	東芝	other	97	35.4	2.7	no	1
total	赤	other	66	78.1	0.8	no	1
total amount	合計	other	113	79.4	1.4	no	1
totally	度	other	546	575.2	0.9	no	1
touching	タッチ	katakana	185	20.7	8.9	no	1
touching palms	タッチ	katakana	185	20.7	8.9	no	1
touitsu	統一	other	168	118.5	1.4	no	1
tour	ツール	katakana	910	37.0	24.6	no	1
tour guide	ガイド	katakana	711	111.4	6.4	no	1
tower	台	other	308	313.7	1.0	no	1
toy blocks	ブロック	katakana	1276	91.1	14.0	no	1
track event	トラック	katakana	378	109.5	3.5	no	1
track record	実績	other	66	39.8	1.7	no	1
trade-in	下	other	432	387.7	1.1	no	1
tradition	型	other	2046	26.9	76.0	no	1
traditional	従来	other	398	108.4	3.7	no	1
traditional unit used for shoe and sock sizes	文	other	583	127.3	4.6	no	1
traffic light	信号	other	388	46.4	8.4	no	1
traffic signal	信号	other	388	46.4	8.4	no	1
trail left in the snow	トレース	katakana	117	4.8	24.7	no	1
trailing	ダウン	katakana	124	65.9	1.9	no	1
train that stops at every station	普通	other	118	130.0	0.9	no	1
tranquil	和	other	57	61.8	0.9	no	1
transaction	トランザクション	katakana	195	2.2	87.9	no	1
transactions	取り引き	other	95	57.2	1.7	no	1
transcription	表記	other	201	233.5	0.9	no	1
transgression	違反	other	102	54.7	1.9	no	1
transistor	トランジスタ	katakana	89	6.5	13.6	no	1
transit	経過	other	97	39.7	2.4	no	1
transitory	一時的	other	127	36.8	3.5	no	1
translation and annotation	訳注	other	90	8.1	11.0	no	1
translation with notes	訳注	other	90	8.1	11.0	no	1
translator's notes	訳注	other	90	8.1	11.0	no	1
transmission and reception	送受信	other	60	3.2	18.8	no	1
transparent	クリア	katakana	117	56.3	2.1	no	1
transplant	移植	other	195	35.1	5.6	no	1
transplantation	移植	other	195	35.1	5.6	no	1
transplanting	移植	other	195	35.1	5.6	no	1
transport	トランスポート	katakana	72	10.1	7.1	no	1
transposition	互換	other	299	7.8	38.2	no	1
transverse measurement	法	other	505	388.4	1.3	no	1
trapping	捕捉	other	74	4.6	16.0	no	1
travel	移動	other	735	171.6	4.3	no	1
travelling across	横断	other	52	37.9	1.4	no	1
traversing	横断	other	52	37.9	1.4	no	1
treat	振る舞い	other	166	11.1	15.0	no	1
treating as	扱い	other	62	87.4	0.7	no	1
treating like	扱い	other	62	87.4	0.7	no	1
treatise	論文	other	181	87.4	2.1	no	1
treble range	甲	other	215	40.4	5.3	no	1
tree peony	ボタン	katakana	928	49.9	18.6	no	1
trends	流れ	other	78	59.3	1.3	no	1
trendy	ナウ	katakana	158	39.5	4.0	no	1
trial run	試行	other	72	4.0	18.0	no	1
tribute	貢献	other	106	96.2	1.1	no	1
trickery	種	other	113	277.4	0.4	no	1
trigger	トリガー	katakana	159	10.3	15.5	no	1
triggering	発火	other	126	5.2	24.4	yes	1
trip	行	other	1071	114.6	9.3	no	1
trip by car	ドライブ	katakana	363	48.1	7.5	no	1
trolley	キャリア	katakana	54	62.4	0.9	no	1
truck	トラック	katakana	378	109.5	3.5	no	1
true character	本体	other	235	43.3	5.4	no	1
true to life	リアル	katakana	133	89.9	1.5	no	1
trump card	限り	other	422	87.3	4.8	no	1
trustee	受託者	other	61	0.7	82.6	no	1
trustworthy	実体	other	69	12.0	5.7	no	1
try	アタック	katakana	59	35.5	1.7	no	1
try to	御覧	other	537	11.9	45.3	no	1
tub	タブ	katakana	369	2.7	136.8	no	1
tube	パイプ	katakana	84	15.6	5.4	no	1
tuning	調整	other	310	73.7	4.2	no	1
tuple	タプル	katakana	251	0.6	419.3	yes	1
turbid	不透明	other	56	3.6	15.5	no	1
turning	角	other	398	62.4	6.4	no	1
turning around	反転	other	58	12.4	4.7	no	1
turning in	提出	other	142	75.2	1.9	no	1
turning out	制作	other	151	476.1	0.3	no	1
turning over	反転	other	58	12.4	4.7	no	1
tutorial	チュートリアル	katakana	266	3.7	72.2	no	1
tv	テレビ	katakana	143	687.4	0.2	no	1
tv broadcast	テレビ	katakana	143	687.4	0.2	no	1
tv program	テレビ	katakana	143	687.4	0.2	no	1
tv programme	テレビ	katakana	143	687.4	0.2	no	1
tv show	ショー	katakana	71	144.3	0.5	no	1
tv special	スペシャル	katakana	57	303.9	0.2	no	1
twill weave	文	other	583	127.3	4.6	no	1
twist	展開	other	246	199.7	1.2	no	1
two of a kind	ペア	katakana	159	29.1	5.5	no	1
two people	二人	other	55	344.4	0.2	no	1
two persons	二人	other	55	344.4	0.2	no	1
two reams	一連	other	185	37.3	5.0	no	1
type of aircraft	機種	other	416	47.5	8.8	no	1
type of classical chinese verse	行	other	1071	114.6	9.3	no	1
type of lacquer ware	平文	other	62	1.1	56.3	no	1
typeface	体	other	91	244.2	0.4	no	1
typesetting	組	other	77	255.8	0.3	no	1
typewriter	タイプ	katakana	648	165.8	3.9	no	1
typification	代表	other	78	532.7	0.1	no	1
ui	ユーザーインターフェース	katakana	174	3.2	54.6	yes	1
uk	イギリス	katakana	88	355.3	0.2	no	1
ukraine	ウ	katakana	140	5.2	26.9	no	1
ultimate	最終的	other	196	110.6	1.8	no	1
ultrasound	エコー	katakana	82	13.0	6.3	no	1
unable	不能	other	73	29.6	2.4	no	1
unavailable	無効	other	579	25.4	22.8	no	1
unbleached	生成	other	1818	57.4	31.7	no	1
unbleached cloth	生成	other	1818	57.4	31.7	no	1
unbleached colour	生成	other	1818	57.4	31.7	no	1
unburdened	空	other	577	126.5	4.6	no	1
unchangeable	不変	other	79	6.5	12.1	no	1
unchanging	常	other	793	101.1	7.8	no	1
unciphered text	平文	other	62	1.1	56.3	no	1
unconditional	絶対	other	125	50.4	2.5	no	1
unconditionally	絶対	other	125	50.4	2.5	no	1
unconnected	横	other	54	60.1	0.9	no	1
uncooked	生	other	87	90.6	1.0	no	1
undeniably	左右	other	53	56.5	0.9	no	1
under par	アンダー	katakana	54	43.5	1.2	no	1
underdevelopment	アンダー	katakana	54	43.5	1.2	no	1
underexposure	アンダー	katakana	54	43.5	1.2	no	1
underlining	強調	other	85	33.8	2.5	no	1
underneath	下	other	432	387.7	1.1	no	1
underpainting	ファンデーション	katakana	308	23.1	13.3	no	1
underscoring	強調	other	85	33.8	2.5	no	1
undersurface	後	other	1236	1707.5	0.7	no	1
undiluted	生	other	87	90.6	1.0	no	1
undyed	生成	other	1818	57.4	31.7	no	1
uneasiness	恐れ	other	113	27.0	4.2	no	1
unedited	生	other	87	90.6	1.0	no	1
unethical	ブラック	katakana	81	142.6	0.6	no	1
unexpected	変	other	78	40.3	1.9	no	1
unfairness	不正	other	463	43.9	10.5	no	1
unicode	ユニコード	katakana	313	11.4	27.5	yes	1
unidentified	不明	other	68	194.4	0.4	no	1
unification church	統一	other	168	118.5	1.4	no	1
uniform	一定	other	96	58.0	1.7	no	1
uniformity	統一	other	168	118.5	1.4	no	1
unimportant	マイナー	katakana	51	30.2	1.7	no	1
unison	共同	other	214	217.2	1.0	no	1
unit of measurement for cloth breadth	幅	other	547	69.4	7.9	no	1
unit that doubles the score of a hand	ファン	katakana	58	242.7	0.2	no	1
unitary	単一	other	583	17.9	32.5	no	1
united states	アメリカ	katakana	271	597.1	0.5	no	1
united states of america	アメリカ合衆国	other	133	275.2	0.5	no	1
unleashing	解放	other	163	69.0	2.4	no	1
unlicensed prostitute in the fukagawa red-light district	呼び出し	other	548	7.0	78.7	no	1
unmistakable	絶対	other	125	50.4	2.5	no	1
unmixed	純粋	other	73	25.7	2.8	no	1
unnamed	無名	other	66	12.3	5.4	no	1
unnecessary	不要	other	220	20.1	11.0	no	1
unneeded	不要	other	220	20.1	11.0	no	1
unpacking	展開	other	246	199.7	1.2	yes	1
unpaid work	役	other	128	903.1	0.1	no	1
unpasteurized beer	生	other	87	90.6	1.0	no	1
unpolished	生	other	87	90.6	1.0	no	1
unpredictable	不透明	other	56	3.6	15.5	no	1
unprocessed	生	other	87	90.6	1.0	no	1
unprotected	生	other	87	90.6	1.0	no	1
unsatisfactory	無し	other	52	28.7	1.8	no	1
unsigned	無名	other	66	12.3	5.4	no	1
unspoken	暗黙	other	181	3.1	57.8	no	1
unsuitable	不適切	other	117	12.6	9.2	no	1
unsupported	非対応	other	60	4.6	13.1	no	1
unused	生	other	87	90.6	1.0	no	1
unusual	非常	other	338	164.7	2.0	no	1
up	上	other	1233	475.6	2.6	no	1
up to now	従来	other	398	108.4	3.7	no	1
up-and-coming	期待	other	354	78.2	4.5	no	1
upbringing	教育	other	156	406.7	0.4	no	1
upcoming program	代わり	other	918	90.4	10.2	no	1
upcoming programme	代わり	other	918	90.4	10.2	no	1
upper end	上端	other	60	1.6	38.0	no	1
upper half	上	other	1233	475.6	2.6	no	1
upper left	左上	other	68	3.6	18.7	no	1
upper limit	上限	other	76	15.5	4.9	no	1
upper part	上	other	1233	475.6	2.6	no	1
upper reaches	上	other	1233	475.6	2.6	no	1
upper stream	上	other	1233	475.6	2.6	no	1
uppercase letter	大文字	other	220	6.3	34.9	no	1
uppermost	最高	other	131	251.7	0.5	no	1
upright	実体	other	69	12.0	5.7	no	1
upstairs	アップ	katakana	240	175.9	1.4	no	1
upswept hairstyle	アップ	katakana	240	175.9	1.4	no	1
upward	上	other	1233	475.6	2.6	no	1
urgency	緊急	other	50	60.7	0.8	no	1
urine	下	other	432	387.7	1.1	no	1
usance	サイト	katakana	1003	696.6	1.4	no	1
use case	ユースケース	katakana	85	0.5	178.0	yes	1
use for a particular purpose	専用	other	416	149.0	2.8	no	1
used to indicate a common occurrence in the past	物	other	3627	2080.8	1.7	no	1
used to indicate a general tendency	物	other	3627	2080.8	1.7	no	1
used to indicate something that should happen	物	other	3627	2080.8	1.7	no	1
user interface	ユーザーインターフェース	katakana	174	3.2	54.6	yes	1
user name	固定	other	194	63.1	3.1	no	1
user of an online handle	固定	other	194	63.1	3.1	no	1
using an assumed name	匿名	other	51	9.1	5.7	no	1
using only	専用	other	416	149.0	2.8	no	1
using solely	専用	other	416	149.0	2.8	no	1
uss enterprise	エンタープライズ	katakana	321	19.6	16.3	no	1
usual state of things	常	other	793	101.1	7.8	no	1
vacancy	空間	other	867	108.8	8.0	no	1
vacuum	空白	other	229	13.5	17.0	no	1
vague	曖昧	other	84	156.2	0.5	no	1
validation	確認	other	2121	171.0	12.4	no	1
valley	間	other	730	565.0	1.3	no	1
valuable	高価	other	74	12.3	6.0	no	1
valuation	評価	other	646	216.0	3.0	no	1
vanguard	先頭	other	324	91.6	3.5	no	1
variable resistor	ボリューム	katakana	529	48.4	10.9	no	1
variance	分散	other	245	21.5	11.4	no	1
varied	様々	other	691	247.7	2.8	no	1
various things	左右	other	53	56.5	0.9	no	1
vcr	ビデオ	katakana	459	138.1	3.3	no	1
vein	条	other	231	264.0	0.9	no	1
velocity	速度	other	306	105.0	2.9	no	1
vending machine	ベンダー	katakana	187	6.0	30.8	no	1
vendor	ベンダー	katakana	187	6.0	30.8	no	1
venerable	上	other	1233	475.6	2.6	no	1
ventilation	流通	other	50	47.5	1.1	no	1
venture	事業	other	277	433.3	0.6	no	1
verdict	判定	other	117	81.2	1.4	no	1
verge	際	other	1311	601.4	2.2	no	1
verily	一定	other	96	58.0	1.7	no	1
veritable	本当	other	65	79.1	0.8	no	1
veritably	一定	other	96	58.0	1.7	no	1
versus	対	other	107	236.2	0.5	no	1
vertex	頂点	other	98	20.9	4.7	no	1
vertical	垂直	other	190	19.7	9.6	no	1
very low class prostitute	局	other	118	596.1	0.2	no	1
very much	度	other	546	575.2	0.9	no	1
very short scene in a film or tv show	フラッシュ	katakana	142	18.8	7.6	no	1
vest	ベスト	katakana	91	305.3	0.3	no	1
veto	拒否	other	313	62.7	5.0	no	1
vhs tape	ビデオ	katakana	459	138.1	3.3	no	1
video capture card	ビデオカード	katakana	57	1.0	59.9	yes	1
video card	ビデオカード	katakana	57	1.0	59.9	yes	1
video clip	動画	other	406	128.0	3.2	no	1
videocassette	ビデオ	katakana	459	138.1	3.3	no	1
videocassette recorder	ビデオ	katakana	459	138.1	3.3	no	1
videoconference call	通話	other	55	11.5	4.8	no	1
videotape	ビデオ	katakana	459	138.1	3.3	no	1
viewer	ビューアー	katakana	69	3.8	18.1	yes	1
views	再生	other	358	92.3	3.9	no	1
virile	生	other	87	90.6	1.0	no	1
virtualisation	仮想化	other	126	1.8	70.3	yes	1
virtualization	仮想化	other	126	1.8	70.3	yes	1
virtually	殆ど	other	476	214.0	2.2	no	1
virus	ウイルス	katakana	162	45.5	3.6	no	1
visage	形	other	316	272.3	1.2	no	1
viscount	子	other	606	265.3	2.3	no	1
visibility	可視	other	104	1.7	60.6	no	1
visible objects	色	other	910	159.2	5.7	no	1
visiting a high-class or noble individual	参入	other	50	29.9	1.7	no	1
vista	ビスタ	katakana	188	10.6	17.8	no	1
visual point	視点	other	59	34.9	1.7	no	1
visualisation	可視化	other	52	4.2	12.4	no	1
visualization	可視化	other	52	4.2	12.4	no	1
vital	生	other	87	90.6	1.0	no	1
vital point	要	other	98	21.1	4.6	no	1
vitiation	無効化	other	202	6.3	31.9	no	1
vocabulary	単語	other	131	22.8	5.7	no	1
voice call	通話	other	55	11.5	4.8	no	1
voiced sound	声	other	69	560.1	0.1	no	1
voltage	電圧	other	92	19.1	4.8	no	1
voluntary	任意	other	713	41.8	17.1	no	1
vote in favour	可	other	87	31.0	2.8	no	1
vulnerability	脆弱性	other	1522	4.7	324.9	yes	1
waistcoat	ベスト	katakana	91	305.3	0.3	no	1
wall	ウォール	katakana	52	25.5	2.0	no	1
wall fabric	クロス	katakana	183	75.4	2.4	no	1
wallboard	テックス	katakana	74	3.5	21.4	no	1
wallet	パース	katakana	53	7.1	7.4	no	1
wallpaper	クロス	katakana	183	75.4	2.4	no	1
wan	ワン	katakana	200	133.4	1.5	yes	1
wandering	流れ	other	78	59.3	1.3	no	1
war	役	other	128	903.1	0.1	no	1
ward	ワード	katakana	182	12.0	15.1	no	1
warden	管理者	other	278	25.5	10.9	no	1
ware	ウェア	katakana	52	10.7	4.9	no	1
warm-up	アップ	katakana	240	175.9	1.4	no	1
warranty	保証	other	329	23.3	14.1	no	1
was in the process of doing	所	other	234	343.3	0.7	no	1
was just doing	所	other	234	343.3	0.7	no	1
waste collection	収集	other	166	47.9	3.5	no	1
waste materials	スラッシュ	katakana	58	4.8	12.2	no	1
waste oil	スラッシュ	katakana	58	4.8	12.2	no	1
watch cap	ウォッチ	katakana	471	95.3	4.9	no	1
watching out	注意	other	892	61.0	14.6	no	1
watchkeeping	ウォッチ	katakana	471	95.3	4.9	no	1
water level	水準	other	126	20.6	6.1	no	1
way of	方	other	462	268.2	1.7	no	1
way of handling	使い方	other	509	637.8	0.8	no	1
way of thinking	考え方	other	117	26.0	4.5	no	1
way of treating	使い方	other	509	637.8	0.8	no	1
way of writing	書き方	other	72	3.0	23.9	no	1
way to use	使い方	other	509	637.8	0.8	no	1
weak point	欠点	other	78	15.4	5.0	no	1
wear	ウェア	katakana	52	10.7	4.9	no	1
weather	空	other	577	126.5	4.6	no	1
web	ウェブ	katakana	1595	646.3	2.5	no	1
web application	ウェブアプリケーション	katakana	183	0.6	291.5	yes	1
web browser	ウェブブラウザ	katakana	159	2.8	57.4	no	1
web server	ウェブサーバー	katakana	138	1.2	111.4	yes	1
web service	ウェブサービス	katakana	55	1.8	30.6	no	1
web services	ウェブサービス	katakana	55	1.8	30.6	no	1
web site	ウェブサイト	katakana	692	208.7	3.3	no	1
webpage	ウェブページ	katakana	270	3.7	72.6	no	1
wedding	式	other	585	419.6	1.4	no	1
weighing scale	スケール	katakana	77	21.3	3.6	no	1
weighty	重大	other	60	24.1	2.5	no	1
weird	変	other	78	40.3	1.9	no	1
welfare	為	other	9021	3426.6	2.6	no	1
well-informed person	条	other	231	264.0	0.9	no	1
well-known	有名	other	94	111.0	0.9	no	1
what is left	残り	other	149	56.2	2.6	no	1
whatsoever	一切	other	57	49.7	1.1	no	1
whereas	一方	other	230	203.7	1.1	no	1
whereupon	所	other	234	343.3	0.7	no	1
whip	策	other	162	27.5	5.9	no	1
whistling sound	ビュー	katakana	641	19.2	33.4	no	1
white	ホワイト	katakana	89	93.2	1.0	no	1
white space	ホワイトスペース	katakana	74	0.2	302.1	no	1
white-out	ホワイト	katakana	89	93.2	1.0	no	1
whizzing by	ビュー	katakana	641	19.2	33.4	no	1
wholeheartedly	一意	other	116	3.5	33.5	no	1
wholly	全て	other	3784	481.7	7.9	no	1
wickedness	曲	other	62	615.4	0.1	no	1
wide	ワイド	katakana	69	72.8	0.9	no	1
wide area network	ワン	katakana	200	133.4	1.5	yes	1
widget	ウィジェット	katakana	118	1.3	89.9	yes	1
wife	上	other	1233	475.6	2.6	no	1
wife-swapping	スワップ	katakana	71	2.5	28.0	no	1
wii	ウィー	katakana	110	54.9	2.0	no	1
wiki	ウィキ	katakana	436	281.5	1.5	yes	1
wild	ワイルド	katakana	55	47.3	1.2	no	1
wild boar	ボタン	katakana	928	49.9	18.6	no	1
winding	巻	other	102	805.0	0.1	no	1
winning a prize	受賞	other	112	305.4	0.4	no	1
winning hand with a pung of red dragon tiles	中	other	1063	859.6	1.2	no	1
winter	冬	other	75	94.8	0.8	no	1
wire rope	ワイヤ	katakana	57	16.8	3.4	no	1
wireless microphone	ワイヤレス	katakana	98	7.1	13.9	no	1
wiring	配線	other	68	8.0	8.5	no	1
with a hiss	ビュー	katakana	641	19.2	33.4	no	1
with a howl	ビュー	katakana	641	19.2	33.4	no	1
with a screech	キー	katakana	1238	21.9	56.6	no	1
with a squeak	キー	katakana	1238	21.9	56.6	no	1
with a squeal	キー	katakana	1238	21.9	56.6	no	1
with a whizz	ビュー	katakana	641	19.2	33.4	no	1
with my compliments	上	other	1233	475.6	2.6	no	1
with respect to	上	other	1233	475.6	2.6	no	1
within a collection of works	集中	other	59	52.0	1.1	no	1
within a company	社内	other	50	17.8	2.8	no	1
within a shrine	社内	other	50	17.8	2.8	no	1
within the country	国内	other	97	144.7	0.7	no	1
without	無し	other	52	28.7	1.8	no	1
without compensation	無償	other	132	14.0	9.5	no	1
without discrimination	同一	other	216	80.3	2.7	no	1
without even	とも	other	355	430.1	0.8	no	1
without exception	一切	other	57	49.7	1.1	no	1
without pay	無償	other	132	14.0	9.5	no	1
without reward	無償	other	132	14.0	9.5	no	1
without so much as	とも	other	355	430.1	0.8	no	1
witty	乙	other	210	22.9	9.2	no	1
woman	人物	other	80	471.6	0.2	no	1
wonder	よう	other	10037	1988.9	5.0	no	1
wonderful	最高	other	131	251.7	0.5	no	1
wood	木	other	255	132.2	1.9	no	1
wooden box carried on one's back to store items for a pilgrimage	負	other	273	15.3	17.8	no	1
wooden clappers	木	other	255	132.2	1.9	no	1
wooden frame on the tip of the mast of a japanese ship that prevents the hawser from falling out	筈	other	272	53.3	5.1	no	1
woof	ワン	katakana	200	133.4	1.5	no	1
worcestershire sauce	ソース	katakana	632	47.8	13.2	no	1
word processor	ワープロ	katakana	90	2.9	31.1	yes	1
wording	用語	other	370	142.6	2.6	no	1
words	言葉	other	118	197.6	0.6	no	1
work schedule	シフト	katakana	99	17.0	5.8	no	1
workalike	互換機	other	129	2.5	52.0	yes	1
workflow	ワークフロー	katakana	56	1.1	49.5	no	1
working group	ワーキンググループ	katakana	55	4.3	12.6	no	1
working together as a team	タグ	katakana	502	6.0	83.3	no	1
workings	仕組み	other	242	24.8	9.8	no	1
workout	トレーニング	katakana	54	36.5	1.5	no	1
workshop	工場	other	58	200.2	0.3	no	1
workstation	ワークステーション	katakana	125	2.3	53.3	yes	1
world wide web	ウェブ	katakana	1595	646.3	2.5	no	1
world's first	世界初	other	85	19.9	4.3	no	1
world-famous	世界	other	357	1109.7	0.3	no	1
world-renowned	世界	other	357	1109.7	0.3	no	1
wow	イヤー	katakana	69	85.0	0.8	no	1
wrestling with	取り組み	other	125	33.8	3.7	no	1
wrist	リスト	katakana	2179	132.9	16.4	no	1
write protection	プロテクト	katakana	54	3.9	13.8	yes	1
writer	作者	other	80	51.1	1.6	no	1
writing down	記録	other	395	526.6	0.7	no	1
writing on the surface	表記	other	201	233.5	0.9	no	1
writing out	作成	other	4069	117.1	34.7	no	1
writings	文	other	583	127.3	4.6	no	1
written form	書字	other	112	0.4	296.6	no	1
written representation	表記	other	201	233.5	0.9	no	1
written text	字	other	97	243.4	0.4	no	1
wrongdoing	不正	other	463	43.9	10.5	no	1
xia dynasty	夏	other	92	206.1	0.4	no	1
yaku	役	other	128	903.1	0.1	no	1
yard	桁	other	174	34.3	5.1	no	1
yeah	其々	other	1180	301.7	3.9	no	1
years	年	other	25941	46332.2	0.6	no	1
yen	円	other	287	470.4	0.6	no	1
yes or no	有無	other	106	16.1	6.6	no	1
yo	よう	other	10037	1988.9	5.0	no	1
yoke	束縛	other	58	3.5	16.5	no	1
young and beautiful	乙	other	210	22.9	9.2	no	1
young geisha	子	other	606	265.3	2.3	no	1
young person	子	other	606	265.3	2.3	no	1
young prostitute	子	other	606	265.3	2.3	no	1
young woman	子	other	606	265.3	2.3	no	1
younger brother	乙	other	210	22.9	9.2	no	1
younger sister	乙	other	210	22.9	9.2	no	1
youngest	乙	other	210	22.9	9.2	no	1
youngest child	乙	other	210	22.9	9.2	no	1
youngster	子	other	606	265.3	2.3	no	1
yuan	元	other	624	867.7	0.7	no	1
yuan dynasty	元	other	624	867.7	0.7	no	1
yuko	有効	other	1550	49.7	31.2	no	1
zenith	頂点	other	98	20.9	4.7	no	1
zest	興味	other	87	59.0	1.5	no	1
zoomed-in view	詳細	other	1299	150.0	8.7	no	1
