j	sense	english	computing	english_source	lsource	field_per_million	wiki_topic_per_million	general_per_million
オブジェクト	0	object	no	jmdict		6215.1	812.3	18.0
ファイル	0	file	no	jmdict		4392.2	2289.9	107.0
ファイル	1	file;filing;keeping on file	no	jmdict		4392.2	2289.9	107.0
データ	0	data;datum	no	jmdict		3177.9	3441.0	318.5
システム	0	system	no	jmdict		2766.2	3604.1	363.0
ユーザー	0	user	no	jmdict		3806.3	2074.3	68.2
プロパティー	0	property	no	jmdict		5722.1	99.4	6.2
ザ	0	the	no	jmdict		864.4	4393.5	3055.9
ザ	1	quintessential;definitive;representative;typical;classic	no	jmdict		864.4	4393.5	3055.9
コード	0	code;program	yes	jmdict		3590.1	1640.8	108.1
コード	1	code;regulation;rules	no	jmdict		3590.1	1640.8	108.1
コード	2	code;symbol set	no	jmdict		3590.1	1640.8	108.1
コード	3	cord;flex	no	jmdict		3590.1	1640.8	108.1
コード	4	chord	no	jmdict		3590.1	1640.8	108.1
コード	5	string	no	jmdict		3590.1	1640.8	108.1
ブラウザ	0	browser	no	jmdict		4559.6	500.0	17.5
メソッド	0	method	no	jmdict		4474.9	355.3	14.9
サービス	0	service;help;assistance;care;concern	no	jmdict		2486.0	1543.8	273.2
サービス	1	discount;discounted item	no	jmdict		2486.0	1543.8	273.2
サービス	2	free service;freebie;gift	no	jmdict		2486.0	1543.8	273.2
サービス	3	service;utility;amenity;resource	no	jmdict		2486.0	1543.8	273.2
サービス	4	service;servicing;maintenance	no	jmdict		2486.0	1543.8	273.2
サービス	5	service;serve	no	jmdict		2486.0	1543.8	273.2
サポート	0	support	no	jmdict		1751.2	2214.2	102.9
サーバー	0	server	yes	jmdict		2170.2	1738.7	37.8
サーバー	1	dispenser	no	jmdict		2170.2	1738.7	37.8
ソフトウェア	0	software	yes	jmdict		606.3	3150.5	74.0
ページ	0	page	no	jmdict		2611.5	1137.9	1901.3
ページ	1	nth page	no	jmdict		2611.5	1137.9	1901.3
イベント	0	event	no	jmdict		3424.8	276.7	276.3
バージョン	0	version	no	jmdict		1643.8	1893.8	173.2
コンテナ	0	container;skip	no	jmdict		3255.1	134.0	25.7
アプリケーション	0	application;application software	yes	jmdict		1906.9	1424.0	25.4
アプリケーション	1	application;putting into use	no	jmdict		1906.9	1424.0	25.4
アプリケーション	2	application;request;petition	no	jmdict		1906.9	1424.0	25.4
アンド	0	and	no	jmdict		405.7	2922.7	1143.3
オブ	0	of	no	jmdict		337.1	2977.1	2125.4
アクセス	0	access	no	jmdict		2230.9	958.1	60.9
ウェブ	0	web;world wide web	no	jmdict		1594.6	1430.0	646.3
ネットワーク	0	network	no	jmdict		1300.3	1588.0	134.1
インターフェース	0	interface	yes	jmdict		2025.7	838.1	17.7
セキュリティー	0	security	no	jmdict		1781.7	1077.1	39.4
リスト	0	list	no	jmdict		2179.2	612.7	132.9
リスト	1	wrist	no	jmdict		2179.2	612.7	132.9
モデル	0	model;dummy;mock-up	no	jmdict		660.6	2092.4	351.7
モデル	1	model;fashion model	no	jmdict		660.6	2092.4	351.7
モデル	2	model;version	no	jmdict		660.6	2092.4	351.7
モデル	3	model	no	jmdict		660.6	2092.4	351.7
モデル	4	model;inspiration	no	jmdict		660.6	2092.4	351.7
クラス	0	class	no	jmdict		1870.0	804.7	163.1
フォー	0	four	no	jmdict		386.7	2195.9	496.5
フォー	1	pho	no	jmdict		386.7	2195.9	496.5
コンピューター	0	computer	no	jmdict		186.8	2373.4	120.3
テキスト	0	text	no	jmdict		1959.1	571.8	50.1
テキスト	1	textbook	no	jmdict		1959.1	571.8	50.1
コンポーネント	0	component	no	jmdict		2176.9	302.4	8.8
プログラム	0	program;programme	no	jmdict		685.8	1773.3	122.2
プログラム	1	program;brochure;pamphlet	no	jmdict		685.8	1773.3	122.2
プログラム	2	program;programming	yes	jmdict		685.8	1773.3	122.2
モジュール	0	module	no	jmdict		1997.8	444.3	18.6
コンテンツ	0	contents;content	no	jmdict		2039.5	375.7	64.8
オプション	0	option;choice	no	jmdict		2050.5	342.8	38.6
オプション	1	optional extra	no	jmdict		2050.5	342.8	38.6
オプション	2	individual item;separate item	no	jmdict		2050.5	342.8	38.6
オプション	3	option	no	jmdict		2050.5	342.8	38.6
プロジェクト	0	project	no	jmdict		916.6	1341.9	256.6
ノード	0	node	no	jmdict		1721.7	500.3	8.7
ビット	0	bit	yes	jmdict		345.1	1844.9	37.0
ビット	1	bitt;bollard;mooring post	no	jmdict		345.1	1844.9	37.0
デフォルト	0	default	no	jmdict		1902.8	244.7	11.8
リクエスト	0	request	no	jmdict		1968.7	148.5	24.9
コマンド	0	command	yes	jmdict		1564.8	508.2	25.2
コマンド	1	command key	yes	jmdict		1564.8	508.2	25.2
コマンド	2	commando	no	jmdict		1564.8	508.2	25.2
リリース	0	release;publication	no	jmdict		503.7	1542.9	286.2
リリース	1	release;liberation;setting free	no	jmdict		503.7	1542.9	286.2
リリース	2	release	yes	jmdict		503.7	1542.9	286.2
エラー	0	error	no	jmdict		1648.4	331.1	60.6
エラー	1	fumble that leads to failing to put out a runner	no	jmdict		1648.4	331.1	60.6
メモリ	0	memory	yes	jmdict		506.0	1447.3	26.6
メモリ	1	memory;recollection;remembrance	no	jmdict		506.0	1447.3	26.6
サイト	0	site	no	jmdict		910.2	1002.6	696.6
サイト	1	website	no	jmdict		910.2	1002.6	696.6
サイト	2	time allowed for payment of a bill of exchange;usance	no	jmdict		910.2	1002.6	696.6
テスト	0	test;exam;examination;quiz	no	jmdict		1374.1	532.2	77.7
テスト	1	test;trial	no	jmdict		1374.1	532.2	77.7
テスト	2	rehearsal	no	jmdict		1374.1	532.2	77.7
ブロック	0	block;chunk	no	jmdict		1276.1	624.7	91.1
ブロック	1	concrete block	no	jmdict		1276.1	624.7	91.1
ブロック	2	toy blocks	no	jmdict		1276.1	624.7	91.1
ブロック	3	block	no	jmdict		1276.1	624.7	91.1
ブロック	4	blocking;obstructing	no	jmdict		1276.1	624.7	91.1
ブロック	5	blocking	no	jmdict		1276.1	624.7	91.1
ブロック	6	bloc;association;group;region	no	jmdict		1276.1	624.7	91.1
リソース	0	resource	no	jmdict		1568.9	325.5	12.1
アーカイブ	0	archive	no	jmdict		98.5	1744.9	1230.6
スタイル	0	figure;build;physique;shape	no	jmdict		1602.1	192.6	140.6
スタイル	1	style	no	jmdict		1602.1	192.6	140.6
ツール	0	tool	no	jmdict		909.9	879.8	37.0
ツール	1	tour	no	jmdict		909.9	879.8	37.0
プロセス	0	process	no	jmdict		776.2	979.6	40.6
インスタンス	0	instance	yes	jmdict		1578.8	155.1	2.2
ポッド	0	pod	no	jmdict		1664.0	37.9	13.7
モード	0	mode;setting;way;manner	no	jmdict		971.8	728.8	118.3
モード	1	state;mode;frame of mind;feeling	no	jmdict		971.8	728.8	118.3
モード	2	mode	no	jmdict		971.8	728.8	118.3
モード	3	fashion	no	jmdict		971.8	728.8	118.3
キー	0	key	no	jmdict		1238.1	410.1	21.9
キー	1	key;clue	no	jmdict		1238.1	410.1	21.9
キー	2	key;most important	no	jmdict		1238.1	410.1	21.9
キー	3	chi	no	jmdict		1238.1	410.1	21.9
キー	4	with a screech;with a squeak;with a squeal	no	jmdict		1238.1	410.1	21.9
サイズ	0	size	no	jmdict		1093.4	525.5	80.8
インストール	0	installation	yes	jmdict		1020.3	550.1	11.5
クライアント	0	client	no	jmdict		918.4	643.7	14.8
ベース	0	base;basis;theme;basic ingredient	no	jmdict		594.2	963.8	145.9
ベース	1	base;depot	no	jmdict		594.2	963.8	145.9
ベース	2	base;base bag	no	jmdict		594.2	963.8	145.9
ベース	3	bass;low register	no	jmdict		594.2	963.8	145.9
ベース	4	bass guitar;electric bass;bass	no	jmdict		594.2	963.8	145.9
ベース	5	double bass;contrabass;bass	no	jmdict		594.2	963.8	145.9
リンク	0	link;linking;linkage	no	jmdict		905.1	613.0	386.7
リンク	1	link;hyperlink	no	jmdict		905.1	613.0	386.7
リンク	2	linking;linkage	yes	jmdict		905.1	613.0	386.7
リンク	3	links	no	jmdict		905.1	613.0	386.7
リンク	4	rink	no	jmdict		905.1	613.0	386.7
メディア	0	media	no	jmdict		699.5	810.2	485.5
メッセージ	0	message	no	jmdict		920.5	569.7	68.4
ライブラリー	0	library	no	jmdict		582.7	815.7	80.6
ライブラリー	1	book series	no	jmdict		582.7	815.7	80.6
イメージ	0	image;impression;imagining;mental image;mental picture	no	jmdict		1086.9	295.1	136.7
イメージ	1	image	yes	jmdict		1086.9	295.1	136.7
イメージ	2	depiction;rendition;impression	no	jmdict		1086.9	295.1	136.7
プログラミング	0	programming;programing	yes	jmdict		215.2	1163.5	38.9
プロトコル	0	protocol	yes	jmdict		464.1	901.5	16.7
ポート	0	port;harbor	no	jmdict		922.3	442.9	36.5
ポート	1	port	yes	jmdict		922.3	442.9	36.5
ヘッダー	0	header	no	jmdict		1180.8	182.9	6.6
グループ	0	group	no	jmdict		714.4	647.2	452.3
インターネット	0	internet	yes	jmdict		281.0	1063.3	125.2
オリジナル	0	original	no	jmdict		66.6	1260.9	964.3
オリジナル	1	unique;signature;exclusive;one-of-a-kind;custom	no	jmdict		66.6	1260.9	964.3
シリーズ	0	series	no	jmdict		34.8	1276.4	783.4
ドキュメント	0	document	no	jmdict		1007.7	296.5	27.0
ドキュメント	1	documentation	yes	jmdict		1007.7	296.5	27.0
ドキュメント	2	documentary;reportage	no	jmdict		1007.7	296.5	27.0
アドレス	0	address	no	jmdict		521.6	770.1	14.5
アドレス	1	email address	no	jmdict		521.6	770.1	14.5
アドレス	2	addressing	no	jmdict		521.6	770.1	14.5
ウェブサイト	0	website;web site	no	jmdict		692.2	562.8	208.7
コンテキスト	0	context	no	jmdict		1129.8	114.7	5.0
ボックス	0	box;container;bin	no	jmdict		1063.8	151.3	123.8
ボックス	1	box;booth;pit	no	jmdict		1063.8	151.3	123.8
ボックス	2	small rectangular building	no	jmdict		1063.8	151.3	123.8
ボックス	3	rectangular field area	no	jmdict		1063.8	151.3	123.8
ボックス	4	box	no	jmdict		1063.8	151.3	123.8
レベル	0	level;standard;grade;class;rank	no	jmdict		668.6	540.1	110.7
レベル	1	level	no	jmdict		668.6	540.1	110.7
レベル	2	level;spirit level;surveyor's level	no	jmdict		668.6	540.1	110.7
レベル	3	rebel	no	jmdict		668.6	540.1	110.7
レベル	4	revell	no	jmdict		668.6	540.1	110.7
アニメーション	0	animation;animated film;animated cartoon	no	jmdict		1073.7	134.1	98.9
データベース	0	database	yes	jmdict		625.8	576.0	118.1
フィールド	0	field	no	jmdict		966.5	218.4	79.6
フィールド	1	field;meadow	no	jmdict		966.5	218.4	79.6
フィールド	2	field;blank	yes	jmdict		966.5	218.4	79.6
パッケージ	0	package	no	jmdict		580.5	601.9	48.0
ホスト	0	host	no	jmdict		872.2	308.8	25.7
ゲーム	0	game	no	jmdict		227.8	950.0	637.0
フォーム	0	form	no	jmdict		1051.5	113.1	27.8
フォーム	1	foam	no	jmdict		1051.5	113.1	27.8
ウインドー	0	window	yes	jmdict		733.9	425.1	13.4
アプリ	0	app;application	yes	jmdict		713.9	435.2	58.2
ディレクトリー	0	directory;folder	yes	jmdict		901.5	246.3	8.5
ボタン	0	button	no	jmdict		927.8	216.9	49.9
ボタン	1	push-button;button	no	jmdict		927.8	216.9	49.9
ボタン	2	tree peony;moutan	no	jmdict		927.8	216.9	49.9
ボタン	3	wild boar	no	jmdict		927.8	216.9	49.9
タイプ	0	type;kind;sort;style	no	jmdict		648.5	490.4	165.8
タイプ	1	type;one's type	no	jmdict		648.5	490.4	165.8
タイプ	2	typewriter	no	jmdict		648.5	490.4	165.8
タイプ	3	typing	no	jmdict		648.5	490.4	165.8
プラットフォーム	0	platform	no	jmdict		436.9	682.2	44.2
バグ	0	bug	yes	jmdict		942.9	172.7	7.6
パス	0	passing	no	jmdict		956.2	157.9	33.4
パス	1	pass;ticket	no	jmdict		956.2	157.9	33.4
パス	2	pass	no	jmdict		956.2	157.9	33.4
パス	3	pass;giving a pass	no	jmdict		956.2	157.9	33.4
パス	4	path	yes	jmdict		956.2	157.9	33.4
パス	5	path;vector	yes	jmdict		956.2	157.9	33.4
パス	6	calipers	no	jmdict		956.2	157.9	33.4
レンダリング	0	rendering	no	jmdict		874.7	222.2	4.4
デバイス	0	device	no	jmdict		440.8	652.7	21.4
スクリプト	0	script	no	jmdict		845.1	239.4	7.4
アルゴリズム	0	algorithm	yes	jmdict		314.2	755.3	18.1
キャッシュ	0	cache	yes	jmdict		658.5	397.8	21.4
キャッシュ	1	cash	no	jmdict		658.5	397.8	21.4
フォント	0	font	no	jmdict		713.3	337.7	13.4
ルール	0	rule	no	jmdict		853.6	189.9	84.0
アーキテクチャー	0	architecture	no	jmdict		109.0	909.3	21.3
グロッサリー	0	glossary	no	jmdict		993.8	17.9	2.2
コントロール	0	control	no	jmdict		692.6	299.4	48.8
インテル	0	lead	no	jmdict		27.0	956.6	22.0
インテル	1	intel	no	jmdict		27.0	956.6	22.0
インテル	2	inter milan	no	jmdict		27.0	956.6	22.0
デジタル	0	digital	no	jmdict		90.4	881.1	310.2
ライセンス	0	license;licence	no	jmdict		98.5	869.8	43.6
バイト	0	part-time job;side job	no	jmdict		512.7	455.5	20.8
バイト	1	part-time worker;part-timer	no	jmdict		512.7	455.5	20.8
バイト	2	byte;octet	yes	jmdict		512.7	455.5	20.8
バイト	3	cutting tool;bit	no	jmdict		512.7	455.5	20.8
プロセッサー	0	processor	yes	jmdict		47.4	910.5	14.2
ガイド	0	guide;tour guide;conductor;guiding;leading	no	jmdict		710.5	247.4	111.4
ガイド	1	guidebook	no	jmdict		710.5	247.4	111.4
ガイド	2	guide;guide ring	no	jmdict		710.5	247.4	111.4
ハードウェア	0	hardware	yes	jmdict		160.1	796.7	15.8
ソース	0	sauce	no	jmdict		632.4	322.0	47.8
ソース	1	worcestershire sauce	no	jmdict		632.4	322.0	47.8
ソース	2	source	no	jmdict		632.4	322.0	47.8
ソース	3	source code	yes	jmdict		632.4	322.0	47.8
フレームワーク	0	framework	no	jmdict		483.1	466.8	9.2
アイテム	0	item	no	jmdict		864.8	83.7	67.7
アイテム	1	must-have;must-have item	no	jmdict		864.8	83.7	67.7
アイテム	2	item;pick-up	no	jmdict		864.8	83.7	67.7
フォーマット	0	format;form	no	jmdict		344.1	603.4	19.8
フォーマット	1	format	yes	jmdict		344.1	603.4	19.8
フォーマット	2	formatting;format	yes	jmdict		344.1	603.4	19.8
ウィズ	0	with	no	jmdict		203.6	741.9	258.8
クラスター	0	cluster	no	jmdict		801.0	130.1	12.3
クラスター	1	clique;faction;fan group	no	jmdict		801.0	130.1	12.3
ストレージ	0	storage	yes	jmdict		536.9	376.5	9.4
チェック	0	check;plaid	no	jmdict		713.5	195.1	28.4
チェック	1	check;inspection;examination;looking over;scrutinizing	no	jmdict		713.5	195.1	28.4
チェック	2	check;tick;marking with a check;checking off;ticking	no	jmdict		713.5	195.1	28.4
チェック	3	checking out;following;keeping one's eye on;keeping a close watch on	no	jmdict		713.5	195.1	28.4
チェック	4	check;cheque	no	jmdict		713.5	195.1	28.4
チェック	5	bill;check	no	jmdict		713.5	195.1	28.4
チェック	6	check	no	jmdict		713.5	195.1	28.4
パターン	0	pattern	no	jmdict		624.2	283.8	42.3
パターン	1	behavioural pattern;behavioral pattern;predictability;force of habit	no	jmdict		624.2	283.8	42.3
バック	0	back;rear	no	jmdict		675.5	232.1	235.9
バック	1	background;backdrop	no	jmdict		675.5	232.1	235.9
バック	2	backing;support;backer;supporter	no	jmdict		675.5	232.1	235.9
バック	3	going backwards;reversing;backing up	no	jmdict		675.5	232.1	235.9
バック	4	reverse	no	jmdict		675.5	232.1	235.9
バック	5	refunding;returning	no	jmdict		675.5	232.1	235.9
バック	6	back	no	jmdict		675.5	232.1	235.9
バック	7	backstroke	no	jmdict		675.5	232.1	235.9
バック	8	backhand	no	jmdict		675.5	232.1	235.9
バック	9	doggy style	no	jmdict		675.5	232.1	235.9
バック	10	bag	no	jmdict		675.5	232.1	235.9
ビルド	0	build	yes	jmdict		477.4	425.6	17.0
コピー	0	copy;photocopy	no	jmdict		569.7	328.0	35.7
コピー	1	book jacket blurb	no	jmdict		569.7	328.0	35.7
コピー	2	slogan	no	jmdict		569.7	328.0	35.7
ハンドラー	0	handler	no	jmdict		848.4	42.2	1.5
テンプレート	0	template	no	jmdict		671.8	215.6	19.1
マシン	0	machine	no	jmdict		274.5	611.1	184.6
マシン	1	race car;racing motorcycle	no	jmdict		274.5	611.1	184.6
ドメイン	0	domain	no	jmdict		445.4	439.0	28.3
ドメイン	1	domain name	no	jmdict		445.4	439.0	28.3
ログ	0	log	yes	jmdict		641.1	242.4	22.7
ログ	1	log;logarithm	no	jmdict		641.1	242.4	22.7
ログ	2	logbook	no	jmdict		641.1	242.4	22.7
レスポンス	0	response	no	jmdict		807.4	60.6	16.6
ソフト	0	soft	no	jmdict		47.6	817.3	127.7
ソフト	1	software	yes	jmdict		47.6	817.3	127.7
ソフト	2	soft hat;felt hat	no	jmdict		47.6	817.3	127.7
ソフト	3	soft serve ice cream	no	jmdict		47.6	817.3	127.7
ソフト	4	softball	no	jmdict		47.6	817.3	127.7
ニュース	0	news	no	jmdict		21.8	839.6	1307.2
ローカル	0	local	no	jmdict		615.0	240.1	67.0
レイアウト	0	layout	no	jmdict		744.9	106.2	12.1
パフォーマンス	0	performance	no	jmdict		564.4	284.1	62.3
パフォーマンス	1	something done for show;theatre;theater;showy action;gesture;playing to the gallery	no	jmdict		564.4	284.1	62.3
カスタム	0	custom;custom-made;custom-built	no	jmdict		745.1	92.5	16.0
カスタム	1	customization	no	jmdict		745.1	92.5	16.0
カスタム	2	customs;customs duty	no	jmdict		745.1	92.5	16.0
チャンネル	0	channel	no	jmdict		368.0	468.4	246.0
ルート	0	route;path	no	jmdict		656.0	179.3	94.8
ルート	1	channel	no	jmdict		656.0	179.3	94.8
ルート	2	root;square root	no	jmdict		656.0	179.3	94.8
ルート	3	root	yes	jmdict		656.0	179.3	94.8
ルート	4	loot	no	jmdict		656.0	179.3	94.8
コンパイラー	0	compiler	yes	jmdict		377.6	439.7	6.2
プラグイン	0	plug-in;plugin	yes	jmdict		507.6	307.5	5.8
コール	0	call;ring	no	jmdict		615.0	193.1	53.9
コール	1	shout;call;chant	no	jmdict		615.0	193.1	53.9
コール	2	call	no	jmdict		615.0	193.1	53.9
コール	3	call loan;call money	no	jmdict		615.0	193.1	53.9
コール	4	coal	no	jmdict		615.0	193.1	53.9
コンストラクター	0	constructor	no	jmdict		728.8	54.3	5.6
コントローラー	0	controller	no	jmdict		464.4	314.9	14.8
エンジン	0	engine	no	jmdict		363.4	410.1	183.1
セット	0	set;combo	no	jmdict		398.2	372.1	87.3
セット	1	setting up;preparing;arranging;placing;positioning;configuring;setting	no	jmdict		398.2	372.1	87.3
セット	2	setting	no	jmdict		398.2	372.1	87.3
セット	3	set	no	jmdict		398.2	372.1	87.3
セット	4	set;movie set	no	jmdict		398.2	372.1	87.3
セット	5	receiver	no	jmdict		398.2	372.1	87.3
カーネル	0	kernel	yes	jmdict		191.9	575.3	11.2
キーワード	0	key word;key phrase;clue	no	jmdict		636.8	127.8	13.3
キーワード	1	keyword;search term;index term	yes	jmdict		636.8	127.8	13.3
ブログ	0	blog	no	jmdict		190.5	567.3	220.9
オープン	0	opening	no	jmdict		187.5	567.7	188.4
オープン	1	open;frank;approachable;open-hearted	no	jmdict		187.5	567.7	188.4
オープン	2	open	no	jmdict		187.5	567.7	188.4
インデックス	0	index	no	jmdict		477.6	276.8	52.5
パラメーター	0	parameter	no	jmdict		564.7	183.6	14.3
ビュー	0	view	no	jmdict		641.4	97.8	19.2
ビュー	1	with a whizz;whistling sound;whizzing by;with a howl;with a hiss	no	jmdict		641.4	97.8	19.2
ビュー	2	gushing out	no	jmdict		641.4	97.8	19.2
ダウンロード	0	download	yes	jmdict		380.1	358.4	40.4
マネージャー	0	manager	no	jmdict		393.2	344.5	45.8
マネージャー	1	person in a sports team in charge of administrative and miscellaneous duties	no	jmdict		393.2	344.5	45.8
ストリーム	0	stream	no	jmdict		518.6	212.6	15.4
クエリー	0	query	yes	jmdict		575.4	144.5	5.2
グローバル	0	global	no	jmdict		510.4	207.8	75.3
クリック	0	click	yes	jmdict		600.8	116.5	10.9
ポリシー	0	policy	no	jmdict		585.7	123.8	16.4
ループ	0	loop;band;ring	no	jmdict		476.3	232.1	25.3
ループ	1	loop	yes	jmdict		476.3	232.1	25.3
ループ	2	looping;repeating	no	jmdict		476.3	232.1	25.3
ループ	3	time loop;temporal loop	no	jmdict		476.3	232.1	25.3
ループ	4	spiral;spiral loop	no	jmdict		476.3	232.1	25.3
ループ	5	loop antenna	no	jmdict		476.3	232.1	25.3
ループ	6	loop jump	no	jmdict		476.3	232.1	25.3
インポート	0	import;imported goods	no	jmdict		621.4	82.5	2.4
インポート	1	importing	yes	jmdict		621.4	82.5	2.4
ニュー	0	new	no	jmdict		104.6	597.7	291.5
ニュー	1	nu	no	jmdict		104.6	597.7	291.5
ニュー	2	gnu	yes	jmdict		104.6	597.7	291.5
タスク	0	task	no	jmdict		433.7	259.6	9.7
スクロール	0	scroll;scrolling	yes	jmdict		641.8	48.5	8.6
スレッド	0	thread	yes	jmdict		408.3	279.9	7.4
スレッド	1	thread;topic;conversation;post	no	jmdict		408.3	279.9	7.4
デザイン	0	design	no	jmdict		132.6	549.5	312.7
メール	0	email	no	jmdict		324.9	348.4	47.8
メール	1	mail;post	no	jmdict		324.9	348.4	47.8
メール	2	message;instant message;im;text	no	jmdict		324.9	348.4	47.8
メール	3	male	no	jmdict		324.9	348.4	47.8
ボリューム	0	volume	no	jmdict		528.9	143.0	48.4
ボリューム	1	volume;bulk;mass;amount;quantity	no	jmdict		528.9	143.0	48.4
ボリューム	2	potentiometer;variable resistor	no	jmdict		528.9	143.0	48.4
フレーム	0	frame	no	jmdict		407.3	263.1	31.2
フレーム	1	flame	no	jmdict		407.3	263.1	31.2
エージェント	0	agent	no	jmdict		492.1	172.2	25.3
エージェント	1	secret agent;spy	no	jmdict		492.1	172.2	25.3
ワーカー	0	worker	no	jmdict		645.9	16.4	3.4
ラベル	0	label	no	jmdict		544.7	102.7	15.7
タグ	0	tag;label	no	jmdict		501.9	145.0	6.0
タグ	1	game of tag	no	jmdict		501.9	145.0	6.0
タグ	2	tag-team match	no	jmdict		501.9	145.0	6.0
タグ	3	working together as a team	no	jmdict		501.9	145.0	6.0
キーボード	0	keyboard	no	jmdict		272.9	372.7	35.4
ソースコード	0	source code	yes	jmdict		274.8	370.6	5.6
ディスク	0	disk;disc	no	jmdict		140.1	503.7	66.9
バッファー	0	buffer	no	jmdict		455.9	186.9	4.7
テーブル	0	table	no	jmdict		323.5	312.9	30.2
ステート	0	state	no	jmdict		506.3	122.6	57.0
コンパイル	0	compilation;compiling	yes	jmdict		368.0	259.0	5.9
コンパイル	1	compile	no	jmdict		368.0	259.0	5.9
パケット	0	packet	yes	jmdict		267.0	357.7	8.3
パケット	1	packet;parcel;package	no	jmdict		267.0	357.7	8.3
オペレーティングシステム	0	operating system;os	yes	jmdict		147.9	476.8	9.5
レイヤー	0	layer	no	jmdict		424.3	198.5	7.3
レイヤー	1	cosplayer	no	jmdict		424.3	198.5	7.3
レファレンス	0	reference	no	jmdict		408.9	209.4	75.1
グリッド	0	grid	no	jmdict		556.0	62.2	10.7
リスク	0	risk	no	jmdict		490.2	126.6	48.0
リスク	1	reduced instruction set computer;risc	yes	jmdict		490.2	126.6	48.0
アップデート	0	update	yes	jmdict		172.4	444.0	39.3
スタック	0	stack	no	jmdict		290.1	326.0	7.2
スタック	1	getting stuck	no	jmdict		290.1	326.0	7.2
フラグ	0	flag;boolean value	yes	jmdict		530.8	84.9	6.1
フラグ	1	something that foreshadows a future event or outcome	no	jmdict		530.8	84.9	6.1
ピクセル	0	pixel;picture element	yes	jmdict		352.9	260.9	7.6
パスワード	0	password	no	jmdict		395.0	216.2	7.8
アクション	0	action	no	jmdict		508.6	98.1	94.5
ケース	0	case	no	jmdict		325.8	280.7	80.7
ケース	1	computer-aided software engineering;case	yes	jmdict		325.8	280.7	80.7
セッション	0	session	no	jmdict		463.0	131.0	31.8
セッション	1	jam session;jam	no	jmdict		463.0	131.0	31.8
テクノロジー	0	technology	no	jmdict		42.6	550.7	44.8
コミュニティー	0	community	no	jmdict		223.7	361.2	65.2
オープンソース	0	open source	yes	jmdict		63.0	518.3	8.5
レコード	0	record	no	jmdict		397.3	183.5	176.3
アクティブ	0	active	no	jmdict		476.5	104.1	19.4
スコープ	0	scope;extent;range	no	jmdict		520.9	58.1	7.3
スコープ	1	scope	no	jmdict		520.9	58.1	7.3
セクション	0	section	no	jmdict		463.9	114.5	20.6
ビジネス	0	business	no	jmdict		57.5	519.1	126.4
ドライバー	0	driver;motorist	no	jmdict		316.9	258.3	57.0
ドライバー	1	screwdriver	no	jmdict		316.9	258.3	57.0
ドライバー	2	driver	no	jmdict		316.9	258.3	57.0
フロム	0		no	none		160.1	412.9	211.3
メイン	0	main;principal	no	jmdict		367.5	204.2	156.6
メイン	1	main dish;main course	no	jmdict		367.5	204.2	156.6
メイン	2	main part;principal part	no	jmdict		367.5	204.2	156.6
メイン	3	maine	no	jmdict		367.5	204.2	156.6
ポインター	0	pointer;english pointer	no	jmdict		370.0	200.8	4.5
ポインター	1	pointer;pointing stick	no	jmdict		370.0	200.8	4.5
ポインター	2	pointer;mouse cursor	yes	jmdict		370.0	200.8	4.5
ポインター	3	pointer	yes	jmdict		370.0	200.8	4.5
ユニコード	0	unicode	yes	jmdict		257.6	312.6	11.4
ソケット	0	socket	no	jmdict		221.2	348.7	6.2
ビデオ	0	video	no	jmdict		109.5	459.4	138.1
ビデオ	1	videotape;vhs tape;videocassette	no	jmdict		109.5	459.4	138.1
ビデオ	2	videocassette recorder;vcr	no	jmdict		109.5	459.4	138.1
パソコン	0	personal computer;pc	no	jmdict		3.7	560.9	36.8
カード	0	card	no	jmdict		100.3	459.4	188.3
カード	1	playing cards	no	jmdict		100.3	459.4	188.3
カード	2	credit card;debit card	no	jmdict		100.3	459.4	188.3
カード	3	card;program;matchup;pairing	no	jmdict		100.3	459.4	188.3
カード	4	card;hand;bargaining chip;leverage;tactic	no	jmdict		100.3	459.4	188.3
カード	5	dough scraper;spatula	no	jmdict		100.3	459.4	188.3
カード	6	curd	no	jmdict		100.3	459.4	188.3
ファイルシステム	0	file system	yes	jmdict		253.7	305.4	4.1
ストア	0	store;shop	no	jmdict		267.7	288.0	47.8
ストア	1	storing	yes	jmdict		267.7	288.0	47.8
ストア	2	stoa	no	jmdict		267.7	288.0	47.8
ストア	3	stoic	no	jmdict		267.7	288.0	47.8
ツリー	0	tree	no	jmdict		434.4	117.8	21.0
ツリー	1	thread	no	jmdict		434.4	117.8	21.0
カラー	0	color;colour	no	jmdict		276.4	273.5	107.2
カラー	1	color;character;characteristics;atmosphere	no	jmdict		276.4	273.5	107.2
カラー	2	coloring;dyeing	no	jmdict		276.4	273.5	107.2
カラー	3	collar	no	jmdict		276.4	273.5	107.2
カラー	4	calla	no	jmdict		276.4	273.5	107.2
オーディオ	0	audio	no	jmdict		217.5	331.9	33.1
オーディオ	1	audio equipment	no	jmdict		217.5	331.9	33.1
ハッシュ	0	hash	yes	jmdict		310.0	238.3	4.4
ハッシュ	1	hush;hushing;suppressing	no	jmdict		310.0	238.3	4.4
セレクター	0	selector	no	jmdict		499.4	46.6	3.5
プロ	0	professional;pro	no	jmdict		24.5	518.8	278.0
プロ	1	program	no	jmdict		24.5	518.8	278.0
プロ	2	production	no	jmdict		24.5	518.8	278.0
プロ	3	proletarian;proletariat	no	jmdict		24.5	518.8	278.0
プロ	4	propaganda	no	jmdict		24.5	518.8	278.0
プロ	5	percent	no	jmdict		24.5	518.8	278.0
レポート	0	report;paper	no	jmdict		297.7	242.3	155.6
レポート	1	reportage	no	jmdict		297.7	242.3	155.6
デスクトップ	0	desktop	no	jmdict		95.3	444.1	7.6
デスクトップ	1	desktop computer	no	jmdict		95.3	444.1	7.6
チーム	0	team	no	jmdict		223.5	315.7	693.2
レジスター	0	register	no	jmdict		49.7	484.0	25.0
レジスター	1	checkout;cashier	no	jmdict		49.7	484.0	25.0
ディスプレー	0	display	no	jmdict		138.1	394.9	24.5
ディスプレー	1	display;monitor	no	jmdict		138.1	394.9	24.5
チップ	0	tip;gratuity	no	jmdict		83.6	447.1	26.2
チップ	1	foul tip	no	jmdict		83.6	447.1	26.2
チップ	2	tip	no	jmdict		83.6	447.1	26.2
チップ	3	chip;microchip	no	jmdict		83.6	447.1	26.2
チップ	4	chip;casino token	no	jmdict		83.6	447.1	26.2
チップ	5	chip	no	jmdict		83.6	447.1	26.2
チップ	6	chip;crisp	no	jmdict		83.6	447.1	26.2
フォーカス	0	focus	no	jmdict		486.8	37.5	16.6
フォーカス	1	photographing secretly	no	jmdict		486.8	37.5	16.6
フォーカス	2	forecast	no	jmdict		486.8	37.5	16.6
フィルター	0	filter	no	jmdict		368.2	153.6	13.7
オンライン	0	online	no	jmdict		98.5	421.2	264.6
オンライン	1	on the line	no	jmdict		98.5	421.2	264.6
ロール	0	roll;rolling up	no	jmdict		461.6	49.0	47.0
ロール	1	roll	no	jmdict		461.6	49.0	47.0
ロール	2	roller	no	jmdict		461.6	49.0	47.0
ロール	3	roll film	no	jmdict		461.6	49.0	47.0
ロール	4	role	no	jmdict		461.6	49.0	47.0
コア	0	core	no	jmdict		86.3	422.5	21.9
コア	1	core;hardcore;all-out;passionate	no	jmdict		86.3	422.5	21.9
サイバー	0		no	none		301.3	205.9	21.7
レンダー	0		no	none		495.0	10.6	0.8
トラック	0	truck;lorry	no	jmdict		378.5	123.6	109.5
トラック	1	track	no	jmdict		378.5	123.6	109.5
トラック	2	track event	no	jmdict		378.5	123.6	109.5
オリジン	0	origin	no	jmdict		491.4	8.5	3.0
ロック	0	lock	no	jmdict		302.7	195.8	210.5
ロック	1	lock;lock forward	no	jmdict		302.7	195.8	210.5
ロック	2	roc	no	jmdict		302.7	195.8	210.5
ロック	3	rock	no	jmdict		302.7	195.8	210.5
ロック	4	rock;boulder;stone	no	jmdict		302.7	195.8	210.5
ロック	5	on the rocks	no	jmdict		302.7	195.8	210.5
ロード	0	road	no	jmdict		288.1	207.9	64.5
ロード	1	load	no	jmdict		288.1	207.9	64.5
ロード	2	loading	yes	jmdict		288.1	207.9	64.5
ロード	3	lord	no	jmdict		288.1	207.9	64.5
ウォッチ	0	watch	no	jmdict		21.5	471.2	95.3
ウォッチ	1	watching;observing	no	jmdict		21.5	471.2	95.3
ウォッチ	2	watch;watchkeeping	no	jmdict		21.5	471.2	95.3
ウォッチ	3	watch cap	no	jmdict		21.5	471.2	95.3
ネーティブ	0	native	no	jmdict		293.8	195.4	22.6
ネーティブ	1	native speaker	no	jmdict		293.8	195.4	22.6
メンバー	0	member;participant;attendee;lineup	no	jmdict		280.3	205.1	380.3
リポジトリー	0	repository	no	jmdict		328.8	156.2	5.3
ネーム	0	name	no	jmdict		283.9	200.5	35.1
ネーム	1	nameplate	no	jmdict		283.9	200.5	35.1
ネーム	2	caption	no	jmdict		283.9	200.5	35.1
ネーム	3	storyboard;rough draft	no	jmdict		283.9	200.5	35.1
アカウント	0	account	no	jmdict		296.1	186.1	35.0
ターゲット	0	target	no	jmdict		349.6	128.0	24.3
タイム	0	time	no	jmdict		195.8	281.8	180.1
タイム	1	time-out	no	jmdict		195.8	281.8	180.1
タイム	2	thyme	no	jmdict		195.8	281.8	180.1
マネージメント	0	management	no	jmdict		185.0	290.3	55.9
メモリー	0	memory	yes	jmdict		229.7	245.2	24.9
メモリー	1	memory;recollection;remembrance	no	jmdict		229.7	245.2	24.9
マイクロ	0	micro	no	jmdict		72.1	396.2	23.1
マイクロ	1	minibus	no	jmdict		72.1	396.2	23.1
マイクロ	2	microfilm	no	jmdict		72.1	396.2	23.1
ポイント	0	point;key point;important part	no	jmdict		243.9	223.6	131.5
ポイント	1	point;site;spot	no	jmdict		243.9	223.6	131.5
ポイント	2	point	no	jmdict		243.9	223.6	131.5
ポイント	3	point;points	no	jmdict		243.9	223.6	131.5
ポイント	4	switch;points	no	jmdict		243.9	223.6	131.5
ポイント	5	place where many fish gather	no	jmdict		243.9	223.6	131.5
ポイント	6	ace	no	jmdict		243.9	223.6	131.5
ポイント	7	to point	yes	jmdict		243.9	223.6	131.5
オフィス	0	office	no	jmdict		28.4	433.1	101.3
アスキー	0	american standard code for information interchange;ascii	yes	jmdict		115.9	340.0	28.0
バイナリー	0	binary	no	jmdict		232.2	223.0	5.9
マップ	0	map	no	jmdict		251.9	203.3	64.5
ウィキ	0	wiki	yes	jmdict		18.3	436.0	281.5
ウィキ	1	wikipedia	no	jmdict		18.3	436.0	281.5
ライト	0	light	no	jmdict		138.8	314.5	179.3
ライト	1	right	no	jmdict		138.8	314.5	179.3
ライト	2	right field;right fielder	no	jmdict		138.8	314.5	179.3
センター	0	centre;center	no	jmdict		123.2	328.0	510.6
センター	1	center fielder	no	jmdict		123.2	328.0	510.6
アップ	0	rise;increase;raising;lifting;going up	no	jmdict		209.7	239.8	175.9
アップ	1	upload;posting online	no	jmdict		209.7	239.8	175.9
アップ	2	close-up	no	jmdict		209.7	239.8	175.9
アップ	3	completion of filming	no	jmdict		209.7	239.8	175.9
アップ	4	upswept hairstyle	no	jmdict		209.7	239.8	175.9
アップ	5	being up;being ahead;leading	no	jmdict		209.7	239.8	175.9
アップ	6	warm-up	no	jmdict		209.7	239.8	175.9
アップ	7	finishing;completion;being over	no	jmdict		209.7	239.8	175.9
アップ	8	upstairs	no	jmdict		209.7	239.8	175.9
トークン	0	token;authentication token	yes	jmdict		312.3	136.2	3.6
フリー	0	free	no	jmdict		61.8	385.2	130.8
フリー	1	freelance;independent	no	jmdict		61.8	385.2	130.8
フリー	2	freelancer	no	jmdict		61.8	385.2	130.8
フリー	3	one-size-fits-all	no	jmdict		61.8	385.2	130.8
フリー	4	free skating;long program	no	jmdict		61.8	385.2	130.8
マウス	0	mouse	no	jmdict		239.0	206.5	24.1
マウス	1	mouth	no	jmdict		239.0	206.5	24.1
プレーヤー	0	player	no	jmdict		67.8	377.1	130.0
タブ	0	tab	no	jmdict		369.1	75.1	2.7
タブ	1	tub	no	jmdict		369.1	75.1	2.7
サンプル	0	sample;example;specimen	no	jmdict		335.9	106.9	15.7
サンプル	1	display model	no	jmdict		335.9	106.9	15.7
コンピューティング	0	computing	no	jmdict		15.1	423.2	9.1
コメント	0	comment	no	jmdict		286.2	151.1	86.7
シェル	0	shell	yes	jmdict		190.0	247.1	14.4
コンソール	0	console	yes	jmdict		305.2	123.5	10.8
スロット	0	slot	no	jmdict		199.2	229.2	11.8
スロット	1	slot machine	no	jmdict		199.2	229.2	11.8
エディター	0	text editor	yes	jmdict		161.9	262.8	13.2
エディター	1	editor	no	jmdict		161.9	262.8	13.2
クラウドサービス	0	cloud service	yes	jmdict		387.4	34.8	1.2
パブリック	0	public	no	jmdict		104.2	315.0	40.3
エンコード	0	encoding	no	jmdict		318.7	94.9	2.0
ナンバー	0	number	no	jmdict		164.9	243.7	245.2
ナンバー	1	number plate;license plate	no	jmdict		164.9	243.7	245.2
リーダー	0	leader	no	jmdict		264.9	142.6	80.7
リーダー	1	leaders;dotted line;ellipsis	no	jmdict		264.9	142.6	80.7
リーダー	2	reader	no	jmdict		264.9	142.6	80.7
リーダー	3	microreader	no	jmdict		264.9	142.6	80.7
メーカー	0	manufacturer;producer;maker	no	jmdict		27.2	378.7	113.9
メーカー	1	maker	no	jmdict		27.2	378.7	113.9
ホーム	0	platform	no	jmdict		83.8	320.4	219.2
ホーム	1	home	no	jmdict		83.8	320.4	219.2
ホーム	2	home base;home plate	no	jmdict		83.8	320.4	219.2
マスク	0	mask	no	jmdict		317.6	86.6	38.1
マスク	1	features;looks	no	jmdict		317.6	86.6	38.1
プロトタイプ	0	prototype	no	jmdict		325.4	78.7	11.8
インライン	0	in-line;inline	yes	jmdict		372.8	31.0	1.2
ライブ	0	live	no	jmdict		191.9	211.4	579.6
ライブ	1	live performance;live concert	no	jmdict		191.9	211.4	579.6
ライブ	2	resonant;reverberating;echoey	no	jmdict		191.9	211.4	579.6
ディレクティブ	0	directive	yes	jmdict		384.2	18.0	1.3
ドライブ	0	drive;trip by car;driving	no	jmdict		33.9	362.9	48.1
ドライブ	1	to drive;to go on a trip by car	no	jmdict		33.9	362.9	48.1
ドライブ	2	to drive	no	jmdict		33.9	362.9	48.1
ドライブ	3	to drive;to propel	no	jmdict		33.9	362.9	48.1
ドライブ	4	drive	yes	jmdict		33.9	362.9	48.1
インフォメーション	0	information	no	jmdict		71.0	324.3	56.5
プロキシー	0	proxy	yes	jmdict		326.3	68.8	1.6
モジラ	0	mozilla	no	jmdict		122.7	271.8	3.9
リテラル	0	literal	yes	jmdict		344.8	46.8	0.8
コンテント	0	content	no	jmdict		260.3	128.5	29.7
メニュー	0	menu	no	jmdict		244.3	144.3	32.4
メニュー	1	schedule;program;programme;course;services	no	jmdict		244.3	144.3	32.4
ジャパン	0	japan	no	jmdict		14.4	373.0	395.7
グラフィックス	0	graphics	no	jmdict		20.8	363.5	10.1
エディション	0	edition	no	jmdict		29.3	349.2	70.3
プロミス	0	promise	no	jmdict		377.4	0.8	1.6
プロバイダー	0	internet service provider;isp	no	jmdict		230.3	147.5	6.0
オーバー	0	overcoat	no	jmdict		207.7	168.5	74.4
オーバー	1	exceeding;going over;going beyond	no	jmdict		207.7	168.5	74.4
オーバー	2	exaggerated;overdone;over the top	no	jmdict		207.7	168.5	74.4
オーバー	3	over par	no	jmdict		207.7	168.5	74.4
オーバー	4	overexposure	no	jmdict		207.7	168.5	74.4
オーバー	5	over	no	jmdict		207.7	168.5	74.4
クラウド	0	cloud	no	jmdict		193.9	180.5	12.3
クラウド	1	cloud computing;cloud service	yes	jmdict		193.9	180.5	12.3
クラウド	2	crowd	no	jmdict		193.9	180.5	12.3
シンプル	0	simple;plain	no	jmdict		207.2	165.5	22.1
ジェネレーター	0	generator	no	jmdict		310.3	62.3	4.3
カテゴリー	0	category	no	jmdict	ger	110.4	261.3	351.8
エフェクト	0	effect	no	jmdict		308.9	62.0	18.1
ランゲージ	0	language	no	jmdict		57.5	312.3	24.5
アップグレード	0	upgrade	no	jmdict		225.3	144.0	6.0
シート	0	seat	no	jmdict		307.7	60.9	47.4
シート	1	sheet	no	jmdict		307.7	60.9	47.4
シート	2	spreadsheet	yes	jmdict		307.7	60.9	47.4
キュー	0	cue;cue stick	no	jmdict		275.2	92.0	23.4
キュー	1	cue	no	jmdict		275.2	92.0	23.4
キュー	2	queue	yes	jmdict		275.2	92.0	23.4
ログイン	0	login	yes	jmdict		269.7	95.6	6.0
エントリー	0	entry;applying for entry;registering to participate	no	jmdict		222.1	142.2	40.5
エントリー	1	entry;post	no	jmdict		222.1	142.2	40.5
ストリング	0	string	no	jmdict		229.7	134.4	7.8
アクセシビリティー	0	accessibility	no	jmdict		328.8	34.7	1.5
シークエンス	0	sequence	no	jmdict		240.9	121.4	9.3
アンギュラー	0	angular	no	jmdict		349.6	9.6	0.5
マルウェア	0	malware	yes	jmdict		230.1	127.3	2.0
スペース	0	space;room	no	jmdict		172.6	184.7	109.2
スペース	1	space	no	jmdict		172.6	184.7	109.2
マッチ	0	match	no	jmdict		296.1	59.4	61.8
マッチ	1	matching;going well	no	jmdict		296.1	59.4	61.8
スタジオ	0	studio	no	jmdict		14.7	340.5	211.5
レビュー	0	review	no	jmdict		92.7	262.1	122.2
レビュー	1	revue	no	jmdict		92.7	262.1	122.2
シグナル	0	signal	no	jmdict		252.8	101.8	16.3
ウェブページ	0	web page;webpage	no	jmdict		269.5	84.1	3.7
マウント	0	mount;stand;fixture	no	jmdict		283.5	67.7	20.3
マウント	1	lens mount	no	jmdict		283.5	67.7	20.3
マウント	2	mounting	yes	jmdict		283.5	67.7	20.3
マウント	3	asserting dominance	no	jmdict		283.5	67.7	20.3
アレイ	0	array	no	jmdict		250.5	100.1	7.6
アレイ	1	dumbbell	no	jmdict		250.5	100.1	7.6
アレイ	2	alley;lane;alleyway	no	jmdict		250.5	100.1	7.6
アレイ	3	lane	no	jmdict		250.5	100.1	7.6
アレイ	4	alley	no	jmdict		250.5	100.1	7.6
モバイル	0	mobile	no	jmdict		93.9	253.8	24.3
エンタープライズ	0	enterprise	no	jmdict		26.6	320.7	19.6
エンタープライズ	1	uss enterprise	no	jmdict		26.6	320.7	19.6
エンタープライズ	2	starship enterprise	no	jmdict		26.6	320.7	19.6
ロジック	0	logic	no	jmdict		189.1	157.0	9.1
コスト	0	cost	no	jmdict		113.3	231.8	32.1
ステータス	0	status	no	jmdict		254.8	89.7	41.7
アイコン	0	icon	yes	jmdict		231.7	112.8	16.8
ドル	0	dollar	no	jmdict	dut	11.0	333.5	126.5
ドル	1	money;cash	no	jmdict	dut	11.0	333.5	126.5
グラフ	0	graph;chart;diagram	no	jmdict		82.2	261.4	25.3
ステップ	0	step;running board	no	jmdict		246.8	95.1	27.5
ステップ	1	step;pace	no	jmdict		246.8	95.1	27.5
ステップ	2	step	no	jmdict		246.8	95.1	27.5
ステップ	3	step;stage	no	jmdict		246.8	95.1	27.5
ステップ	4	steppe	no	jmdict		246.8	95.1	27.5
インプット	0	input	no	jmdict		265.6	76.1	2.9
ビジュアル	0	visual	no	jmdict		28.9	311.5	54.5
デバッグ	0	debugging	yes	jmdict		252.8	87.4	1.9
バリュー	0	value	no	jmdict		194.9	140.9	12.2
トランザクション	0	transaction	no	jmdict		194.6	140.9	2.2
ファンデーション	0	foundation	no	jmdict		26.3	307.9	23.1
ファンデーション	1	foundation garment	no	jmdict		26.3	307.9	23.1
ファンデーション	2	underpainting	no	jmdict		26.3	307.9	23.1
リモート	0	remote	no	jmdict		218.7	114.8	8.8
ルーティング	0	routing	yes	jmdict		230.6	102.6	1.5
ユニット	0	unit	no	jmdict		60.9	270.7	134.3
ユニット	1	group;band	no	jmdict		60.9	270.7	134.3
カスタマイズ	0	customization;customisation	no	jmdict		208.8	122.0	7.1
インシデント	0	incident	no	jmdict		299.7	28.6	3.9
セットアップ	0	setup;installation	no	jmdict		275.9	52.2	2.2
セットアップ	1	matching two-piece clothes;matching top and bottom	no	jmdict		275.9	52.2	2.2
サードパーティー	0	third party	no	jmdict		192.1	134.8	3.3
クロス	0	cross	no	jmdict		182.7	144.0	75.4
クロス	1	crossing;intersecting	no	jmdict		182.7	144.0	75.4
クロス	2	cloth	no	jmdict		182.7	144.0	75.4
クロス	3	tablecloth	no	jmdict		182.7	144.0	75.4
クロス	4	wallpaper;wall fabric	no	jmdict		182.7	144.0	75.4
ノット	0	knot	no	jmdict		142.7	180.5	59.1
ノット	1	not	no	jmdict		142.7	180.5	59.1
ワールド	0	world	no	jmdict		45.3	276.3	381.0
カウンター	0	counter;counting device	no	jmdict		232.2	89.4	18.5
カウンター	1	counter	no	jmdict		232.2	89.4	18.5
カウンター	2	counter;bar	no	jmdict		232.2	89.4	18.5
カウンター	3	counter-attack	no	jmdict		232.2	89.4	18.5
カウンター	4	counter;counterpunch	no	jmdict		232.2	89.4	18.5
カウンター	5	automatically responding with an upload slot to someone who allows you to download	no	jmdict		232.2	89.4	18.5
ナビゲーション	0	navigation	no	jmdict		292.2	28.8	6.1
ファンクション	0	function	no	jmdict		170.8	147.0	9.5
マクロ	0	macro	no	jmdict		195.8	121.9	7.7
アンカー	0	anchor	no	jmdict		306.4	7.3	11.3
アンカー	1	anchor;anchorman	no	jmdict		306.4	7.3	11.3
アンカー	2	link to a previous post	no	jmdict		306.4	7.3	11.3
アンカー	3	anchor bolt	no	jmdict		306.4	7.3	11.3
パワー	0	power	no	jmdict		8.9	303.3	106.1
セル	0	cell	no	jmdict		204.9	107.2	12.1
セル	1	serge	no	jmdict		204.9	107.2	12.1
セル	2	cel	no	jmdict		204.9	107.2	12.1
セル	3	starter motor	no	jmdict		204.9	107.2	12.1
コマンドライン	0	command line	yes	jmdict		225.3	86.5	1.3
レジストリー	0	registry	yes	jmdict		239.0	72.5	2.9
レジストリー	1	registry;register;collection of records	no	jmdict		239.0	72.5	2.9
ジョブ	0	job	no	jmdict		231.7	79.7	11.5
インチ	0	inch	no	jmdict		6.6	304.6	46.7
スタンダード	0	standard	no	jmdict		32.7	277.5	37.0
リターン	0	return;restoring	no	jmdict		83.6	225.4	21.1
リターン	1	return	no	jmdict		83.6	225.4	21.1
リターン	2	return;profit;gains	no	jmdict		83.6	225.4	21.1
リターン	3	reward	no	jmdict		83.6	225.4	21.1
クロック	0	clock	no	jmdict		18.3	290.7	14.1
マニュアル	0	manual	no	jmdict		74.0	234.0	27.6
マニュアル	1	operations manual;basic rules;standards	no	jmdict		74.0	234.0	27.6
マニュアル	2	manual transmission	no	jmdict		74.0	234.0	27.6
フレックス	0	flexible-hours system;flextime;flexitime	no	jmdict		303.2	3.6	2.2
フレックス	1	flex	no	jmdict		303.2	3.6	2.2
サイド	0	side	no	jmdict		215.7	90.2	79.9
フォルダー	0	folder	no	jmdict		186.8	118.8	3.7
チェーン	0	chain	no	jmdict		170.6	134.9	31.7
エスケープ	0	escape	no	jmdict		261.0	40.0	7.6
エスケープ	1	skipping;cutting class;cutting school;playing truant	no	jmdict		261.0	40.0	7.6
エスケープ	2	escapement	no	jmdict		261.0	40.0	7.6
マルチ	0	multi-post	no	jmdict		93.0	207.8	28.2
マルチ	1	multi-level marketing;pyramid selling;chain referral	no	jmdict		93.0	207.8	28.2
マルチ	2	mulch;mulching	no	jmdict		93.0	207.8	28.2
フロー	0	flow	no	jmdict		181.6	118.2	7.2
アプローチ	0	approach	no	jmdict		150.7	148.8	30.1
アプローチ	1	approach;inrun	no	jmdict		150.7	148.8	30.1
アプローチ	2	approach shot	no	jmdict		150.7	148.8	30.1
メタデータ	0	metadata	yes	jmdict		173.8	124.5	2.0
オフセット	0	offset	no	jmdict		259.2	38.8	3.3
オフセット	1	offset printing	no	jmdict		259.2	38.8	3.3
ベンダー	0	vendor	no	jmdict		111.1	186.6	6.0
ベンダー	1	vending machine	no	jmdict		111.1	186.6	6.0
カメラ	0	camera	no	jmdict		107.2	189.4	81.8
プログラマー	0	programmer	no	jmdict		55.9	240.0	9.3
グラフィック	0	graphics;graphic	no	jmdict		74.4	219.9	26.9
グラフィック	1	graphic magazine;pictorial magazine	no	jmdict		74.4	219.9	26.9
プライベート	0	private	no	jmdict		176.5	117.4	27.8
プライベート	1	personal life;privacy	no	jmdict		176.5	117.4	27.8
フック	0	hook	no	jmdict		278.9	14.4	10.9
ディストリビューション	0	distribution	no	jmdict		60.9	232.2	9.5
ディストリビューション	1	distribution;distro	yes	jmdict		60.9	232.2	9.5
ネット	0	network	no	jmdict		57.0	236.1	198.4
ネット	1	internet	no	jmdict		57.0	236.1	198.4
ネット	2	net	no	jmdict		57.0	236.1	198.4
ネット	3	net;nett	no	jmdict		57.0	236.1	198.4
シンボル	0	symbol	no	jmdict		189.6	103.1	27.0
ルーター	0	router	yes	jmdict		124.8	166.2	3.8
プレーン	0	plain	no	jmdict		220.7	70.0	6.7
プレーン	1	plane	no	jmdict		220.7	70.0	6.7
チュートリアル	0	tutorial	no	jmdict		266.1	23.0	3.7
アウト	0	out;outside the line	no	jmdict		96.4	192.4	85.0
アウト	1	out;putout	no	jmdict		96.4	192.4	85.0
アウト	2	outer;external;outside	no	jmdict		96.4	192.4	85.0
アウト	3	exit;exit here	no	jmdict		96.4	192.4	85.0
アウト	4	front nine	no	jmdict		96.4	192.4	85.0
アウト	5	no good;unacceptable;out of line;over;finished;disqualified	no	jmdict		96.4	192.4	85.0
アウト	6	check-out time	no	jmdict		96.4	192.4	85.0
アメリカ	0	america;united states;us;usa	no	jmdict		16.9	271.1	597.1
アメリカ	1	america;the americas	no	jmdict		16.9	271.1	597.1
ガイドライン	0	guideline	no	jmdict		221.6	66.0	18.5
ジョン	0	jeon	no	jmdict	kor	8.2	278.2	287.6
インタープリター	0	interpreter	no	jmdict		156.4	128.9	2.2
タプル	0	tuple	yes	jmdict		251.2	33.0	0.6
セキュア	0	secure	no	jmdict		144.0	139.9	3.9
スイッチ	0	switch	no	jmdict		58.4	223.4	60.9
スイッチ	1	switch;points	no	jmdict		58.4	223.4	60.9
スイッチ	2	switch;change	no	jmdict		58.4	223.4	60.9
トランジション	0	transition	no	jmdict		264.9	16.9	3.8
ルビー	0	ruby	no	jmdict		155.9	125.0	15.1
ルビー	1	ruby character;small hiragana or katakana readings of kanji usually above or to the side of the kanji	no	jmdict		155.9	125.0	15.1
スタート	0	start;beginning	no	jmdict		139.2	141.3	148.0
スタート	1	starting;departing;starting point;starting line	no	jmdict		139.2	141.3	148.0
バス	0	bus	no	jmdict		8.9	271.5	380.0
バス	1	bath	no	jmdict		8.9	271.5	380.0
バス	2	bass	no	jmdict		8.9	271.5	380.0
バス	3	double bass	no	jmdict		8.9	271.5	380.0
ディス	0	diss;dissing;disrespect	no	jmdict		87.2	192.6	56.1
ヒストリー	0	history	no	jmdict		27.9	249.1	153.0
タイトル	0	title	no	jmdict		166.0	110.9	254.7
マッピング	0	mapping	no	jmdict		134.9	140.2	6.7
マッピング	1	mapping;cartography	no	jmdict		134.9	140.2	6.7
マッキントッシュ	0	macintosh;mac	no	jmdict		2.7	272.2	7.5
マッキントッシュ	1	mackintosh	no	jmdict		2.7	272.2	7.5
マッキントッシュ	2	mcintosh	no	jmdict		2.7	272.2	7.5
コミット	0	committing;commitment;involvement;participation	no	jmdict		211.6	61.5	1.9
コミット	1	commit	yes	jmdict		211.6	61.5	1.9
バックアップ	0	backing;support	no	jmdict		121.8	150.6	10.3
バックアップ	1	backing up;covering	no	jmdict		121.8	150.6	10.3
バックアップ	2	backup	yes	jmdict		121.8	150.6	10.3
ランタイム	0	runtime	yes	jmdict		203.1	69.2	1.0
スマートフォン	0	smartphone;smart phone	no	jmdict		58.4	212.8	28.2
リアルタイム	0	real time	no	jmdict		63.0	208.1	17.0
スキャン	0	scan	no	jmdict		156.4	113.8	8.7
ユーザーインターフェース	0	user interface;ui	yes	jmdict		95.9	173.5	3.2
タイミング	0	timing	no	jmdict		197.8	70.2	21.4
スクリーン	0	screen	no	jmdict		191.0	76.2	22.2
スクリーン	1	curtain	no	jmdict		191.0	76.2	22.2
スクリーン	2	raster	no	jmdict		191.0	76.2	22.2
スクリーン	3	room divider;partition wall	no	jmdict		191.0	76.2	22.2
コレクション	0	collection;collecting	no	jmdict		162.1	105.1	184.1
コレクション	1	collection;fashion show	no	jmdict		162.1	105.1	184.1
ヌル	0	null	yes	jmdict		131.2	135.2	3.9
キャラクター	0	character;personality;disposition	no	jmdict		63.7	202.6	373.1
キャラクター	1	character	no	jmdict		63.7	202.6	373.1
パッチ	0	patch	no	jmdict		136.0	128.4	8.6
パッチ	1	close-fitting trousers;long underwear	no	jmdict		136.0	128.4	8.6
ネクスト	0	next	no	jmdict		69.8	193.7	64.4
アマゾン	0	amazon	no	jmdict		23.4	239.6	46.7
レート	0	rate	no	jmdict		87.0	175.8	13.8
レート	1	rating;ranking	no	jmdict		87.0	175.8	13.8
エクスポート	0	export;exported goods	no	jmdict		203.1	59.6	2.1
エクスポート	1	exporting	yes	jmdict		203.1	59.6	2.1
タッチ	0	touch;touching	no	jmdict		185.2	77.3	20.7
タッチ	1	being involved in	no	jmdict		185.2	77.3	20.7
タッチ	2	touch;style;feel	no	jmdict		185.2	77.3	20.7
タッチ	3	tag	no	jmdict		185.2	77.3	20.7
タッチ	4	high five;touching palms	no	jmdict		185.2	77.3	20.7
デプロイ	0	deployment;deploying	no	jmdict		240.4	22.0	0.3
デーモン	0	demon	no	jmdict		221.4	39.7	9.5
デーモン	1	daemon	yes	jmdict		221.4	39.7	9.5
ロケール	0	locale	no	jmdict		253.0	8.1	0.2
コーデック	0	codec	no	jmdict		127.8	130.7	2.2
バックグラウンド	0	background	no	jmdict		223.3	35.0	9.4
バックグラウンド	1	background;circumstances	no	jmdict		223.3	35.0	9.4
バックグラウンド	2	background music	no	jmdict		223.3	35.0	9.4
アパッチ	0	apache	no	jmdict		45.3	212.6	7.7
エッジ	0	edge	no	jmdict		88.8	165.9	24.8
イテレーター	0	iterator	yes	jmdict		245.9	8.5	0.1
ソート	0	sorting;categorization	no	jmdict		110.6	143.1	5.8
スケジュール	0	schedule;program;calendar	no	jmdict		188.0	65.1	33.1
リサーチ	0	research	no	jmdict		5.5	245.2	64.9
ランダム	0	random	no	jmdict		111.5	138.2	19.3
ランダム	1	random sampling	no	jmdict		111.5	138.2	19.3
ファミリー	0	family	no	jmdict		67.5	181.9	79.7
ジャーナル	0	journal;log	yes	jmdict		6.6	242.1	171.5
プリミティブ	0	primitive;crude;archaic	no	jmdict		200.1	47.0	2.1
ブランド	0	brand	no	jmdict		25.9	219.3	127.6
デコード	0	decoding	no	jmdict		179.1	66.0	1.6
キャプチャー	0	capture;screenshot	yes	jmdict		201.0	43.5	3.8
アバウト	0	approximate;rough	no	jmdict		26.6	217.0	60.0
アバウト	1	sloppy;lackadaisical;crude	no	jmdict		26.6	217.0	60.0
エンドポイント	0	endpoint	yes	jmdict		215.5	26.4	0.6
シャドー	0	shadow	no	jmdict		211.8	29.5	22.5
ターム	0	term	no	jmdict		180.7	60.2	11.3
ボード	0	board	no	jmdict		12.6	226.7	37.2
ベクトル	0	vector	no	jmdict	ger	62.3	176.1	20.0
ベクトル	1	direction;focus	no	jmdict	ger	62.3	176.1	20.0
センサー	0	sensor	no	jmdict		136.0	102.0	22.5
キャンバス	0	canvas	no	jmdict		231.0	6.9	8.6
キャンバス	1	base	no	jmdict		231.0	6.9	8.6
ワン	0	one	no	jmdict		36.9	200.1	133.4
ワン	1	wide area network;wan	yes	jmdict		36.9	200.1	133.4
ワン	2	counter for character tiles	no	jmdict		36.9	200.1	133.4
ワン	3	woof;arf;bow-wow	no	jmdict		36.9	200.1	133.4
シークレット	0	secret	no	jmdict		212.9	23.0	28.1
デモ	0	demonstration;protest	no	jmdict		182.3	53.3	40.7
デモ	1	demo;demonstration;presentation	no	jmdict		182.3	53.3	40.7
リスナー	0	listener;audience	no	jmdict		222.6	12.0	41.3
ダウン	0	fall;decrease;drop;going down	no	jmdict		123.9	108.0	65.9
ダウン	1	knocking down;flooring;being knocked down;being floored	no	jmdict		123.9	108.0	65.9
ダウン	2	being out of action;being down;being knocked out;being out of it;collapsing	no	jmdict		123.9	108.0	65.9
ダウン	3	going down;crashing	yes	jmdict		123.9	108.0	65.9
ダウン	4	outs	no	jmdict		123.9	108.0	65.9
ダウン	5	being down;being behind;trailing	no	jmdict		123.9	108.0	65.9
ダウン	6	down	no	jmdict		123.9	108.0	65.9
ダウン	7	down jacket	no	jmdict		123.9	108.0	65.9
プライバシー	0	privacy	no	jmdict		86.6	144.0	7.4
プレー	0	play;recreation	no	jmdict		62.3	167.9	197.1
プレー	1	playing;play;game	no	jmdict		62.3	167.9	197.1
プレー	2	playing;musical performance	no	jmdict		62.3	167.9	197.1
プレー	3	play	no	jmdict		62.3	167.9	197.1
プレー	4	play ball;starting a match	no	jmdict		62.3	167.9	197.1
プレー	5	praying;prayer	no	jmdict		62.3	167.9	197.1
エクスプレス	0	express	no	jmdict		59.5	170.2	46.2
プレス	0	pressing;stamping;printing	no	jmdict		6.0	221.2	258.6
プレス	1	press	no	jmdict		6.0	221.2	258.6
プレス	2	the press;news media	no	jmdict		6.0	221.2	258.6
プレス	3	military press	no	jmdict		6.0	221.2	258.6
ユーティリティー	0	utility	no	jmdict		91.1	135.9	4.8
マークアップ	0	markup	no	jmdict		177.2	49.6	0.9
インターナショナル	0	international	no	jmdict		6.9	219.8	144.9
ソリューション	0	solution	no	jmdict		78.8	147.9	13.8
マーク	0	mark;sign;symbol;emblem;logo;label;brand	no	jmdict		136.0	90.5	100.3
マーク	1	to mark;to put a mark on	no	jmdict		136.0	90.5	100.3
マーク	2	trademark	no	jmdict		136.0	90.5	100.3
マーク	3	paying attention to;keeping one's eye on;watching;marking;guarding	no	jmdict		136.0	90.5	100.3
マーク	4	setting;posting;recording	no	jmdict		136.0	90.5	100.3
マーク	5	mach	yes	jmdict		136.0	90.5	100.3
ドラッグ	0	drug;medicine	no	jmdict		169.7	56.3	24.8
ドラッグ	1	drug;narcotics	no	jmdict		169.7	56.3	24.8
ドラッグ	2	dragging	yes	jmdict		169.7	56.3	24.8
ドラッグ	3	drag	no	jmdict		169.7	56.3	24.8
カウント	0	count;counting	no	jmdict		146.1	78.9	29.0
カウント	1	count of balls and strikes	no	jmdict		146.1	78.9	29.0
カウント	2	count	no	jmdict		146.1	78.9	29.0
ディベロップメント	0	development	no	jmdict		46.7	178.2	26.5
インフラ	0	infrastructure	no	jmdict		174.3	49.7	12.9
リダイレクト	0	redirect;redirection	yes	jmdict		184.6	38.7	1.4
ウェブアプリケーション	0	web application	yes	jmdict		183.0	40.1	0.6
ヒント	0	hint;clue	no	jmdict		202.0	21.0	15.3
コンファレンス	0	conference	no	jmdict		23.1	199.3	30.5
コラム	0	column;stand-alone feature article framed by a box	no	jmdict		154.1	68.2	38.5
モデリング	0	modelling;modeling	no	jmdict		6.2	215.1	8.7
アダプター	0	adapter	no	jmdict		101.4	119.8	6.6
トラフィック	0	traffic	no	jmdict		109.7	110.0	15.6
ペンティアム	0	pentium	no	jmdict		0.0	219.5	3.1
ケーブル	0	cable	no	jmdict		24.0	195.1	38.7
ケーブル	1	cable railway	no	jmdict		24.0	195.1	38.7
クッキー	0	cookie;biscuit	no	jmdict		198.3	20.6	6.9
クッキー	1	cookie;browser cookie	yes	jmdict		198.3	20.6	6.9
メモ	0	note;memo;memorandum	no	jmdict		165.8	53.0	12.6
ポスト	0	postbox;mailbox;mail box;pillar box	no	jmdict		95.5	123.1	117.5
ポスト	1	post;position	no	jmdict		95.5	123.1	117.5
ポスト	2	post	no	jmdict		95.5	123.1	117.5
ウェブサーバー	0	web server	yes	jmdict		138.3	80.2	1.2
トゥルー	0	true	no	jmdict		138.5	79.7	25.7
デベロッパー	0	developer	no	jmdict		41.9	175.5	6.0
ペア	0	pair;set of two	no	jmdict		158.9	57.6	29.1
ペア	1	pair-oared boat	no	jmdict		158.9	57.6	29.1
ペア	2	pair;two of a kind	no	jmdict		158.9	57.6	29.1
ペア	3	european pear	no	jmdict		158.9	57.6	29.1
スイート	0	sweet	no	jmdict		54.7	161.5	22.3
スイート	1	sweet;pleasant;pleasing;delightful	no	jmdict		54.7	161.5	22.3
スイート	2	suite	no	jmdict		54.7	161.5	22.3
ホワット	0		no	none		27.7	187.9	39.0
コンマ	0	comma	no	jmdict		191.7	23.7	1.8
コンマ	1	decimal point;radix point	no	jmdict		191.7	23.7	1.8
プリンター	0	printer	no	jmdict		13.5	201.4	7.7
パート	0	part	no	jmdict		60.4	153.5	120.4
パート	1	part-timer	no	jmdict		60.4	153.5	120.4
パート	2	part-time	no	jmdict		60.4	153.5	120.4
ドロップ	0	drop	no	jmdict		175.4	38.3	11.1
ドロップ	1	curve ball with a vertical drop	no	jmdict		175.4	38.3	11.1
ドロップ	2	dropping	no	jmdict		175.4	38.3	11.1
バインド	0	binding	no	jmdict		204.0	9.4	0.9
ウィキペディア	0	wikipedia	no	jmdict		85.2	127.6	24.1
コネクション	0	connection	no	jmdict		141.5	69.6	10.2
メンテナンス	0	maintenance	no	jmdict		93.0	117.4	90.6
アーティクル	0	article	no	jmdict		21.1	189.3	182.5
ドキュメンテーション	0	documentation	no	jmdict		48.5	161.6	3.5
インターラクティブ	0	interactive	no	jmdict		106.0	102.6	12.9
マニフェスト	0	manifesto	no	jmdict		192.3	16.2	4.7
パイプライン	0	pipeline	no	jmdict		73.5	134.8	6.9
ブリッジ	0	bridge	no	jmdict		80.6	127.2	33.0
ブリッジ	1	seven bridge	no	jmdict		80.6	127.2	33.0
サブクラス	0	subclass	yes	jmdict		191.2	16.5	0.7
エラーメッセージ	0	error message	yes	jmdict		186.2	21.3	0.4
ダイアローグ	0	dialogue;dialog	no	jmdict		165.1	41.8	4.0
パーセント	0	percent;per cent;percentage	no	jmdict		181.1	25.0	21.1
コーディング	0	coding;programming	yes	jmdict		78.3	127.6	3.3
コーディング	1	coding	no	jmdict		78.3	127.6	3.3
テープ	0	tape	no	jmdict		2.1	203.0	23.4
アップロード	0	upload	yes	jmdict		109.9	94.8	6.0
レッド	0	red	no	jmdict		25.2	179.4	153.4
セグメント	0	segment	no	jmdict		87.9	116.5	7.0
ベースト	0		no	none		22.0	182.0	15.7
エンコーディング	0	encoding	no	jmdict		170.8	33.1	0.6
タイムライン	0	timeline;timetable	no	jmdict		171.3	32.0	5.3
タイムライン	1	timeline	no	jmdict		171.3	32.0	5.3
アドオン	0	add-on	no	jmdict		126.2	76.6	1.7
レフト	0	left	no	jmdict		52.0	150.8	38.6
レフト	1	left field;left fielder	no	jmdict		52.0	150.8	38.6
ヘルプ	0	help	no	jmdict		66.2	135.7	15.0
イシュー	0	issue	no	jmdict		139.0	62.4	15.6
イシュー	1	issue;matter;problem	no	jmdict		139.0	62.4	15.6
カーソル	0	cursor	yes	jmdict		156.6	44.7	1.9
レングス	0	length	no	jmdict		152.7	48.6	2.7
ブート	0	boot;bootstrap;booting	yes	jmdict		14.2	186.9	5.2
ブート	1	bootleg	no	jmdict		14.2	186.9	5.2
グラデーション	0	gradation	no	jmdict		194.2	6.8	2.1
グラデーション	1	gradation haircut;taper	no	jmdict		194.2	6.8	2.1
エンジニアリング	0	engineering	no	jmdict		22.7	177.4	25.4
バインディング	0	binding	no	jmdict		142.4	57.6	5.4
プロファイル	0	profile	yes	jmdict		120.4	78.8	4.6
シェア	0	sharing;share	no	jmdict		17.4	181.4	32.1
シェア	1	market share	no	jmdict		17.4	181.4	32.1
ヘルパー	0	helper	no	jmdict		188.9	9.6	3.5
マイム	0	mime	no	jmdict		163.3	34.9	1.7
マイム	1	multipurpose internet mail extension;mime	yes	jmdict		163.3	34.9	1.7
リング	0	ring	no	jmdict		74.6	123.0	65.8
リング	1	arena;ring	no	jmdict		74.6	123.0	65.8
ネスト	0	nest;hive;rookery	no	jmdict		182.5	14.4	2.1
ネスト	1	hideout;refuge;retreat	no	jmdict		182.5	14.4	2.1
ネスト	2	nesting	yes	jmdict		182.5	14.4	2.1
スキーム	0	scheme	no	jmdict		106.0	90.8	5.9
ストリーミング	0	streaming	no	jmdict		93.4	102.9	16.2
モニター	0	monitor;monitoring	no	jmdict		38.0	158.1	23.9
モニター	1	customer panel participant	no	jmdict		38.0	158.1	23.9
モニター	2	monitor;display	no	jmdict		38.0	158.1	23.9
コーポレーション	0	corporation	no	jmdict		10.3	185.4	43.7
ゴー	0	go	no	jmdict		68.7	126.9	96.6
ゴー	1	going	no	jmdict		68.7	126.9	96.6
セレクト	0	selection	no	jmdict		141.3	53.3	22.6
シングル	0	single	no	jmdict		58.2	136.2	418.6
シングル	1	single bed;hotel room with a single bed	no	jmdict		58.2	136.2	418.6
シングル	2	single-breasted	no	jmdict		58.2	136.2	418.6
シングル	3	single-cuffed	no	jmdict		58.2	136.2	418.6
シングル	4	single width	no	jmdict		58.2	136.2	418.6
シングル	5	singles	no	jmdict		58.2	136.2	418.6
シングル	6	single-figure handicap	no	jmdict		58.2	136.2	418.6
シングル	7	shingle	no	jmdict		58.2	136.2	418.6
バーチャル	0	virtual	no	jmdict		19.0	174.1	27.2
ワーク	0	work	no	jmdict		67.5	124.6	42.1
インジェクション	0	injection	no	jmdict		163.7	28.1	1.6
ドット	0	dot;point	no	jmdict		68.7	122.7	18.4
ドット	1	polka dots	no	jmdict		68.7	122.7	18.4
ドット	2	dot;pixel	yes	jmdict		68.7	122.7	18.4
ビスタ	0	vista	no	jmdict		2.5	188.5	10.6
ユア	0		no	none		38.2	152.5	49.6
クリエート	0	create	no	jmdict		142.0	47.7	20.8
ラップ	0	plastic wrap;cling film;cling wrap;food wrap	no	jmdict		167.4	22.3	33.3
ラップ	1	to wrap in plastic wrap	no	jmdict		167.4	22.3	33.3
ラップ	2	link access protocol;lap	yes	jmdict		167.4	22.3	33.3
ラップ	3	rap;rap music	no	jmdict		167.4	22.3	33.3
ラップ	4	lap	no	jmdict		167.4	22.3	33.3
ラップ	5	lap time	no	jmdict		167.4	22.3	33.3
ラップ	6	lap;finishing tool	no	jmdict		167.4	22.3	33.3
バックエンド	0	backend;back end	yes	jmdict		128.7	60.7	1.0
バックエンド	1	back end	no	jmdict		128.7	60.7	1.0
ワード	0	word	no	jmdict		7.1	181.7	12.0
ワード	1	ward	no	jmdict		7.1	181.7	12.0
デ	0	of	no	jmdict	fre	14.0	174.2	491.5
マスター	0	to master	no	jmdict		45.3	142.7	89.3
マスター	1	proprietor;manager;owner;barkeeper	no	jmdict		45.3	142.7	89.3
マスター	2	leader;chief;head	no	jmdict		45.3	142.7	89.3
マスター	3	master	no	jmdict		45.3	142.7	89.3
スマート	0	smart;stylish	no	jmdict		29.3	158.5	34.7
スマート	1	slim;slender	no	jmdict		29.3	158.5	34.7
スマート	2	skilful;slick;clever;adroit	no	jmdict		29.3	158.5	34.7
フラッシュ	0	flash;flashlight;flashbulb	no	jmdict		45.1	142.4	18.8
フラッシュ	1	very short scene in a film or tv show	no	jmdict		45.1	142.4	18.8
フラッシュ	2	newsflash	no	jmdict		45.1	142.4	18.8
フラッシュ	3	flush	no	jmdict		45.1	142.4	18.8
フラッシュ	4	flush;joined without gaps	no	jmdict		45.1	142.4	18.8
フラッシュ	5	flash	no	jmdict		45.1	142.4	18.8
ユニバーシティー	0	university	no	jmdict		0.5	186.9	157.8
コミュニケーション	0	communication	no	jmdict		60.7	126.4	41.3
シミュレーション	0	simulation	no	jmdict		21.1	165.4	21.3
シミュレーション	1	simulation;diving;flopping	no	jmdict		21.1	165.4	21.3
プラス	0	plus;addition	no	jmdict		19.9	166.4	109.9
プラス	1	positive	no	jmdict		19.9	166.4	109.9
プラス	2	plus sign;positive symbol	no	jmdict		19.9	166.4	109.9
プラス	3	advantage;plus;asset;positive factor;positive effect	no	jmdict		19.9	166.4	109.9
プラス	4	profit;gain	no	jmdict		19.9	166.4	109.9
プラス	5	anode;plus terminal;positive pole	no	jmdict		19.9	166.4	109.9
デート	0	date;outing;date night	no	jmdict		113.1	72.9	52.3
デート	1	date	no	jmdict		113.1	72.9	52.3
テーマ	0	theme;topic;subject matter;motif;project;slogan	no	jmdict	ger	98.9	86.7	243.7
サーチ	0	search	no	jmdict		52.0	133.4	76.0
キャンセル	0	cancellation	no	jmdict		162.6	22.6	11.4
キャンセル	1	cancelling;cancel culture	no	jmdict		162.6	22.6	11.4
サイクル	0	cycle	no	jmdict		57.0	128.0	25.5
メカニズム	0	mechanism	no	jmdict		125.0	59.8	15.4
タブレット	0	tablet;pill	no	jmdict		28.9	155.3	10.2
タブレット	1	tablet;tablet computer	no	jmdict		28.9	155.3	10.2
タブレット	2	tablet;slab	no	jmdict		28.9	155.3	10.2
タブレット	3	drawing tablet;graphics tablet	no	jmdict		28.9	155.3	10.2
チャット	0	chat	no	jmdict		68.9	114.7	9.8
ライフサイクル	0	life cycle	no	jmdict		135.1	47.7	2.3
ダイレクト	0	direct	no	jmdict		12.6	169.3	17.3
インサイダー	0	insider	no	jmdict		0.7	181.2	8.6
ブック	0	book	no	jmdict		25.2	156.5	135.1
イーサーネット	0	ethernet	yes	jmdict		6.4	174.8	2.9
ウィジェット	0	widget	yes	jmdict		118.4	62.8	1.3
ターミナル	0	terminal	no	jmdict		112.9	67.5	33.4
トリガー	0	trigger	no	jmdict		159.4	20.7	10.3
オーバーフロー	0	overflow	no	jmdict		134.4	45.6	1.1
オーバーフロー	1	overflow hole	no	jmdict		134.4	45.6	1.1
クリーン	0	clean	no	jmdict		148.1	31.6	12.2
ポップ	0	pop;popular;fashionable	no	jmdict		167.2	12.5	34.8
ポップ	1	pop-art-style	no	jmdict		167.2	12.5	34.8
ポップ	2	pop	no	jmdict		167.2	12.5	34.8
ポップ	3	point of purchase	no	jmdict		167.2	12.5	34.8
ポップ	4	point-of-purchase advertising	no	jmdict		167.2	12.5	34.8
ポップ	5	post office protocol;pop	yes	jmdict		167.2	12.5	34.8
ア	0	second-rate;inferior	no	jmdict		176.5	2.4	37.8
ア	1	asia	no	jmdict		176.5	2.4	37.8
ア	2	argentina	no	jmdict		176.5	2.4	37.8
ア	3	arabia	no	jmdict		176.5	2.4	37.8
ア	4	america;american person	no	jmdict		176.5	2.4	37.8
ア	5	ah;oh	no	jmdict		176.5	2.4	37.8
インフォ	0	information	no	jmdict		82.7	96.2	65.3
エイリアス	0	alias	no	jmdict		140.1	38.7	1.0
ナウ	0	trendy;in;now	no	jmdict		20.1	158.2	39.5
プロフェッショナル	0	professional	no	jmdict		9.4	168.5	20.1
ウイルス	0	virus	no	jmdict	lat	15.3	162.0	45.5
スタティック	0	static	no	jmdict		104.2	72.7	2.6
サムスン	0	samsung	no	jmdict		1.4	174.5	8.4
サムスン	1	samsun	no	jmdict		1.4	174.5	8.4
マイクロプロセッサー	0	microprocessor;mpu	yes	jmdict		0.2	175.4	2.9
パネル	0	panel	no	jmdict		95.9	79.4	30.7
フォーラム	0	forum	no	jmdict		22.2	152.8	37.4
ライフ	0	life	no	jmdict		85.9	87.7	152.9
ライフ	1	raif;reif	no	jmdict		85.9	87.7	152.9
リセット	0	reset	no	jmdict		137.6	35.5	6.8
リセット	1	fresh start;new beginning	no	jmdict		137.6	35.5	6.8
ポータル	0	portal	no	jmdict		14.4	158.6	54.6
スキップ	0	skip	no	jmdict		135.6	37.3	7.4
スキップ	1	skipping	no	jmdict		135.6	37.3	7.4
スキップ	2	skip;skipper	no	jmdict		135.6	37.3	7.4
テクノロジーズ	0	technologies	no	jmdict		6.4	166.0	7.8
イ	0	indonesia	no	jmdict		169.4	2.8	42.1
イ	1	soft rush;common rush	no	jmdict		169.4	2.8	42.1
スケジューリング	0	scheduling	no	jmdict		125.9	46.2	0.9
スーパー	0	supermarket	no	jmdict		39.8	132.2	260.2
スーパー	1	subtitles;telop	no	jmdict		39.8	132.2	260.2
スーパー	2	superheterodyne	no	jmdict		39.8	132.2	260.2
スーパー	3	super	no	jmdict		39.8	132.2	260.2
ウェブブラウザ	0	web browser	no	jmdict		12.1	159.4	2.8
バリデーション	0		no	none		164.9	5.8	0.1
シリアル	0	serial	no	jmdict		38.5	132.0	8.5
シリアル	1	cereal;breakfast cereal	no	jmdict		38.5	132.0	8.5
ワーニング	0	warning	no	jmdict		164.6	5.5	2.8
プリント	0	print;printing;copy	no	jmdict		51.7	118.1	17.6
プリント	1	handout;flyer	no	jmdict		51.7	118.1	17.6
エグザンプル	0	example	no	jmdict		73.0	96.6	3.2
ハウ	0	how	no	jmdict		31.6	137.5	38.7
ハウ	1	batons	no	jmdict		31.6	137.5	38.7
パック	0	pack;packet;carton	no	jmdict		41.2	127.5	36.8
パック	1	to pack;to package;to wrap	no	jmdict		41.2	127.5	36.8
パック	2	face pack;face mask;facial mask;facial	no	jmdict		41.2	127.5	36.8
パック	3	package	no	jmdict		41.2	127.5	36.8
パック	4	puck	no	jmdict		41.2	127.5	36.8
バンドル	0	bundle;bundling	no	jmdict		94.3	73.9	4.4
テクニカル	0	technical	no	jmdict		19.0	149.1	17.0
ポリフィル	0	polyethylene philharmonic	no	parts:ポリ+フィル		167.6	0.3	0.0
リアクティブ	0		no	none		162.1	4.2	0.7
マガジン	0	magazine	no	jmdict		2.1	163.6	157.4
マガジン	1	film cassette;film canister;magazine	no	jmdict		2.1	163.6	157.4
フォールス	0	false	no	jmdict		93.2	72.3	14.4
オペランド	0	operand	yes	jmdict		107.8	57.7	0.8
マージン	0	margin	no	jmdict		159.6	5.3	0.9
ハードディスク	0	hard disk;hard drive	yes	jmdict		22.7	141.7	3.6
プル	0	pull	no	jmdict		151.1	12.8	2.3
ワークロード	0	workload	no	jmdict		150.9	12.4	0.2
ベクター	0	vector	no	jmdict		87.5	75.6	4.4
スキーマ	0	schema	no	jmdict		97.3	65.5	1.3
クリア	0	clear;transparent	no	jmdict		116.8	45.9	56.3
クリア	1	clearing	no	jmdict		116.8	45.9	56.3
クリア	2	overcoming;getting through;getting past;completing;solving;settling;meeting	no	jmdict		116.8	45.9	56.3
クリア	3	completing;beating;finishing	no	jmdict		116.8	45.9	56.3
コネクター	0	connector	yes	jmdict		9.2	153.5	5.3
ハロー	0	hello	no	jmdict		51.5	110.9	43.1
ハロー	1	halo	no	jmdict		51.5	110.9	43.1
ハロー	2	harrow	no	jmdict		51.5	110.9	43.1
ボーダー	0	border;boundary	no	jmdict		151.4	9.1	10.4
ボーダー	1	border;edge;rim	no	jmdict		151.4	9.1	10.4
ボーダー	2	horizontal stripes	no	jmdict		151.4	9.1	10.4
ボーダー	3	boarder	no	jmdict		151.4	9.1	10.4
ローダー	0	loader	no	jmdict		93.2	67.2	4.6
ホームページ	0	home page;homepage	no	jmdict		33.9	125.9	123.4
ホームページ	1	web page	no	jmdict		33.9	125.9	123.4
ホームページ	2	website	no	jmdict		33.9	125.9	123.4
キット	0	kit	no	jmdict		10.5	149.3	19.4
パーソナルコンピューター	0	personal computer;pc	no	jmdict		0.5	157.9	3.8
チップセット	0	chip set	yes	jmdict		0.5	157.8	2.3
フィードバック	0	feedback	no	jmdict		105.3	52.9	5.5
ハード	0	hard;tough	no	jmdict		64.6	93.4	35.2
ハード	1	hardware	yes	jmdict		64.6	93.4	35.2
ハード	2	hard disk	yes	jmdict		64.6	93.4	35.2
ハッカー	0	hacker	yes	jmdict		6.0	151.7	6.7
ゲート	0	gate	no	jmdict		74.6	82.7	54.8
ゲート	1	logic element	no	jmdict		74.6	82.7	54.8
フィルタリング	0	filtering	no	jmdict		102.6	54.7	1.6
ミリ	0	millimetre;millimeter	no	jmdict	fre	127.3	29.0	12.7
ソニー	0	sony	no	jmdict		0.0	155.6	64.9
プレスリリース	0	press release	no	jmdict		1.1	154.0	175.1
サイエンス	0	science	no	jmdict		4.1	150.7	88.6
アドバンスト	0	advanced	no	jmdict		20.6	133.9	12.7
アセット	0	asset	no	jmdict		127.8	26.5	2.2
プロダクション	0	production	no	jmdict		104.9	49.3	77.8
プロダクト	0	product	no	jmdict		21.5	132.5	13.3
トレイト	0		no	none		148.6	5.3	0.1
テクスチャー	0	texture	no	jmdict		75.3	78.4	3.1
テレビ	0	television;tv	no	jmdict		10.5	142.8	687.4
テレビ	1	tv program;tv programme;tv broadcast	no	jmdict		10.5	142.8	687.4
シフト	0	shift;move	no	jmdict		54.3	98.9	17.0
シフト	1	shift;work schedule	no	jmdict		54.3	98.9	17.0
シフト	2	gearshift;changing gears	no	jmdict		54.3	98.9	17.0
アルファ	0	alpha	no	jmdict		21.5	131.4	21.7
ベースライン	0	baseline	no	jmdict		141.5	11.4	2.0
インプレス	0	impressions reply	no	parts:インプ+レス		0.0	152.5	14.4
サウンド	0	sound	no	jmdict		13.7	138.2	110.2
メジャー	0	major;large;important;famous;mainstream	no	jmdict		79.7	72.2	94.2
メジャー	1	the major leagues;major league baseball	no	jmdict		79.7	72.2	94.2
メジャー	2	major	no	jmdict		79.7	72.2	94.2
メジャー	3	major record label	no	jmdict		79.7	72.2	94.2
メジャー	4	measure;measuring tape;measuring	no	jmdict		79.7	72.2	94.2
リアル	0	real;realistic;true to life	no	jmdict		18.5	133.1	89.9
リアル	1	serious;non-joking;earnest	no	jmdict		18.5	133.1	89.9
リアル	2	realtime blog	no	jmdict		18.5	133.1	89.9
リアル	3	real world	no	jmdict		18.5	133.1	89.9
リアル	4	riyal	no	jmdict		18.5	133.1	89.9
リアル	5	rial	no	jmdict		18.5	133.1	89.9
スペシフィケーション	0		no	none		13.5	137.6	2.5
コモン	0	common	no	jmdict		28.4	122.5	15.0
ライン	0	line	no	jmdict		28.4	122.1	101.3
ライン	1	to contact using line;to send a message using line	no	jmdict		28.4	122.1	101.3
マージ	0	merge;merging	yes	jmdict		79.5	70.9	2.8
メールアドレス	0	email address	no	jmdict		100.7	49.6	2.7
ハット	0	hat	no	jmdict		13.7	136.6	19.1
ハット	1	hut	no	jmdict		13.7	136.6	19.1
ダブル	0	double	no	jmdict		43.3	106.7	64.1
ダブル	1	double bed;hotel room with a double bed	no	jmdict		43.3	106.7	64.1
ダブル	2	double-breasted	no	jmdict		43.3	106.7	64.1
ダブル	3	double-cuffed	no	jmdict		43.3	106.7	64.1
ダブル	4	double width	no	jmdict		43.3	106.7	64.1
ダブル	5	doubles	no	jmdict		43.3	106.7	64.1
ダブル	6	biracial person;person of mixed parentage	no	jmdict		43.3	106.7	64.1
フラグメント	0	fragment	no	jmdict		134.6	14.3	1.2
オフ	0	off	no	jmdict		66.2	82.1	65.0
オフ	1	off-season	no	jmdict		66.2	82.1	65.0
オフ	2	offset	no	jmdict		66.2	82.1	65.0
オフ	3	off-road	no	jmdict		66.2	82.1	65.0
オフ	4	offline	no	jmdict		66.2	82.1	65.0
オフ	5	offline get-together	no	jmdict		66.2	82.1	65.0
オフ	6	offside	no	jmdict		66.2	82.1	65.0
オフ	7	day off	no	jmdict		66.2	82.1	65.0
オフ	8	reduced	no	jmdict		66.2	82.1	65.0
ピン	0	pin	no	jmdict		5.3	143.0	11.8
ピン	1	pin;flagstick	no	jmdict		5.3	143.0	11.8
ピン	2	ping	yes	jmdict		5.3	143.0	11.8
ピン	3	counter for dot tiles	no	jmdict		5.3	143.0	11.8
ピン	4	one	no	jmdict		5.3	143.0	11.8
ピン	5	first;top;best;number one	no	jmdict		5.3	143.0	11.8
ピン	6	rake-off;cut;kickback	no	jmdict		5.3	143.0	11.8
コンソーシアム	0	consortium	no	jmdict		7.6	140.5	8.7
アット	0	at sign	no	jmdict		143.1	4.6	10.5
ハンドル	0	handle	no	jmdict		93.2	54.4	18.1
ハンドル	1	steering wheel	no	jmdict		93.2	54.4	18.1
ハンドル	2	handlebar;handlebars	no	jmdict		93.2	54.4	18.1
ハンドル	3	handle;screen name;username	no	jmdict		93.2	54.4	18.1
フィーチャー	0	feature	no	jmdict		89.1	58.4	18.1
クローズ	0	close;closing	no	jmdict		90.9	56.3	14.4
クローズ	1	clause	no	jmdict		90.9	56.3	14.4
クローズ	2	clothes	no	jmdict		90.9	56.3	14.4
スペック	0	specifications;specs	no	jmdict		66.6	80.5	15.3
プレースホルダー	0	placeholder	no	jmdict		142.0	4.8	0.1
アサーション	0	assertion	no	jmdict		131.4	14.9	0.3
コミュニケーションズ	0		no	none		3.9	141.8	37.1
プレビュー	0	preview	no	jmdict		66.6	78.7	3.8
タイムスタンプ	0	time-stamp	no	jmdict		114.5	30.7	0.5
タイムスタンプ	1	time-stamping machine	no	jmdict		114.5	30.7	0.5
スケール	0	scale;rule;ruler	no	jmdict		68.5	76.7	21.3
スケール	1	scale;scope;magnitude	no	jmdict		68.5	76.7	21.3
スケール	2	scale	no	jmdict		68.5	76.7	21.3
スケール	3	weighing scale;balance	no	jmdict		68.5	76.7	21.3
スケール	4	scale;limescale	no	jmdict		68.5	76.7	21.3
トレース	0	tracing	no	jmdict		117.2	27.9	4.8
トレース	1	trail left in the snow;following	no	jmdict		117.2	27.9	4.8
トレース	2	trace	no	jmdict		117.2	27.9	4.8
コモンズ	0	commons;common land	no	jmdict		5.3	139.8	228.2
フェーズ	0	phase	no	jmdict		85.9	59.1	17.2
スナップショット	0	snapshot	no	jmdict		109.9	34.7	1.1
ハイ	0	high;euphoric;intoxicated	no	jmdict		16.3	126.4	43.5
ハイ	1	high	no	jmdict		16.3	126.4	43.5
エクスペリエンス	0	experience	no	jmdict		35.9	106.3	9.2
インテグレーション	0	integration	no	jmdict		90.2	52.0	3.0
ソーシャル	0	social	no	jmdict		22.2	119.8	30.5
ビルダー	0	builder	no	jmdict		75.6	66.4	5.3
インタビュー	0	interview	no	jmdict		6.4	135.3	218.5
アノテーション	0	annotation	no	jmdict		124.6	16.9	0.4
モア	0	moa	no	jmdict		22.7	118.7	46.2
チャンク	0	chunk	no	jmdict		98.9	42.4	1.0
ウ	0	cormorant	no	jmdict		140.4	0.8	5.2
ウ	1	ukraine	no	jmdict		140.4	0.8	5.2
ステートメント	0	statement	no	jmdict		76.9	64.0	7.9
ウイル	0	will;intent;desire;ambition	no	jmdict		33.2	107.5	40.0
ウイル	1	will;testament	no	jmdict		33.2	107.5	40.0
シナリオ	0	script;screenplay	no	jmdict		108.3	32.3	51.9
シナリオ	1	scenario	no	jmdict		108.3	32.3	51.9
スプリング	0	spring	no	jmdict		104.9	35.7	34.1
スプリング	1	light overcoat;topcoat	no	jmdict		104.9	35.7	34.1
メトリクス	0	metrics	no	jmdict		125.5	15.1	1.1
フューチャー	0	future	no	jmdict		42.6	97.6	39.1
ライク	0	like;liking	no	jmdict		69.6	70.5	31.1
スコア	0	score	no	jmdict		93.4	46.6	36.2
スコア	1	full score	no	jmdict		93.4	46.6	36.2
トップレベル	0	top-level;top-ranking	no	jmdict		104.4	35.4	3.1
シーン	0	scene;sight	no	jmdict		86.1	53.5	133.3
シーン	1	scenario;setting	no	jmdict		86.1	53.5	133.3
シーン	2	silently;quietly	no	jmdict		86.1	53.5	133.3
ボイド	0	void	no	jmdict		16.3	122.8	7.2
トピック	0	topic	no	jmdict		99.8	39.2	7.9
フロントエンド	0	frontend;front end	yes	jmdict		75.6	63.5	1.1
マーカー	0	marker	no	jmdict		124.1	14.4	7.6
マーカー	1	scorekeeper;marker	no	jmdict		124.1	14.4	7.6
ミドルウェア	0	middleware	yes	jmdict		89.8	48.4	0.9
クロージャー	0	closure	no	jmdict		111.7	25.8	1.2
エンティティー	0	entity	no	jmdict		71.9	65.6	2.0
フォール	0	fall	no	jmdict		106.2	30.7	25.1
トランスポート	0	transport	no	jmdict		65.0	71.7	10.1
ダイナミック	0	dynamic	no	jmdict		35.0	101.7	11.9
プロンプト	0	prompt	yes	jmdict		90.7	46.0	1.2
オペレーター	0	operator	no	jmdict		62.3	74.1	11.6
ニューラル	0	neural	no	jmdict		3.2	132.3	4.6
マルチメディア	0	multimedia	no	jmdict		17.2	117.8	8.0
プレフィックス	0	prefix	no	jmdict		97.8	37.2	0.7
トップ	0	top	no	jmdict		55.6	79.3	155.9
トップ	1	top position	no	jmdict		55.6	79.3	155.9
トップ	2	senior management;senior bureaucrat	no	jmdict		55.6	79.3	155.9
トップ	3	home page	no	jmdict		55.6	79.3	155.9
アフター	0	after	no	jmdict		57.9	76.8	59.9
アフター	1	socializing outside the club	no	jmdict		57.9	76.8	59.9
オート	0	auto;automatic	no	jmdict		64.1	70.5	42.3
オート	1	auto;automobile;car	no	jmdict		64.1	70.5	42.3
オート	2	three-wheeler truck	no	jmdict		64.1	70.5	42.3
オート	3	oat;oats	no	jmdict		64.1	70.5	42.3
オペレーション	0	operation	no	jmdict		54.5	79.8	21.7
ゲートウェー	0	gateway	yes	jmdict		62.7	71.3	4.8
シリアライズ	0	serialize;serialise	no	jmdict		123.6	10.3	0.1
カンパニー	0	company	no	jmdict		3.4	130.0	88.0
チェックボックス	0	checkbox	yes	jmdict		123.6	9.7	0.2
ステージ	0	stage	no	jmdict		66.6	66.5	278.1
ステージ	1	performance;show	no	jmdict		66.6	66.5	278.1
ステージ	2	stage;part	no	jmdict		66.6	66.5	278.1
ステージ	3	stage;level	no	jmdict		66.6	66.5	278.1
プレゼンテーション	0	presentation	no	jmdict		58.4	74.4	6.5
クラシック	0	classical music	no	jmdict		34.8	97.7	83.8
クラシック	1	classic;classical	no	jmdict		34.8	97.7	83.8
クラシック	2	classic;the classics	no	jmdict		34.8	97.7	83.8
パーティション	0	partition;room divider	no	jmdict		26.3	106.1	2.4
パーティション	1	partition	yes	jmdict		26.3	106.1	2.4
ロー	0	low	no	jmdict		12.1	120.1	51.5
ロー	1	low gear	no	jmdict		12.1	120.1	51.5
ロー	2	rho	no	jmdict		12.1	120.1	51.5
ロー	3	raw	no	jmdict		12.1	120.1	51.5
ロー	4	law	no	jmdict		12.1	120.1	51.5
ロー	5	row	no	jmdict		12.1	120.1	51.5
スーパーコンピューター	0	supercomputer	yes	jmdict		0.2	131.9	3.2
ファイアーウォール	0	firewall	yes	jmdict		51.3	80.7	1.7
アセンブリー	0	assembly	no	jmdict		18.1	113.9	7.6
デュアル	0	dual	no	jmdict		19.0	112.9	11.1
メインフレーム	0	mainframe	yes	jmdict		0.9	130.6	2.4
エリア	0	area	no	jmdict		54.0	77.2	111.7
スナップ	0	snap	no	jmdict		125.2	6.0	3.1
スナップ	1	snapshot	no	jmdict		125.2	6.0	3.1
スナップ	2	snap fastener;press stud	no	jmdict		125.2	6.0	3.1
スナップ	3	systems for nuclear auxiliary power;snap	no	jmdict		125.2	6.0	3.1
ポップアップ	0	pop-up	no	jmdict		106.0	24.1	2.7
スキル	0	skill	no	jmdict		76.2	53.8	37.7
ワークステーション	0	workstation	yes	jmdict		5.5	124.5	2.3
ウィー	0	wii	no	jmdict		18.8	110.1	54.9
パイプ	0	pipe;tube	no	jmdict		83.6	45.1	15.6
パイプ	1	pipe	no	jmdict		83.6	45.1	15.6
パイプ	2	cigarette holder	no	jmdict		83.6	45.1	15.6
パイプ	3	go-between;intermediary;mediator;connections;channel	no	jmdict		83.6	45.1	15.6
シグネチャー	0	signature	no	jmdict		84.5	44.0	3.9
プッシュ	0	push	no	jmdict		101.0	27.3	4.2
プッシュ	1	pushing;pressuring	no	jmdict		101.0	27.3	4.2
プッシュ	2	pushing	yes	jmdict		101.0	27.3	4.2
イニット	0	init	yes	jmdict		86.8	41.5	0.6
セルフ	0	self-service	no	jmdict		51.7	76.0	32.9
ロガー	0	logger	yes	jmdict		120.9	6.7	0.5
オーダー	0	order	no	jmdict		48.3	78.6	33.2
パッド	0	pad;padding	no	jmdict		71.9	54.9	6.2
パッド	1	pad	no	jmdict		71.9	54.9	6.2
パッド	2	gamepad	no	jmdict		71.9	54.9	6.2
リチャード	0		no	none		2.1	124.2	85.6
ラジオ	0	radio	no	jmdict		21.5	104.2	390.7
マザーボード	0	motherboard	yes	jmdict		0.0	125.4	1.9
ホスティング	0	hosting	yes	jmdict		55.9	69.5	1.9
クリップ	0	clip	no	jmdict		74.0	50.7	16.2
クリップ	1	hairpin;hair slide;curler	no	jmdict		74.0	50.7	16.2
シェーダー	0	shader	yes	jmdict		53.8	70.5	1.1
フル	0	full	no	jmdict		23.4	100.9	84.6
ペイント	0	paint	no	jmdict		23.1	100.8	8.3
ショートカット	0	shortcut;taking a shortcut	no	jmdict		89.1	34.4	4.6
ショートカット	1	shortcut	yes	jmdict		89.1	34.4	4.6
ショートカット	2	short-cut hairstyle for women	no	jmdict		89.1	34.4	4.6
フロート	0	float;pontoon	no	jmdict		79.2	44.0	5.9
フロート	1	float	no	jmdict		79.2	44.0	5.9
ビッグ	0	big	no	jmdict		26.8	96.2	99.7
パーソナル	0	personal	no	jmdict		9.6	113.1	14.2
ロング	0	long	no	jmdict		32.5	89.7	60.0
プロシーディングス	0		no	none		0.0	121.5	13.3
フェッチ	0	fetch	yes	jmdict		101.7	19.2	0.3
ラン	0	run	no	jmdict		69.2	51.5	39.9
ラン	1	orchid	no	jmdict		69.2	51.5	39.9
ラン	2	netherlands;holland	no	jmdict		69.2	51.5	39.9
ラン	3	local area network;lan	yes	jmdict		69.2	51.5	39.9
エミュレーター	0	emulator	yes	jmdict		8.5	112.1	2.5
バッテリー	0	battery	no	jmdict		19.7	100.7	21.1
パディング	0	padding	no	jmdict		105.6	14.7	0.2
ポータブル	0	portable	no	jmdict		10.3	109.7	14.2
タイムアウト	0	time-out;timeout	no	jmdict		102.8	16.8	1.3
タイムアウト	1	timeout	yes	jmdict		102.8	16.8	1.3
ポジション	0	position	no	jmdict		93.7	25.6	83.6
オフィシャル	0	official	no	jmdict		7.1	112.2	304.4
ロボット	0	robot	no	jmdict		11.4	107.4	100.5
ロボット	1	puppet;pawn;figurehead	no	jmdict		11.4	107.4	100.5
コンセプト	0	concept;general idea;notion	no	jmdict		28.2	90.6	51.7
コンセプト	1	intention;aim;design;philosophy;plan;plot;theme	no	jmdict		28.2	90.6	51.7
スライス	0	slice	no	jmdict		99.1	19.6	3.0
スライス	1	slice;backspin shot	no	jmdict		99.1	19.6	3.0
イテレータ	0	iterator	yes	jmdict		104.9	13.1	0.2
コイン	0	coin	no	jmdict		4.6	113.4	19.8
コイン	1	token;slug	no	jmdict		4.6	113.4	19.8
ファームウェア	0	firmware	yes	jmdict		25.9	92.0	1.9
インフラストラクチャー	0	infrastructure	no	jmdict		41.9	75.9	4.3
ベスト	0	best	no	jmdict		27.0	90.6	305.3
ベスト	1	vest;waistcoat	no	jmdict		27.0	90.6	305.3
ホワイト	0	white	no	jmdict		27.9	89.3	93.2
ホワイト	1	correction fluid;white-out	no	jmdict		27.9	89.3	93.2
カバー	0	cover;covering;dust jacket;wrapper	no	jmdict		49.9	67.3	120.5
カバー	1	covering;cover;cover version	no	jmdict		49.9	67.3	120.5
カバー	2	coverage	no	jmdict		49.9	67.3	120.5
カバー	3	to cover;to offset;to compensate for;to make up for;to cover for	no	jmdict		49.9	67.3	120.5
ユースケース	0	use case	yes	jmdict		85.2	31.9	0.5
オーバーライド	0	override	no	jmdict		98.9	18.2	0.6
ニーズ	0	needs;demands;requests	no	jmdict		60.9	56.0	12.7
エイプリル	0	april	no	jmdict		2.1	114.6	54.4
フォーク	0	fork	no	jmdict		21.8	94.6	22.4
フォーク	1	forkball	no	jmdict		21.8	94.6	22.4
フォーク	2	folk;folk song	no	jmdict		21.8	94.6	22.4
アイデア	0	idea	no	jmdict		43.5	72.4	33.7
パスカル	0	pascal	no	jmdict		6.2	109.8	8.8
ミュージック	0	music	no	jmdict		3.2	112.4	313.8
ゾーン	0	zone	no	jmdict		70.8	44.8	58.3
ロギング	0		no	none		104.6	10.6	0.2
カスケード	0	cascade	no	jmdict		101.2	14.0	3.3
チューリング	0		no	none		0.5	114.6	3.3
オクトーバー	0	october	no	jmdict		0.9	114.1	52.4
ペイロード	0	payload	yes	jmdict		70.3	44.0	4.3
アナログ	0	analog;analogue	no	jmdict		3.9	110.4	33.4
ウェイ	0	way	no	jmdict		1.8	112.4	144.7
クローン	0	clone	no	jmdict		55.0	59.2	16.1
クローン	1	kroon	no	jmdict		55.0	59.2	16.1
エドゥー	0		no	none		3.2	110.4	28.7
アナリシス	0	analysis	no	jmdict		6.2	106.2	23.6
アベーラブル	0		no	none		15.8	96.2	6.5
ブレンダー	0	stick blender;hand blender;immersion blender	no	jmdict		1.1	110.2	2.2
ブレンダー	1	blender	no	jmdict		1.1	110.2	2.2
ウェブアプリ	0	web app	no	parts:ウェブ+アプリ		106.0	5.2	0.1
クラッシュ	0	crash	no	jmdict		66.2	44.6	15.7
クラッシュ	1	kurash	no	jmdict		66.2	44.6	15.7
トラッキング	0	tracking	no	jmdict		61.8	48.9	2.8
プラン	0	plan;scheme	no	jmdict		15.8	94.7	38.3
プラン	1	plan;package;deal;offer	no	jmdict		15.8	94.7	38.3
スワップ	0	swap	no	jmdict		70.8	39.3	2.5
スワップ	1	swapping	yes	jmdict		70.8	39.3	2.5
スワップ	2	wife-swapping;swinging	no	jmdict		70.8	39.3	2.5
ラーン	0		no	none		11.7	98.4	8.4
イントロダクション	0	introduction	no	jmdict		8.2	101.7	17.3
ロゴ	0	logo	no	jmdict		32.3	77.4	33.7
ハイライト	0	highlight	no	jmdict		87.7	22.0	7.6
ナショナル	0	national	no	jmdict		11.2	98.4	145.8
ノート	0	notebook;copy-book;exercise book	no	jmdict		11.7	97.8	41.8
ノート	1	note;noting down	no	jmdict		11.7	97.8	41.8
ノート	2	note	no	jmdict		11.7	97.8	41.8
ノート	3	laptop;notebook	no	jmdict		11.7	97.8	41.8
マーケティング	0	marketing	no	jmdict		15.6	93.8	30.1
サン	0	sun	no	jmdict		0.2	108.3	76.2
サン	1	three	no	jmdict		0.2	108.3	76.2
サン	2	saint;st	no	jmdict		0.2	108.3	76.2
サン	3	san	no	jmdict		0.2	108.3	76.2
サン	4	son	no	jmdict		0.2	108.3	76.2
チェンジ	0	change;changing	no	jmdict		40.5	67.5	37.9
チェンジ	1	exchange	no	jmdict		40.5	67.5	37.9
チェンジ	2	change of sides	no	jmdict		40.5	67.5	37.9
チェンジ	3	switching ends	no	jmdict		40.5	67.5	37.9
ユニバーサル	0	universal	no	jmdict		18.3	89.6	43.3
ナビゲーター	0	navigator	no	jmdict		97.8	10.0	14.3
ナビゲーター	1	host;hostess;mc	no	jmdict		97.8	10.0	14.3
プール	0	pool	no	jmdict		65.0	42.6	64.4
プール	1	pooling	no	jmdict		65.0	42.6	64.4
オンリー	0	only;just;solely	no	jmdict		57.9	49.7	23.5
オンリー	1	prostitute attached to a single member of the post-wwii occupation forces	no	jmdict		57.9	49.7	23.5
アクセシブル	0	accessible	no	jmdict		101.0	6.6	0.6
ガード	0	guarding;guard	no	jmdict		65.9	41.6	32.8
ガード	1	railway bridge;overpass;flyover;elevated railway;girder bridge	no	jmdict		65.9	41.6	32.8
アンダー	0	under	no	jmdict		53.1	54.0	43.5
アンダー	1	underexposure;underdevelopment	no	jmdict		53.1	54.0	43.5
アンダー	2	under par	no	jmdict		53.1	54.0	43.5
ワークフロー	0	workflow;business flow;operation flow	no	jmdict		56.1	50.7	1.1
ラッパー	0	wrapper	no	jmdict		75.8	30.9	10.6
ラッパー	1	rapper	no	jmdict		75.8	30.9	10.6
インクルード	0	include	yes	jmdict		35.7	70.9	2.3
ノイズ	0	noise	no	jmdict		23.1	83.5	15.2
アザー	0	birthmark;nevus	no	jmdict		35.0	71.4	27.2
アザー	1	bruise	no	jmdict		35.0	71.4	27.2
マイグレーション	0	migration	no	jmdict		101.0	5.1	0.2
エンジニア	0	engineer	no	jmdict		9.8	96.2	29.3
ボール	0	ball	no	jmdict		61.6	43.7	104.9
ボール	1	bowl	no	jmdict		61.6	43.7	104.9
ボール	2	board	no	jmdict		61.6	43.7	104.9
ビジョン	0	vision;foresight;prospect	no	jmdict		10.5	94.7	35.9
ビジョン	1	large display screen	no	jmdict		10.5	94.7	35.9
ビジョン	2	imagination;insight	no	jmdict		10.5	94.7	35.9
ビジョン	3	sight;eyesight;vision	no	jmdict		10.5	94.7	35.9
ビジョン	4	phantom;vision;illusion	no	jmdict		10.5	94.7	35.9
オフライン	0	offline	no	jmdict		52.7	52.5	4.5
ワイヤレス	0	wireless	no	jmdict		6.2	98.5	7.1
ワイヤレス	1	wireless microphone	no	jmdict		6.2	98.5	7.1
サブセット	0	subset	no	jmdict		42.8	61.5	2.2
オーバーヘッド	0	overhead	yes	jmdict		48.5	55.7	1.5
オーバーヘッド	1	overhead kick;bicycle kick	no	jmdict		48.5	55.7	1.5
クレート	0		no	none		102.1	2.1	0.3
アンチ	0	hater	no	jmdict		26.8	77.2	20.5
テクニック	0	technique	no	jmdict		67.1	36.7	15.2
アイデンティティー	0	identity	no	jmdict		49.0	54.6	15.6
ミニ	0	miniskirt	no	jmdict		7.1	95.6	38.0
レガシー	0	legacy;inheritance;bequest	no	jmdict		51.5	51.1	12.4
レガシー	1	legacy	yes	jmdict		51.5	51.1	12.4
エクステンション	0	extension	no	jmdict		32.5	70.0	6.2
アスペクト	0	aspect	no	jmdict		80.8	21.7	5.3
ブーリアン	0	boolean	no	jmdict		65.5	36.9	0.6
ジュライ	0	july	no	jmdict		0.7	101.6	50.0
インストーラー	0	installer	yes	jmdict		30.5	71.6	1.1
ショー	0	show;performance	no	jmdict		30.7	71.1	144.3
ショー	1	show;exhibition;expo;fair;convention	no	jmdict		30.7	71.1	144.3
ショー	2	tv show	no	jmdict		30.7	71.1	144.3
ビューアー	0	viewer	no	jmdict		32.7	69.0	3.8
アルファベット	0	alphabet	no	jmdict		34.8	67.0	13.3
デバッガー	0	debugger	yes	jmdict		50.4	51.1	0.8
グラフィカル	0	graphical	no	jmdict		12.1	88.9	1.6
アップル	0	apple	no	jmdict		2.1	98.7	12.4
ブルー	0	blue	no	jmdict		10.3	90.2	146.2
ブルー	1	sad;down	no	jmdict		10.3	90.2	146.2
ディスカバリー	0	discovery	no	jmdict		67.5	32.9	15.7
エンベデッド	0		no	none		34.8	65.7	1.3
エ	0		no	none		100.1	0.3	10.1
ダーク	0	dark	no	jmdict		49.9	50.0	47.1
ディセンバー	0	december	no	jmdict		1.1	98.7	48.7
タイムゾーン	0	time zone	no	jmdict		92.5	7.3	0.5
パーツ	0	part;component	no	jmdict		20.8	78.7	37.0
ベストプラクティス	0	best practice	no	jmdict		89.1	10.5	0.4
ブックマーク	0	bookmark	no	jmdict		56.8	42.6	1.5
エコー	0	echo	no	jmdict		17.9	81.5	13.0
エコー	1	ultrasound	no	jmdict		17.9	81.5	13.0
エクスチェンジ	0	exchange	no	jmdict		4.1	94.8	8.8
エクスチェンジ	1	currency exchange;bureau de change	no	jmdict		4.1	94.8	8.8
エクスチェンジ	2	exchange rate	no	jmdict		4.1	94.8	8.8
メーク	0	make-up;makeup	no	jmdict		22.0	76.9	39.4
メーク	1	making food;cooking	no	jmdict		22.0	76.9	39.4
ソサエティー	0	society	no	jmdict		12.8	85.9	65.9
タイマー	0	timer;time switch	no	jmdict		70.3	28.4	3.9
タイマー	1	stopwatch	no	jmdict		70.3	28.4	3.9
タイマー	2	time keeper	no	jmdict		70.3	28.4	3.9
タイマー	3	self-timer;timer	no	jmdict		70.3	28.4	3.9
ライティング	0	lighting	no	jmdict		46.3	52.0	9.1
ライティング	1	writing	no	jmdict		46.3	52.0	9.1
モダン	0	modern	no	jmdict		33.2	64.9	32.2
モダン	1	lug arm tips;temple tips	no	jmdict		33.2	64.9	32.2
ストーリー	0	story;tale;legend	no	jmdict		16.3	81.7	170.0
ストーリー	1	plot;storyline	no	jmdict		16.3	81.7	170.0
アロー	0	arrow	no	jmdict		80.4	17.4	14.1
エンバイロメント	0	environment	no	jmdict		37.3	60.4	7.5
ラウンド	0	round	no	jmdict		25.4	72.1	66.0
ジェネリック	0	generic	no	jmdict		71.2	26.0	1.2
ジェネリック	1	generic drug	no	jmdict		71.2	26.0	1.2
アナウンス	0	announcement	no	jmdict		27.0	70.1	34.0
アナウンス	1	official announcement;formal information release	no	jmdict		27.0	70.1	34.0
カレンダー	0	calendar	no	jmdict		35.9	60.7	22.9
カレンダー	1	calender	no	jmdict		35.9	60.7	22.9
オラクル	0	oracle	no	jmdict		23.1	73.3	3.1
パーシャル	0	partial	no	jmdict		77.6	18.8	20.3
ピーター	0		no	none		2.3	93.9	79.7
アウトプット	0	output	no	jmdict		47.9	48.3	2.3
キャリア	0	career;occupation	no	jmdict		42.1	53.9	62.4
キャリア	1	personal history;professional experience	no	jmdict		42.1	53.9	62.4
キャリア	2	government employee who has passed the highest national civil service exam	no	jmdict		42.1	53.9	62.4
キャリア	3	carrier	no	jmdict		42.1	53.9	62.4
キャリア	4	carrier;mobile network operator	no	jmdict		42.1	53.9	62.4
キャリア	5	pannier rack;roof rack;carrier	no	jmdict		42.1	53.9	62.4
キャリア	6	hand truck;platform truck;trolley;dolly	no	jmdict		42.1	53.9	62.4
サム	0	sum	no	jmdict		4.8	91.0	37.6
サム	1	thumb	no	jmdict		4.8	91.0	37.6
サム	2	sam;surface-to-air missile	no	jmdict		4.8	91.0	37.6
アソシエーション	0	association	no	jmdict		3.9	91.6	53.3
マーケット	0	market	no	jmdict		12.8	82.6	30.0
シグマ	0	sigma	no	jmdict		8.0	87.3	12.1
ファイア	0	fire	no	jmdict		1.8	93.4	52.4
ファイア	1	to become financially independent and retire early	no	jmdict		1.8	93.4	52.4
ツールバー	0	toolbar	yes	jmdict		57.2	37.2	0.6
インスティチュート	0	institute	no	jmdict		3.9	90.5	42.3
ホワイル	0		no	none		19.9	74.2	5.0
ニューヨーク	0	new york	no	jmdict		2.7	91.4	187.2
スケーリング	0	scaling	no	jmdict		64.6	29.4	1.3
メリット	0	advantage;benefit;merit;good point;plus	no	jmdict		38.0	56.0	13.3
イギリス	0	united kingdom;uk;britain;great britain	no	jmdict	por	6.0	87.7	355.3
イギリス	1	england	no	jmdict	por	6.0	87.7	355.3
ダッシュ	0	dash	no	jmdict		50.6	43.0	19.8
エルス	0		no	none		19.2	74.3	4.7
コンシューマー	0	consumer	no	jmdict		31.1	62.4	8.1
オープンソースソフトウェア	0	open-source software	yes	jmdict		9.4	84.0	1.3
セオリー	0	theory	no	jmdict		1.8	91.4	25.5
セオリー	1	standard procedure;common strategy;established tactics	no	jmdict		1.8	91.4	25.5
ダイジェスト	0	digest;summary;abridgment	no	jmdict		73.3	19.9	21.9
ベル	0	bell	no	jmdict		2.3	90.8	40.9
ベル	1	bel	no	jmdict		2.3	90.8	40.9
コードネーム	0	chord name;chord symbol	no	jmdict		0.2	92.8	9.5
コードネーム	1	code name	no	jmdict		0.2	92.8	9.5
クイック	0	quick	no	jmdict		21.3	71.6	11.3
クイック	1	quickstep	no	jmdict		21.3	71.6	11.3
クイック	2	kwic;keyword in context	yes	jmdict		21.3	71.6	11.3
レプリカ	0	replica	no	jmdict		83.8	8.8	7.5
パーセンテージ	0	percentage	no	jmdict		89.1	3.3	1.0
ウルトラ	0	ultra	no	jmdict		0.5	91.9	58.9
ハイト	0	height	no	jmdict		76.9	15.3	3.6
クオータ	0	quarter	no	jmdict		88.4	3.8	0.6
クオータ	1	person with one non-japanese grandparent	no	jmdict		88.4	3.8	0.6
クオータ	2	quota	no	jmdict		88.4	3.8	0.6
スケジューラー	0	scheduler	no	jmdict		88.2	4.0	0.1
レーテンシー	0		no	none		38.5	53.4	1.0
クリエーティブ	0	creative	no	jmdict		11.4	80.0	34.8
キャスト	0	cast;cast member;role	no	jmdict		22.9	68.5	154.8
キャスト	1	casting	no	jmdict		22.9	68.5	154.8
ホール	0	hall	no	jmdict		3.2	87.9	231.6
ホール	1	dining area of a restaurant	no	jmdict		3.2	87.9	231.6
ホール	2	hole	no	jmdict		3.2	87.9	231.6
ホール	3	hole;cup	no	jmdict		3.2	87.9	231.6
ホール	4	whole;entire;complete	no	jmdict		3.2	87.9	231.6
ハウツー	0	how-to	no	jmdict		16.9	74.0	8.8
ビル	0	multi-floor building;multi-storey building	no	jmdict		4.8	86.1	145.9
ビル	1	bill;check;invoice	no	jmdict		4.8	86.1	145.9
ビル	2	bill;promissory note	no	jmdict		4.8	86.1	145.9
ビル	3	bill;measure	no	jmdict		4.8	86.1	145.9
インプリメンテーション	0	implementation	no	jmdict		19.9	70.9	2.1
シェープ	0	shape	no	jmdict		80.8	9.9	1.8
ワープロ	0	word processor	yes	jmdict		0.7	89.8	2.9
ドイツ	0	germany	no	jmdict	dut	3.4	86.9	360.4
サンドボックス	0	sandbox;test environment	yes	jmdict		67.8	22.4	0.6
アワード	0	award	no	jmdict		1.6	88.5	64.7
ヘッド	0	head	no	jmdict		11.9	78.1	36.5
モデム	0	modem	yes	jmdict		6.2	83.5	2.2
ミディ	0	midi	no	jmdict		18.3	71.2	7.1
ミディ	1	midi;musical instrument digital interface	yes	jmdict		18.3	71.2	7.1
フィッシング	0	fishing	no	jmdict		55.9	33.5	4.5
フィッシング	1	phishing	yes	jmdict		55.9	33.5	4.5
トランジスタ	0	transistor	no	jmdict		0.0	89.2	6.5
アラート	0	alert;warning	no	jmdict		61.4	27.8	3.4
ブラック	0	black	no	jmdict		8.0	81.1	142.6
ブラック	1	exploitative;overly harsh;abusive;oppressive;unethical	no	jmdict		8.0	81.1	142.6
ブラック	2	boldface;blackface;heavy-faced type	no	jmdict		8.0	81.1	142.6
スクロールバー	0	scroll bar	yes	jmdict		80.8	7.9	0.2
オプションズ	0		no	none		70.1	18.6	1.5
テンポラル	0		no	none		80.8	7.4	0.8
レンダラー	0	renderer	yes	jmdict		29.8	58.4	0.9
シンボリック	0	symbolic	no	jmdict		60.4	27.3	1.4
ブランチ	0	branch	no	jmdict		60.2	27.5	6.9
ブランチ	1	brunch	no	jmdict		60.2	27.5	6.9
サブ	0	sub;substitute;reserve;backup	no	jmdict		36.2	51.1	15.9
オン	0	on	no	jmdict		55.6	31.1	27.9
オン	1	being on the green	no	jmdict		55.6	31.1	27.9
スター	0	star;celebrity	no	jmdict		11.2	75.5	206.6
スター	1	star;asterisk	no	jmdict		11.2	75.5	206.6
スター	2	star	no	jmdict		11.2	75.5	206.6
ゲーミング	0	gaming	no	jmdict		0.2	86.5	7.9
パートナー	0	partner	no	jmdict		22.7	63.8	56.5
パートナー	1	partner;spouse	no	jmdict		22.7	63.8	56.5
グリーン	0	green	no	jmdict		12.4	73.8	108.3
グリーン	1	green;environmentally friendly	no	jmdict		12.4	73.8	108.3
グリーン	2	greenland;green space;lawn	no	jmdict		12.4	73.8	108.3
グリーン	3	green;putting green	no	jmdict		12.4	73.8	108.3
ノートパソコン	0	laptop;notebook	no	jmdict		5.5	80.6	2.6
ファクトリー	0	factory	no	jmdict		55.9	30.2	30.3
リリースノート	0	release notes	yes	jmdict		37.8	48.3	0.7
フロッピーディスク	0	floppy disk	yes	jmdict		1.1	84.9	2.1
フェブラリー	0	february	no	jmdict		0.9	85.0	44.1
ユニーク	0	unique;original;individual;unusual	no	jmdict		46.7	39.2	12.6
スルー	0	ignoring;looking the other way;letting pass	no	jmdict		34.6	51.3	21.8
スルー	1	passing through;going through	no	jmdict		34.6	51.3	21.8
スルー	2	leaving a passing ball for a teammate;letting the ball go past;dummy	no	jmdict		34.6	51.3	21.8
スルー	3	ball going through the net and landing in the opponent's half	no	jmdict		34.6	51.3	21.8
エンドユーザー	0	end user	no	jmdict		27.5	58.3	1.2
ファスト	0	fast	no	jmdict		11.9	73.7	11.6
スペシャリスト	0	specialist	no	jmdict		60.7	24.9	7.4
ボブ	0	bob	no	jmdict		13.1	72.5	36.7
ボイス	0	voice	no	jmdict		8.9	76.5	61.6
オーナー	0	owner	no	jmdict		46.5	38.9	34.3
マイナー	0	minor;small;unimportant;obscure	no	jmdict		51.3	34.0	30.2
マイナー	1	minor	no	jmdict		51.3	34.0	30.2
マイナー	2	the minor leagues	no	jmdict		51.3	34.0	30.2
マイナー	3	miner	no	jmdict		51.3	34.0	30.2
ユニオン	0	union	no	jmdict		66.4	18.5	50.6
パーサ	0	parser	yes	jmdict		57.2	27.5	0.5
ラインアップ	0	line-up;lineup	no	jmdict		0.5	84.3	24.1
ラジオボタン	0	radio button;option button	yes	jmdict		79.7	4.8	0.1
ラーニング	0	learning	no	jmdict		4.6	79.8	9.1
リフレッシュ	0	refreshment;refreshing oneself;refreshing one's spirit	no	jmdict		22.2	62.1	4.0
リフレッシュ	1	refresh	yes	jmdict		22.2	62.1	4.0
ディープ	0	deep	no	jmdict		30.7	53.6	34.3
テックス	0	fiberboard;fibreboard;wallboard	no	jmdict		9.6	74.4	3.5
テックス	1	cloth;fabric;material	no	jmdict		9.6	74.4	3.5
テックス	2	tex	no	jmdict		9.6	74.4	3.5
リード	0	lied	no	jmdict		19.7	64.2	55.9
リード	1	lead;leading;taking the lead	no	jmdict		19.7	64.2	55.9
リード	2	leading;getting ahead	no	jmdict		19.7	64.2	55.9
リード	3	lead	no	jmdict		19.7	64.2	55.9
リード	4	lead;lede	no	jmdict		19.7	64.2	55.9
リード	5	leash;lead	no	jmdict		19.7	64.2	55.9
リード	6	lead;prospective client	no	jmdict		19.7	64.2	55.9
リード	7	reed	no	jmdict		19.7	64.2	55.9
リード	8	reading	no	jmdict		19.7	64.2	55.9
サブルーチン	0	subroutine	yes	jmdict		3.7	79.8	1.1
コンフィギュレーション	0	configuration	no	jmdict		30.7	52.8	1.2
ノン	0	no	no	jmdict		27.5	56.0	27.4
ユーズド	0	used	no	jmdict		27.7	55.7	7.0
シンク	0	sink	no	jmdict		34.1	49.2	10.4
シンク	1	synchronization	no	jmdict		34.1	49.2	10.4
シンク	2	synchronous	no	jmdict		34.1	49.2	10.4
シンク	3	think	no	jmdict		34.1	49.2	10.4
スクリプティング	0	scripting	yes	jmdict		68.7	14.5	0.2
シンタックス	0	syntax	no	jmdict		38.7	44.3	1.2
モーション	0	motion	no	jmdict		18.3	64.6	20.4
メッシュ	0	mesh;grid	no	jmdict		18.1	64.8	5.1
メッシュ	1	highlight in the hair;streaked hair	no	jmdict		18.1	64.8	5.1
ハイブリッド	0	hybrid	no	jmdict		14.2	68.6	22.8
タール	0	tar	no	jmdict		54.0	28.4	7.0
ジャスト	0	just;exactly;precisely;perfectly;sharp	no	jmdict		11.9	70.5	25.6
フォト	0	photo	no	jmdict		3.0	79.3	42.1
トポロジー	0	topology	no	jmdict		51.1	31.2	2.8
ロケーション	0	location	no	jmdict		48.8	33.3	8.9
ハイパー	0	hyper	no	jmdict		21.1	61.0	20.0
ランゲージズ	0		no	none		10.1	71.8	7.4
プロシージャー	0	procedure	no	jmdict		13.1	68.5	2.1
スクリーンショット	0	screenshot;screen capture;screengrab	yes	jmdict		51.1	30.4	1.3
ガベージコレクション	0	garbage collection	yes	jmdict		52.7	28.7	0.4
ストップ	0	stop	no	jmdict		51.3	30.0	25.3
エネルギー	0	energy	no	jmdict	ger	4.8	76.4	128.9
エネルギー	1	energy;strength;power;stamina;get-up-and-go	no	jmdict	ger	4.8	76.4	128.9
エネルギー	2	energy source;energy resource	no	jmdict	ger	4.8	76.4	128.9
エネルギー	3	food energy;calories	no	jmdict	ger	4.8	76.4	128.9
コンパクト	0	compact	no	jmdict		16.7	64.5	17.8
コンパクト	1	compact;portable powder case	no	jmdict		16.7	64.5	17.8
コンパクト	2	compact car	no	jmdict		16.7	64.5	17.8
サイドバー	0	sidebar	yes	jmdict		65.7	15.0	0.3
パーミッション	0	permission	no	jmdict		57.2	23.2	0.9
シャープ	0	sharp	no	jmdict		5.0	75.4	16.6
シャープ	1	number sign;hash sign;pound sign	no	jmdict		5.0	75.4	16.6
シャープ	2	mechanical pencil	no	jmdict		5.0	75.4	16.6
シャープ	3	sharp;sharpe;schaap;scherp	no	jmdict		5.0	75.4	16.6
チャレンジ	0	taking on;attempt;try;tackling;challenging	no	jmdict		35.0	45.4	51.2
チャレンジ	1	requesting a video review	no	jmdict		35.0	45.4	51.2
スペシャル	0	special	no	jmdict		23.4	57.1	303.9
スペシャル	1	tv special	no	jmdict		23.4	57.1	303.9
プロダクツ	0	products	no	jmdict		12.1	68.2	12.5
スロー	0	slow	no	jmdict		63.7	16.4	13.7
スロー	1	slow motion	no	jmdict		63.7	16.4	13.7
スロー	2	throw	no	jmdict		63.7	16.4	13.7
セーフ	0	safe	no	jmdict		42.6	37.4	5.5
セーフ	1	in	no	jmdict		42.6	37.4	5.5
セーフ	2	all right;ok;acceptable;fine;in time	no	jmdict		42.6	37.4	5.5
マッチング	0	matching	no	jmdict		41.7	38.3	6.3
マッチング	1	networking	no	jmdict		41.7	38.3	6.3
アンドリュー	0	and six	no	parts:アンド+リュー		6.0	73.8	34.5
リファラー	0	referrer;referer	no	jmdict		76.5	3.3	0.4
バー	0	bar;tavern;barroom;pub	no	jmdict		51.3	28.2	22.8
バー	1	bar	no	jmdict		51.3	28.2	22.8
バー	2	bar;crossbar;barre	no	jmdict		51.3	28.2	22.8
アタック	0	attack	no	jmdict		20.4	58.8	35.5
アタック	1	attack;tackling;confronting;attempt;try	no	jmdict		20.4	58.8	35.5
アタック	2	making an assault	no	jmdict		20.4	58.8	35.5
ポリゴン	0	polygon	no	jmdict		16.0	63.1	5.3
スピード	0	speed	no	jmdict		15.1	64.0	50.2
ボット	0	bot	yes	jmdict		41.9	37.0	4.7
メッセンジャー	0	messenger	no	jmdict		1.4	77.4	6.0
デザイナー	0	designer	no	jmdict		14.4	64.4	41.6
エンコーダー	0	encoder	no	jmdict		28.4	50.4	1.2
ペップ	0		no	none		74.0	4.8	1.0
プレミアム	0	premium	no	jmdict		0.7	78.0	80.5
プレミアム	1	premium;high-class;deluxe;luxurious;superior	no	jmdict		0.7	78.0	80.5
コントラスト	0	contrast	no	jmdict		69.2	9.5	2.9
クリップボード	0	clipboard	no	jmdict		61.1	17.5	0.3
ペン	0	pen	no	jmdict		29.1	49.3	16.6
ペーパー	0	paper	no	jmdict		8.9	69.3	19.7
リザルト	0	result	no	jmdict		42.6	35.6	14.3
ヒューマン	0	human	no	jmdict		5.5	72.4	50.9
バイトコード	0	byte-code	yes	jmdict		40.3	37.6	0.5
オブザーバー	0	observer	no	jmdict		66.2	11.7	7.4
フィード	0	feed	no	jmdict		39.6	38.2	1.8
エアー	0	air	no	jmdict		0.7	77.1	62.7
ドラフト	0	draft	no	jmdict		10.1	67.6	67.1
ドラフト	1	draft;rough copy;rough sketch	no	jmdict		10.1	67.6	67.1
ドラフト	2	draught;draft	no	jmdict		10.1	67.6	67.1
ドラフト	3	draft;draught	no	jmdict		10.1	67.6	67.1
ジェネレーション	0	generation	no	jmdict		8.7	68.8	23.8
シリコン	0	silicon	no	jmdict		6.2	71.0	6.6
シリコン	1	silicone	no	jmdict		6.2	71.0	6.6
ビットマップ	0	bitmap	yes	jmdict		13.7	63.5	1.1
ブレーク	0	break	no	jmdict		35.3	41.9	41.2
ブレーク	1	becoming popular;becoming a hit	no	jmdict		35.3	41.9	41.2
デリート	0	delete	no	jmdict		42.8	34.3	1.3
サプライチェーン	0	supply chain	no	jmdict		64.3	12.7	1.2
インターラクション	0		no	none		49.2	27.6	4.2
クリティカル	0	critical	no	jmdict		24.3	52.6	10.2
クリティカル	1	critical hit	no	jmdict		24.3	52.6	10.2
ワイド	0	wide	no	jmdict		7.8	69.0	72.8
データセット	0	data set;data-set	yes	jmdict		11.4	65.4	7.8
フォース	0	force	no	jmdict		16.0	60.8	74.7
フォース	1	the force	no	jmdict		16.0	60.8	74.7
フォース	2	forth	no	jmdict		16.0	60.8	74.7
セカンド	0	second	no	jmdict		3.0	73.7	108.2
セカンド	1	second base;second baseman	no	jmdict		3.0	73.7	108.2
セカンド	2	second;assistant	no	jmdict		3.0	73.7	108.2
セクター	0	sector	no	jmdict		7.1	69.5	6.7
サブスクリプション	0	subscription	no	jmdict		46.7	29.8	3.1
カレント	0	current	no	jmdict		27.0	49.4	13.3
デバイスドライバー	0	device driver	yes	jmdict		6.6	69.7	0.9
プルリクエスト	0	pull request	yes	jmdict		74.0	2.4	0.0
イヤー	0	ear	no	jmdict		7.6	68.8	85.0
イヤー	1	oh;oh my;oh dear;wow	no	jmdict		7.6	68.8	85.0
イヤー	2	year	no	jmdict		7.6	68.8	85.0
ファースト	0	first	no	jmdict		22.2	54.1	138.1
ファースト	1	first base;first baseman	no	jmdict		22.2	54.1	138.1
ファースト	2	fast	no	jmdict		22.2	54.1	138.1
トーク	0	talk;banter;chat	no	jmdict		8.9	67.4	98.0
トーク	1	talk show	no	jmdict		8.9	67.4	98.0
トーク	2	toque	no	jmdict		8.9	67.4	98.0
ホワイトスペース	0	white space	no	jmdict		74.0	2.3	0.2
スタンドアローン	0	standalone;stand-alone	yes	jmdict		41.2	35.0	0.8
カタログ	0	catalog;catalogue	no	jmdict		19.5	56.8	36.4
ストローク	0	stroke	no	jmdict		67.8	8.4	11.2
プロプライエタリ	0	proprietary	yes	jmdict		1.1	74.8	1.0
ピッカー	0		no	none		72.6	3.4	0.3
データモデル	0	data model	no	parts:データ+モデル		29.3	46.5	0.7
スラッシュ	0	slash	no	jmdict		58.2	17.6	4.8
スラッシュ	1	slash;slit	no	jmdict		58.2	17.6	4.8
スラッシュ	2	slush;waste oil	no	jmdict		58.2	17.6	4.8
スラッシュ	3	waste materials	no	jmdict		58.2	17.6	4.8
アクロバット	0	acrobat	no	jmdict		54.5	21.1	2.7
アクロバット	1	acrobatics	no	jmdict		54.5	21.1	2.7
イングリッシュ	0	english	no	jmdict		2.7	72.7	45.5
デコーダー	0	decoder	no	jmdict		30.7	44.8	1.2
キャッチ	0	catch;catching;obtaining;receiving	no	jmdict		58.6	16.8	17.6
キャッチ	1	catch	no	jmdict		58.6	16.8	17.6
キャッチ	2	shop tout;puller-in	no	jmdict		58.6	16.8	17.6
キャッチ	3	catching;catching the water	no	jmdict		58.6	16.8	17.6
キャッチ	4	catcher	no	jmdict		58.6	16.8	17.6
キャッチ	5	call waiting	no	jmdict		58.6	16.8	17.6
リージョン	0	region	no	jmdict		51.5	23.8	12.9
リーク	0	leek	no	jmdict		38.5	36.8	6.6
リーク	1	leak	no	jmdict		38.5	36.8	6.6
リーク	2	leakage	no	jmdict		38.5	36.8	6.6
ハッキング	0	hacking	yes	jmdict		1.4	73.8	5.1
ハッキング	1	hacking;fouling	no	jmdict		1.4	73.8	5.1
トランスフォーム	0	transformer form	no	parts:トランス+フォーム		57.0	18.0	1.6
シミュレーター	0	simulator	no	jmdict		11.7	63.1	6.7
ナレッジ	0	knowledge	no	jmdict		3.7	71.0	8.3
バリエーション	0	variation	no	jmdict		26.1	48.4	18.8
タイル	0	tile	no	jmdict		36.2	38.3	7.4
ジャンプ	0	jump	no	jmdict		26.8	47.7	83.4
ジャンプ	1	jumping event	no	jmdict		26.8	47.7	83.4
ジャンプ	2	jumping	no	jmdict		26.8	47.7	83.4
ジャンプ	3	jump;sudden rise	no	jmdict		26.8	47.7	83.4
ワイルド	0	wild	no	jmdict		54.7	19.8	47.3
トレーニング	0	training;practice	no	jmdict		20.4	54.1	36.5
トレーニング	1	working out;workout;training	no	jmdict		20.4	54.1	36.5
ヒープ	0	heap	no	jmdict		35.0	39.2	0.9
ランド	0	land	no	jmdict		4.1	69.6	109.7
ランド	1	rand	no	jmdict		4.1	69.6	109.7
スタッフ	0	staff;staff member	no	jmdict		9.8	63.7	179.7
スタッフ	1	stuffing;filling	no	jmdict		9.8	63.7	179.7
スタッフ	2	stuff;materials	no	jmdict		9.8	63.7	179.7
フロント	0	front	no	jmdict		43.7	29.6	53.9
フロント	1	reception;front desk	no	jmdict		43.7	29.6	53.9
フロント	2	front office;team management	no	jmdict		43.7	29.6	53.9
エクスプローラー	0	explorer	no	jmdict		12.1	61.1	4.8
ラップトップ	0	laptop	no	jmdict		4.4	68.9	1.4
インテリジェンス	0	intelligence	no	jmdict		2.7	70.4	10.1
プロビジョニング	0	provisioning	no	jmdict		61.6	11.3	0.1
テキストファイル	0	text file	yes	jmdict		26.8	46.0	0.7
ルーチン	0	routine;routine duties;routine work	no	jmdict		16.0	56.7	3.4
ルーチン	1	routine	yes	jmdict		16.0	56.7	3.4
ミリオン	0	million	no	jmdict		0.9	71.6	34.7
ミリオン	1	million seller	no	jmdict		0.9	71.6	34.7
スピーカー	0	speaker	no	jmdict		12.8	59.4	13.4
アクティビティー	0	activity	no	jmdict		36.9	35.1	9.4
ファイナル	0	final	no	jmdict		7.3	64.6	115.4
ミラー	0	mirror	no	jmdict		14.7	57.2	44.1
フランス	0	france	no	jmdict		2.5	69.2	414.3
スムーズ	0	smooth	no	jmdict		47.2	24.5	8.3
イニシアチブ	0	initiative	no	jmdict		6.9	64.8	6.9
ディストリビューテッド	0		no	none		8.0	63.5	1.7
チャプター	0	chapter	no	jmdict		11.7	59.7	23.0
バックスラッシュ	0	backslash	no	jmdict		60.4	10.7	0.2
ニューヨークタイムズ	0	the new york times	no	jmdict		1.1	69.9	48.0
ワーキンググループ	0	working group	no	jmdict		16.5	54.6	4.3
サブシステム	0	subsystem;sub-system	yes	jmdict		9.2	61.7	1.5
テキストエディタ	0	text editor	yes	jmdict		8.5	62.3	0.9
ソリューションズ	0		no	none		9.4	61.3	7.4
マトリックス	0	matrix	no	jmdict		20.8	49.8	11.0
マトリックス	1	the matrix	no	jmdict		20.8	49.8	11.0
オートメーション	0	automation	no	jmdict		3.9	66.7	2.7
ローディング	0	loading	no	jmdict		53.8	16.5	1.7
コロン	0	colon	no	jmdict		51.3	19.0	6.5
コロン	1	eau de cologne	no	jmdict		51.3	19.0	6.5
コロン	2	colonist	no	jmdict		51.3	19.0	6.5
クオート	0	quart	no	jmdict		54.7	15.5	4.7
クオート	1	quote	no	jmdict		54.7	15.5	4.7
クオート	2	quarto	no	jmdict		54.7	15.5	4.7
アライアンス	0	alliance	no	jmdict		2.5	67.6	12.7
サード	0	third	no	jmdict		11.0	58.9	56.2
サード	1	third base;third baseman	no	jmdict		11.0	58.9	56.2
サード	2	third gear	no	jmdict		11.0	58.9	56.2
プルリク	0	pull request	yes	jmdict		69.8	0.0	0.0
スキャナー	0	scanner	no	jmdict		25.9	43.8	2.9
マジック	0	magic	no	jmdict		13.3	56.4	48.0
マジック	1	magic marker;felt-tip pen;permanent marker	no	jmdict		13.3	56.4	48.0
マジック	2	magic number	no	jmdict		13.3	56.4	48.0
トランスファー	0	transfer	no	jmdict		20.1	49.5	6.8
リニア	0	linear	no	jmdict		19.5	50.1	9.7
リニア	1	linear motor train;linear induction motor train;magnetic levitation train;maglev train	no	jmdict		19.5	50.1	9.7
バルネラビリティー	0	vulnerability	no	jmdict		49.9	19.5	0.6
バルネラビリティー	1	vulnerability;security hole	yes	jmdict		49.9	19.5	0.6
ディスクドライブ	0	disk drive	yes	jmdict		0.0	69.3	1.3
ライター	0	lighter	no	jmdict		30.2	39.1	31.6
ライター	1	writer	no	jmdict		30.2	39.1	31.6
エミュレート	0	emulation	yes	jmdict		27.5	41.5	0.8
フロッピー	0	floppy	yes	jmdict		0.0	68.9	1.5
プレース	0	place	no	jmdict		34.1	34.7	25.0
プレース	1	placing	no	jmdict		34.1	34.7	25.0
プレース	2	european plaice;plaice	no	jmdict		34.1	34.7	25.0
オーバーレイ	0	overlay	no	jmdict		43.0	25.7	0.9
アスロン	0	athlon	yes	jmdict		0.0	68.8	1.2
マイクロシステムズ	0	micro systems	no	parts:マイクロ+システムズ		0.2	68.4	1.1
コース	0	course;route;trail	no	jmdict		34.3	34.2	150.8
コース	1	course;program	no	jmdict		34.3	34.2	150.8
コース	2	lane	no	jmdict		34.3	34.2	150.8
コース	3	course;policy;track;path	no	jmdict		34.3	34.2	150.8
コース	4	course	no	jmdict		34.3	34.2	150.8
コース	5	full-course meal;multi-course meal	no	jmdict		34.3	34.2	150.8
コース	6	plan;course;option	no	jmdict		34.3	34.2	150.8
コース	7	flying path of a pitch	no	jmdict		34.3	34.2	150.8
ストールマン	0		no	none		0.0	68.6	1.0
ルック	0	look	no	jmdict		10.8	57.7	18.3
デスクリプション	0	description	no	jmdict		16.9	51.3	6.5
インクリメント	0	increment	no	jmdict		36.6	31.3	0.6
ベンチマーク	0	benchmark	no	jmdict		11.2	56.7	1.5
スカイプ	0	skype	no	jmdict		1.6	66.3	1.6
アクセラレーター	0	accelerator	yes	jmdict		2.3	65.6	1.7
アクセラレーター	1	accelerator pedal;gas pedal	no	jmdict		2.3	65.6	1.7
カット	0	cut;cutting	no	jmdict		9.2	58.5	63.2
カット	1	omission;cutting;reduction	no	jmdict		9.2	58.5	63.2
カット	2	haircut	no	jmdict		9.2	58.5	63.2
カット	3	shot	no	jmdict		9.2	58.5	63.2
カット	4	illustration;cut	no	jmdict		9.2	58.5	63.2
カット	5	cut;chop	no	jmdict		9.2	58.5	63.2
カット	6	cutting	no	jmdict		9.2	58.5	63.2
カット	7	cutting off	no	jmdict		9.2	58.5	63.2
カット	8	cut	no	jmdict		9.2	58.5	63.2
ラボ	0	lab	no	jmdict		11.0	56.6	30.6
ラボ	1	language lab	no	jmdict		11.0	56.6	30.6
カナダ	0	canada	no	jmdict		2.3	65.2	131.2
パスキー	0	passing key	no	parts:パス+キー		37.8	29.6	0.4
エミュレーション	0	emulation	yes	jmdict		12.8	54.3	1.1
アイドル	0	performer with an image cultivated to foster a dedicated fan following;japanese idol	no	jmdict		43.7	23.3	191.6
アイドル	1	icon;idol;star;celebrity;person who is greatly admired	no	jmdict		43.7	23.3	191.6
アイドル	2	idol;image	no	jmdict		43.7	23.3	191.6
アイドル	3	idle	no	jmdict		43.7	23.3	191.6
ビルトイン	0	built-in	no	jmdict		52.7	14.2	0.5
エレクトロニック	0	electronic	no	jmdict		0.2	66.6	11.2
ホワッツ	0		no	none		11.2	55.5	9.8
バランサー	0	balancer	no	jmdict		61.1	5.3	0.8
セッター	0	setter	no	jmdict		61.8	4.6	3.0
カートリッジ	0	cartridge	no	jmdict		0.9	65.5	6.6
コントリビューター	0		no	none		54.5	11.9	0.6
パレット	0	palette	no	jmdict		32.1	34.2	7.7
パレット	1	pallet	no	jmdict		32.1	34.2	7.7
ファイバー	0	fiber;fibre	no	jmdict		2.1	64.2	7.4
リレー	0	relay	no	jmdict		9.2	57.0	28.2
エコシステム	0	ecosystem	no	jmdict		48.5	17.6	1.1
モニタリング	0	monitoring	no	jmdict		35.9	30.0	7.2
バージョンアップ	0	update;upgrade	yes	jmdict		8.9	57.0	4.5
バージョンアップ	1	upgrade;improvement	no	jmdict		8.9	57.0	4.5
ディスパッチ	0	dispatch;despatch	no	jmdict		38.5	27.3	1.6
イノベーション	0	innovation	no	jmdict		16.7	49.1	17.3
ランキング	0	ranking	no	jmdict		5.0	60.5	148.6
ランキング	1	toplist	no	jmdict		5.0	60.5	148.6
レスト	0	rest	no	jmdict		34.3	31.1	4.9
ウィリアム	0		no	none		0.2	65.2	122.8
セミコロン	0	semicolon	no	jmdict		54.7	10.5	0.3
セレロン	0		no	none		0.0	65.2	1.0
ウエー	0	way	no	jmdict		12.4	52.6	28.7
ビルディング	0	multi-floor building;multi-storey building;tall building	no	jmdict		10.5	54.4	18.6
デー	0	day	no	jmdict		19.0	45.8	87.4
デー	1	daytime	no	jmdict		19.0	45.8	87.4
ウェブサービス	0	web service;web services	no	jmdict		9.4	55.3	1.8
アドミッション	0	admission	no	jmdict		63.9	0.7	0.6
シンポジウム	0	symposium	no	jmdict		1.6	62.9	16.8
パーサー	0	purser	no	jmdict		58.2	6.2	0.7
パーサー	1	parser	yes	jmdict		58.2	6.2	0.7
リー	0		no	none		3.4	60.9	74.7
ハイドレーション	0	hydration	no	jmdict		63.9	0.4	0.0
ミュージアム	0	museum	no	jmdict		2.1	62.2	65.4
ハンド	0	hand	no	jmdict		26.6	37.6	22.6
ハンド	1	handball	no	jmdict		26.6	37.6	22.6
キャンペーン	0	promotion;campaign	no	jmdict		18.3	45.8	66.0
キャンペーン	1	campaign;movement;drive	no	jmdict		18.3	45.8	66.0
キャンペーン	2	campaign	no	jmdict		18.3	45.8	66.0
アペンディックス	0	appendix	no	jmdict		55.4	8.7	2.5
セマンティック	0	semantic	no	jmdict		28.2	35.8	1.0
スパム	0	spam	no	jmdict		13.3	50.6	2.0
インダストリー	0	industry	no	jmdict		4.1	59.7	17.3
パース	0	perspective drawing;perspective view	no	jmdict		52.7	11.1	7.1
パース	1	perspective	no	jmdict		52.7	11.1	7.1
パース	2	purse;change purse;wallet	no	jmdict		52.7	11.1	7.1
パース	3	parsing	yes	jmdict		52.7	11.1	7.1
パース	4	platform as a service;paas	yes	jmdict		52.7	11.1	7.1
パブリッシング	0	publishing	no	jmdict		1.1	62.6	58.1
ウェア	0	wear;clothing;dress	no	jmdict		11.2	52.5	10.7
ウェア	1	ware;goods	no	jmdict		11.2	52.5	10.7
ウェア	2	software	yes	jmdict		11.2	52.5	10.7
アフィニティー	0	affinity	yes	jmdict		47.9	15.7	1.2
フリーソフトウェア	0	free software;libre software	yes	jmdict		1.1	62.4	0.9
アプリケーションソフトウェア	0	application software	yes	jmdict		1.6	61.6	1.1
ジャック	0	jack;knave	no	jmdict		4.6	58.6	94.0
ジャック	1	jack	no	jmdict		4.6	58.6	94.0
ジャック	2	hijack;hijacking;takeover;seizure	no	jmdict		4.6	58.6	94.0
エデュケーション	0	education	no	jmdict		0.9	62.2	19.5
ラスト	0	last;final	no	jmdict		17.4	45.6	89.5
ラスト	1	end;conclusion;last one	no	jmdict		17.4	45.6	89.5
ラスト	2	rust	no	jmdict		17.4	45.6	89.5
スタディー	0	study	no	jmdict		18.8	44.2	56.4
スニペット	0	snippet	yes	jmdict		54.5	8.5	0.1
ファインダー	0	viewfinder;finder	no	jmdict		31.8	30.9	4.7
ジャパニーズ	0	japanese	no	jmdict		21.5	41.2	44.2
ノキア	0	nokia	no	jmdict		0.2	62.5	2.6
ルーム	0	room	no	jmdict		30.0	32.6	42.7
プロテクション	0	protection	no	jmdict		11.0	51.6	5.7
ザン	0		no	none		11.2	51.3	16.8
ウェル	0		no	none		29.1	33.3	20.5
エンディアン	0		no	none		28.9	33.4	0.5
キーフレーム	0	key frame	yes	jmdict		57.9	4.3	0.1
コンピューターグラフィックス	0	computer graphics	yes	jmdict		2.3	59.9	2.0
ショップ	0	shop	no	jmdict		2.1	60.1	62.7
バイパス	0	bypass	no	jmdict		49.9	12.1	55.8
レコーダー	0	recorder;recording device	no	jmdict		4.8	56.9	6.3
レコーダー	1	recorder;english flute	no	jmdict		4.8	56.9	6.3
インデント	0	indent	no	jmdict		48.8	12.9	0.2
テーク	0	take	no	jmdict		15.6	46.0	44.9
ワーキング	0	working	no	jmdict		7.6	54.0	8.9
スレッディング	0		no	none		23.8	37.7	0.6
パスポート	0	passport	no	jmdict		47.9	13.6	10.4
マルチプル	0	multiple	no	jmdict		24.0	37.3	5.5
コンピューターシステム	0	computer system	no	jmdict		3.0	58.4	2.1
サブドメイン	0	subdomain	yes	jmdict		52.0	9.3	0.3
マイクロコンピューター	0	microcomputer	yes	jmdict		0.2	60.9	1.2
セキュリティーポリシー	0	security policy	no	parts:セキュリティー+ポリシー		49.9	11.2	0.2
ランサムウェア	0	ransomware	no	jmdict		18.5	42.5	0.7
フォールト	0	fault	no	jmdict		13.1	48.0	2.8
ボディー	0	body	no	jmdict		27.7	33.3	54.4
ボディー	1	body blow	no	jmdict		27.7	33.3	54.4
レット	0	red	no	jmdict		28.4	32.4	8.0
レット	1	let	no	jmdict		28.4	32.4	8.0
バンク	0	bank	no	jmdict		0.2	60.6	41.4
バンク	1	bank;embankment	no	jmdict		0.2	60.6	41.4
バンク	2	anime scene where previously used character movements are reused	no	jmdict		0.2	60.6	41.4
ディスカッション	0	discussion	no	jmdict		37.8	23.0	3.9
ピアー	0	pier	no	jmdict		21.8	38.9	3.2
レース	0	race	no	jmdict		35.7	24.9	200.2
レース	1	lace	no	jmdict		35.7	24.9	200.2
レース	2	lathe	no	jmdict		35.7	24.9	200.2
マテリアル	0	material	no	jmdict		17.6	43.0	9.7
ソースファイル	0	source file	yes	jmdict		37.6	23.0	0.3
モック	0	posing;pretending	no	jmdict		56.1	4.4	2.1
モック	1	mock-up	no	jmdict		56.1	4.4	2.1
ハンドブック	0	handbook	no	jmdict		8.9	51.5	25.0
プライマリー	0	primary	no	jmdict		36.4	23.9	6.3
プライマリー	1	primary glider;simple training glider	no	jmdict		36.4	23.9	6.3
スピーチ	0	speech	no	jmdict		11.4	48.9	13.1
ワイヤ	0	wire	no	jmdict		3.4	56.8	16.8
ワイヤ	1	wire rope	no	jmdict		3.4	56.8	16.8
トラップ	0	trap	no	jmdict		41.4	18.8	12.1
オートマトン	0	automaton	no	jmdict		2.5	57.7	3.5
シェアード	0	shared	no	jmdict		13.3	46.9	2.6
プロテクト	0	protection	no	jmdict		6.0	54.2	3.9
プロテクト	1	copy protection	yes	jmdict		6.0	54.2	3.9
プロテクト	2	write protection	yes	jmdict		6.0	54.2	3.9
インスタント	0	instant	no	jmdict		10.3	49.8	5.9
プリインストール	0	preinstallation;preloading	yes	jmdict		3.2	56.9	1.8
ローカライズ	0	localization;localisation	no	jmdict		45.6	14.5	1.7
ダンプ	0	dump	no	jmdict		38.5	21.6	3.8
ダンプ	1	dump truck	no	jmdict		38.5	21.6	3.8
バランス	0	balance	no	jmdict		27.2	32.7	31.8
インク	0	ink	no	jmdict		22.9	37.0	11.9
ファン	0	fan;enthusiast;lover	no	jmdict		1.8	58.0	242.7
ファン	1	fan	no	jmdict		1.8	58.0	242.7
ファン	2	han;fan;unit that doubles the score of a hand	no	jmdict		1.8	58.0	242.7
ファン	3	fun	no	jmdict		1.8	58.0	242.7
アーティフィシャルインテリジェンス	0	artificial intelligence	no	jmdict		0.2	59.6	1.7
エンター	0	enter	no	jmdict		41.2	18.6	17.1
ピープル	0	people	no	jmdict		2.3	57.5	39.6
シュッド	0		no	none		19.0	40.6	6.6
ブートストラップ	0	bootstrap;boot	yes	jmdict		34.1	25.4	0.5
ブートストラップ	1	bootstrapping	no	jmdict		34.1	25.4	0.5
バリアント	0	variant	no	jmdict		41.7	17.9	4.9
ヒット	0	hit;base hit;safe hit;single	no	jmdict		18.1	41.2	81.0
ヒット	1	hit;success	no	jmdict		18.1	41.2	81.0
ヒット	2	hit;blow	no	jmdict		18.1	41.2	81.0
ヒット	3	hit	yes	jmdict		18.1	41.2	81.0
ヒット	4	hiit;high-intensity interval training	no	jmdict		18.1	41.2	81.0
マイコン	0	microcomputer;personal computer;home computer	yes	jmdict		0.0	59.3	3.4
マイコン	1	micro-controller;micro-processor;mcu	no	jmdict		0.0	59.3	3.4
マイコン	2	moving icon	no	jmdict		0.0	59.3	3.4
ソリッド	0	solid	no	jmdict		25.4	33.6	8.0
ストラテジー	0	strategy	no	jmdict		31.6	27.4	6.3
ムーブ	0	move;movement	no	jmdict		28.9	30.1	13.2
ムーブ	1	movement;transfer;migration	yes	jmdict		28.9	30.1	13.2
アシスタント	0	assistant	no	jmdict		3.0	55.8	57.4
リサイズ	0	resizing	no	jmdict		51.7	6.8	0.2
ケンブリッジ	0	cambridge	no	jmdict		0.0	58.5	43.8
グッド	0	good	no	jmdict		16.7	41.6	48.3
コラボレーション	0	collaboration	no	jmdict		7.8	50.5	35.9
プロブレム	0	problem	no	jmdict		8.2	50.0	7.7
ショート	0	short	no	jmdict		18.3	39.9	47.5
ショート	1	shortstop	no	jmdict		18.3	39.9	47.5
ショート	2	short hair	no	jmdict		18.3	39.9	47.5
ショート	3	short selling	no	jmdict		18.3	39.9	47.5
アート	0	art	no	jmdict		9.4	48.7	83.1
アート	1	assisted reproductive technologies;art	no	jmdict		9.4	48.7	83.1
オールド	0	old	no	jmdict		11.2	46.8	36.1
エレクトロニクス	0	electronics	no	jmdict		0.2	57.8	9.0
プローブ	0	probe;inquiry;investigation;close examination	no	jmdict		49.0	9.0	4.0
プローブ	1	probe	no	jmdict		49.0	9.0	4.0
プローブ	2	probe;sound	no	jmdict		49.0	9.0	4.0
プローブ	3	probe;probing molecule	no	jmdict		49.0	9.0	4.0
コールド	0	cold	no	jmdict		20.1	37.5	21.5
コールド	1	cold cream	no	jmdict		20.1	37.5	21.5
コールド	2	cold wave;cold permanent wave	no	jmdict		20.1	37.5	21.5
ビデオカード	0	video card;graphics card	yes	jmdict		0.5	57.1	1.0
ビデオカード	1	video capture card	yes	jmdict		0.5	57.1	1.0
データセンター	0	data center;data centre	yes	jmdict		12.6	44.9	2.6
テクニカ	0		no	none		0.0	57.5	2.2
ホット	0	hot	no	jmdict		10.1	47.3	57.8
ホット	1	coffee	no	jmdict		10.1	47.3	57.8
ゲッター	0	getter	no	jmdict		56.8	0.3	3.2
アーリー	0	early	no	jmdict		6.6	50.4	27.5
スパン	0	span	no	jmdict		42.4	14.7	4.8
スパン	1	spun	no	jmdict		42.4	14.7	4.8
ビトウィーン	0		no	none		10.8	46.2	16.6
ハイフン	0	hyphen	no	jmdict		41.7	15.3	1.9
リーディング	0	reading	no	jmdict		22.2	34.6	19.9
リーディング	1	leading	no	jmdict		22.2	34.6	19.9
クリエーター	0	creator;inventor	no	jmdict		3.0	53.7	22.3
クリエーター	1	creative;content creator;developer	no	jmdict		3.0	53.7	22.3
アセンブラ	0	assembler	yes	jmdict		3.9	52.7	0.9
デフィニション	0	definition	no	jmdict		7.1	49.3	4.2
サブディレクトリー	0	subdirectory	yes	jmdict		46.5	9.9	0.1
ハンドリング	0	handball	no	jmdict		37.6	18.8	2.7
ハンドリング	1	handling	no	jmdict		37.6	18.8	2.7
ハンドリング	2	handling;managing;dealing with;taking care of	no	jmdict		37.6	18.8	2.7
ヘルス	0	health	no	jmdict		28.9	27.4	27.5
インター	0	interchange	no	jmdict		12.4	43.9	31.2
インター	1	international	no	jmdict		12.4	43.9	31.2
インター	2	interview	no	jmdict		12.4	43.9	31.2
インター	3	international school	no	jmdict		12.4	43.9	31.2
スループット	0	throughput	no	jmdict		8.2	48.0	1.0
ラージ	0	large	no	jmdict		7.1	49.1	10.0
ウイークリー	0	weekly	no	jmdict		21.5	34.6	19.6
ブレークポイント	0	breakpoint	yes	jmdict		47.4	8.7	0.2
キャプション	0	caption;headline;legend;cutline	no	jmdict		47.9	7.9	1.4
キャプション	1	subtitles	no	jmdict		47.9	7.9	1.4
ヨーロッパ	0	europe	no	jmdict	por	3.4	52.3	170.6
フッター	0	footer	no	jmdict		50.4	5.2	0.4
メーリングリスト	0	mailing list	no	jmdict		13.3	42.2	0.9
ロシア	0	russia	no	jmdict	rus	5.3	50.2	246.9
ノベル	0	novel	no	jmdict		0.0	55.4	35.4
ノベル	1	novell	no	jmdict		0.0	55.4	35.4
フラット	0	flat;level;even	no	jmdict		15.3	40.0	11.8
フラット	1	flat;exactly	no	jmdict		15.3	40.0	11.8
フラット	2	flat	no	jmdict		15.3	40.0	11.8
フラット	3	flat;apartment	no	jmdict		15.3	40.0	11.8
ホイール	0	wheel	no	jmdict		24.5	30.7	21.6
マルチタスク	0	multitasking	yes	jmdict		1.1	54.1	0.9
マルチタスク	1	multitasking;simultaneous;concurrent	no	jmdict		1.1	54.1	0.9
シェアリング	0	sharing	no	jmdict		7.1	48.0	2.9
スモール	0	small	no	jmdict		3.0	52.0	19.4
アウトルック	0	outlook	no	jmdict		0.5	54.5	2.6
メールサーバー	0	mail server	yes	jmdict		26.3	28.5	0.5
ラズベリー	0	raspberry	no	jmdict		0.9	53.9	3.7
ヘッドセット	0	headset	no	jmdict		21.3	33.3	1.5
アーチ	0	arch	no	jmdict		4.8	49.8	16.9
アーチ	1	home run	no	jmdict		4.8	49.8	16.9
モトローラ	0	motorola	no	jmdict		0.0	54.6	1.7
キンドル	0	kindle	no	jmdict		0.9	53.6	8.2
キンドル	1	kinder	no	jmdict		0.9	53.6	8.2
モーダル	0	modal	no	jmdict		47.2	7.3	0.7
コンバーター	0	converter	no	jmdict		11.2	43.0	3.1
リミット	0	limit	no	jmdict		38.2	15.9	8.1
アニメ	0	animation;animated film;animated cartoon;anime	no	jmdict		2.3	51.8	517.8
ニード	0	need	no	jmdict		15.3	38.7	10.2
ラング	0	language	no	jmdict	fre	11.4	42.5	14.0
ラング	1	lung	no	jmdict	fre	11.4	42.5	14.0
ピア	0	peer	yes	jmdict		25.4	28.5	3.0
フュージョン	0	fusion	no	jmdict		2.1	51.8	9.7
トラブルシューティング	0	trouble-shooting	no	jmdict		45.3	8.4	0.2
リファクタリング	0	refactoring	yes	jmdict		33.2	20.5	0.3
ミク	0		no	none		0.0	53.6	16.7
スコット	0		no	none		1.8	51.7	48.5
エクスプレッション	0	expression	no	jmdict		14.9	38.5	5.4
マルチスレッド	0	multithreading	yes	jmdict		11.2	42.1	0.6
スミス	0		no	none		5.3	47.9	71.5
ディクショナリー	0	dictionary	no	jmdict		8.5	44.6	31.0
ウォール	0	wall	no	jmdict		1.4	51.7	25.5
メード	0	maid	no	jmdict		3.7	49.4	42.1
ツールチップ	0	tooltip	yes	jmdict		46.0	7.0	0.1
ハードディスクドライブ	0	hard disk drive;hdd	yes	jmdict		0.7	52.3	1.0
エフェメラル	0	ephemeral	no	jmdict		49.0	3.8	0.4
マルチキャスト	0	multicast	no	jmdict		3.7	49.0	0.8
グレー	0	grey;gray	no	jmdict		10.5	42.1	47.8
セーブ	0	saving;cutting down on;going easy on;checking;curbing;restraining	no	jmdict		13.3	39.2	33.9
セーブ	1	save	no	jmdict		13.3	39.2	33.9
ディレクション	0	direction	no	jmdict		44.0	8.5	10.7
アメリカン	0	american	no	jmdict		0.5	52.0	121.9
アメリカン	1	american-style drip coffee	no	jmdict		0.5	52.0	121.9
スライド	0	slide;transparency	no	jmdict		19.9	32.3	11.3
スライド	1	slide	no	jmdict		19.9	32.3	11.3
スライド	2	to slide;to slip	no	jmdict		19.9	32.3	11.3
スライド	3	to shift;to move	no	jmdict		19.9	32.3	11.3
スライド	4	to change;to index;to peg	no	jmdict		19.9	32.3	11.3
デル	0		no	none		18.3	33.9	59.2
バッジ	0	badge	no	jmdict		42.4	9.9	9.0
ダッシュボード	0	dashboard;dash	no	jmdict		39.8	12.3	1.7
ランク	0	rank;standing	no	jmdict		21.5	30.5	33.8
デスク	0	desk	no	jmdict		15.3	36.5	14.3
デスク	1	copy editor	no	jmdict		15.3	36.5	14.3
マイク	0	mike;mic;microphone	no	jmdict		21.3	30.4	44.8
グラディエント	0	gradient	no	jmdict		45.3	6.4	0.6
ワークスペース	0	workspace	no	jmdict		38.9	12.8	0.4
ズーム	0	zoom	no	jmdict		35.7	16.0	4.5
トゥデー	0	today	no	jmdict		0.7	50.9	69.5
ユーザビリティー	0	usability	no	jmdict		13.1	38.5	0.8
ミス	0	mistake;error;blunder	no	jmdict		22.2	29.3	68.0
ミス	1	management information system;mis	no	jmdict		22.2	29.3	68.0
ミス	2	minimally invasive surgery	no	jmdict		22.2	29.3	68.0
ミス	3	military intelligence service	no	jmdict		22.2	29.3	68.0
ミス	4	miss	no	jmdict		22.2	29.3	68.0
ミス	5	unmarried woman	no	jmdict		22.2	29.3	68.0
ミス	6	myth	no	jmdict		22.2	29.3	68.0
テストケース	0	test case	no	jmdict		28.9	22.7	0.5
サマリー	0	summary	no	jmdict		20.8	30.6	9.0
ディレクター	0	director	no	jmdict		6.4	45.0	88.8
ジェネリクス	0	generics	yes	jmdict		41.2	10.1	0.1
ネゴシエーション	0	negotiation	no	jmdict		36.2	15.0	0.5
コモドール	0	commodore	yes	jmdict		0.2	50.8	1.2
レッスン	0	lesson	no	jmdict		46.0	5.0	19.9
ビーン	0	bean	no	jmdict		7.1	43.9	14.4
シミュレート	0	simulation	no	jmdict		23.8	27.1	1.4
アンインストール	0	uninstallation	yes	jmdict		33.2	17.7	0.4
ナンバーズ	0		no	none		12.6	38.2	20.8
バナー	0	banner	no	jmdict		37.3	13.5	2.4
スティーブン	0		no	none		0.2	50.4	36.5
コンディション	0	condition	no	jmdict		35.9	14.6	5.8
オプショナル	0	optional	no	jmdict		38.9	11.6	0.4
マルチコア	0	multicore	yes	jmdict		6.4	44.0	0.7
ソーシャルメディア	0	social media	no	jmdict		30.9	19.5	3.9
サンプリング	0	sampling;taking a sample	no	jmdict		10.3	39.9	7.8
サンプリング	1	sampling	no	jmdict		10.3	39.9	7.8
サンプリング	2	distributing free samples	no	jmdict		10.3	39.9	7.8
コンポーザー	0	composer	no	jmdict		26.3	23.8	4.7
パラダイム	0	paradigm	no	jmdict		8.0	42.1	4.5
ブール	0	boule	no	jmdict		28.2	22.0	3.9
ブール	1	boules	no	jmdict		28.2	22.0	3.9
ブール	2	boer	no	jmdict		28.2	22.0	3.9
クオリティー	0	quality	no	jmdict		6.9	43.2	9.4
パーティー	0	party	no	jmdict		19.9	30.1	96.0
アタッチ	0	attach	yes	jmdict		46.9	2.8	0.1
ブラウジング	0	browsing	no	jmdict		31.1	18.6	0.8
ビフォー	0	before	no	jmdict		27.2	22.5	14.3
バブリング	0		no	none		49.7	0.0	0.1
ハブ	0	habu;yellow-spotted pit viper	no	jmdict		2.3	47.4	6.4
ハブ	1	hub	no	jmdict		2.3	47.4	6.4
ハブ	2	being left out;being excluded;being ostracized	no	jmdict		2.3	47.4	6.4
スマホ	0	smartphone;smart phone	no	jmdict		2.1	47.6	16.9
インスペクト	0		no	none		47.4	2.2	0.1
ブロードキャスト	0	broadcast	no	jmdict		16.3	33.3	1.5
ユニファイド	0		no	none		3.0	46.6	1.9
ミニコンピューター	0	mini-computer	yes	jmdict		0.2	49.2	0.8
プロフィール	0	profile	no	jmdict	fre	30.5	19.0	122.3
サスペンス	0	suspense	no	jmdict		49.0	0.4	23.3
マネージド	0		no	none		20.8	28.5	0.9
プレ	0		no	none		17.4	31.9	22.1
プラクティス	0	practice	no	jmdict		15.3	33.9	10.4
スリープ	0	sleep	no	jmdict		23.4	25.8	8.0
リトル	0	little	no	jmdict		12.8	36.3	62.4
メールボックス	0	mailbox;letter box	no	jmdict		33.7	15.5	0.4
メールボックス	1	mailbox;inbox	yes	jmdict		33.7	15.5	0.4
マイナビニュース	0	mynavi corporation news	no	parts:マイナビ+ニュース		0.0	49.1	19.0
ワーム	0	worm	no	jmdict		9.8	39.2	4.3
ワーム	1	worm;soft plastic lure	no	jmdict		9.8	39.2	4.3
フォワード	0	forward;attacker	no	jmdict		22.2	26.8	18.9
フォワード	1	forwarding	yes	jmdict		22.2	26.8	18.9
フォワード	2	forward	no	jmdict		22.2	26.8	18.9
パロアルト	0		no	none		17.4	31.6	1.3
リムーブ	0	removing	no	jmdict		32.1	16.8	0.8
リムーブ	1	unfollowing	no	jmdict		32.1	16.8	0.8
バイオ	0	biotechnology	no	jmdict		6.0	42.7	27.1
バイオ	1	vaio	no	jmdict		6.0	42.7	27.1
フィル	0	philharmonic	no	jmdict		33.9	14.8	17.1
フィル	1	fill	no	jmdict		33.9	14.8	17.1
サブネット	0	subnet	no	jmdict		28.4	20.2	0.3
リック	0	lick	no	jmdict		0.9	47.6	22.5
ストリート	0	street	no	jmdict		1.1	47.3	88.8
ゴールド	0	gold	no	jmdict		2.7	45.6	73.0
インサイド	0	inside	no	jmdict		8.5	39.8	17.6
ベジェ	0	bezier	yes	jmdict		24.0	24.1	0.4
ブロッキング	0	blocking	no	jmdict		32.5	15.7	1.3
メッセージング	0	messaging	yes	jmdict		20.8	27.3	0.6
ロンドン	0	london	no	jmdict		0.7	47.4	202.0
トリガ	0	trigger	no	jmdict		37.1	11.0	0.3
レイモンド	0		no	none		11.2	36.8	11.7
リバース	0	reverse;moving in reverse	no	jmdict		22.7	25.3	14.6
リバース	1	rewinding	no	jmdict		22.7	25.3	14.6
リバース	2	vomit	no	jmdict		22.7	25.3	14.6
リバース	3	rebirth	no	jmdict		22.7	25.3	14.6
ファクター	0	factor	no	jmdict		7.8	40.2	11.6
ストラクチャー	0	structure	no	jmdict		8.0	39.9	13.9
ステレオ	0	stereo	no	jmdict		9.4	38.5	15.0
ステレオ	1	stereo;stereophonic;stereoscopic	no	jmdict		9.4	38.5	15.0
ジェスチャー	0	gesture	no	jmdict		32.5	15.4	3.1
ジェスチャー	1	charades	no	jmdict		32.5	15.4	3.1
ロールバック	0	rollback	no	jmdict		36.6	11.2	0.3
メーンメモリー	0	main memory	no	jmdict		0.0	47.8	0.8
リモートアクセス	0	remote access	yes	jmdict		39.4	8.4	0.2
プロジェクトマネージメント	0	project management	no	jmdict		23.4	24.3	1.3
コーディネーション	0	coordination	no	jmdict		39.6	8.1	1.7
サブタイプ	0	subtype	yes	jmdict		38.9	8.6	1.0
チェンジズ	0		no	none		11.2	36.1	6.5
ブロードバンド	0	broadband	no	jmdict		6.4	40.9	3.7
アトリビュート	0	attribute	no	jmdict		24.3	23.0	1.0
チューナー	0	tuner	no	jmdict		0.0	47.3	7.8
フリーウェア	0	freeware	yes	jmdict		0.0	47.3	1.1
アクセラレーション	0	acceleration	yes	jmdict		8.5	38.8	1.1
ヒドゥン	0		no	none		32.5	14.7	4.0
コンカレント	0	concurrent	no	jmdict		11.9	35.2	0.7
ソフトバンク	0	softbank	no	jmdict		0.2	46.8	32.8
クローズド	0	closed	no	jmdict		11.0	36.0	5.0
サイファー	0		no	none		8.7	38.1	2.9
フィックス	0	fixing;securing in place	no	jmdict		17.9	28.8	3.3
フィックス	1	getting agreement	no	jmdict		17.9	28.8	3.3
フィックス	2	repairing;fixing	no	jmdict		17.9	28.8	3.3
フィックス	3	fixed window	no	jmdict		17.9	28.8	3.3
デルタ	0	delta	no	jmdict		3.7	43.0	20.1
コンポジション	0	composition	no	jmdict		33.4	13.2	3.5
プット	0	put	no	jmdict		27.0	19.6	4.7
ラック	0	rack	no	jmdict		8.2	38.3	14.5
ラック	1	ruck	no	jmdict		8.2	38.3	14.5
ラック	2	lac	no	jmdict		8.2	38.3	14.5
ラック	3	luck	no	jmdict		8.2	38.3	14.5
ポケット	0	pocket	no	jmdict		0.5	46.1	52.4
インスペクター	0	inspector	no	jmdict		39.6	6.9	1.9
フォン	0	phon	no	jmdict		10.8	35.7	105.0
フォン	1	phone;telephone	no	jmdict		10.8	35.7	105.0
フォン	2	fond;stock	no	jmdict		10.8	35.7	105.0
オーガニゼーション	0	organization;organisation	no	jmdict		13.1	33.4	8.8
ポピュラー	0	popular;well-liked	no	jmdict		4.4	42.1	11.9
ポピュラー	1	common;frequent;popular	no	jmdict		4.4	42.1	11.9
ポピュラー	2	popular music;pop music	no	jmdict		4.4	42.1	11.9
ハイエンド	0	high-end;high end;high level	no	jmdict		0.9	45.5	1.5
セレクション	0	selection	no	jmdict		31.1	15.3	30.2
ノース	0	north	no	jmdict		1.6	44.8	51.2
クエスチョン	0	question	no	jmdict		1.1	45.2	9.5
アジア	0	asia	no	jmdict		11.7	34.5	258.0
チャイナ	0	china	no	jmdict		0.7	45.5	49.8
チャイナ	1	china;porcelain	no	jmdict		0.7	45.5	49.8
アトミック	0	atomic	no	jmdict		12.4	33.5	6.5
フェロー	0	fellow	no	jmdict		0.5	45.4	14.9
ウィズアウト	0	with out	no	parts:ウィズ+アウト		12.8	33.0	11.2
コルーチン	0	coroutine	yes	jmdict		38.2	7.6	0.1
ウエート	0	weight;body weight	no	jmdict		15.3	30.3	8.5
ウエート	1	importance;weight;emphasis;priority	no	jmdict		15.3	30.3	8.5
パルス	0	pulse	no	jmdict		7.8	37.8	10.4
ムービー	0	movie;film	no	jmdict		2.3	43.3	137.8
ムービー	1	video;video clip	no	jmdict		2.3	43.3	137.8
データグラム	0	datagram	yes	jmdict		12.1	33.4	0.4
オーストラリア	0	australia	no	jmdict		2.5	43.0	115.7
ボランティア	0	volunteer	no	jmdict		8.7	36.8	18.8
システムズ	0	systems	no	jmdict		0.9	44.6	7.6
プログレス	0	progress	no	jmdict		30.2	15.3	9.8
エクスプロイト	0		no	none		15.8	29.6	0.6
イールド	0	yield	no	jmdict		35.0	10.4	0.7
オーバーロード	0	overload	no	jmdict		27.0	18.2	2.8
オクテット	0	octet	no	jmdict		6.4	38.7	0.9
サフィックス	0	suffix	no	jmdict		28.6	16.5	0.4
プロジェクトマネージャー	0	project manager	no	jmdict		33.2	11.9	1.0
オーサリング	0		no	none		9.4	35.6	0.7
コンピュテーション	0	computation	no	jmdict		0.5	44.5	1.5
アウトライン	0	outline	no	jmdict		22.0	23.0	2.3
シャットダウン	0	shutdown	no	jmdict		25.6	19.3	0.7
ミーティング	0	meeting	no	jmdict		13.7	31.1	17.5
ウーア	0		no	none		28.2	16.7	9.0
レプリケーション	0	replication	yes	jmdict		12.1	32.6	1.5
ピクチャー	0	picture	no	jmdict		16.3	28.4	13.1
ガバナンス	0	governance	no	jmdict		19.2	25.4	4.7
インジケーター	0	indicator	no	jmdict		33.2	11.5	1.7
セールス	0	sales;selling	no	jmdict		7.1	37.5	26.2
セールス	1	salesman	no	jmdict		7.1	37.5	26.2
サーベイ	0	survey	no	jmdict		3.0	41.4	15.4
バウンダリー	0	boundary	no	jmdict		41.0	3.4	2.2
ジオメトリー	0	geometry	no	jmdict		13.3	31.0	4.2
クワッド	0		no	none		1.6	42.7	8.2
トーバルズ	0		no	none		0.0	44.3	0.7
テイント	0	tainted	yes	jmdict		44.0	0.2	0.1
ウイーク	0	week	no	jmdict		6.6	37.4	30.6
ウイーク	1	weak	no	jmdict		6.6	37.4	30.6
ノーティフィケーション	0		no	none		34.3	9.7	1.5
サイエンティフィック	0	scientific	no	jmdict		0.9	43.0	11.4
ランニング	0	running	no	jmdict		18.8	25.1	13.2
ランニング	1	tank top;vest;singlet	no	jmdict		18.8	25.1	13.2
スプレッド	0	spread	no	jmdict		43.5	0.4	1.0
カセット	0	cassette	no	jmdict		0.0	43.9	9.8
カセット	1	game cartridge	no	jmdict		0.0	43.9	9.8
レポーティング	0		no	none		31.8	12.1	1.5
パラレル	0	parallel	no	jmdict		0.2	43.6	4.4
パラレル	1	parallel skiing	no	jmdict		0.2	43.6	4.4
カスタマー	0	customer	no	jmdict		7.1	36.7	4.4
コードスニペット	0	code snippet	no	parts:コード+スニペット		42.1	1.6	0.0
アゲンスト	0	head wind;adverse wind	no	jmdict		13.3	30.4	16.8
アゲンスト	1	opposition;objection;dissension	no	jmdict		13.3	30.4	16.8
エントロピー	0	entropy	no	jmdict		15.1	28.5	3.0
サークル	0	group with a common interest;club;circle	no	jmdict		16.3	27.3	40.7
サークル	1	circle	no	jmdict		16.3	27.3	40.7
ノウ	0	know;knowing;understanding	no	jmdict		5.0	38.5	17.7
ノウ	1	no	no	jmdict		5.0	38.5	17.7
ノウ	2	no;without;not needed;not allowed	no	jmdict		5.0	38.5	17.7
アクター	0	actor	no	jmdict		17.2	26.3	17.8
ルックアップ	0	look up	yes	jmdict		24.7	18.8	1.6
ベター	0	better;preferable	no	jmdict		4.1	39.3	9.2
ウェランド	0		no	none		0.9	42.4	0.8
プログレッシブ	0	progressive	no	jmdict		24.0	19.3	8.1
プログレッシブ	1	progressive scan;non-interlaced scan	no	jmdict		24.0	19.3	8.1
チャイルド	0	child	no	jmdict		14.7	28.6	23.0
ゴール	0	goal;basket	no	jmdict		5.3	38.0	95.0
ゴール	1	finish line;finishing line;winning post	no	jmdict		5.3	38.0	95.0
ゴール	2	reaching the finish line;finishing	no	jmdict		5.3	38.0	95.0
ゴール	3	goal;objective	no	jmdict		5.3	38.0	95.0
ゴール	4	gaul	no	jmdict		5.3	38.0	95.0
フェア	0	fair	no	jmdict		6.6	36.6	41.7
フェア	1	fair ball	no	jmdict		6.6	36.6	41.7
イニシャル	0	initials;first letter	no	jmdict		14.9	28.3	6.2
イニシャル	1	initial;first	no	jmdict		14.9	28.3	6.2
コンパイルエラー	0	compilation error;compile error;compiler error	yes	jmdict		33.7	9.4	0.1
セマンティクス	0	semantics	no	jmdict		33.7	9.4	0.1
トレードオフ	0	trade-off	no	jmdict		24.5	18.5	0.8
スタンフォード	0	stanford	no	jmdict		0.2	42.6	9.2
センド	0	send	no	jmdict		24.3	18.6	2.4
スカラー	0	scalar	no	jmdict		8.7	34.0	5.1
スカラー	1	scholar	no	jmdict		8.7	34.0	5.1
スタートアップ	0	startup;booting;launching	yes	jmdict		10.1	32.6	4.6
スタートアップ	1	startup	no	jmdict		10.1	32.6	4.6
ハイパーリンク	0	hyperlink	yes	jmdict		28.6	14.1	0.4
テキサス	0	texas	no	jmdict		0.5	42.2	34.2
デビッド	0		no	none		0.5	42.2	67.9
イラスト	0	illustration;picture;sketch;drawing;figure	no	jmdict		3.4	39.2	82.7
パンチカード	0	punch card	yes	jmdict		0.0	42.6	0.7
スライダー	0	slider	no	jmdict		35.7	6.9	8.2
スライダー	1	slide	no	jmdict		35.7	6.9	8.2
サイン	0	autograph;signature	no	jmdict		18.5	24.0	45.8
サイン	1	sign;signal;indication	no	jmdict		18.5	24.0	45.8
サイン	2	sine	no	jmdict		18.5	24.0	45.8
アーチスト	0	artist;musician	no	jmdict		3.0	39.6	113.6
ノーン	0		no	none		22.9	19.7	5.6
コンプリート	0	complete	no	jmdict		11.7	30.8	39.6
コンプリート	1	completion	no	jmdict		11.7	30.8	39.6
フェイス	0	face	no	jmdict		36.4	6.1	15.2
フェイス	1	faith;belief	no	jmdict		36.4	6.1	15.2
ゼイ	0		no	none		8.2	34.2	15.6
アラインメント	0	alignment	no	jmdict		15.6	26.8	1.5
ボトム	0	bottom	no	jmdict		35.0	7.3	5.0
ボトム	1	lower garment	no	jmdict		35.0	7.3	5.0
ボトム	2	hem	no	jmdict		35.0	7.3	5.0
トラスト	0	trust	no	jmdict		17.9	24.4	16.9
ランドマーク	0	landmark	no	jmdict		40.3	2.0	5.0
コーナー	0	corner;bend;turn	no	jmdict		26.1	16.2	184.6
コーナー	1	segment;session;column	no	jmdict		26.1	16.2	184.6
コーナー	2	area;department;section	no	jmdict		26.1	16.2	184.6
ワシントン	0	washington	no	jmdict		0.5	41.8	73.5
ヤフー	0		no	none		2.7	39.5	17.0
ファブリック	0	fabric	no	jmdict		27.9	14.3	1.8
チェッカー	0	checkers;draughts	no	jmdict		27.0	15.2	2.8
チェッカー	1	check	no	jmdict		27.0	15.2	2.8
チェッカー	2	checker	no	jmdict		27.0	15.2	2.8
ワイン	0	wine	no	jmdict		0.2	41.8	41.8
スケーラビリティ	0	scalability	yes	jmdict		8.9	33.0	0.5
リピート	0	repeat;repeating;repetition	no	jmdict		25.2	16.7	5.7
リピート	1	repeat;rerun;repeat performance	no	jmdict		25.2	16.7	5.7
リピート	2	repeat sign	no	jmdict		25.2	16.7	5.7
リピート	3	repeat consumption;consumer loyalty	no	jmdict		25.2	16.7	5.7
メーキング	0	making-of;behind-the-scenes	no	jmdict		3.7	38.1	29.5
メーキング	1	making;creating	no	jmdict		3.7	38.1	29.5
ユニホーム	0	uniform	no	jmdict		19.7	22.1	18.7
オンデマンド	0	on-demand	no	jmdict		27.7	14.0	9.3
アナザー	0	another	no	jmdict		5.7	35.9	26.5
パイオニア	0	pioneer	no	jmdict		0.2	41.4	16.4
ガイダンス	0	guidance	no	jmdict		26.8	14.7	3.7
トータル	0	total;totalling;adding up	no	jmdict		7.3	34.1	23.5
トータル	1	comprehensive;all-inclusive;all-encompassing;overall;general	no	jmdict		7.3	34.1	23.5
ステーション	0	station	no	jmdict		0.9	40.4	77.1
タッチパネル	0	touch panel	no	jmdict		3.2	38.1	3.3
ジョブズ	0		no	none		0.0	41.3	2.7
オリエンテッド	0	oriented	no	jmdict		0.9	40.3	1.2
ダイ	0		no	none		0.0	41.2	58.1
サイドカー	0	sidecar	no	jmdict		39.6	1.6	1.6
アカデミー	0	academy	no	jmdict		5.5	35.6	103.3
アカデミー	1	academia	no	jmdict		5.5	35.6	103.3
リプレース	0	replacement;replacing	no	jmdict		25.9	15.2	2.2
グレード	0	grade	no	jmdict		10.5	30.4	27.1
チェックサム	0	checksum	yes	jmdict		8.7	32.2	0.4
ナム	0		no	none		15.6	25.3	4.2
クラブ	0	nightclub	no	jmdict		0.5	40.4	422.2
クラブ	1	sports club;team	no	jmdict		0.5	40.4	422.2
クラブ	2	club	no	jmdict		0.5	40.4	422.2
クラブ	3	clubs	no	jmdict		0.5	40.4	422.2
クラブ	4	club;fraternity;sorority;clubhouse	no	jmdict		0.5	40.4	422.2
クラブ	5	crab	no	jmdict		0.5	40.4	422.2
デュオ	0	duo	no	jmdict	ita	1.8	39.0	17.1
ラスター	0	raster	no	jmdict		11.0	29.8	1.8
ラスター	1	luster;lustre	no	jmdict		11.0	29.8	1.8
クレイ	0	clay	no	jmdict		0.0	40.8	8.6
クレイ	1	clay pigeon shooting;clay target	no	jmdict		0.0	40.8	8.6
スティーブ	0		no	none		0.0	40.8	28.1
タップ	0	tap;faucet	no	jmdict		26.3	14.4	5.5
タップ	1	tap	no	jmdict		26.3	14.4	5.5
タップ	2	tap dance	no	jmdict		26.3	14.4	5.5
スターター	0	starter	no	jmdict		22.9	17.8	5.2
スチーム	0	steam	no	jmdict		0.2	40.4	14.6
エキスパート	0	expert	no	jmdict		4.6	36.0	9.9
サンフランシスコ	0	san francisco	no	jmdict		1.4	39.2	34.1
ストラテジスト	0	strategist	no	jmdict		37.1	3.5	0.3
シンセサイザー	0	synthesizer;synthesiser	no	jmdict		0.9	39.5	16.2
トラッカー	0	tracker	no	jmdict		12.8	27.5	1.3
レシピ	0	recipe	no	jmdict		30.7	9.7	20.2
レシピ	1	prescription	no	jmdict		30.7	9.7	20.2
レシピ	2	how-to guide	no	jmdict		30.7	9.7	20.2
インド	0	india	no	jmdict		5.7	34.6	137.4
フィジカル	0	physical	no	jmdict		4.8	35.5	14.3
サブツリー	0	sub tree	no	parts:サブ+ツリー		39.8	0.4	0.0
オウン	0		no	none		7.8	32.4	9.0
コンプレッション	0	compression	yes	jmdict		7.6	32.6	0.9
ウィリアムズ	0		no	none		0.2	39.9	48.2
エンターテインメント	0	entertainment	no	jmdict		1.1	38.9	171.2
ギャラリー	0	gallery;corridor	no	jmdict		9.6	30.4	49.0
ギャラリー	1	art gallery	no	jmdict		9.6	30.4	49.0
ギャラリー	2	upper gallery	no	jmdict		9.6	30.4	49.0
ギャラリー	3	spectators	no	jmdict		9.6	30.4	49.0
エンハンスド	0	enhanced	no	jmdict		3.7	36.3	2.4
ピーク	0	peak	no	jmdict		9.8	30.1	22.5
ピーク	1	peek	no	jmdict		9.8	30.1	22.5
パテント	0	patent	no	jmdict		0.2	39.7	4.4
マルチプロセッサー	0	multiprocessor	yes	jmdict		0.9	39.0	0.5
オブジェクティブ	0		no	none		2.3	37.5	1.0
パニック	0	panic	no	jmdict		28.6	11.2	21.1
カインド	0	kind;sort;type	no	jmdict		27.0	12.8	5.0
カインド	1	kind	no	jmdict		27.0	12.8	5.0
アナウンスメント	0	announcement	no	jmdict		1.1	38.6	3.4
リミテッド	0	limited	no	jmdict		7.3	32.4	25.7
オーサー	0	author	no	jmdict		6.2	33.5	18.3
アクイジション	0	acquisition	no	jmdict		2.1	37.6	2.9
ウォレット	0	wallet	no	jmdict		0.5	39.2	1.7
ウォレット	1	digital wallet;e-wallet	no	jmdict		0.5	39.2	1.7
ウォレット	2	cryptocurrency wallet	no	jmdict		0.5	39.2	1.7
ボラティリティー	0	volatility	no	jmdict		38.5	1.2	0.5
ペースト	0	paste	no	jmdict		19.0	20.7	2.4
ソースネクスト	0	sauce next	no	parts:ソース+ネクスト		0.0	39.6	0.9
メートル	0	metre;meter	no	jmdict	fre	26.3	13.3	140.2
メートル	1	meter;gauge	no	jmdict	fre	26.3	13.3	140.2
イニシャライザー	0		no	none		36.4	3.1	0.1
クレジットカード	0	credit card	no	jmdict		12.1	27.3	9.2
アーム	0	arm	no	jmdict		30.7	8.8	15.6
アーム	1	automated retroactive minimal moderation;armm	no	jmdict		30.7	8.8	15.6
アングル	0	angle	no	jmdict		28.2	11.3	9.1
リビジョン	0	revision	no	jmdict		18.1	21.3	0.4
パリティー	0	parity	yes	jmdict		0.9	38.4	1.5
タートル	0	turtle	no	jmdict		30.2	9.1	3.5
タートル	1	turtleneck sweater	no	jmdict		30.2	9.1	3.5
インポータント	0	important	no	jmdict		26.3	13.0	2.8
セパレーター	0	separator;sorter;extractor	no	jmdict		32.5	6.8	0.5
セパレーター	1	delimiter;separator	no	jmdict		32.5	6.8	0.5
セパレーター	2	separator	no	jmdict		32.5	6.8	0.5
セパレーター	3	release paper;release liner	no	jmdict		32.5	6.8	0.5
スケジューラ	0	scheduler	no	jmdict		15.3	23.9	0.4
メタル	0	metal	no	jmdict		1.6	37.6	41.5
ヒューリスティック	0	heuristic	no	jmdict		10.1	29.1	0.8
ローリング	0	rolling	no	jmdict		18.5	20.7	24.7
ローリング	1	illegal street racing	no	jmdict		18.5	20.7	24.7
リッスン	0	listen	yes	jmdict		38.5	0.7	0.7
エボリューション	0	evolution	no	jmdict		0.7	38.4	23.9
ピリオド	0	period;full stop	no	jmdict		27.7	11.4	9.8
ピリオド	1	period;era	no	jmdict		27.7	11.4	9.8
ピリオド	2	period	no	jmdict		27.7	11.4	9.8
リゾルバー	0	resolver	yes	jmdict		22.0	17.1	0.4
サミット	0	summit	no	jmdict		8.7	30.3	19.1
シームレス	0	seamless	no	jmdict		20.1	18.9	1.5
シームレス	1	seamless stockings	no	jmdict		20.1	18.9	1.5
シマンテック	0		no	none		2.1	36.9	0.7
サブジェクト	0	subject	no	jmdict		17.4	21.6	2.5
ゲスト	0	guest	no	jmdict		14.9	24.0	193.3
タイプライター	0	typewriter	no	jmdict		1.6	37.3	2.7
バッチ	0	badge	no	jmdict		16.9	22.0	2.2
バッチ	1	batch	no	jmdict		16.9	22.0	2.2
ナビゲート	0	navigation	no	jmdict		34.8	4.1	1.6
ジェミニ	0	gemini	no	jmdict		4.4	34.5	4.4
ポインティングデバイス	0	pointing device	yes	jmdict		24.3	14.6	0.3
ピュア	0	pure	no	jmdict		15.8	23.0	16.3
ユーザーアカウント	0	user account	yes	jmdict		24.3	14.5	0.2
ウエスタン	0	western	no	jmdict		0.0	38.7	32.5
ウエスタン	1	country and western music	no	jmdict		0.0	38.7	32.5
シーク	0	seek	yes	jmdict		23.4	15.3	2.8
シーク	1	sikh	no	jmdict		23.4	15.3	2.8
ドナルド	0		no	none		1.1	37.4	23.3
クローラー	0	crawler;spider	no	jmdict		24.3	14.3	1.6
クローラー	1	continuous track;caterpillar track	no	jmdict		24.3	14.3	1.6
ディフェンス	0	defense;defence	no	jmdict		10.8	27.7	24.7
デファイン	0		no	none		8.2	30.2	1.0
フィルム	0	film	no	jmdict		3.4	35.0	137.5
アプリケーションサーバー	0	application server	yes	jmdict		14.2	24.2	0.3
アブストラクト	0	abstract	no	jmdict		6.4	31.9	7.9
アブストラクト	1	abstract art	no	jmdict		6.4	31.9	7.9
アブストラクト	2	abstract;summary;extract	no	jmdict		6.4	31.9	7.9
ビヘイビア	0	behaviour;behavior	no	jmdict		18.8	19.6	5.1
コンピューターウイルス	0	computer virus	yes	jmdict		6.2	32.0	1.1
モジュラー	0	modular	no	jmdict		4.4	33.8	3.1
コンテスト	0	contest	no	jmdict		0.2	37.9	43.4
ニュースルーム	0	newsroom	no	jmdict		0.2	37.8	4.8
バークレー	0		no	none		0.2	37.8	8.3
オペレーティング	0	operating	no	jmdict		2.1	35.9	2.0
ダイヤル	0	dial	no	jmdict		4.1	33.8	8.1
イッツ	0		no	none		0.7	37.2	22.9
グリフ	0	glyph	yes	jmdict		20.6	17.3	1.4
リアリティー	0	reality	no	jmdict		2.1	35.7	12.0
リデューサ	0		no	none		37.8	0.0	0.0
パナソニック	0	panasonic	no	jmdict		0.5	37.3	22.8
ディープラーニング	0	deep learning	yes	jmdict		2.5	35.2	0.9
デア	0		no	none		3.7	34.0	87.8
インフィニティ	0	infinity	no	jmdict		26.1	11.6	13.9
コンサルティング	0	consulting	no	jmdict		5.7	31.9	13.4
チェックポイント	0	important point;point to check;point not to miss	no	jmdict		31.8	5.8	3.1
チェックポイント	1	checkpoint	no	jmdict		31.8	5.8	3.1
ディレー	0	delay	no	jmdict		21.3	16.2	2.7
ファンダメンタル	0	fundamental	no	jmdict		17.4	20.1	3.4
ホバー	0	hover;hovering	no	jmdict		35.9	1.5	1.7
オートマチック	0	automatic	no	jmdict		7.8	29.6	4.0
オートマチック	1	automatic firearm	no	jmdict		7.8	29.6	4.0
オートマチック	2	automatic transmission	no	jmdict		7.8	29.6	4.0
トラブル	0	trouble;difficulty;problem;quarrel;conflict;dispute;fight	no	jmdict		6.6	30.7	41.8
トラブル	1	failure;breakdown;malfunction	no	jmdict		6.6	30.7	41.8
トラブル	2	condition;disorder;problem	no	jmdict		6.6	30.7	41.8
ネーチャー	0	nature	no	jmdict		1.1	36.1	41.1
アニュアル	0	annual	no	jmdict		0.2	37.0	17.1
トグル	0	toggle	no	jmdict		26.6	10.7	0.4
オランダ	0	netherlands;holland	no	jmdict	por	4.8	32.4	101.9
インパクト	0	impact;impression;effect;influence	no	jmdict		9.4	27.8	27.2
インパクト	1	impact	no	jmdict		9.4	27.8	27.2
フォロー	0	follow	no	jmdict		18.1	19.1	8.7
フォロー	1	following	no	jmdict		18.1	19.1	8.7
フォロー	2	follow-up;following up	no	jmdict		18.1	19.1	8.7
フォロー	3	backing-up;covering for;patching things up;support	no	jmdict		18.1	19.1	8.7
フォロー	4	follow-up shot	no	jmdict		18.1	19.1	8.7
フォロー	5	tailwind;following wind	no	jmdict		18.1	19.1	8.7
ガジェット	0	gadget	no	jmdict		10.3	26.8	5.9
スピン	0	spin;rotation	no	jmdict		13.1	24.0	18.8
スピン	1	spin	no	jmdict		13.1	24.0	18.8
スピン	2	ribbon bookmark	no	jmdict		13.1	24.0	18.8
エクセプション	0	exception	no	jmdict		21.5	15.6	0.6
ドラム	0	drum;drums;drum kit	no	jmdict		0.7	36.3	66.0
ドラム	1	dram;drachm	no	jmdict		0.7	36.3	66.0
ドラム	2	dram	no	jmdict		0.7	36.3	66.0
メニー	0		no	none		7.6	29.4	8.5
システムアーキテクト	0	system architect	no	parts:システム+アーキテクト		33.9	3.1	0.1
デッド	0	dead	no	jmdict		7.3	29.6	41.2
デッド	1	dead;with little reverberation	no	jmdict		7.3	29.6	41.2
バブル	0	bubble	no	jmdict		10.3	26.6	17.0
バブル	1	bubble economy	no	jmdict		10.3	26.6	17.0
マター	0	matter;affair;issue;situation	no	jmdict		35.7	1.2	2.1
マター	1	matter;material;substance	no	jmdict		35.7	1.2	2.1
インターバル	0	interval	no	jmdict		24.7	12.2	2.4
シティー	0	city	no	jmdict		2.1	34.8	204.4
メート	0	mate	no	jmdict		0.0	36.8	12.2
メート	1	navigation officer	no	jmdict		0.0	36.8	12.2
ラボラトリー	0	laboratory	no	jmdict		0.0	36.8	9.3
ハウス	0	house	no	jmdict		6.2	30.5	129.5
ハウス	1	greenhouse	no	jmdict		6.2	30.5	129.5
ハウス	2	house music	no	jmdict		6.2	30.5	129.5
チャート	0	chart	no	jmdict		9.8	26.8	105.2
チャート	1	chert	no	jmdict		9.8	26.8	105.2
メーラー	0	email software;mailer	yes	jmdict		30.7	6.0	0.6
リレーション	0	relation	no	jmdict		23.6	13.1	3.1
ラリー	0	rally	no	jmdict		1.4	35.2	38.6
マスト	0	mast	no	jmdict		12.8	23.7	13.2
マスト	1	necessary;indispensable;must-have;required;mandatory	no	jmdict		12.8	23.7	13.2
マスト	2	must	no	jmdict		12.8	23.7	13.2
クレーム	0	claim;customer complaint seeking compensation	no	jmdict		25.9	10.7	9.6
クレーム	1	complaint;objection	no	jmdict		25.9	10.7	9.6
クレーム	2	creme	no	jmdict		25.9	10.7	9.6
アレン	0		no	none		0.5	35.9	27.2
デリバリー	0	delivery	no	jmdict		5.7	30.5	7.2
アイ	0	dyer's knotweed	no	jmdict		2.5	33.7	44.5
アイ	1	indigo	no	jmdict		2.5	33.7	44.5
アイ	2	eye	no	jmdict		2.5	33.7	44.5
ログファイル	0	logfile	yes	jmdict		26.6	9.7	0.2
クロステック	0	cross tech	no	parts:クロス+テック		0.5	35.7	2.7
アキュムレーター	0	accumulator	no	jmdict		1.4	34.7	0.7
シネマ	0	cinema	no	jmdict	fre	0.2	35.8	92.4
セイム	0		no	none		18.1	18.0	6.6
ガーディアン	0	guardian	no	jmdict		0.0	36.0	34.6
レンジ	0	range;stove;cooker	no	jmdict		5.7	30.2	6.1
レンジ	1	microwave oven	no	jmdict		5.7	30.2	6.1
カール	0	curl;ringlet	no	jmdict		0.7	35.2	81.3
カール	1	cirque;corrie;cwm	no	jmdict		0.7	35.2	81.3
リレーションシップ	0	relationship	no	jmdict		16.0	19.9	3.6
ヒル	0	hill	no	jmdict		0.2	35.6	34.6
ヒル	1	leech	no	jmdict		0.2	35.6	34.6
テクニクス	0	technics	no	jmdict		3.9	31.9	2.8
ディテクション	0	detection	no	jmdict		9.8	25.9	2.8
クラウドコンピューティング	0	cloud computing	yes	jmdict		6.6	29.1	0.7
レクチャー	0	lecture	no	jmdict		0.0	35.7	6.4
コピーライト	0	copyright	no	jmdict		3.0	32.7	4.8
レーン	0	lane	no	jmdict		3.0	32.7	21.1
レーン	1	rain	no	jmdict		3.0	32.7	21.1
トランス	0	transformer	no	jmdict		16.9	18.8	22.4
トランス	1	trance	no	jmdict		16.9	18.8	22.4
トランス	2	trance;trance music	no	jmdict		16.9	18.8	22.4
トランス	3	trans	no	jmdict		16.9	18.8	22.4
トランス	4	transgender	no	jmdict		16.9	18.8	22.4
オンボード	0	on-board	yes	jmdict		0.5	35.2	0.9
オンプレミス	0	on-premises	yes	jmdict		19.0	16.7	0.3
オンプレミス	1	single location manufacture and sales	no	jmdict		19.0	16.7	0.3
イタリック	0	italics;italic typeface	no	jmdict		26.6	9.1	3.9
コーション	0	caution	no	jmdict		35.0	0.6	0.9
キャレット	0	caret;circumflex	no	jmdict		30.9	4.7	0.1
パートナーシップ	0	partnership	no	jmdict		11.2	24.3	11.3
ランナー	0	runner	no	jmdict		29.8	5.8	18.7
レシーバー	0	receiver	no	jmdict		19.9	15.6	4.8
ピッチ	0	pace;speed;rate	no	jmdict		11.2	24.2	15.5
ピッチ	1	pitch;spacing;interval	no	jmdict		11.2	24.2	15.5
ピッチ	2	pitch	no	jmdict		11.2	24.2	15.5
ピッチ	3	pitch;pitching	no	jmdict		11.2	24.2	15.5
ピッチ	4	stroke rate	no	jmdict		11.2	24.2	15.5
ピッチ	5	pitch;section between rest stops	no	jmdict		11.2	24.2	15.5
ピッチ	6	pitch;field	no	jmdict		11.2	24.2	15.5
ピッチ	7	personal handy-phone system;phs	no	jmdict		11.2	24.2	15.5
ネットワーキング	0	networking	no	jmdict		16.9	18.5	0.7
ノーマル	0	normal	no	jmdict		7.6	27.8	13.3
マスマティカル	0		no	none		0.7	34.6	8.9
ブラウン	0	brown	no	jmdict		1.1	34.1	60.4
ベーシック	0	basic	no	jmdict		6.2	29.0	4.9
インストラクション	0	instruction	no	jmdict		3.7	31.5	1.7
ロードマップ	0	road map	no	jmdict		11.9	23.2	1.7
スプライト	0	sprite	yes	jmdict		11.7	23.4	1.8
レンズ	0	lens	no	jmdict	dut	5.0	30.0	30.4
デービス	0	day screw	no	parts:デー+ビス		0.2	34.8	32.3
サニタイズ	0		no	none		34.3	0.7	0.0
テック	0	tech;technology	no	jmdict		1.4	33.6	16.2
テック	1	driver training center	no	jmdict		1.4	33.6	16.2
テック	2	tex	yes	jmdict		1.4	33.6	16.2
スレーブ	0	slave	no	jmdict		9.8	25.1	3.1
トンネル	0	tunnel	no	jmdict		10.3	24.6	81.0
トンネル	1	to tunnel	no	jmdict		10.3	24.6	81.0
トンネル	2	letting a grounder go through one's legs	no	jmdict		10.3	24.6	81.0
スクール	0	school	no	jmdict		0.7	34.2	102.3
アクセスポイント	0	access point	no	jmdict		5.3	29.6	1.3
キル	0	kill	no	jmdict		21.5	13.3	10.9
キル	1	kill;smash;spike	no	jmdict		21.5	13.3	10.9
ドキュメンツ	0		no	none		5.7	29.0	10.7
カリフォルニア	0	california	no	jmdict		0.7	34.0	38.3
レスポンシブ	0	responsive	no	jmdict		33.2	1.5	0.0
ドロー	0	draw;tie	no	jmdict		3.9	30.7	9.7
ドロー	1	draw	no	jmdict		3.9	30.7	9.7
ドロー	2	drawing	no	jmdict		3.9	30.7	9.7
アトリビューション	0	attribution	yes	jmdict		28.6	6.0	0.5
インストルメント	0	instrument	no	jmdict		1.8	32.6	3.2
スイッチング	0	switching	no	jmdict		0.9	33.5	2.4
メタ	0	meta	no	jmdict		9.4	25.0	3.8
ジョンソン	0		no	none		0.7	33.7	47.9
セントラル	0	central	no	jmdict		2.1	32.3	39.6
フィギュア	0	figure;form;shape	no	jmdict		17.6	16.7	21.8
フィギュア	1	figurine;model figure	no	jmdict		17.6	16.7	21.8
フィギュア	2	figure skating	no	jmdict		17.6	16.7	21.8
デモンストレーション	0	demonstration;protest	no	jmdict		8.9	25.3	4.5
デモンストレーション	1	demo;demonstration;presentation	no	jmdict		8.9	25.3	4.5
デモンストレーション	2	exhibition game;exhibition match	no	jmdict		8.9	25.3	4.5
チェックリスト	0	checklist	no	jmdict		31.4	2.9	2.3
ロス	0	loss;waste	no	jmdict		2.5	31.7	34.3
ロス	1	feeling of loss	no	jmdict		2.5	31.7	34.3
ロス	2	los angeles	no	jmdict		2.5	31.7	34.3
アドバイス	0	advice	no	jmdict		23.1	11.1	16.6
アベーラビリティー	0		no	none		15.6	18.6	0.9
アリス	0		no	none		11.7	22.5	46.1
リカバリー	0	recovery	no	jmdict		10.1	24.0	1.2
ファックス	0	fax;facsimile	no	jmdict		6.9	27.2	7.1
ファックス	1	fax machine	no	jmdict		6.9	27.2	7.1
トレンドマイクロ	0	trend micro	no	parts:トレンド+マイクロ		14.4	19.7	0.8
モノクロ	0	monochrome	no	jmdict		3.4	30.6	7.3
オアシス	0	oasis	no	jmdict		0.0	34.0	12.9
スパコン	0	supercomputer	yes	jmdict		0.0	34.0	0.9
イテラブル	0		no	none		33.9	0.1	0.0
テナント	0	tenant	no	jmdict		32.3	1.7	12.9
バイ	0	bye	no	jmdict		6.0	27.9	17.0
バイ	1	japanese babylon;japanese ivory shell	no	jmdict		6.0	27.9	17.0
バイ	2	spinning top	no	jmdict		6.0	27.9	17.0
バイ	3	bisexual	no	jmdict		6.0	27.9	17.0
クロノス	0	cronus;kronos	no	jmdict		3.4	30.3	4.7
ダイヤグラム	0	diagram	no	jmdict		4.1	29.6	2.7
デザインパターン	0	design pattern	no	parts:デザイン+パターン		12.8	20.9	0.3
ジョーンズ	0		no	none		1.1	32.4	56.7
スパイウェア	0	spyware	yes	jmdict		3.9	29.6	0.5
ベルリン	0	berlin	no	jmdict		0.5	32.9	73.7
サムネイル	0	thumbnail	yes	jmdict		11.2	22.2	1.0
スタイラス	0	stylus	no	jmdict		22.7	10.6	0.4
チューリングマシン	0	turing machine	yes	jmdict		0.0	33.2	0.7
ハイパーバイザー	0	hypervisor;virtual machine monitor	yes	jmdict		7.6	25.6	0.3
レコグニション	0	recognition	no	jmdict		2.7	30.3	3.0
レーザー	0	laser	no	jmdict		0.9	32.1	31.7
レーザー	1	leather	no	jmdict		0.9	32.1	31.7
レーザー	2	leathercloth	no	jmdict		0.9	32.1	31.7
レーザー	3	razor	no	jmdict		0.9	32.1	31.7
スプライン	0	spline	no	jmdict		0.7	32.3	0.8
イベントログ	0	event log;event logging	yes	jmdict		29.3	3.7	0.1
ティ	0	tea	no	jmdict		32.1	0.9	4.1
プラグ	0	plug;connector	no	jmdict		2.5	30.4	4.3
プラグ	1	spark plug	no	jmdict		2.5	30.4	4.3
ハーフ	0	half	no	jmdict		4.6	28.3	32.4
ハーフ	1	biracial person;person of mixed parentage	no	jmdict		4.6	28.3	32.4
ハーフ	2	halfback	no	jmdict		4.6	28.3	32.4
ランダムアクセス	0	random access	yes	jmdict		2.1	30.8	0.6
バイアス	0	bias	no	jmdict		2.7	30.1	6.1
ガバメント	0	government	no	jmdict		5.0	27.8	21.4
ル	0	roux	no	jmdict	fre	31.4	1.5	31.8
ル	1	curry sauce	no	jmdict	fre	31.4	1.5	31.8
ライバル	0	rival;competitor;competition	no	jmdict		0.2	32.6	44.6
アーティファクト	0	artifact;artefact	no	jmdict		15.6	17.2	1.6
ウォッチャー	0	watcher	no	jmdict		30.2	2.5	1.9
フィックスト	0		no	none		17.6	15.1	1.4
イミュータブル	0		no	none		25.9	6.8	0.1
ディテール	0	detail	no	jmdict		8.2	24.3	48.0
ログアウト	0	logout	yes	jmdict		25.6	6.9	0.7
ウィッシュ	0	wish	no	jmdict		28.6	3.9	12.7
ミューテーション	0		no	none		30.9	1.6	1.6
アダプティブ	0	adaptive	no	jmdict		5.0	27.4	2.1
セーフティー	0	safety	no	jmdict		5.0	27.4	16.4
ミュート	0	mute;damper	no	jmdict		29.8	2.7	2.0
ミュート	1	muting	no	jmdict		29.8	2.7	2.0
クアルコム	0		no	none		0.5	31.9	1.3
コンプライアンス	0	compliance	no	jmdict		9.6	22.8	3.8
フラッグス	0		no	none		27.5	4.9	2.5
プラズマ	0	plasma	no	jmdict		0.2	32.1	12.8
ボトルネック	0	bottleneck	no	jmdict		8.7	23.6	1.3
ロバート	0		no	none		0.0	32.3	68.4
デジタルカメラ	0	digital camera	no	jmdict		0.7	31.6	3.9
ビジネスモデル	0	business model	no	jmdict		11.9	20.4	2.8
スペクトル	0	spectrum	no	jmdict	fre	5.5	26.7	14.1
ワードプロセッサー	0	word processor	yes	jmdict		0.5	31.7	0.7
ハーネス	0	harness	no	jmdict		29.1	3.1	1.4
リスクマネージメント	0	risk management	no	jmdict		23.1	9.0	1.4
リース	0	lease	no	jmdict		18.3	13.8	19.0
リース	1	wreath	no	jmdict		18.3	13.8	19.0
スウェーデン	0	sweden	no	jmdict		1.4	30.6	77.1
エイスース	0		no	none		3.2	28.7	1.0
ブレーン	0	brains;advisor;brain trust	no	jmdict		0.5	31.4	36.5
ブレーン	1	brain	no	jmdict		0.5	31.4	36.5
バンド	0	band	no	jmdict		5.7	26.1	216.0
バンド	1	band;strap;bracelet	no	jmdict		5.7	26.1	216.0
バンド	2	belt	no	jmdict		5.7	26.1	216.0
スペル	0	spelling	no	jmdict		19.9	11.9	4.8
テキストボックス	0	text box	yes	jmdict		24.5	7.3	0.1
シルバー	0	silver	no	jmdict		0.9	30.8	47.8
シルバー	1	senior citizen;pensioner	no	jmdict		0.9	30.8	47.8
バベッジ	0		no	none		0.0	31.7	0.8
コンプレキシティー	0		no	none		0.5	31.2	1.2
マネー	0	money	no	jmdict		0.7	30.9	22.8
ヨナタン	0		no	none		1.1	30.4	11.5
トランスミッション	0	transmission	no	jmdict		3.4	28.1	9.8
スポンサー	0	sponsor	no	jmdict		9.4	22.2	49.7
データソース	0	data sauce	no	parts:データ+ソース		17.9	13.7	0.2
テレワーク	0	telework;telecommuting;remote work	no	jmdict		26.3	5.2	2.1
アラビア	0	arabia	no	jmdict		16.7	14.8	34.3
マイニング	0	mining	no	jmdict		0.2	31.2	1.1
マイニング	1	data mining	yes	jmdict		0.2	31.2	1.1
マイニング	2	cryptocurrency mining	yes	jmdict		0.2	31.2	1.1
インジェクター	0	injector	no	jmdict		31.1	0.3	0.8
デコレータ	0	decorator	no	jmdict		30.9	0.5	0.0
ジャンル	0	genre;category;kind	no	jmdict	fre	8.7	22.6	43.5
オレンジ	0	orange	no	jmdict		12.4	18.9	44.9
プライス	0	price	no	jmdict		0.7	30.5	15.2
バーチャライゼーション	0		no	none		3.2	27.9	0.4
サーティフィケート	0	certificate	no	jmdict		10.8	20.4	1.7
ランディング	0	landing	no	jmdict		26.8	4.3	3.8
トレンド	0	trend	no	jmdict		4.4	26.6	14.3
ラショナル	0	rational	no	jmdict		1.6	29.3	1.4
コアメモリ	0	core memory	no	parts:コア+メモリ		0.0	30.9	0.5
ペイン	0	pane	yes	jmdict		22.4	8.5	6.1
ペイン	1	pain	no	jmdict		22.4	8.5	6.1
ビーコン	0	beacon	no	jmdict		18.5	12.4	3.0
スレット	0	thread	yes	jmdict		9.8	21.1	3.5
スレット	1	thread;topic;conversation;post	no	jmdict		9.8	21.1	3.5
アカデミック	0	academic	no	jmdict		0.5	30.4	11.3
アルバム	0	album	no	jmdict		5.0	25.8	564.5
プランニング	0	planning	no	jmdict		0.9	29.9	11.0
チケット	0	ticket	no	jmdict		13.3	17.6	31.7
キング	0	king	no	jmdict		1.1	29.6	139.1
ゲイン	0	gain	no	jmdict		19.0	11.8	3.2
クレジット	0	credit	no	jmdict		11.9	18.9	51.6
クレジット	1	credit sale;selling on a installment plan	no	jmdict		11.9	18.9	51.6
クレジット	2	credit card	no	jmdict		11.9	18.9	51.6
クレジット	3	credit titles;credits	no	jmdict		11.9	18.9	51.6
クレジット	4	credits	no	jmdict		11.9	18.9	51.6
クレジット	5	emission credit;carbon credit	no	jmdict		11.9	18.9	51.6
クレジット	6	credit token;credit	no	jmdict		11.9	18.9	51.6
ノートブック	0	notebook	no	jmdict		4.1	26.6	1.5
エクスキュージョン	0		no	none		8.5	22.2	1.0
デパートメント	0	department	no	jmdict		0.7	29.9	24.2
バリデーター	0		no	none		28.9	1.7	0.0
リスタート	0	restart	no	jmdict		27.9	2.6	1.9
リスタート	1	restart;reboot	yes	jmdict		27.9	2.6	1.9
ポートフォリオ	0	portfolio	no	jmdict		10.5	20.0	3.8
カルーセル	0	carousel	no	jmdict		28.4	2.1	0.9
アタッカー	0	attacker	no	jmdict		29.1	1.4	3.1
キープ	0	to keep;to maintain	no	jmdict		11.0	19.5	13.6
キープ	1	to put aside;to save	no	jmdict		11.0	19.5	13.6
キープ	2	to keep;to retain possession	no	jmdict		11.0	19.5	13.6
キープ	3	to hold service	no	jmdict		11.0	19.5	13.6
キープ	4	person one is dating while hoping for someone better	no	jmdict		11.0	19.5	13.6
キープ	5	kip	no	jmdict		11.0	19.5	13.6
キープ	6	quipu;khipu	no	jmdict		11.0	19.5	13.6
オークション	0	auction	no	jmdict		3.2	27.2	10.6
オーソリティー	0	authority	no	jmdict		11.4	19.0	9.5
サインイン	0	sign-in	no	jmdict		21.3	9.1	0.3
ホビー	0	hobby	no	jmdict		0.2	30.1	11.4
ダイナミクス	0	dynamics	no	jmdict		0.2	30.0	8.3
コトバンク	0	kotobank	no	jmdict		0.0	30.2	66.7
スプレッドシート	0	spreadsheet	yes	jmdict		4.6	25.6	0.4
コンパチブル	0	compatible	no	jmdict		3.0	27.2	0.8
シーケンシャル	0	sequential	no	jmdict		2.7	27.4	1.5
エリック	0	educational resources information center;eric	no	jmdict		0.0	30.1	26.6
スプリット	0	split	no	jmdict		12.4	17.8	7.7
ソープ	0	soap	no	jmdict		3.0	27.1	10.7
ソープ	1	soapland;brothel where one can bathe with prostitutes	no	jmdict		3.0	27.1	10.7
オルターナティブ	0	alternative	no	jmdict		3.7	26.4	13.1
ミックス	0	mix;mixture;mixing	no	jmdict		9.2	20.8	59.2
ミックス	1	mix;cake mix	no	jmdict		9.2	20.8	59.2
ミックス	2	mixed	no	jmdict		9.2	20.8	59.2
ミックス	3	mixed doubles team	no	jmdict		9.2	20.8	59.2
ミックス	4	mixed race;mixed-race person	no	jmdict		9.2	20.8	59.2
デュレーション	0		no	none		27.0	2.9	0.7
シード	0	seed	no	jmdict		9.8	20.1	23.6
ベイ	0	bay	no	jmdict		0.5	29.4	26.9
オーム	0	ohm	no	jmdict		0.2	29.6	4.3
オーム	1	om;aum	no	jmdict		0.2	29.6	4.3
フォーマッター	0	formatter	no	jmdict		28.2	1.7	0.0
ネットワークス	0		no	none		12.6	17.2	2.0
オーバレイ	0	overlay	no	jmdict		28.9	0.9	0.0
グラウンド	0	ground;field;playground;stadium	no	jmdict		16.3	13.5	33.1
イーブン	0	even	no	jmdict		8.7	21.0	5.1
ハニー	0	honey	no	jmdict		19.5	10.2	19.9
タイピング	0	typing	no	jmdict		10.5	19.1	1.5
ターン	0	turn	no	jmdict		7.8	21.8	27.5
スタブ	0	stub	no	jmdict		14.0	15.6	0.7
アプライアンス	0	appliance	no	jmdict		5.0	24.4	0.9
フレーズ	0	phrase	no	jmdict		11.9	17.6	15.8
フレーズ	1	strawberry	no	jmdict		11.9	17.6	15.8
リンカー	0	linker;linkage editor	yes	jmdict		11.7	17.8	1.7
ゴードン	0	go don	no	parts:ゴー+ドン		0.5	28.9	23.3
マシュー	0		no	none		0.2	29.1	20.5
デファクトスタンダード	0	de facto standard	no	jmdict		0.9	28.4	0.8
シェアウェア	0	shareware	yes	jmdict		0.0	29.3	0.6
ヨーロピアン	0	european	no	jmdict		0.5	28.8	32.0
タスクフォース	0	task force;taskforce	no	jmdict		1.1	28.1	3.2
コントラクト	0	contract	no	jmdict		3.9	25.3	10.2
カオス	0	chaos	no	jmdict	gre	0.7	28.5	18.4
ミディアム	0	medium;middle degree	no	jmdict		3.9	25.2	7.4
ミディアム	1	medium;intermediary substance;media;base	no	jmdict		3.9	25.2	7.4
ゼロックス	0	xerox	no	jmdict		0.0	29.1	1.3
アバター	0	avatar	no	jmdict		10.8	18.4	9.3
デコレーター	0	decorator	no	jmdict		28.6	0.5	0.2
データリンク	0	datalink	yes	jmdict		1.8	27.2	0.9
グレート	0	great	no	jmdict		0.7	28.3	55.3
グレート	1	grate	no	jmdict		0.7	28.3	55.3
ミート	0	meat	no	jmdict		2.1	26.9	15.6
ミート	1	hitting the ball squarely	no	jmdict		2.1	26.9	15.6
ミート	2	matching correctly	no	jmdict		2.1	26.9	15.6
サブリソース	0	sub resource	no	parts:サブ+リソース		28.9	0.1	0.0
リーダーシップ	0	leadership	no	jmdict		10.1	18.9	9.0
アーキテクト	0	architect	no	jmdict		4.6	24.3	3.9
オープンスタック	0	opening stack	no	parts:オープン+スタック		6.9	22.1	0.3
パン	0	bread;pastry	no	jmdict		21.5	7.4	35.3
パン	1	staff of life;one's bread	no	jmdict		21.5	7.4	35.3
パン	2	pan	no	jmdict		21.5	7.4	35.3
パン	3	pan;frying pan	no	jmdict		21.5	7.4	35.3
パン	4	panning	no	jmdict		21.5	7.4	35.3
ファイナンシャル	0	financial	no	jmdict		0.5	28.4	14.0
オックスフォード	0	oxford	no	jmdict		1.6	27.2	51.7
コンパチビリティー	0	compatibility	no	jmdict		3.9	24.9	0.6
セミコンダクタ	0	semiconductor	no	jmdict		0.0	28.8	1.8
ポーランド	0	poland	no	jmdict		3.0	25.8	91.3
パーソン	0	person	no	jmdict		5.3	23.5	9.5
ビハインド	0	being behind;trailing;deficit	no	jmdict		1.6	27.1	13.4
ビハインド	1	being behind schedule	no	jmdict		1.6	27.1	13.4
リモコン	0	remote control	no	jmdict		1.6	27.1	8.8
エプソン	0	epson	no	jmdict		1.4	27.3	1.7
アラン	0	alan	no	jmdict		0.2	28.4	34.1
イフィシェント	0		no	none		0.2	28.4	1.4
ビッグデータ	0	big data	yes	jmdict		10.3	18.4	1.3
デッドロック	0	deadlock	yes	jmdict		12.6	16.1	0.8
パブ	0	pub	no	jmdict		3.9	24.7	10.8
ファウンドリー	0	foundry;fab;semiconductor fabrication plant	no	jmdict		0.0	28.6	1.0
ローテーション	0	rotation	no	jmdict		24.0	4.6	8.9
ソルト	0	strategic arms limitation talks;salt	no	jmdict		12.8	15.8	2.4
ソルト	1	salt	no	jmdict		12.8	15.8	2.4
リロード	0	reloading	yes	jmdict		25.2	3.4	1.6
インクリメンタル	0	incremental	no	jmdict		15.8	12.8	0.3
カバレッジ	0	coverage	no	jmdict		17.9	10.7	2.0
コマンドプロンプト	0	command prompt	yes	jmdict		13.1	15.5	0.2
フォールド	0	folding;bending;doubling up	no	jmdict		4.4	24.1	2.8
フォールド	1	wrapping;packing;tying up	no	jmdict		4.4	24.1	2.8
フォールド	2	folding	no	jmdict		4.4	24.1	2.8
ディファレント	0		no	none		8.0	20.5	5.4
マネージ	0	manage	no	jmdict		6.4	22.1	0.9
ペインター	0	painter	no	jmdict		3.9	24.5	2.0
ウェアハウス	0	warehouse	no	jmdict		3.7	24.7	1.4
ウェルカム	0	welcome	no	jmdict		8.0	20.4	12.5
アーギュメント	0	argument;discussion;dispute	no	jmdict		21.1	7.3	1.1
アーギュメント	1	argument	yes	jmdict		21.1	7.3	1.1
オーソリゼーション	0	authorization;authorisation	no	jmdict		19.5	8.9	0.4
フリーズ	0	freezing;turning into ice	no	jmdict		11.7	16.7	4.4
フリーズ	1	freezing;locking up	yes	jmdict		11.7	16.7	4.4
フリーズ	2	freezing	no	jmdict		11.7	16.7	4.4
フリーズ	3	frieze	no	jmdict		11.7	16.7	4.4
ボストン	0	boston	no	jmdict		0.0	28.3	41.9
レボリューション	0	revolution	no	jmdict		0.0	28.3	22.7
アプレット	0	applet	yes	jmdict		2.3	26.0	0.4
ブラジル	0	brazil	no	jmdict		8.2	20.1	91.2
ビバルディ	0		no	none		0.5	27.8	2.3
トロイ	0	troy	no	jmdict		1.4	26.8	6.7
サックス	0	saxophone;sax	no	jmdict		22.7	5.5	13.7
カルキュレーター	0	calculator	no	jmdict		1.6	26.5	1.0
ノートン	0		no	none		0.0	28.1	7.7
カーボン	0	carbon	no	jmdict		1.1	26.9	12.2
レンタル	0	rental	no	jmdict		4.8	23.2	34.5
コミッティー	0	committee	no	jmdict		0.9	27.1	11.9
サウス	0	south	no	jmdict		0.7	27.2	48.9
スペシフィック	0	specific	no	jmdict		11.2	16.7	3.9
オプティカル	0	optical	no	jmdict		2.5	25.3	3.8
アグリーメント	0	agreement	no	jmdict		3.2	24.6	5.1
ハーバード	0		no	none		0.0	27.8	15.7
ロバーツ	0		no	none		0.7	27.1	13.3
アプライ	0	apply	no	jmdict		18.5	9.3	0.5
シェーディング	0	shading	no	jmdict		2.7	25.0	0.7
ロケット	0	rocket	no	jmdict		0.9	26.8	69.9
ロケット	1	locket	no	jmdict		0.9	26.8	69.9
パースペクティブ	0	perspective	no	jmdict		9.2	18.6	5.1
バックドア	0	back door;tailgate	no	jmdict		6.6	21.0	1.1
バックドア	1	back door	yes	jmdict		6.6	21.0	1.1
レイター	0		no	none		7.3	20.3	5.3
メニューバー	0	menu bar	no	jmdict		17.2	10.4	0.2
シェイク	0	shaking	no	jmdict		21.8	5.8	4.1
シェイク	1	milkshake;shake	no	jmdict		21.8	5.8	4.1
ミント	0	mint;peppermint	no	jmdict		0.7	26.8	10.0
エクス	0		no	none		3.4	24.0	7.8
アクセサープロパティ	0		no	none		27.5	0.0	0.0
プロキシサーバー	0	proxy server	yes	jmdict		14.2	13.3	0.2
エンドツーエンド	0	end-to-end	no	jmdict		7.1	20.4	0.3
ケーパビリティ	0	capability	no	jmdict		25.0	2.5	0.0
ツー	0	two	no	jmdict		13.3	14.2	6.3
ツー	1	dash	no	jmdict		13.3	14.2	6.3
アペンド	0	append	yes	jmdict		19.7	7.7	1.0
アソシエーツ	0	associates	no	jmdict		0.2	27.1	31.7
ネガティブ	0	negative	no	jmdict		14.2	13.2	7.7
ファイルパス	0	file passing	no	parts:ファイル+パス		24.3	3.1	0.0
コンタクト	0	contact;touch	no	jmdict		9.4	18.0	9.6
コンタクト	1	contact lens	no	jmdict		9.4	18.0	9.6
ミッション	0	mission;delegation	no	jmdict		3.7	23.6	60.9
ミッション	1	mission	no	jmdict		3.7	23.6	60.9
ミッション	2	mission school	no	jmdict		3.7	23.6	60.9
ミッション	3	transmission	no	jmdict		3.7	23.6	60.9
コンティニュー	0	continue	no	jmdict		14.4	12.9	6.1
アドレスバー	0	address bar	no	parts:アドレス+バー		20.6	6.7	0.1
ポット	0	pot	no	jmdict		19.7	7.6	9.2
ポット	1	vacuum bottle;thermos flask	no	jmdict		19.7	7.6	9.2
プラスチック	0	plastic	no	jmdict		0.2	27.0	23.5
サブスクライブ	0	subscribing;subscription	yes	jmdict		24.3	3.0	0.2
アンケート	0	questionnaire;survey;poll	no	jmdict	fre	10.8	16.5	26.8
チューニング	0	tuning	no	jmdict		5.3	22.0	6.3
ホップ	0	hop;hopping;jumping on one foot	no	jmdict		5.0	22.2	8.9
ホップ	1	hop;hops	no	jmdict		5.0	22.2	8.9
ジョイント	0	joint	no	jmdict		1.1	26.0	11.3
ブリーフ	0	briefs	no	jmdict		1.1	26.0	7.8
インディペンデント	0	independent	no	jmdict		0.7	26.4	24.6
キューブ	0	cube	no	jmdict		3.2	23.8	11.8
エバリュエーション	0	evaluation	no	jmdict		1.6	25.4	4.3
ヤマハ	0	yamaha	no	jmdict		0.0	27.0	22.5
エラーコード	0	error code	yes	jmdict		20.1	6.9	0.1
ニュースリリース	0	news release	no	parts:ニュース+リリース		0.5	26.5	20.8
リデュース	0	reducing	no	jmdict		13.5	13.5	1.2
ファンクショナル	0	functional	no	jmdict		2.3	24.6	4.1
イントラネット	0	intranet	yes	jmdict		10.5	16.4	0.4
アテンション	0	attention	no	jmdict		2.7	24.1	2.4
オントロジー	0	ontology	no	jmdict		0.9	25.9	1.0
プライオリティー	0	priority	no	jmdict		10.5	16.3	1.3
センス	0	taste;sense;flair	no	jmdict		6.6	20.2	17.3
リレーテッド	0		no	none		8.9	17.9	6.9
コマーシャル	0	commercial	no	jmdict		1.8	24.9	15.4
ラジアン	0	radian	no	jmdict		24.3	2.5	0.5
アナライザー	0	analyzer	no	jmdict		6.2	20.6	1.2
ジョイスティック	0	joy stick	no	jmdict		1.1	25.5	1.4
ウクライナ	0	ukraine	no	jmdict		4.1	22.6	110.3
ゴシック	0	gothic	no	jmdict		0.2	26.4	12.4
ゴシック	1	sans serif;gothic	no	jmdict		0.2	26.4	12.4
スケーラブル	0	scalable	no	jmdict		11.0	15.7	0.3
ブックス	0		no	none		0.0	26.6	35.6
セキュリティーホール	0	security hole;vulnerability	yes	jmdict		4.6	22.1	0.3
デュアルコア	0	dual core	no	parts:デュアル+コア		0.5	26.1	0.4
ページング	0	paging	yes	jmdict		1.1	25.4	0.4
アルト	0	alto	no	jmdict	ita	0.2	26.3	15.1
リプレゼンテーション	0	representation	no	jmdict		7.1	19.5	1.9
ベンチャー	0	venture	no	jmdict		0.0	26.5	8.0
ラテン	0	latin	no	jmdict		14.0	12.6	19.4
ラテン	1	latin-american;latin;latino	no	jmdict		14.0	12.6	19.4
ラテン	2	latin;roman	no	jmdict		14.0	12.6	19.4
デコレーション	0	decoration	no	jmdict		22.4	4.1	2.1
フローティング	0	floating	no	jmdict		3.7	22.9	2.4
レイズ	0	raising	no	jmdict		21.5	5.0	9.4
レイズ	1	raising;lifting	no	jmdict		21.5	5.0	9.4
レイズ	2	raising;bringing up	no	jmdict		21.5	5.0	9.4
レイズ	3	raising;rearing	no	jmdict		21.5	5.0	9.4
レイズ	4	raising;erecting	no	jmdict		21.5	5.0	9.4
ユナイテッド	0	united	no	jmdict		0.5	26.0	93.1
インドネシア	0	indonesia	no	jmdict		18.3	8.2	50.9
エグゼクティブ	0	executive	no	jmdict		1.1	25.3	10.5
フランク	0	frank;candid	no	jmdict		0.0	26.4	59.7
フランク	1	frunk;front trunk	no	jmdict		0.0	26.4	59.7
フランク	2	frankfurter;frank	no	jmdict		0.0	26.4	59.7
データファイル	0	data-file	yes	jmdict		10.1	16.4	2.5
イージー	0	easy	no	jmdict		1.8	24.5	10.2
スティック	0	stick	no	jmdict		1.8	24.5	9.1
マス	0	mass	no	jmdict		1.8	24.5	24.7
マス	1	measuring container;measuring box;measure	no	jmdict		1.8	24.5	24.7
マス	2	box	no	jmdict		1.8	24.5	24.7
マス	3	square on a grid;cell of a grid	no	jmdict		1.8	24.5	24.7
マス	4	square bearing block	no	jmdict		1.8	24.5	24.7
マス	5	trout;sea trout	no	jmdict		1.8	24.5	24.7
マス	6	masturbation	no	jmdict		1.8	24.5	24.7
ピンク	0	pink	no	jmdict		7.1	19.3	45.1
ピンク	1	erotic;blue;pornographic	no	jmdict		7.1	19.3	45.1
カミング	0		no	none		1.6	24.7	11.0
キャピタル	0	capital	no	jmdict		1.6	24.7	14.9
リストアップ	0	listing	no	jmdict		19.5	6.9	1.5
キャパシティー	0	capacity	no	jmdict		14.0	12.4	2.6
ギリシャ	0	greece	no	jmdict	por	3.7	22.7	97.2
オープングループ	0	opening group	no	parts:オープン+グループ		0.2	26.0	0.3
ロジカル	0	logical	no	jmdict		5.5	20.8	1.5
ワンタイムパスワード	0	one-time password	yes	jmdict		10.1	16.2	0.3
ポータルサイト	0	portal site;web portal	no	jmdict		0.7	25.5	13.2
バースト	0	burst;rupture;blowout	no	jmdict		2.1	24.1	11.6
バースト	1	burst	no	jmdict		2.1	24.1	11.6
リーブ	0	leave	no	jmdict		9.6	16.5	8.4
アプリケーションプログラム	0	application program;application software	yes	jmdict		11.9	14.2	0.2
スチュアート	0		no	none		0.2	25.8	33.0
アダルト	0	adult	no	jmdict		0.9	25.1	30.1
アダルト	1	adult;pornographic;explicit	no	jmdict		0.9	25.1	30.1
バーコード	0	barcode;bar code	no	jmdict		10.1	16.0	2.8
バーコード	1	comb-over	no	jmdict		10.1	16.0	2.8
サブプロセス	0	sub-process	no	jmdict		23.8	2.2	0.0
イメージング	0	imaging	no	jmdict		0.5	25.5	6.0
セマンティックス	0	semantics	no	jmdict		6.6	19.4	0.7
パブリッシャー	0	publisher	no	jmdict		2.7	23.2	7.2
アクト	0	act	no	jmdict		2.5	23.4	40.3
チェス	0	chess	no	jmdict		1.6	24.3	10.7
アロケーション	0	allocation	no	jmdict		8.5	17.5	0.8
リビング	0	living;lifestyle	no	jmdict		5.7	20.2	17.8
リビング	1	living room	no	jmdict		5.7	20.2	17.8
タスクバー	0	task bar	yes	jmdict		4.1	21.8	0.3
ワンス	0		no	none		7.1	18.8	10.7
コンポジット	0	composite	no	jmdict		0.0	25.8	2.2
サイエンティスト	0	scientist	no	jmdict		0.0	25.8	8.7
デーブ	0		no	none		1.4	24.4	19.7
コンバート	0	conversion	no	jmdict		11.4	14.4	4.5
コンバート	1	moving	no	jmdict		11.4	14.4	4.5
ブラケット	0	bracket	no	jmdict		21.5	4.3	1.9
ツイート	0	tweet;twitter post	no	jmdict		2.7	23.0	76.3
ヒーロー	0	hero	no	jmdict		14.9	10.9	86.9
フィクスチャ	0	fixture	no	jmdict		25.0	0.8	0.0
アンロック	0	unlocking	no	jmdict		15.6	10.2	1.7
エンゲルバート	0		no	none		0.0	25.7	0.4
ゲイツ	0		no	none		0.0	25.7	4.0
リトライ	0	retry	no	jmdict		20.1	5.6	0.9
フォーチュン	0	fortune	no	jmdict		0.7	25.0	10.8
ストアード	0		no	none		8.9	16.8	0.7
マッゴーワン	0		no	none		0.0	25.6	1.0
ドコモ	0	docomo	no	jmdict		0.7	24.9	14.5
イスラエル	0	israel	no	jmdict		3.7	22.0	73.1
プラクティカル	0	practical	no	jmdict		0.5	25.1	2.9
ウェーブ	0	wave	no	jmdict		0.2	25.3	16.4
ウェーブ	1	wave;mexican wave	no	jmdict		0.2	25.3	16.4
トレー	0	tray	no	jmdict		6.4	19.2	4.1
ポール	0	pole	no	jmdict		0.2	25.2	77.1
ポール	1	trolley pole	no	jmdict		0.2	25.2	77.1
ポール	2	pole;rod;perch	no	jmdict		0.2	25.2	77.1
ポール	3	poll	no	jmdict		0.2	25.2	77.1
マイナス	0	minus;subtraction;taking away	no	jmdict		13.3	12.2	11.0
マイナス	1	negative	no	jmdict		13.3	12.2	11.0
マイナス	2	deficit;loss	no	jmdict		13.3	12.2	11.0
マイナス	3	disadvantage;drawback;handicap	no	jmdict		13.3	12.2	11.0
マイナス	4	negative charge;cathode;negative terminal;negative pole	no	jmdict		13.3	12.2	11.0
マイナス	5	minus sign;negative sign	no	jmdict		13.3	12.2	11.0
マイナス	6	negative;bad	no	jmdict		13.3	12.2	11.0
アイランド	0	island	no	jmdict		20.1	5.3	43.2
ウォーク	0	walk	no	jmdict		12.4	13.1	17.4
ウォーク	1	woke	no	jmdict		12.4	13.1	17.4
フィール	0		no	none		5.7	19.7	12.2
ブラックボックス	0	black box;flight recorder	no	jmdict		5.7	19.7	2.1
ブラックボックス	1	black box	no	jmdict		5.7	19.7	2.1
ミキシング	0	mixing	no	jmdict		16.5	8.9	6.5
クリッピング	0	clipping	no	jmdict		20.1	5.2	0.5
ダイクストラ	0		no	none		0.7	24.6	0.6
サスペンド	0	suspension;standby;sleep	yes	jmdict		19.2	6.1	0.1
テンソル	0	tensor	no	jmdict		1.1	24.1	4.9
インタレスト	0	interest	no	jmdict		9.6	15.7	4.0
ロレンス	0		no	none		0.2	25.0	23.0
カート	0	cart	no	jmdict		9.4	15.9	17.1
カート	1	kart;go-kart	no	jmdict		9.4	15.9	17.1
カート	2	khat;qat	no	jmdict		9.4	15.9	17.1
パイレート	0	pirate	no	jmdict		0.0	25.2	2.4
サイプレス	0	cypress	no	jmdict		19.2	6.0	1.5
デクリメント	0	decrement	no	jmdict		15.3	9.9	0.1
ブース	0	booth	no	jmdict		20.6	4.6	18.2
リーナス	0		no	none		0.0	25.1	0.4
サマー	0	summer	no	jmdict		0.7	24.4	69.2
ハイパーテキスト	0	hypertext	yes	jmdict		6.9	18.3	0.3
ドント	0		no	none		4.6	20.5	22.6
フォレスト	0	forest	no	jmdict		0.7	24.3	22.0
ダック	0	duck	no	jmdict		8.2	16.8	7.3
ダック	1	digital-to-analog converter;dac	no	jmdict		8.2	16.8	7.3
ダック	2	development assistance committee;dac	no	jmdict		8.2	16.8	7.3
パッケージング	0	packaging	no	jmdict		8.0	17.0	1.6
ウィザード	0	wizard	no	jmdict		6.2	18.8	10.0
ウィザード	1	wizard;setup assistant	yes	jmdict		6.2	18.8	10.0
アンマウント	0	unmounting	yes	jmdict		23.8	1.1	0.0
トリップ	0	trip;excursion	no	jmdict		8.0	16.9	11.2
トリップ	1	trip	no	jmdict		8.0	16.9	11.2
トリップ	2	entering another world	no	jmdict		8.0	16.9	11.2
トリップ	3	tripcode	no	jmdict		8.0	16.9	11.2
デーリー	0	daily	no	jmdict		0.7	24.1	42.5
デーリー	1	perishable foods delivered daily to retailers;perishables	no	jmdict		0.7	24.1	42.5
スキン	0	skin	no	jmdict		1.1	23.6	8.1
スキン	1	condom	no	jmdict		1.1	23.6	8.1
パワフル	0	powerful	no	jmdict		3.4	21.4	6.8
ブレード	0	blade	no	jmdict		0.2	24.5	22.7
ブレード	1	braid	no	jmdict		0.2	24.5	22.7
リッチ	0	rich;wealthy;affluent	no	jmdict		10.3	14.5	12.4
リッチ	1	rich	no	jmdict		10.3	14.5	12.4
ログオン	0	logon	yes	jmdict		12.6	12.2	0.2
リムーバブル	0	removable	yes	jmdict		0.9	23.8	0.4
インダストリアル	0	industrial	no	jmdict		1.6	23.1	7.9
ダミー	0	dummy	no	jmdict		13.5	11.2	4.0
リバースエンジニアリング	0	reverse engineering	yes	jmdict		4.1	20.6	0.6
オリエンテーション	0	orientation	no	jmdict		22.7	2.0	1.9
デメリット	0	disadvantage;drawback;demerit;bad point;minus	no	jmdict		7.1	17.6	4.0
アタリ	0	hit	no	jmdict		0.0	24.6	2.7
アタリ	1	success	no	jmdict		0.0	24.6	2.7
アタリ	2	guess;prediction	no	jmdict		0.0	24.6	2.7
アタリ	3	affability;friendliness	no	jmdict		0.0	24.6	2.7
アタリ	4	sensation;touch	no	jmdict		0.0	24.6	2.7
アタリ	5	bruise	no	jmdict		0.0	24.6	2.7
アタリ	6	atari;situation in which a stone or chain of stones may be captured on the next move	no	jmdict		0.0	24.6	2.7
アタリ	7	bite;strike	no	jmdict		0.0	24.6	2.7
アタリ	8	per;each	no	jmdict		0.0	24.6	2.7
アタリ	9	collision;overlapping	no	jmdict		0.0	24.6	2.7
アタリ	10	construction lines	no	jmdict		0.0	24.6	2.7
アタリ	11	atari	no	jmdict		0.0	24.6	2.7
アーティフィシャル	0	artificial	no	jmdict		0.0	24.6	1.9
ジェームズ	0		no	none		0.0	24.6	69.4
トップページ	0	home page	no	jmdict		10.1	14.6	5.7
トリプル	0	triple	no	jmdict		3.0	21.7	19.3
モバイルデバイス	0	mobile device	no	parts:モバイル+デバイス		8.9	15.7	0.4
バリア	0	barrier;protective wall;bulwark	no	jmdict		11.2	13.4	10.7
バリア	1	obstacle;hindrance	no	jmdict		11.2	13.4	10.7
バリア	2	imaginary shield that gives one invincibility or immunity	no	jmdict		11.2	13.4	10.7
ストリングス	0	strings;stringed instrument;string ensemble	no	jmdict		17.4	7.2	18.7
セマフォ	0	semaphore	no	jmdict		9.6	15.0	0.2
トンネリング	0	tunneling	yes	jmdict		5.7	18.9	0.6
パトリック	0		no	none		0.7	23.8	29.3
エラスティック	0	elastic	no	jmdict		13.7	10.8	0.7
メンバーズ	0	members	no	jmdict		4.4	20.2	9.8
オーケストレーション	0	orchestration	no	jmdict		14.4	10.1	2.1
エブリシング	0		no	none		3.2	21.3	9.1
マンチェスター	0	manchester	no	jmdict		0.2	24.1	21.6
イラストレーター	0	illustrator	no	jmdict		1.6	22.8	18.7
パターソン	0		no	none		0.7	23.6	5.7
ブラシ	0	brush	no	jmdict		0.0	24.2	3.0
ロータス	0	lotus	no	jmdict		0.0	24.2	8.2
シグニチャ	0	signature	no	jmdict		23.1	1.1	0.0
テイラー	0	tailor	no	jmdict		2.1	22.2	25.0
オプトイン	0	opt-in;opt in	no	jmdict		19.9	4.3	0.2
カレントディレクトリ	0	current directory	yes	jmdict		12.8	11.4	0.1
サーブ	0	serve	no	jmdict		4.1	20.1	6.9
サーブ	1	serving	no	jmdict		4.1	20.1	6.9
サーブ	2	saab;svenska aeroplan ab	no	jmdict		4.1	20.1	6.9
ノンス	0		no	none		22.0	2.2	0.0
ロビン	0	robin;european robin	no	jmdict		4.8	19.4	20.2
スノー	0	snow	no	jmdict		0.9	23.2	29.9
アンロード	0	unloading	yes	jmdict		18.8	5.4	0.1
マンス	0	month	no	jmdict		7.1	17.1	10.7
コーヒー	0	coffee	no	jmdict	dut,eng	5.5	18.7	37.4
アナリスト	0	analyst	no	jmdict		3.7	20.5	4.5
セッツ	0		no	none		4.4	19.8	5.7
アノニマス	0	anonymous	no	jmdict		1.8	22.3	1.2
ディビジョン	0	division	no	jmdict		2.5	21.6	39.0
マッカーシー	0		no	none		0.0	24.0	5.2
ティア	0	tier	no	jmdict		8.5	15.6	10.0
ティア	1	tear;teardrop shape	no	jmdict		8.5	15.6	10.0
アイソレーション	0	isolation	no	jmdict		11.4	12.6	2.1
スポーツ	0	sport;sports	no	jmdict		3.7	20.4	516.2
ビーイング	0		no	none		5.0	19.0	12.7
シンクライアント	0	thin client	yes	jmdict		9.6	14.4	0.3
インサート	0	insertion	no	jmdict		8.0	16.0	1.5
インサート	1	insert	no	jmdict		8.0	16.0	1.5
ディスクリプター	0	descriptor	no	jmdict		18.1	5.9	0.1
シンクレア	0	sink rare	no	parts:シンク+レア		0.0	23.9	3.0
ヒアリング	0	listening;listening comprehension	no	jmdict		20.8	3.1	3.0
ヒアリング	1	interview;survey;confirming details;meeting where someone presents their case	no	jmdict		20.8	3.1	3.0
ヒアリング	2	hearing	no	jmdict		20.8	3.1	3.0
プロファイリング	0	profiling	no	jmdict		13.5	10.4	1.3
フレンドリー	0	friendly	no	jmdict		8.0	15.9	4.3
リネーム	0	rename	no	jmdict		14.7	9.2	0.2
バケット	0	baguette	no	jmdict		9.8	14.0	1.9
バケット	1	bucket;pail	no	jmdict		9.8	14.0	1.9
バケット	2	bucket;scoop	no	jmdict		9.8	14.0	1.9
イージング	0		no	none		23.8	0.0	0.0
フレキシブル	0	flexible	no	jmdict		6.4	17.4	2.1
マインド	0	mind;mindset;mentality;sentiment	no	jmdict		0.9	22.9	21.0
ファイナンス	0	finance	no	jmdict		1.6	22.2	11.3
サブメニュー	0	sub-menu	yes	jmdict		22.2	1.5	0.1
エアロ	0	aerobics	no	jmdict		0.5	23.2	10.8
クリスチャン	0	christian	no	jmdict		7.3	16.4	34.2
ストラクチャード	0		no	none		1.8	21.9	0.7
テレグラム	0	telegram	no	jmdict		1.8	21.9	2.5
テレグラム	1	telegram messenger	no	jmdict		1.8	21.9	2.5
ジーン	0	gene	no	jmdict		0.0	23.6	27.5
ジーン	1	zine	no	jmdict		0.0	23.6	27.5
ジーン	2	jeans	no	jmdict		0.0	23.6	27.5
ポシブル	0	possible	no	jmdict		9.8	13.8	4.6
ダーウィン	0		no	none		2.1	21.6	8.7
プロット	0	plot	no	jmdict		2.7	20.9	9.4
プロット	1	plotting	no	jmdict		2.7	20.9	9.4
ビス	0	screw	no	jmdict		22.9	0.7	2.2
ビス	1	bank for international settlements;bis	no	jmdict		22.9	0.7	2.2
フォーマル	0	formal	no	jmdict		0.9	22.7	2.3
レシオ	0	ratio	no	jmdict		19.2	4.3	2.3
ガス	0	gas	no	jmdict	dut,eng	4.4	19.2	74.3
ガス	1	poison gas	no	jmdict	dut,eng	4.4	19.2	74.3
ガス	2	dense fog;thick fog	no	jmdict	dut,eng	4.4	19.2	74.3
ガス	3	gas stove;gas cooker;gas range	no	jmdict	dut,eng	4.4	19.2	74.3
ガス	4	gasoline;gas;petrol	no	jmdict	dut,eng	4.4	19.2	74.3
ガス	5	flatulence;gas;wind;fart	no	jmdict	dut,eng	4.4	19.2	74.3
ガス	6	gassed yarn	no	jmdict	dut,eng	4.4	19.2	74.3
スクラム	0	scrum;scrummage	no	jmdict		0.2	23.2	3.0
スクラム	1	huddle	no	jmdict		0.2	23.2	3.0
スクラム	2	scram	no	jmdict		0.2	23.2	3.0
スリム	0	slim	no	jmdict		2.5	21.0	6.4
ソング	0	song	no	jmdict		0.9	22.6	138.7
ソング	1	thong	no	jmdict		0.9	22.6	138.7
ボーン	0	bone	no	jmdict		0.7	22.8	20.5
ボーン	1	bourne	yes	jmdict		0.7	22.8	20.5
レギュラー	0	regular;standard	no	jmdict		6.9	16.6	141.4
レギュラー	1	regular player;regular guest;regular	no	jmdict		6.9	16.6	141.4
レギュラー	2	regular	no	jmdict		6.9	16.6	141.4
イーガー	0		no	none		21.5	1.9	0.5
ミュータブル	0		no	none		20.6	2.8	0.0
リサイクル	0	recycling	no	jmdict		17.2	6.2	10.1
シリコンバレー	0	silicon volleyball	no	parts:シリコン+バレー		0.0	23.3	2.7
モデラー	0	modeller;modeler	no	jmdict		0.0	23.3	1.3
コーポレート	0	corporate	no	jmdict		1.4	22.0	12.0
ディシジョン	0		no	none		1.1	22.2	6.4
モチーフ	0	motif	no	jmdict	fre	1.1	22.2	49.0
ワー	0		no	none		2.3	21.0	11.8
ウィズイン	0	with in	no	parts:ウィズ+イン		6.9	16.4	5.3
ステム	0	stem	no	jmdict		17.6	5.6	4.5
ステム	1	stem;axle;shaft	no	jmdict		17.6	5.6	4.5
チョイス	0	choice;selection	no	jmdict		2.7	20.5	12.4
ポンド	0	pound	no	jmdict		3.4	19.8	35.4
ポンド	1	pound;pound sterling	no	jmdict		3.4	19.8	35.4
ポンド	2	pond	no	jmdict		3.4	19.8	35.4
フロア	0	floor	no	jmdict		5.7	17.5	25.4
フロア	1	dance floor	no	jmdict		5.7	17.5	25.4
フロア	2	sales floor	no	jmdict		5.7	17.5	25.4
フロア	3	floor;storey;story	no	jmdict		5.7	17.5	25.4
ビデオゲーム	0	video game	no	jmdict		1.8	21.4	7.7
サブフレーム	0	sub frame	no	parts:サブ+フレーム		20.8	2.3	0.3
メンテナー	0		no	none		16.9	6.2	0.1
テキストデータ	0	text data;character data	yes	jmdict		13.1	10.1	0.3
パーフェクト	0	perfect	no	jmdict		1.4	21.8	30.1
パーフェクト	1	perfect game	no	jmdict		1.4	21.8	30.1
テンキー	0	numeric keypad;number pad;numpad	no	jmdict		2.7	20.4	0.8
テンキー	1	numeric key	no	jmdict		2.7	20.4	0.8
エンサイクロペディア	0	encyclopedia	no	jmdict		1.1	22.0	34.1
ノウハウ	0	know-how;expertise;the ropes;the knack	no	jmdict		9.6	13.5	6.9
チーフ	0	chief;head	no	jmdict		0.9	22.2	26.1
フリップ	0	flip chart	no	jmdict		0.0	23.0	5.3
フリップ	1	flip	no	jmdict		0.0	23.0	5.3
タワー	0	tower	no	jmdict		0.7	22.4	88.1
スポット	0	spot;dot;mark	no	jmdict		5.3	17.8	36.1
スポット	1	place;location;site	no	jmdict		5.3	17.8	36.1
スポット	2	apron	no	jmdict		5.3	17.8	36.1
スポット	3	spot advertisement;spot advertising	no	jmdict		5.3	17.8	36.1
スポット	4	spot news	no	jmdict		5.3	17.8	36.1
スポット	5	spotlight	no	jmdict		5.3	17.8	36.1
セプター	0		no	none		22.9	0.1	0.8
キャメル	0	camel	no	jmdict		19.5	3.5	2.3
レコーディング	0	recording	no	jmdict		2.3	20.7	61.6
クッキーズ	0		no	none		19.2	3.7	0.5
ファイルサーバー	0	file server	yes	jmdict		7.6	15.4	0.2
トレラント	0		no	none		2.1	20.9	0.5
ケーパビリティー	0	capability	no	jmdict		5.5	17.4	1.0
キーバリュー	0	key value	no	parts:キー+バリュー		21.8	1.1	0.0
アドレッシング	0	addressing	yes	jmdict		2.1	20.8	0.3
テレタイプ	0	teletype	no	jmdict		0.5	22.4	0.7
ロイヤリティー	0	royalty	no	jmdict		3.4	19.4	2.7
ロイヤリティー	1	loyalty	no	jmdict		3.4	19.4	2.7
アンテナ	0	antenna	no	jmdict		0.2	22.6	20.1
アンテナ	1	thing or method used to collect information or opinions	no	jmdict		0.2	22.6	20.1
フェンス	0	fence	no	jmdict		20.4	2.4	8.1
インターポレーション	0		no	none		17.2	5.6	0.3
ノイマン	0		no	none		0.0	22.8	2.7
ステートレス	0	stateless	yes	jmdict		11.9	10.8	0.2
ドック	0	dock	no	jmdict		4.1	18.6	12.2
ドック	1	thorough physical examination	no	jmdict		4.1	18.6	12.2
ドック	2	dog	no	jmdict		4.1	18.6	12.2
ドック	3	hotdog	no	jmdict		4.1	18.6	12.2
ドック	4	firedog;andiron	no	jmdict		4.1	18.6	12.2
ライセンシング	0	licensing	no	jmdict		0.2	22.5	1.1
マネジメントシステム	0	management system	no	jmdict		14.9	7.8	1.4
ストロング	0	strong;powerful	no	jmdict		11.0	11.7	11.8
ストロング	1	strong	no	jmdict		11.0	11.7	11.8
テンプ	0	temporary	no	jmdict		11.0	11.7	0.8
テンプ	1	balance wheel;balance	no	jmdict		11.0	11.7	0.8
カセットテープ	0	cassette tape	no	jmdict		0.0	22.7	5.8
イング	0		no	none		13.7	8.9	4.0
ポジティブ	0	positive	no	jmdict		12.1	10.5	9.7
ポジティブ	1	positive;anode	no	jmdict		12.1	10.5	9.7
シング	0		no	none		5.0	17.6	17.3
プリプロセッサ	0	preprocessor	yes	jmdict		7.3	15.3	0.2
ファシリティー	0	facility	no	jmdict		3.2	19.4	2.4
シェード	0	sunshade;window shade;awning;lamp shade	no	jmdict		0.7	21.9	3.8
モビリティー	0	mobility	no	jmdict		0.7	21.9	6.4
アウェア	0	aware	no	jmdict		14.0	8.5	0.7
リティ	0		no	none		22.4	0.0	0.1
セッティング	0	setting;installing;mounting;arranging	no	jmdict		12.1	10.3	5.4
セッティング	1	setting up	no	jmdict		12.1	10.3	5.4
セッティング	2	stage setting	no	jmdict		12.1	10.3	5.4
セッティング	3	setting	no	jmdict		12.1	10.3	5.4
カスタムメイド	0	custom-made;made-to-order	no	jmdict		0.5	22.0	0.7
プロトン	0	proton	no	jmdict		1.1	21.3	5.6
ブレーブ	0	brave	no	jmdict		1.8	20.6	15.7
バベル	0		no	none		15.8	6.6	5.0
ゲルトナー	0		no	none		0.2	22.2	0.6
クヌース	0		no	none		0.0	22.4	0.5
セキュリティーパッチ	0	security patch	no	parts:セキュリティー+パッチ		16.0	6.3	0.4
ポリス	0	police;police officer	no	jmdict		0.5	21.9	24.9
ポリス	1	polis	no	jmdict		0.5	21.9	24.9
テール	0	tail	no	jmdict		9.4	12.9	23.8
テール	1	tailcoat;tails	no	jmdict		9.4	12.9	23.8
テール	2	tael	no	jmdict		9.4	12.9	23.8
キヤノン	0	canon	no	jmdict		0.7	21.6	8.8
キュリティ	0		no	none		22.2	0.0	0.0
リンタ	0	linter	no	jmdict		22.2	0.0	0.0
フレンド	0	friend	no	jmdict		2.7	19.5	45.2
ハイジャック	0	hijack;highjack	no	jmdict		14.2	8.0	5.0
オライリー	0		no	none		0.0	22.2	1.3
カレッジ	0	college	no	jmdict		0.2	21.9	62.9
カレッジ	1	courage	no	jmdict		0.2	21.9	62.9
マカフィー	0		no	none		0.2	21.9	0.7
リプレー	0	replay	no	jmdict		14.2	7.9	11.4
アドベンチャー	0	adventure	no	jmdict		0.9	21.2	41.8
カップ	0	cup	no	jmdict		0.9	21.2	176.6
バトル	0	battle	no	jmdict		0.9	21.2	122.1
ヒート	0	heat	no	jmdict		0.7	21.4	20.0
ヒート	1	heating up;becoming more exciting	no	jmdict		0.7	21.4	20.0
ヒート	2	hiit;high-intensity interval training	no	jmdict		0.7	21.4	20.0
エクセプト	0		no	none		14.7	7.4	1.3
モナド	0	monad	no	jmdict		0.5	21.6	0.9
マウスカーソル	0	mouse cursor	yes	jmdict		12.8	9.2	0.2
ローエンド	0	low end;low level	yes	jmdict		1.1	20.9	0.4
リアクティビティー	0		no	none		22.0	0.0	0.0
コプロセッサ	0	coprocessor	yes	jmdict		0.0	22.0	0.3
リテール	0	retail	no	jmdict		0.7	21.3	3.7
ステートフル	0	stateful	yes	jmdict		16.9	5.0	0.1
キャッシュサーバー	0	cache server	no	parts:キャッシュ+サーバー		15.8	6.1	0.1
アスタリスク	0	asterisk	no	jmdict		16.5	5.4	1.5
ダイナブック	0	dynabook	no	jmdict		0.0	21.9	0.7
ボーランド	0	bow land	no	parts:ボー+ランド		0.0	21.9	0.8
フーリエ	0		no	none		2.3	19.6	4.3
ワークショップ	0	workshop	no	jmdict		8.5	13.4	11.0
デジット	0	digit	yes	jmdict		6.9	15.0	1.2
メタクラス	0	meta class	no	parts:メタ+クラス		15.3	6.5	0.1
エルフ	0	elf	no	jmdict		6.0	15.9	17.4
ルートディレクトリ	0	root directory	yes	jmdict		12.1	9.7	0.1
サーキット	0	circuit	no	jmdict		0.9	20.9	28.5
サーキット	1	circuit;race track	no	jmdict		0.9	20.9	28.5
インテリジェント	0	intelligent	no	jmdict		3.2	18.6	2.7
サイテーション	0	citation	no	jmdict		0.0	21.8	2.6
ショット	0	shot	no	jmdict		6.2	15.6	35.2
ショット	1	shot;hit;strike	no	jmdict		6.2	15.6	35.2
ショット	2	shooting	no	jmdict		6.2	15.6	35.2
オープンソースライセンス	0	open source license	no	parts:オープンソース+ライセンス		1.4	20.4	0.3
フローチャート	0	flowchart;flow chart	no	jmdict		3.4	18.3	0.6
セレニウム	0	selenium	no	jmdict		11.9	9.8	0.3
ラスタ	0	raster	no	jmdict		3.9	17.8	0.9
ラスタ	1	rasta;rastafarian	no	jmdict		3.9	17.8	0.9
コンポーザブル	0		no	none		21.5	0.1	0.0
プレゼント	0	present;gift	no	jmdict		3.4	18.2	48.3
ユーロ	0	euro	no	jmdict		1.6	20.0	44.4
ユーロ	1	european	no	jmdict		1.6	20.0	44.4
リニューアル	0	renewal;renovation;overhaul;update;repair;improvement	no	jmdict		0.7	20.9	63.8
スポットライト	0	spotlight	no	jmdict		9.2	12.4	5.3
スポットライト	1	close observation	no	jmdict		9.2	12.4	5.3
ディール	0	deal	no	jmdict		0.5	21.1	17.8
ストーン	0	stone	no	jmdict		1.1	20.4	47.2
ストーン	1	bijou;trinket;gemstone	no	jmdict		1.1	20.4	47.2
ストーン	2	curling stone;curling rock	no	jmdict		1.1	20.4	47.2
セール	0	sale	no	jmdict		1.1	20.4	15.7
チャイニーズ	0	chinese	no	jmdict		1.1	20.4	18.4
ドレーン	0	drain	no	jmdict		19.0	2.5	2.1
ス	0	sioux	no	jmdict	chi,fre	21.3	0.2	3.1
ス	1	sou	no	jmdict	chi,fre	21.3	0.2	3.1
ス	2	four	no	jmdict	chi,fre	21.3	0.2	3.1
インターセプター	0	interceptor	no	jmdict		20.4	1.1	0.6
セリフ	0	serif	no	jmdict		8.7	12.8	20.3
セリフ	1	line;one's lines	no	jmdict		8.7	12.8	20.3
セリフ	2	comment;remark;phrase;words	no	jmdict		8.7	12.8	20.3
セリフ	3	stock phrase;set phrase;platitude	no	jmdict		8.7	12.8	20.3
ハック	0	hack	yes	jmdict		5.3	16.2	6.7
ゲース	0		no	none		2.1	19.4	10.4
ナチュラル	0	natural	no	jmdict		0.2	21.2	17.8
イーサリアム	0	ethereum;eth	no	jmdict		0.0	21.4	0.5
エピック	0	epic	no	jmdict		0.0	21.4	11.9
データバス	0	data bus	yes	jmdict		0.0	21.4	0.4
フィリップス	0	philips;phillips	no	jmdict		0.0	21.4	16.2
アクセサー	0	accessor	yes	jmdict		20.8	0.5	0.0
ラボラトリーズ	0	laboratories	no	jmdict		0.5	20.9	1.7
セガ	0	sega	no	jmdict		0.2	21.1	20.1
ネバー	0	never	no	jmdict		8.7	12.6	24.2
クライアントサーバー	0	client-server	yes	jmdict		4.8	16.5	0.2
オニオン	0	onion	no	jmdict		0.7	20.6	2.3
バイナリファイル	0	binary file	yes	jmdict		5.3	16.0	0.2
ディメンション	0	dimension	no	jmdict		4.4	16.9	5.5
エレクトリック	0	electric	no	jmdict		0.5	20.8	21.6
ギャップ	0	gap	no	jmdict		11.2	10.0	9.0
ギャップ	1	difference;disparity;discrepancy;disconnect	no	jmdict		11.2	10.0	9.0
ミドル	0	middle	no	jmdict		4.1	17.1	20.2
ミドル	1	middle age	no	jmdict		4.1	17.1	20.2
アドミニストレーター	0	administrator	no	jmdict		8.7	12.5	1.0
マルチバイト	0	multi-post part-time job	no	parts:マルチ+バイト		7.1	14.1	0.2
アラウンド	0	around	no	jmdict		3.9	17.3	14.1
ミレニアム	0	millennium	no	jmdict		0.0	21.2	9.5
キラー	0	killer;destroyer;annihilator;defeater	no	jmdict		4.6	16.6	19.9
キラー	1	seducer;seductress;tempter;temptress	no	jmdict		4.6	16.6	19.9
キロバイト	0	kilobyte;kb	yes	jmdict		3.0	18.2	0.4
スパイ	0	spy;spying	no	jmdict		3.0	18.2	38.5
パーパス	0	purpose;business purpose;corporate purpose	no	jmdict		3.0	18.2	2.3
ユース	0	youth	no	jmdict		1.4	19.8	54.7
ユース	1	use	no	jmdict		1.4	19.8	54.7
センシティブ	0	sensitive	no	jmdict		9.8	11.3	1.6
サーブレット	0	servlet	no	jmdict		2.1	19.1	0.7
デスクリプタ	0	descriptor	no	jmdict		20.6	0.5	0.0
プロトタイピング	0	prototyping	no	jmdict		1.8	19.3	0.5
ガラス	0	glass;pane	no	jmdict	dut	0.2	20.9	47.2
ナイト	0	knight	no	jmdict		2.5	18.6	151.1
ナイト	1	night	no	jmdict		2.5	18.6	151.1
ランチャー	0	launcher	no	jmdict		7.1	14.0	7.5
ポーリング	0	polling	no	jmdict		11.7	9.4	1.2
ギヤ	0	gear	no	jmdict		1.4	19.7	11.1
リレーショナルデータベース	0	relational database;rdb	yes	jmdict		4.4	16.7	0.2
フリーソフト	0	freeware	yes	jmdict		0.9	20.1	0.6
フリーソフト	1	free software;libre software	yes	jmdict		0.9	20.1	0.6
クーラー	0	air conditioner	no	jmdict		0.0	21.0	2.6
クーラー	1	cooler	no	jmdict		0.0	21.0	2.6
チャールズ	0		no	none		0.0	21.0	52.0
モーター	0	motor;engine	no	jmdict		0.0	21.0	35.9
ワトソン	0		no	none		0.0	21.0	13.2
ニコラス	0		no	none		0.7	20.3	23.5
モノリシック	0	monolithic	yes	jmdict		1.4	19.6	0.4
ダブルクリック	0	double click	yes	jmdict		11.4	9.5	0.3
プログラマブル	0	programmable	yes	jmdict		0.5	20.5	0.5
ポルノ	0	pornography;porn;porno	no	jmdict		0.2	20.7	21.9
スプーフィング	0		no	none		6.9	14.0	0.2
プロップ	0	prop	no	jmdict		20.6	0.2	5.3
ユビキタス	0	ubiquitous computing	yes	jmdict		1.1	19.7	1.3
ユビキタス	1	ubiquitous	no	jmdict		1.1	19.7	1.3
デストラクター	0	destructor	yes	jmdict		8.0	12.8	0.3
コントロールパネル	0	control panel	yes	jmdict		4.1	16.7	0.5
トランスレーター	0	translator	no	jmdict		8.5	12.3	1.1
アイビー	0	ivy	no	jmdict		3.0	17.8	4.3
アイビー	1	ivy league	no	jmdict		3.0	17.8	4.3
ビクター	0	victor	no	jmdict		8.2	12.5	39.5
サニタイザー	0	hand sanitizer;disinfectant;antiseptic;germicide	no	jmdict		20.6	0.1	0.0
サニタイザー	1	disinfectant dispenser	no	jmdict		20.6	0.1	0.0
フレッド	0		no	none		1.8	18.9	16.2
ジャスティファイ	0	justify	no	jmdict		20.4	0.3	0.3
グループウェア	0	groupware;collaborative software	yes	jmdict		1.6	19.1	0.5
フェデラル	0	federal	no	jmdict		0.7	20.0	10.1
エブリー	0		no	none		6.6	14.0	16.4
インセットプロパティ	0		no	none		20.6	0.0	0.0
インボーカー	0		no	none		20.6	0.0	0.0
ストレス	0	stress	no	jmdict		9.6	11.0	17.4
ダイヤモンド	0	diamond	no	jmdict		4.1	16.5	64.4
ダイヤモンド	1	diamond;infield	no	jmdict		4.1	16.5	64.4
ダイヤモンド	2	diamonds	no	jmdict		4.1	16.5	64.4
ファイブ	0	five	no	jmdict		0.2	20.4	36.9
スパース	0		no	none		4.6	16.0	0.6
ミックスイン	0	mix in	no	parts:ミックス+イン		19.2	1.3	0.0
トレーシング	0	tracing	no	jmdict		7.6	13.0	0.7
ブレンド	0	blend	no	jmdict		9.8	10.7	7.0
コンビ	0	combination;pair;duo	no	jmdict		2.1	18.5	66.0
カウンシル	0	council	no	jmdict		6.6	13.9	20.2
クイーン	0	queen	no	jmdict		1.8	18.7	61.7
メガバイト	0	megabyte;mb	yes	jmdict		6.4	14.1	0.4
リント	0	lint	no	jmdict		12.6	7.9	1.5
ミラーリング	0	mirroring	yes	jmdict		5.5	15.0	0.4
コンパック	0	compaq	no	jmdict		0.0	20.5	0.5
ジャストシステム	0	justsystems corporation	no	jmdict		0.0	20.5	0.8
トレント	0	torrent;torrenting	yes	jmdict		0.0	20.5	6.6
ジョーク	0	joke	no	jmdict		2.3	18.2	7.0
パワード	0		no	none		0.7	19.8	16.6
ピボット	0	pivot	no	jmdict		0.7	19.8	1.5
エッセンシャル	0	essential	no	jmdict		3.0	17.5	5.9
アーケード	0	arcade	no	jmdict		1.4	19.1	35.3
データベーススペシャリスト	0	database specialist	no	parts:データベース+スペシャリスト		17.4	3.0	0.0
ジャーゴン	0	jargon	no	jmdict		0.2	20.2	0.5
プレゼンス	0	presence	no	jmdict		0.2	20.2	3.4
オペコード	0	operation code;op-code	yes	jmdict		1.6	18.8	0.2
イン	0	in;inside the line	no	jmdict		8.5	11.9	53.1
イン	1	in;inside;internal;interior	no	jmdict		8.5	11.9	53.1
イン	2	enter here;enter;entrance;entry	no	jmdict		8.5	11.9	53.1
イン	3	back nine	no	jmdict		8.5	11.9	53.1
イン	4	inside lane	no	jmdict		8.5	11.9	53.1
イン	5	check-in time	no	jmdict		8.5	11.9	53.1
イン	6	inn;hotel	no	jmdict		8.5	11.9	53.1
エキストラ	0	extra;supernumerary	no	jmdict		8.5	11.9	22.5
エキストラ	1	extra;surplus;excess;additional;special;extraordinary	no	jmdict		8.5	11.9	22.5
リフレクション	0	reflection	no	jmdict		6.0	14.4	1.0
スタンプ	0	stamp	no	jmdict		1.8	18.5	12.9
スタンプ	1	sticker;emoji	no	jmdict		1.8	18.5	12.9
スタンプ	2	stump	no	jmdict		1.8	18.5	12.9
エキスポ	0	expo;exposition	no	jmdict		6.4	13.9	16.0
シーケンサー	0	sequencer	no	jmdict		1.6	18.7	1.5
シーケンサー	1	programmable logic controller;plc	no	jmdict		1.6	18.7	1.5
コーレル	0		no	none		0.0	20.3	0.3
アラーム	0	alarm	no	jmdict		14.0	6.3	1.8
プルーン	0	prune	no	jmdict		20.1	0.1	0.4
アピール	0	appeal;plea;request	no	jmdict		2.1	18.2	20.5
アピール	1	appeal;attractiveness;allure	no	jmdict		2.1	18.2	20.5
アピール	2	appeal	no	jmdict		2.1	18.2	20.5
アピール	3	emphasizing;calling attention to;making a display of;showing off;playing up;touting;using as a selling point;pitch	no	jmdict		2.1	18.2	20.5
シャロー	0		no	none		18.8	1.4	0.7
スタイリング	0	styling	no	jmdict		18.8	1.4	3.3
メインページ	0	main page;home page	no	jmdict		17.2	3.0	0.3
スカイ	0	sky	no	jmdict		1.6	18.6	71.2
インフォマティクス	0	informatics	no	jmdict		0.0	20.2	1.5
インプ	0	impressions	no	jmdict		17.9	2.3	0.5
インプ	1	imp	no	jmdict		17.9	2.3	0.5
プレシジョン	0	precision	no	jmdict		3.7	16.5	2.3
ベリファイ	0	verify	no	jmdict		14.4	5.7	0.2
オーラル	0	oral	no	jmdict		0.0	20.1	6.6
ハネウェル	0		no	none		0.0	20.1	1.1
リュー	0	six	no	jmdict	chi	6.2	13.9	8.0
ビジュアライゼーション	0	visualization;visualisation	no	jmdict		2.3	17.8	0.8
ログメッセージ	0	log message	no	parts:ログ+メッセージ		19.2	0.8	0.0
オファー	0	offer	no	jmdict		7.6	12.5	19.6
コンボボックス	0	combo box	yes	jmdict		17.6	2.4	0.0
アンサー	0	answer	no	jmdict		4.8	15.2	9.4
チャットボット	0	chatbot	yes	jmdict		3.2	16.8	0.5
スタンド	0	stands;bleachers	no	jmdict		5.5	14.5	35.6
スタンド	1	stand;counter	no	jmdict		5.5	14.5	35.6
スタンド	2	stand	no	jmdict		5.5	14.5	35.6
スタンド	3	desk lamp;floor lamp;standard lamp	no	jmdict		5.5	14.5	35.6
スタンド	4	station	no	jmdict		5.5	14.5	35.6
スイング	0	swing	no	jmdict		0.0	20.0	14.1
リーズン	0	reason	no	jmdict		11.4	8.5	4.6
アクセント	0	accent;stress;pitch accent	no	jmdict		9.8	10.1	12.6
アクセント	1	intonation;inflection;cadence	no	jmdict		9.8	10.1	12.6
アクセント	2	accent	no	jmdict		9.8	10.1	12.6
アクセント	3	accent;highlight;emphasis	no	jmdict		9.8	10.1	12.6
ペネトレーションテスト	0	penetration test	yes	jmdict		12.8	7.1	0.1
シンガポール	0	singapore	no	jmdict		0.2	19.7	49.3
マイケル	0		no	none		0.2	19.7	65.9
サブコマンド	0	subcommand	yes	jmdict		18.1	1.8	0.1
マニュファクチャリング	0	manufacturing	no	jmdict		3.2	16.7	3.8
トピックス	0	topics	no	jmdict		5.5	14.4	22.3
トピックス	1	tokyo stock price index;topix	no	jmdict		5.5	14.4	22.3
ティム	0		no	none		2.1	17.8	13.9
クエーサー	0	quasar;quasi-stellar object;qso	no	jmdict		19.0	0.8	1.4
ブラックリスト	0	blacklist	no	jmdict		7.3	12.5	2.7
リスクアセスメント	0	risk assessment	no	jmdict		17.4	2.4	0.3
ミックスト	0	mixed	no	jmdict		3.2	16.6	7.0
プロジェクトチーム	0	project team	no	jmdict		15.3	4.4	2.2
パーク	0	park	no	jmdict		0.5	19.3	129.2
パーク	1	parking	no	jmdict		0.5	19.3	129.2
パーク	2	perk;special ability	no	jmdict		0.5	19.3	129.2
サブバージョン	0	sub version	no	parts:サブ+バージョン		1.8	17.9	0.4
ショートカットキー	0	shortcut key	yes	jmdict		7.1	12.6	0.2
ネットワークアドレス	0	network address	yes	jmdict		7.1	12.6	0.2
プリセット	0	preset	no	jmdict		7.8	11.9	1.4
レイト	0	rate	no	jmdict		0.2	19.4	12.9
レイト	1	rating;ranking	no	jmdict		0.2	19.4	12.9
レイト	2	late	no	jmdict		0.2	19.4	12.9
エージェンシー	0	agency	no	jmdict		4.8	14.8	26.4
ショッピング	0	shopping	no	jmdict		5.5	14.1	15.8
プロモーション	0	promotion	no	jmdict		4.6	15.0	33.7
コンペティション	0	competition	no	jmdict		0.7	18.9	15.7
ペンギン	0	penguin	no	jmdict		0.7	18.9	19.1
イテレート	0		no	none		18.8	0.7	0.0
アンノウン	0	unknown	no	jmdict		13.3	6.2	5.8
スペイン	0	spain	no	jmdict		0.7	18.8	136.9
エンド	0	and	no	jmdict		5.0	14.4	31.2
エンド	1	end;ending	no	jmdict		5.0	14.4	31.2
セカンダリー	0	secondary	no	jmdict		9.4	10.0	1.2
セミコンダクター	0	semiconductor	no	jmdict		0.0	19.4	0.7
タイムシェアリングシステム	0	time-sharing system	yes	jmdict		0.0	19.4	0.3
シックス	0	six	no	jmdict		0.7	18.7	19.9
シックス	1	sixth	no	jmdict		0.7	18.7	19.9
プリレンダリング	0		no	none		18.5	0.8	0.1
システムソフトウェア	0	system software	yes	jmdict		1.4	18.0	0.6
スケールダウン	0	scale fall	no	parts:スケール+ダウン		18.3	1.0	0.2
トライ	0	try;attempt	no	jmdict		5.7	13.6	14.9
トライ	1	try	no	jmdict		5.7	13.6	14.9
ヤング	0	young	no	jmdict		0.2	19.1	90.6
ヤング	1	youth;young person	no	jmdict		0.2	19.1	90.6
サクセス	0	success	no	jmdict		3.2	16.1	9.5
シナモン	0	cinnamon	no	jmdict		0.0	19.3	3.7
エクスクルーシブ	0	exclusive	no	jmdict		3.0	16.3	11.2
アクセッサー	0		no	none		9.8	9.4	0.2
トレード	0	trade;trading	no	jmdict		2.1	17.2	52.7
ハッカソン	0	hackathon	no	jmdict		0.5	18.8	0.5
ハフマン	0		no	none		0.5	18.8	1.0
バグフィックス	0	bug fix	yes	jmdict		11.9	7.3	0.1
ブーム	0	boom;craze;fad	no	jmdict		0.2	19.0	30.5
ブーム	1	boom	no	jmdict		0.2	19.0	30.5
ミーン	0		no	none		2.5	16.7	4.4
リッチテキスト	0	rich text	no	parts:リッチ+テキスト		12.6	6.6	0.1
パーソナライズ	0	personalization	no	jmdict		11.0	8.2	0.3
メダル	0	medal	no	jmdict		0.0	19.2	111.4
チェックアウト	0	checking out;check-out	no	jmdict		12.1	7.0	0.7
ケイ	0	kelvin	no	jmdict		1.8	17.3	14.7
ケイ	1	karat;carat	no	jmdict		1.8	17.3	14.7
ケイ	2	potassium	no	jmdict		1.8	17.3	14.7
ケイ	3	king	no	jmdict		1.8	17.3	14.7
ケイ	4	key;black	no	jmdict		1.8	17.3	14.7
ケイ	5	kitchen	no	jmdict		1.8	17.3	14.7
プリンティング	0	printing	no	jmdict		3.2	15.9	3.6
ゲームソフト	0	video game;computer game;console game	no	jmdict		0.0	19.1	18.0
リストア	0	restoration	no	jmdict		10.8	8.3	0.3
リストア	1	restore;recovery	yes	jmdict		10.8	8.3	0.3
ガイ	0	guy	no	jmdict		2.1	17.0	16.4
パフォーム	0		no	none		12.1	6.9	1.5
カルチャー	0	culture	no	jmdict		0.5	18.6	41.9
ロット	0	lot;batch	no	jmdict		2.7	16.3	7.8
ロット	1	lot;plot	no	jmdict		2.7	16.3	7.8
ロット	2	lottery;lotto	no	jmdict		2.7	16.3	7.8
キャッスル	0	castle	no	jmdict		12.8	6.2	15.4
キャッスル	1	compact application solution language;casl	yes	jmdict		12.8	6.2	15.4
キャリー	0	carry;carrying	no	jmdict		1.1	17.9	11.0
セキュリ	0		no	none		19.0	0.0	0.0
フォワーディング	0	forwarding	no	jmdict		8.0	11.0	0.2
タイ	0	tie;necktie	no	jmdict		4.1	14.9	94.2
タイ	1	tie;draw;tied score	no	jmdict		4.1	14.9	94.2
タイ	2	tie	no	jmdict		4.1	14.9	94.2
タイ	3	sea bream;porgy	no	jmdict		4.1	14.9	94.2
タイ	4	thailand	no	jmdict		4.1	14.9	94.2
ペイ	0	pay;salary	no	jmdict		4.1	14.9	8.8
ペイ	1	to pay;to be profitable	no	jmdict		4.1	14.9	8.8
ペイ	2	heroin	no	jmdict		4.1	14.9	8.8
マルチユーザー	0	multi-user;multiuser	yes	jmdict		0.9	18.1	0.3
プリロード	0		no	none		17.2	1.8	0.1
アフィリエイト	0	affiliate;affiliation	no	jmdict		1.6	17.4	1.3
フライト	0	flight	no	jmdict		3.9	15.1	26.8
タネンバウム	0		no	none		0.0	19.0	0.3
クリックジャッキング	0		no	none		16.9	2.0	0.0
ローカライゼーション	0	localization;localisation	yes	jmdict		8.2	10.7	1.3
ファンド	0	fund	no	jmdict		0.5	18.5	15.5
フレッツ	0	flet's	no	jmdict		0.0	18.9	2.2
スクラッチ	0	scratch	no	jmdict		8.5	10.4	2.9
プリエンプション	0		no	none		13.1	5.8	0.1
エピソード	0	episode;anecdote;vignette	no	jmdict		2.1	16.8	104.1
エピソード	1	episode	no	jmdict		2.1	16.8	104.1
プレイリスト	0	playlist	no	jmdict		3.4	15.4	5.3
サムシング	0	something	no	jmdict		2.5	16.3	7.1
コンサルタント	0	consultant	no	jmdict		1.6	17.2	14.0
リーン	0		no	none		0.0	18.8	4.1
ロボティクス	0	robotics	no	jmdict		0.0	18.8	4.2
コーエン	0		no	none		0.5	18.3	9.0
ビック	0	big	no	jmdict		0.5	18.3	8.7
ログレベル	0	log level	no	parts:ログ+レベル		18.3	0.4	0.0
キーストローク	0	key-stroke	yes	jmdict		10.3	8.4	0.1
エグザミネーション	0	examination	no	jmdict		14.9	3.8	1.4
アサイン	0	assignment	no	jmdict		12.4	6.3	0.4
パストラバーサル	0		no	none		18.5	0.1	0.0
フィジックス	0	physics	no	jmdict		1.4	17.3	12.3
フォレンジック	0	forensic	no	jmdict		5.0	13.6	0.4
スケールアップ	0	scale-up	no	jmdict		14.9	3.7	0.5
ビーム	0	beam	no	jmdict		1.6	17.0	36.0
ハッピー	0	happy	no	jmdict		3.9	14.7	55.3
メガ	0	mega;enormous;huge	no	jmdict		0.0	18.6	13.6
バンドラー	0		no	none		18.5	0.0	0.1
ハイヤー	0	hired car with driver;chauffeur-driven vehicle for hire	no	jmdict		2.7	15.8	10.4
ブルックス	0		no	none		0.2	18.3	9.4
メーンストリーム	0		no	none		0.2	18.3	1.6
シールド	0	shield	no	jmdict		0.0	18.5	20.0
フロップ	0	flop;failure	no	jmdict		0.0	18.5	1.0
フロップ	1	flop	no	jmdict		0.0	18.5	1.0
ワークス	0	works	no	jmdict		0.0	18.5	41.6
コンストラクション	0	construction	no	jmdict		0.7	17.8	6.5
スイス	0	switzerland	no	jmdict	fre	1.4	17.1	58.9
ロシアン	0	russian	no	jmdict		2.1	16.4	22.9
アドバイザリ	0	advisory	no	jmdict		16.0	2.4	0.1
レディネス	0	readiness	no	jmdict		17.4	1.0	0.3
ヘンリー	0	henry	no	jmdict		0.0	18.4	79.2
トーン	0	tone	no	jmdict		4.6	13.8	10.0
ワープ	0	warp	no	jmdict		0.7	17.7	14.3
オフスクリーン	0	off screen	no	parts:オフ+スクリーン		15.8	2.5	0.1
セ	0	central league;cl	no	jmdict		18.1	0.2	8.5
アドレッシングモード	0	addressing mode	yes	jmdict		0.0	18.3	0.2
クーパー	0		no	none		0.0	18.3	16.7
ナッシュ	0		no	none		0.0	18.3	5.7
ヘッドホン	0	headphone;headphones	no	jmdict		3.0	15.3	4.2
スケルトン	0	skeleton	no	jmdict		13.7	4.5	4.1
スケルトン	1	transparency;translucency;see-through body	no	jmdict		13.7	4.5	4.1
ボース	0		no	none		4.4	13.9	6.6
イテレーション	0	iteration	yes	jmdict		14.4	3.8	0.1
プレファレンス	0	preference	no	jmdict		12.8	5.4	1.0
ビコーズ	0		no	none		5.7	12.5	5.0
リンター	0	linter	no	jmdict		15.8	2.4	0.1
テレコム	0	telecommunication	no	jmdict		0.2	18.0	6.4
インセット	0	inset	no	jmdict		18.1	0.1	0.0
エバー	0	ever	no	jmdict		0.9	17.3	15.3
アムダール	0		no	none		0.0	18.2	0.3
フィンガープリント	0	fingerprint	no	jmdict		14.0	4.2	0.1
レジストレーション	0	registration	yes	jmdict		6.2	12.0	1.9
アセンブル	0	assemble	no	jmdict		3.7	14.5	1.2
クロード	0	claude	no	jmdict		2.1	16.1	17.4
レーダー	0	radar	no	jmdict		0.5	17.7	35.9
シングルス	0	singles	no	jmdict		8.9	9.2	47.5
シングルス	1	single people;unmarried people	no	jmdict		8.9	9.2	47.5
データマイニング	0	data mining	yes	jmdict		1.1	17.0	0.5
アドバイザリー	0	advisory	no	jmdict		5.7	12.4	3.8
キャンパス	0	campus	no	jmdict		0.9	17.2	57.7
スワイプ	0	swipe	no	jmdict		11.7	6.4	0.5
チート	0	cheating	no	jmdict		4.6	13.5	4.3
インターチェンジ	0	interchange;service interchange	no	jmdict		1.4	16.7	45.0
フルパス	0	full path	no	jmdict		15.3	2.7	0.0
ピクチャーズ	0		no	none		3.7	14.4	29.5
パッシブ	0	passive	no	jmdict		6.0	12.1	2.1
プレミア	0	premium	no	jmdict		0.5	17.6	48.3
プレミア	1	premiere	no	jmdict		0.5	17.6	48.3
アース	0	earth;ground;earthing;grounding	no	jmdict		1.1	16.9	42.9
アース	1	earth	no	jmdict		1.1	16.9	42.9
レビュアー	0	reviewer	no	jmdict		13.5	4.5	1.9
ミニマム	0	minimum	no	jmdict		3.2	14.8	6.3
ファンクションキー	0	function key	yes	jmdict		1.6	16.4	0.3
ニフティー	0	nifty corporation	no	jmdict		0.0	18.0	2.0
バウンド	0	bounce;bound	no	jmdict		6.2	11.8	5.7
クラッキング	0	cracking	yes	jmdict		0.7	17.3	1.1
バックポート	0	backport;backporting	yes	jmdict		11.4	6.5	0.1
ポーズ	0	pose	no	jmdict		12.1	5.8	15.8
ポーズ	1	pose;posturing;pretence;act	no	jmdict		12.1	5.8	15.8
ポーズ	2	baozi	no	jmdict		12.1	5.8	15.8
ポーズ	3	pause	no	jmdict		12.1	5.8	15.8
ポーズ	4	rest	no	jmdict		12.1	5.8	15.8
ルビ	0	ruby	no	jmdict		14.4	3.5	2.3
ルビ	1	ruby character;small hiragana or katakana readings of kanji usually above or to the side of the kanji	no	jmdict		14.4	3.5	2.3
コレクター	0	collector	no	jmdict		10.5	7.4	9.4
コレクター	1	corrector	no	jmdict		10.5	7.4	9.4
デシリアライズ	0	deserialization;deserialize	yes	jmdict		16.7	1.2	0.0
ト	0	vii	no	jmdict		16.7	1.2	4.6
ト	1	turkey	no	jmdict		16.7	1.2	4.6
アゲイン	0	repeat of a deuce	no	jmdict		1.8	16.1	23.4
アゲイン	1	again	no	jmdict		1.8	16.1	23.4
バーチカル	0	vertical	no	jmdict		14.9	3.0	1.7
ジ	0	the	no	jmdict		15.6	2.3	22.8
ジ	1	quintessential;definitive;representative;typical;classic	no	jmdict		15.6	2.3	22.8
ハワード	0		no	none		0.0	17.9	26.6
グリッドセル	0	grid cell	no	parts:グリッド+セル		17.9	0.0	0.0
リーフ	0	reef	no	jmdict		5.3	12.6	12.3
リーフ	1	leaf	no	jmdict		5.3	12.6	12.3
ゴーイング	0		no	none		1.4	16.5	10.3
プライズ	0	prize	no	jmdict		0.2	17.6	13.7
グラフィックスカード	0	graphics card;video card	yes	jmdict		0.9	16.9	0.3
シリンダー	0	cylinder	no	jmdict		7.8	10.0	13.0
アルミニウム	0	aluminium;aluminum	no	jmdict		0.0	17.8	12.8
エッカート	0		no	none		0.0	17.8	1.2
クラスタリング	0	clustering	yes	jmdict		2.7	15.0	0.4
クラスタリング	1	clustering;cluster analysis	no	jmdict		2.7	15.0	0.4
シュール	0	surreal	no	jmdict		2.5	15.2	16.4
シュール	1	surrealism	no	jmdict		2.5	15.2	16.4
シュール	2	shul;schul;synagogue	no	jmdict		2.5	15.2	16.4
ヘッディング	0	heading	no	jmdict		16.5	1.2	2.8
ヘッディング	1	header;heading	no	jmdict		16.5	1.2	2.8
ヘッディング	2	headbutt	no	jmdict		16.5	1.2	2.8
アニバーサリー	0	anniversary	no	jmdict		0.0	17.7	49.2
マイクロプログラム	0	microprogram;microprogramme	yes	jmdict		0.0	17.7	0.2
イコール	0	equal;equivalent	no	jmdict		10.1	7.6	2.7
イコール	1	equals sign;equality sign	no	jmdict		10.1	7.6	2.7
イコール	2	equals	no	jmdict		10.1	7.6	2.7
リカーシブ	0	recursive	yes	jmdict		2.3	15.4	0.4
プレート	0	plate	no	jmdict		9.2	8.5	22.1
プレート	1	plate;pitcher's mound	no	jmdict		9.2	8.5	22.1
プレート	2	plate;anode	no	jmdict		9.2	8.5	22.1
コントリビューション	0	contribution	no	jmdict		11.4	6.2	2.0
バックライト	0	backlight;backlighting	no	jmdict		0.5	17.2	1.3
バックライト	1	backlight	no	jmdict		0.5	17.2	1.3
バックライト	2	backup light;reversing light	no	jmdict		0.5	17.2	1.3
サミュエル	0		no	none		0.2	17.4	22.7
ムーア	0	moor;moorland	no	jmdict		0.2	17.4	17.0
グルービー	0	groovy	no	jmdict		0.0	17.6	1.7
ゼネラル	0	general	no	jmdict		0.0	17.6	12.3
サーフェス	0	surface	no	jmdict		3.7	13.9	1.1
ダメージ	0	damage	no	jmdict		5.0	12.5	41.1
ギャング	0	gang	no	jmdict		5.7	11.8	21.3
ギャング	1	gangster	no	jmdict		5.7	11.8	21.3
アンダーソン	0		no	none		0.2	17.3	26.6
ビズ	0		no	none		1.6	15.9	11.9
クオーツ	0	quartz	no	jmdict		0.0	17.5	2.7
コミットメント	0	commitment	no	jmdict		4.1	13.3	1.7
ハミング	0	humming	no	jmdict		0.2	17.2	2.4
アクセサリー	0	accessory;jewelry	no	jmdict		0.9	16.5	8.7
アクセサリー	1	accessory	no	jmdict		0.9	16.5	8.7
イタリア	0	italy	no	jmdict	ita	0.9	16.5	207.5
バウンディング	0		no	none		14.9	2.5	0.2
フィールズ	0		no	none		11.0	6.4	8.1
インターオペラビリティー	0	interoperability	yes	jmdict		0.0	17.4	0.3
ブレティン	0		no	none		2.3	15.1	11.4
デンマーク	0	denmark	no	jmdict		0.7	16.7	49.8
テキストエリア	0	text area	no	parts:テキスト+エリア		16.7	0.6	0.0
ネータ	0		no	none		1.8	15.5	0.4
スプリント	0	sprint	no	jmdict		1.6	15.7	16.8
スプリント	1	splint	no	jmdict		1.6	15.7	16.8
ペース	0	pace	no	jmdict		6.9	10.4	15.2
セミナー	0	seminar	no	jmdict		3.0	14.3	19.0
エディティング	0	editing	no	jmdict		1.4	15.9	1.4
ラピート	0		no	none		2.1	15.2	4.1
シン	0	thin	no	jmdict		14.4	2.8	25.8
シン	1	shin	no	jmdict		14.4	2.8	25.8
チルドレン	0	children	no	jmdict		7.3	9.9	25.3
チルドレン	1	group of politicians associated with a particular political leader;politicians riding on a leader's coattails	no	jmdict		7.3	9.9	25.3
バルク	0	bulk	no	jmdict		4.8	12.4	3.5
ノルウェー	0	norway	no	jmdict		0.9	16.3	44.0
パイル	0	pile	no	jmdict		14.9	2.3	2.8
ジェリー	0	jello;jelly;gelatin dessert	no	jmdict		13.3	3.9	21.6
ジェリー	1	gel;jelly	no	jmdict		13.3	3.9	21.6
ゲアリー	0		no	none		0.0	17.2	8.6
オプト	0		no	none		6.2	11.0	1.4
ディザー	0	dither;dithering	yes	jmdict		0.7	16.5	0.5
ロナルド	0		no	none		1.4	15.8	11.5
ストック	0	stock;inventory	no	jmdict		0.5	16.7	15.4
ストック	1	stocking up	no	jmdict		0.5	16.7	15.4
ストック	2	stock	no	jmdict		0.5	16.7	15.4
ストック	3	stock;share	no	jmdict		0.5	16.7	15.4
ストック	4	garden stock;gillyflower	no	jmdict		0.5	16.7	15.4
ストック	5	ski pole;ski stick	no	jmdict		0.5	16.7	15.4
ストック	6	trekking pole;hiking staff;walking stick	no	jmdict		0.5	16.7	15.4
シスコシステムズ	0	cisco systems	no	jmdict		0.9	16.2	0.5
ビジー	0	busy	no	jmdict		7.1	10.0	1.4
ナッシング	0	nothing	no	jmdict		1.6	15.5	6.7
ナッシング	1	no balls;count of zero	no	jmdict		1.6	15.5	6.7
ナッシング	2	without;none at all	no	jmdict		1.6	15.5	6.7
ク	0		no	none		16.7	0.3	6.9
メンバーシップ	0	membership	no	jmdict		6.4	10.6	2.4
ロスト	0	lost;loss	no	jmdict		4.8	12.2	29.8
ロスト	1	to lose	no	jmdict		4.8	12.2	29.8
ロスト	2	lost	no	jmdict		4.8	12.2	29.8
アーロン	0		no	none		1.6	15.4	14.4
ランプ	0	lamp;light	no	jmdict		1.6	15.4	21.3
ランプ	1	lamp	no	jmdict		1.6	15.4	21.3
ランプ	2	ramp	no	jmdict		1.6	15.4	21.3
ランプ	3	rump	no	jmdict		1.6	15.4	21.3
サロゲート	0	surrogate	no	jmdict		15.6	1.4	0.2
スレート	0	slate	no	jmdict		0.0	17.0	3.8
フラクタル	0	fractal	no	jmdict		0.0	17.0	2.0
アサート	0	assert	no	jmdict		12.4	4.6	0.1
キャリッジ	0	carriage	no	jmdict		8.5	8.5	1.0
アルパイン	0	alpine	no	jmdict		6.9	10.1	2.6
サブパス	0	subpath	yes	jmdict		16.9	0.0	0.0
システ	0		no	none		16.7	0.2	0.0
データフェッチ	0	data fetch	no	parts:データ+フェッチ		16.7	0.2	0.0
フィンランド	0	finland	no	jmdict		1.1	15.8	41.7
セグメンテーション	0	segmentation	no	jmdict		3.4	13.5	0.7
レスポンシブデザイン	0	responsive design	no	parts:レスポンシブ+デザイン		15.8	1.1	0.0
フィッシュ	0	fish	no	jmdict		4.1	12.8	22.6
ギガバイト	0	gigabyte;gb	yes	jmdict		3.2	13.7	0.3
コンピューターサイエンス	0	computer science	no	jmdict		3.2	13.7	1.0
ソナー	0	sonar	no	jmdict		0.0	16.9	5.7
テレグラフ	0	telegraph	no	jmdict		0.0	16.9	16.2
アンパック	0	unpacking	yes	jmdict		16.3	0.6	0.0
フェーク	0	fake	no	jmdict		3.7	13.2	9.8
フェーク	1	improvisation;ad-lib;vocal run;vocal riff	no	jmdict		3.7	13.2	9.8
フェーク	2	feint	no	jmdict		3.7	13.2	9.8
ローアー	0		no	none		6.6	10.2	6.2
ント	0		no	none		16.7	0.1	0.1
アニマル	0	animal	no	jmdict		3.4	13.4	19.3
トリアージ	0	triage	no	jmdict	fre	14.7	2.1	0.8
アドバンテージ	0	advantage	no	jmdict		1.8	14.9	4.0
アドバンテージ	1	advantage;advantage rule	no	jmdict		1.8	14.9	4.0
ルイス	0		no	none		0.2	16.5	60.0
クックブック	0	cook book	no	parts:クック+ブック		8.7	8.0	1.0
ウォーレン	0		no	none		0.0	16.7	15.4
マニア	0	enthusiast	no	jmdict		0.0	16.7	20.5
マニア	1	mania;enthusiasm	no	jmdict		0.0	16.7	20.5
ネーミング	0	naming;branding	no	jmdict		2.3	14.4	8.4
ホテル	0	hotel	no	jmdict		4.6	12.1	156.8
バックボーン	0	backbone;support	no	jmdict		1.1	15.5	1.8
バックボーン	1	backbone	yes	jmdict		1.1	15.5	1.8
ムービング	0	moving	no	jmdict		1.1	15.5	4.5
ソリッドステート	0	solid-state	no	jmdict		1.8	14.8	0.7
ドッグ	0	dock	no	jmdict		2.5	14.1	36.3
ドッグ	1	thorough physical examination	no	jmdict		2.5	14.1	36.3
ドッグ	2	dog	no	jmdict		2.5	14.1	36.3
ドッグ	3	hotdog	no	jmdict		2.5	14.1	36.3
ドッグ	4	firedog;andiron	no	jmdict		2.5	14.1	36.3
テスター	0	multimeter;multitester;volt-ohm-milliammeter	no	jmdict		3.9	12.7	2.0
ルネサス	0	renesas	no	jmdict		0.0	16.6	1.0
パズル	0	puzzle	no	jmdict		2.3	14.3	18.5
ミニマル	0	minimal	no	jmdict		6.0	10.6	1.7
サーフ	0	surf	no	jmdict		0.2	16.3	4.7
グラフィックカード	0	graphics card;video card	yes	jmdict		0.9	15.6	0.3
オープナー	0	opener	no	jmdict		16.0	0.4	1.3
シカゴ	0	chicago	no	jmdict		0.5	16.0	59.9
リクワイアー	0		no	none		8.9	7.5	0.4
サブモジュール	0	sub module	no	parts:サブ+モジュール		14.9	1.5	0.0
シップ	0	ship	no	jmdict		3.9	12.5	23.2
レノボ	0	lenovo	no	jmdict		0.0	16.4	0.7
ターゲッティング	0	targeting	no	jmdict		4.6	11.8	1.9
ブルート	0		no	none		9.2	7.2	1.1
バイザー	0	visor	no	jmdict		1.4	15.0	2.2
ペンディング	0	pending	no	jmdict		13.7	2.6	0.6
タイトルバー	0	title bar	yes	jmdict		6.0	10.4	0.1
フィフス	0		no	none		1.1	15.2	14.8
フェイル	0	failure	no	jmdict		4.1	12.2	1.2
コッド	0		no	none		0.0	16.3	0.7
バックグラウンドフェッチ	0	background fetch	no	parts:バックグラウンド+フェッチ		16.3	0.0	0.0
プリフライトリクエスト	0		no	none		16.3	0.0	0.0
ハート	0	heart	no	jmdict		9.8	6.4	61.2
ハート	1	hearts	no	jmdict		9.8	6.4	61.2
ミルズ	0		no	none		3.4	12.8	7.1
スタンバイ	0	standby	no	jmdict		2.5	13.7	2.0
ビカム	0		no	none		3.9	12.3	5.2
エコノミスト	0	economist	no	jmdict		0.0	16.2	7.4
エコノミスト	1	the economist	no	jmdict		0.0	16.2	7.4
メサ	0	mesa	no	jmdict	spa	0.0	16.2	2.8
クロール	0	crawl;front crawl;forward crawl	no	jmdict		7.6	8.6	1.6
クロール	1	crawling	no	jmdict		7.6	8.6	1.6
クロール	2	chlorine	no	jmdict		7.6	8.6	1.6
クロール	3	chloride	no	jmdict		7.6	8.6	1.6
アピアランス	0	appearance	no	jmdict		12.1	4.0	1.5
ネットスケープ	0		no	none		0.5	15.7	0.3
エンベロープ	0	envelope	no	jmdict		6.6	9.5	1.7
インデクス	0	index	no	jmdict		13.5	2.6	0.0
アグリゲーション	0	aggregation	no	jmdict		6.4	9.7	0.7
アドレスバス	0	address bus	yes	jmdict		0.0	16.1	0.2
アマチュア	0	amateur	no	jmdict		0.0	16.1	41.1
プロッター	0	plotter	yes	jmdict		0.0	16.1	0.5
ヘルド	0		no	none		1.4	14.7	4.4
パックス	0	pax;peace	no	jmdict	lat	4.4	11.7	2.6
リプレースメント	0		no	none		4.4	11.7	1.5
アヘッド	0	ahead	no	jmdict		2.7	13.3	5.3
ライズ	0		no	none		5.0	11.0	6.9
トム	0		no	none		0.2	15.8	45.1
レイトレーシング	0	ray-tracing	yes	jmdict		0.2	15.8	0.3
スナップドラゴン	0	snapdragon	no	jmdict		0.0	16.0	1.0
パッシング	0	headlight flashing;high beaming	no	jmdict		0.7	15.3	0.9
パッシング	1	passing shot	no	jmdict		0.7	15.3	0.9
パッシング	2	passing	no	jmdict		0.7	15.3	0.9
シス	0	cis	no	jmdict		14.7	1.3	3.6
シス	1	commonwealth of independent states;cis	no	jmdict		14.7	1.3	3.6
シス	2	critical incident stress;cis	no	jmdict		14.7	1.3	3.6
シス	3	strategic information system	no	jmdict		14.7	1.3	3.6
シス	4	sister	no	jmdict		14.7	1.3	3.6
シス	5	sith	no	jmdict		14.7	1.3	3.6
モノラル	0	monaural;monophonic;mono	no	jmdict		6.9	9.1	4.1
サブタグ	0	sub tag	no	parts:サブ+タグ		15.8	0.1	0.0
モバイルアプリケーション	0	mobile application	no	parts:モバイル+アプリケーション		4.1	11.8	0.4
アーノルド	0		no	none		0.2	15.7	13.6
メルセンヌ	0		no	none		0.9	15.0	0.9
エフェクティブ	0	effective	no	jmdict		3.9	12.0	2.8
コングレス	0	congress	no	jmdict		0.0	15.9	12.0
シスコ	0	san francisco	no	jmdict		0.0	15.9	1.9
シスコ	1	cisco systems;sysco	no	jmdict		0.0	15.9	1.9
ツーゼ	0		no	none		0.0	15.9	0.4
コレクト	0	collect	no	jmdict		7.6	8.3	1.5
グルー	0	glue	no	jmdict		4.4	11.5	3.7
グルー	1	grue	no	jmdict		4.4	11.5	3.7
ツイン	0	twin	no	jmdict		1.1	14.7	27.8
ツイン	1	twin room;double room	no	jmdict		1.1	14.7	27.8
メトリック	0	metric	no	jmdict	ger	9.6	6.2	0.4
サー	0	sir	no	jmdict		11.9	3.9	26.9
ウォズニアック	0		no	none		0.0	15.8	0.5
コミュニケーター	0	communicator;operator in a telemarketing business	no	jmdict		0.0	15.8	0.8
デビュー	0	debut;doing something for the first time	no	jmdict	fre	0.0	15.8	321.2
デビュー	1	starting anew;starting afresh	no	jmdict	fre	0.0	15.8	321.2
レイジー	0		no	none		8.5	7.3	2.4
ミキサー	0	mixer	no	jmdict		0.7	15.1	4.4
ミキサー	1	blender	no	jmdict		0.7	15.1	4.4
メークファイル	0	make-up file	no	parts:メーク+ファイル		7.6	8.2	0.1
ビジネスロジック	0	business logic	yes	jmdict		5.7	10.0	0.1
ブリティッシュ	0	british	no	jmdict		0.2	15.5	40.6
マスコット	0	mascot	no	jmdict		0.2	15.5	23.6
バックト	0		no	none		8.7	7.0	2.0
シャノン	0		no	none		0.0	15.7	3.8
ニンテンドー	0	nintendo	no	jmdict		0.0	15.7	18.6
フォローアップ	0	follow-up	no	jmdict		13.1	2.6	1.7
ハンドシェイク	0	handshake	yes	jmdict		11.4	4.2	0.1
ヘブライ	0	hebrew	no	jmdict	gre	6.0	9.7	13.1
カリキュラム	0	curriculum	no	jmdict		6.6	9.0	7.6
ファーム	0	farm	no	jmdict		1.1	14.5	17.5
ファーム	1	farm team	no	jmdict		1.1	14.5	17.5
ファーム	2	firm	no	jmdict		1.1	14.5	17.5
グレースケール	0	grayscale;greyscale	yes	jmdict		7.1	8.5	0.3
コンバージョン	0	conversion	no	jmdict		13.3	2.3	1.2
クリスタル	0	crystal	no	jmdict		0.0	15.6	35.0
ジェイコブ	0		no	none		0.0	15.6	11.0
トンプソン	0		no	none		0.0	15.6	10.0
パラドックス	0	paradox	no	jmdict		0.0	15.6	8.7
ベーシス	0		no	none		8.5	7.1	4.8
スクローラー	0		no	none		15.3	0.2	0.0
ビジター	0	visitor	no	jmdict		4.4	11.2	8.9
ビジター	1	visiting team	no	jmdict		4.4	11.2	8.9
アドミニストレーション	0	administration	yes	jmdict		2.7	12.8	9.3
レポーター	0	reporter	no	jmdict		11.2	4.3	58.1
ツアー	0	tour	no	jmdict		5.7	9.8	259.0
ケルベロス	0	cerberus	no	jmdict	gre	1.8	13.7	2.9
ホールディングス	0	holdings	no	jmdict		0.2	15.3	23.3
パラメトリック	0	parametric	no	jmdict		0.9	14.6	0.8
ゼロデイ	0		no	none		7.8	7.7	0.2
エキスパートシステム	0	expert system	yes	jmdict		0.0	15.5	0.3
ボールド	0	bold;boldface	no	jmdict		4.6	10.9	5.4
ボールド	1	blackboard	no	jmdict		4.6	10.9	5.4
プリーズ	0	please	no	jmdict		6.6	8.8	6.3
ロサンゼルス	0	los angeles	no	jmdict		0.2	15.2	72.0
ピース	0	peace	no	jmdict		3.2	12.2	19.7
ピース	1	peace sign;v sign	no	jmdict		3.2	12.2	19.7
ピース	2	piece	no	jmdict		3.2	12.2	19.7
グレゴリー	0		no	none		1.6	13.8	13.0
カシオ	0	casio	no	jmdict		0.0	15.4	1.9
カシオ	1	cascio	no	jmdict		0.0	15.4	1.9
ダグラス	0		no	none		0.0	15.4	20.6
ダイナミックレンジ	0	dynamic range	yes	jmdict		2.3	13.1	0.8
トゥギャザー	0		no	none		2.3	13.1	11.5
ファジー	0	fuzzy	no	jmdict		2.3	13.1	3.0
デマンド	0	demand	no	jmdict		1.4	14.0	6.0
イメージファイル	0	image file	no	jmdict		2.1	13.3	0.2
シングルトン	0		no	none		13.5	1.8	0.7
ポリ	0	polyethylene	no	jmdict		1.8	13.5	4.0
ポリ	1	polyphony	no	jmdict		1.8	13.5	4.0
ポリ	2	police;police officer;cop	no	jmdict		1.8	13.5	4.0
モバイルアプリ	0	mobile app	no	parts:モバイル+アプリ		2.5	12.8	0.6
ペリフェラル	0	peripheral	yes	jmdict		0.0	15.3	1.0
リッピング	0	ripping	yes	jmdict		0.0	15.3	0.4
フラグメンテーション	0	fragmentation	no	jmdict		3.7	11.6	0.5
オクターブ	0	octave	no	jmdict	fre	2.1	13.2	2.9
サブプロジェクト	0	sub project	no	parts:サブ+プロジェクト		8.2	7.0	0.1
コサイン	0	cosine	no	jmdict		2.7	12.5	0.4
エドガー	0	edgar	no	jmdict		0.2	15.0	12.8
プラネット	0	planet	no	jmdict		0.2	15.0	33.2
リボン	0	ribbon	no	jmdict		0.2	15.0	28.4
レスリー	0		no	none		0.2	15.0	9.5
オールインワン	0	all-in-one	no	jmdict		2.5	12.7	0.5
ヘルマン	0		no	none		1.6	13.6	16.0
ソックス	0	socks	no	jmdict		4.6	10.6	16.1
ソックス	1	sulfur oxide;sulphur oxide	no	jmdict		4.6	10.6	16.1
シリア	0	syria	no	jmdict		13.1	2.1	31.8
ファイルアクセス	0	file access	yes	jmdict		6.0	9.2	0.1
ドア	0	door	no	jmdict		5.0	10.1	35.7
セコイア	0	sequoia;redwood	no	jmdict	lat	0.2	14.9	1.2
トップダウン	0	top down	yes	jmdict		2.5	12.6	0.7
アセスメント	0	assessment	no	jmdict		4.8	10.3	7.4
リーチ	0	reach	no	jmdict		4.8	10.3	24.5
リーチ	1	riichi;declaring that one is one tile away from winning while one's hand is completely concealed	no	jmdict		4.8	10.3	24.5
リーチ	2	being one step away from victory	no	jmdict		4.8	10.3	24.5
リーチ	3	leech	no	jmdict		4.8	10.3	24.5
ウィルコム	0		no	none		0.0	15.1	2.7
ジム	0	gym;gymnasium	no	jmdict		0.0	15.1	41.8
パージング	0	parsing	no	jmdict		4.6	10.5	0.2
エンジニアズ	0		no	none		0.7	14.4	3.0
クラッカー	0	cracker	no	jmdict		0.7	14.4	2.8
クラッカー	1	party popper;cracker	no	jmdict		0.7	14.4	2.8
アッパー	0	upper;upward	no	jmdict		4.4	10.7	13.1
アッパー	1	upper	no	jmdict		4.4	10.7	13.1
アッパー	2	uppercut	no	jmdict		4.4	10.7	13.1
アッパー	3	upper;stimulant	no	jmdict		4.4	10.7	13.1
アサインメント	0	assignment	no	jmdict		8.9	6.1	2.6
スティッキー	0		no	none		11.2	3.8	0.7
バイブレーション	0	vibration	no	jmdict		13.5	1.5	1.5
バイブレーション	1	vibrato;trill	no	jmdict		13.5	1.5	1.5
アウトソーシング	0	out-sourcing;outsourcing	no	jmdict		3.9	11.1	1.8
メカニカル	0	mechanical	no	jmdict		0.0	15.0	4.5
ハリス	0	leader;trace;cast;snell	no	jmdict		2.3	12.7	20.5
ヒエラルキー	0	hierarchy	no	jmdict	ger	0.7	14.3	2.0
ファイナライザー	0		no	none		14.7	0.3	0.0
シュリンク	0	shrink wrap;shrinkwrap	no	jmdict		4.4	10.6	0.7
シュリンク	1	shrink;shrinking	no	jmdict		4.4	10.6	0.7
エクストリーム	0	extreme	no	jmdict		0.5	14.5	5.7
デス	0	death	no	jmdict		0.5	14.5	34.3
デス	1	death metal	no	jmdict		0.5	14.5	34.3
ドラゴン	0	dragon	no	jmdict		0.5	14.5	113.1
ランタイムライブラリ	0	run-time library	yes	jmdict		0.5	14.5	0.2
メンテナ	0		no	none		7.3	7.6	0.1
トラベル	0	travel	no	jmdict		1.8	13.1	21.5
ブラザー	0	brother	no	jmdict		0.2	14.7	10.0
アセンブラー	0	assembler	yes	jmdict		0.9	14.0	0.3
アドウェア	0	adware	yes	jmdict		0.0	14.9	0.2
アンチウイルスソフトウェア	0	anti-virus software wear	no	parts:アンチウイルスソフト+ウェア		0.0	14.9	0.2
マーキング	0	marking	no	jmdict		6.2	8.7	3.0
マーキング	1	scent marking	no	jmdict		6.2	8.7	3.0
シンセシス	0	synthesis	no	jmdict		2.3	12.6	6.2
グラント	0	grant	no	jmdict		2.1	12.8	18.0
ジョージ	0		no	none		0.5	14.4	90.8
ピンチ	0	pinch;tough spot;bind;crisis;predicament	no	jmdict		11.9	2.9	9.3
ピンチ	1	clothespin;clothes peg	no	jmdict		11.9	2.9	9.3
アクティベーション	0	activation	no	jmdict		4.1	10.7	0.3
アクティベーション	1	product activation	yes	jmdict		4.1	10.7	0.3
フォア	0	four	no	jmdict		8.7	6.1	6.2
フォア	1	forehand	no	jmdict		8.7	6.1	6.2
フォア	2	fore	no	jmdict		8.7	6.1	6.2
デッキ	0	deck	no	jmdict		0.9	13.9	22.9
デッキ	1	platform;vestibule	no	jmdict		0.9	13.9	22.9
デッキ	2	observation deck	no	jmdict		0.9	13.9	22.9
デッキ	3	tape deck	no	jmdict		0.9	13.9	22.9
ビューロー	0	bureau	no	jmdict		0.0	14.8	19.3
フォード	0	ford	no	jmdict		0.0	14.8	44.8
モークリー	0		no	none		0.0	14.8	0.3
ネイバー	0		no	none		4.4	10.4	1.8
オプトアウト	0	opt-out;opt out	no	jmdict		8.0	6.7	0.7
プレジデント	0	president	no	jmdict		0.2	14.5	28.0
アプリケーションソフト	0	application software	yes	jmdict		0.9	13.8	0.3
トムキャット	0	tomcat	no	jmdict		3.2	11.5	0.7
サイリックス	0		no	none		0.0	14.7	0.2
アトム	0	atom	no	jmdict		6.2	8.5	10.9
ストレージサービス	0	storage service	no	parts:ストレージ+サービス		5.0	9.6	0.2
アーカイバー	0	archiver	yes	jmdict		1.1	13.5	0.4
マネージング	0		no	none		1.8	12.8	1.9
モリス	0		no	none		0.2	14.4	15.6
リカレント	0	recurrent	no	jmdict		0.2	14.4	0.8
リッチー	0	rich;wealthy;affluent	no	jmdict		0.2	14.4	6.5
リッチー	1	rich	no	jmdict		0.2	14.4	6.5
ウォーターフォール	0	waterfall	no	jmdict		6.4	8.2	0.3
リバースプロキシ	0	reverse proxy	yes	jmdict		7.1	7.5	0.1
スーン	0		no	none		3.2	11.4	4.9
クオーター	0	quarter	no	jmdict		1.6	13.0	7.4
クオーター	1	person with one non-japanese grandparent	no	jmdict		1.6	13.0	7.4
ドルビー	0	dolby;dolbey	no	jmdict		0.0	14.6	2.8
ドルビー	1	dolby laboratories	no	jmdict		0.0	14.6	2.8
プランナー	0	planner	no	jmdict		0.0	14.6	5.6
プランナー	1	game designer	no	jmdict		0.0	14.6	5.6
アドホック	0	ad hoc;temporary;special	no	jmdict	lat	2.3	12.3	0.7
レディー	0	lady	no	jmdict		0.7	13.9	29.7
レディー	1	ready	no	jmdict		0.7	13.9	29.7
デプロイメント	0	deployment	no	jmdict		10.8	3.8	0.1
コーダー	0	coda	no	jmdict	ita	2.1	12.5	0.9
アップデーター	0	updater	yes	jmdict		3.4	11.1	0.3
ガウス	0	gauss	no	jmdict		3.4	11.1	4.6
バッファロー	0	buffalo	no	jmdict		2.5	12.0	12.0
ファクシミリ	0	facsimile	no	jmdict		2.5	12.0	1.8
ファクシミリ	1	fax;fax machine	no	jmdict		2.5	12.0	1.8
デリゲート	0	delegate	yes	jmdict		1.6	12.9	0.2
コードブック	0	code book	no	jmdict		0.0	14.5	0.3
コードブック	1	chord book	no	jmdict		0.0	14.5	0.3
ブーチ	0		no	none		0.0	14.5	0.2
マクスウェル	0	maxwell	no	jmdict		0.0	14.5	6.7
ムーン	0	moon	no	jmdict		0.0	14.5	59.8
レキシカル	0	lexical	no	jmdict		5.3	9.2	0.4
アクセスキー	0	access key	yes	jmdict		12.8	1.6	0.1
ブライアン	0		no	none		0.2	14.2	27.7
バリデータ	0	burr data	no	parts:バリ+データ		13.3	1.1	0.0
マルチプロセッシング	0	multiprocessing	yes	jmdict		0.0	14.4	0.2
ローマ	0	rome	no	jmdict		6.2	8.2	164.7
ポスター	0	poster	no	jmdict		8.5	5.9	30.6
ショーン	0		no	none		0.7	13.7	19.1
パドル	0	paddle	no	jmdict		12.8	1.5	2.4
プラチナ	0	platinum	no	jmdict	spa	5.7	8.6	12.8
セルラー	0	cellular	no	jmdict		1.6	12.7	3.9
アドビシステムズ	0	adobe systems	no	jmdict		0.0	14.3	0.3
エイコーン	0		no	none		0.0	14.3	0.3
クリプトン	0	krypton	no	jmdict		0.0	14.3	2.3
ダートマス	0		no	none		0.0	14.3	1.9
チャーチ	0	church	no	jmdict		0.0	14.3	15.4
ファミコン	0	famicom;family computer;nintendo entertainment system;nes	no	jmdict		0.0	14.3	21.9
マック	0	mcdonald's	no	jmdict		0.0	14.3	13.4
マック	1	mac;macintosh	no	jmdict		0.0	14.3	13.4
コンディショナル	0		no	none		7.6	6.7	0.5
イオン	0	ion	no	jmdict		0.5	13.8	68.8
イオン	1	aeon	no	jmdict		0.5	13.8	68.8
グラマー	0	voluptuous;full-breasted;buxom;busty	no	jmdict		2.7	11.5	6.9
グラマー	1	voluptuous woman;big-breasted woman;glamour girl;glamor girl	no	jmdict		2.7	11.5	6.9
グラマー	2	grammar	no	jmdict		2.7	11.5	6.9
アンプ	0	amp;ampere	no	jmdict		1.1	13.1	5.6
アンプ	1	amplifier	no	jmdict		1.1	13.1	5.6
ストール	0	short take-off and landing;stol	no	jmdict		4.1	10.1	3.0
ストール	1	stole	no	jmdict		4.1	10.1	3.0
ストール	2	stall	no	jmdict		4.1	10.1	3.0
カーン	0	kern	no	jmdict		0.2	14.0	18.4
カーン	1	kahn	no	jmdict		0.2	14.0	18.4
ハイビジョン	0	high-definition television;hdtv	no	jmdict		0.2	14.0	11.2
セキュ	0		no	none		14.2	0.0	0.0
アイルランド	0	ireland;republic of ireland	no	jmdict		0.9	13.3	79.8
アイルランド	1	ireland	no	jmdict		0.9	13.3	79.8
アンソニー	0		no	none		0.9	13.3	31.6
ウィルソン	0		no	none		0.9	13.3	34.3
ケーススタディー	0	case study	no	jmdict		5.5	8.7	2.1
アディショナル	0	additional	no	jmdict		3.9	10.3	6.6
パンチ	0	punch	no	jmdict		0.0	14.2	26.8
パンチ	1	punching;hole punch	no	jmdict		0.0	14.2	26.8
パンチ	2	punch;impact	no	jmdict		0.0	14.2	26.8
アーク	0	arc	no	jmdict		4.6	9.6	18.0
フット	0	foot	no	jmdict		3.0	11.2	11.8
ミティゲーション	0	mitigation	no	jmdict		9.8	4.3	0.5
オーバーラップ	0	overlap	no	jmdict		1.1	13.0	4.0
オーバーラップ	1	overwrap	no	jmdict		1.1	13.0	4.0
セレクテッド	0		no	none		3.4	10.7	5.6
プライベートネットワーク	0	private network	no	parts:プライベート+ネットワーク		3.4	10.7	0.2
パーザ	0	parser	yes	jmdict		13.5	0.6	0.0
デイジー	0	daisy	no	jmdict		0.9	13.2	4.5
リキッド	0	liquid	no	jmdict		0.9	13.2	5.3
リキッド	1	liquid hair product	no	jmdict		0.9	13.2	5.3
ド	0	doh;do	no	jmdict		7.1	7.0	106.5
ド	1	extreme;ultra;mega;totally;very much;precisely;exactly	no	jmdict		7.1	7.0	106.5
ド	2	damn;stupid;cursed	no	jmdict		7.1	7.0	106.5
ウエハー	0	wafer	no	jmdict		0.0	14.1	1.2
クアッドコア	0		no	none		0.0	14.1	0.3
トルコ	0	turkey	no	jmdict	por	4.6	9.5	60.1
トルコ	1	turquoise	no	jmdict	por	4.6	9.5	60.1
ジャクソン	0		no	none		0.7	13.4	40.4
シャッフル	0	shuffle;rearranging	no	jmdict		2.1	12.0	8.2
シャッフル	1	shaking	no	jmdict		2.1	12.0	8.2
ドロイド	0	droid	no	jmdict		0.5	13.6	2.2
シグナ	0		no	none		6.6	7.4	0.9
プロデューサー	0	producer	no	jmdict		2.7	11.3	197.8
リッジ	0	ridge	no	jmdict		1.1	12.9	8.9
パラグラフ	0	paragraph	no	jmdict		8.0	6.0	1.2
ソルバー	0	solver	yes	jmdict		0.2	13.8	0.4
ナビ	0	navigation;navigation system	no	jmdict		0.2	13.8	21.4
ナビ	1	navigator	no	jmdict		0.2	13.8	21.4
ナビ	2	prophet of islam	no	jmdict		0.2	13.8	21.4
アタッチメント	0	attachment	no	jmdict		6.4	7.6	7.6
ポテンシャル	0	potential	no	jmdict		1.4	12.6	11.6
バランシング	0	balancing	yes	jmdict		7.6	6.4	0.4
デフラグ	0	defragmentation	yes	jmdict		0.5	13.5	0.2
バスター	0	fake bunt;slash bunt	no	jmdict		0.5	13.5	13.8
バスター	1	buster;destroyer;exterminator	no	jmdict		0.5	13.5	13.8
ラブ	0	love	no	jmdict		0.5	13.5	196.1
ストーム	0	storm	no	jmdict		1.1	12.8	17.5
コーパス	0	corpus;corpora	no	jmdict		3.4	10.5	3.0
コンピレーション	0	compilation	no	jmdict		1.8	12.1	15.3
プリエンプト	0		no	none		11.9	2.0	0.0
ダーティー	0	dirty;underhand;immoral;illegal	no	jmdict		8.0	5.9	6.6
トランシーバー	0	transceiver	no	jmdict		2.5	11.4	1.0
トランスフォーメーション	0	transformation	no	jmdict		2.5	11.4	3.0
マイクロサービス	0	micro service	no	parts:マイクロ+サービス		7.1	6.8	0.1
ウェアラブル	0	wearable	no	jmdict		0.0	13.9	0.8
ジレンマ	0	dilemma	no	jmdict		0.0	13.9	4.2
スピンドル	0	spindle	yes	jmdict		0.0	13.9	1.3
ディズニー	0	disney	no	jmdict		0.0	13.9	64.3
ファイルタイプ	0	file type	no	parts:ファイル+タイプ		6.9	7.0	0.1
リバー	0	liver	no	jmdict		1.4	12.5	33.1
リバー	1	river	no	jmdict		1.4	12.5	33.1
テム	0		no	none		13.7	0.1	0.6
アウトサイド	0	outside;exterior	no	jmdict		9.8	4.0	5.2
アウトサイド	1	outside	no	jmdict		9.8	4.0	5.2
シュア	0	sure;certain;trustworthy	no	jmdict		8.2	5.6	2.1
ディーン	0	dean	no	jmdict		0.5	13.4	17.6
クローム	0	chromium	no	jmdict	fre,ger	10.5	3.3	2.2
プログレスバー	0	progress bar	no	parts:プログレス+バー		10.5	3.3	0.1
スチール	0	steel	no	jmdict		1.1	12.7	23.1
スチール	1	steal	no	jmdict		1.1	12.7	23.1
スチール	2	still	no	jmdict		1.1	12.7	23.1
グロース	0	gross	no	jmdict		0.2	13.6	12.6
グロース	1	gross;total;sum	no	jmdict		0.2	13.6	12.6
グロース	2	gross score	no	jmdict		0.2	13.6	12.6
グロース	3	growth	no	jmdict		0.2	13.6	12.6
ビート	0	beet	no	jmdict		6.4	7.4	29.7
ビート	1	beat	no	jmdict		6.4	7.4	29.7
ビート	2	kick;kicking	no	jmdict		6.4	7.4	29.7
アセッツ	0		no	none		3.2	10.6	3.4
パイ	0	pie;tart	no	jmdict		3.9	9.9	14.5
パイ	1	palmier	no	jmdict		3.9	9.9	14.5
パイ	2	tile	no	jmdict		3.9	9.9	14.5
パイ	3	pi	no	jmdict		3.9	9.9	14.5
パイ	4	diameter symbol	no	jmdict		3.9	9.9	14.5
シンガー	0	singer	no	jmdict		0.0	13.8	21.0
ジェフリー	0		no	none		0.0	13.8	12.9
ムスク	0	musk	no	jmdict		0.0	13.8	2.3
モンキー	0	monkey	no	jmdict		3.0	10.8	17.5
ブロッカー	0	blocker	no	jmdict		8.2	5.5	3.1
ブロッカー	1	blocker;antagonist	no	jmdict		8.2	5.5	3.1
ハングル	0	hangul	no	jmdict	kor	0.5	13.3	6.4
パーティクル	0	particle	yes	jmdict		0.5	13.3	0.3
ショートハンド	0	shorthand	no	jmdict		13.5	0.2	0.1
アンドゥ	0	undo	yes	jmdict		4.1	9.6	0.6
コラボレーティブ	0		no	none		0.2	13.5	0.8
プリエンプティブ	0	preemptive	yes	jmdict		0.2	13.5	0.2
アイティメディア	0	dyer's knotweed tea media	no	parts:アイ+ティ+メディア		0.0	13.7	2.9
クラーク	0	clerk;office worker	no	jmdict		0.0	13.7	22.1
クラーク	1	kulak	no	jmdict		0.0	13.7	22.1
トランスメタ	0	transformer meta	no	parts:トランス+メタ		0.0	13.7	0.2
ニールセン	0		no	none		0.0	13.7	6.9
ハイレゾ	0	high-res;high resolution	yes	jmdict		0.0	13.7	2.1
マイナビ	0	mynavi corporation	no	jmdict		0.0	13.7	19.2
スタン	0	stun	no	jmdict		4.6	9.1	11.7
ベアリアス	0		no	none		0.7	13.0	4.6
リブート	0	reboot	yes	jmdict		0.7	13.0	5.2
テレビジョン	0	television	no	jmdict		0.5	13.2	34.0
ギブ	0	give	no	jmdict		3.4	10.2	7.6
ギブ	1	i give up	no	jmdict		3.4	10.2	7.6
ハードル	0	hurdle	no	jmdict		3.4	10.2	7.0
ハードル	1	hurdle race;hurdles	no	jmdict		3.4	10.2	7.0
ハードル	2	hurdle;obstacle	no	jmdict		3.4	10.2	7.0
コードレビュー	0	code review	no	parts:コード+レビュー		8.0	5.6	0.1
スターティング	0	starting	no	jmdict		4.1	9.5	5.0
クック	0	cook	no	jmdict		0.2	13.4	14.6
パーム	0	palm	no	jmdict		0.2	13.4	4.2
パーム	1	palm tree	no	jmdict		0.2	13.4	4.2
ヒューズ	0	fuse	no	jmdict		0.2	13.4	11.7
カイル	0		no	none		0.9	12.7	10.6
フライ	0	deep-fried food	no	jmdict		0.9	12.7	45.7
フライ	1	fly	no	jmdict		0.9	12.7	45.7
ロケーター	0	locator	no	jmdict		9.4	4.2	0.4
トランプ	0	playing cards	no	jmdict		0.0	13.6	32.1
モントレー	0		no	none		0.7	12.9	2.1
トグルボタン	0	toggle button	yes	jmdict		11.4	2.1	0.0
データモデリング	0	data modelling;data modeling	yes	jmdict		4.4	9.2	0.1
メーター	0	meter;gauge	no	jmdict		6.6	6.9	9.3
メーター	1	metre;meter	no	jmdict		6.6	6.9	9.3
メーター	2	animator	no	jmdict		6.6	6.9	9.3
リ	0		no	none		12.8	0.7	10.0
サブスタンス	0	substance	no	jmdict		5.0	8.5	1.9
オンラインゲーム	0	online game	no	jmdict		1.1	12.4	5.1
オートコンプリート	0	auto complete	no	parts:オート+コンプリート		11.2	2.3	0.0
カーブ	0	curve;turn;bend	no	jmdict		4.8	8.7	17.1
カーブ	1	curveball;curve ball	no	jmdict		4.8	8.7	17.1
カーブ	2	cellar	no	jmdict		4.8	8.7	17.1
フラグメントシェーダー	0	fragment shader	no	parts:フラグメント+シェーダー		11.7	1.8	0.0
ロッサム	0		no	none		7.8	5.7	0.3
カタリスト	0		no	none		0.0	13.5	0.9
キャラ	0	character	no	jmdict		0.0	13.5	68.6
キャラ	1	character;personality;persona	no	jmdict		0.0	13.5	68.6
プルーフ	0	proof	no	jmdict		0.0	13.5	1.3
プルーフ	1	proof;evidence	no	jmdict		0.0	13.5	1.3
マウンテン	0	mountain	no	jmdict		0.7	12.8	17.3
フェデレーション	0	federation	no	jmdict		2.1	11.4	9.3
マキシマム	0	maximum	no	jmdict		1.8	11.6	5.9
タイポグラフィー	0	typography	no	jmdict		4.8	8.6	1.1
ダニエル	0		no	none		0.0	13.4	30.7
ボーイ	0	boy	no	jmdict		0.0	13.4	60.5
ボーイ	1	bellboy;porter;waiter	no	jmdict		0.0	13.4	60.5
マーティン	0		no	none		0.0	13.4	28.2
ラベルマイティ	0		no	none		0.0	13.4	0.2
フィン	0	fin;swim fin;flipper	no	jmdict		2.3	11.1	14.2
フィン	1	fin	no	jmdict		2.3	11.1	14.2
フィン	2	finn	no	jmdict		2.3	11.1	14.2
バンサン	0		no	none		0.7	12.7	7.0
ペルソナ	0	persona	no	jmdict	lat	0.5	12.9	7.4
エレクトロン	0	electron	no	jmdict		2.7	10.6	3.0
サロゲートペア	0	surrogate pair	yes	jmdict		8.0	5.3	0.1
コミック	0	comic;comics;comic book;manga	no	jmdict		0.2	13.1	202.3
コミック	1	comic opera	no	jmdict		0.2	13.1	202.3
コミック	2	comic;comical	no	jmdict		0.2	13.1	202.3
パリ	0	paris	no	jmdict		0.2	13.1	125.4
データセル	0	data cell	no	parts:データ+セル		12.6	0.7	0.0
サブグリッド	0	sub grid	no	parts:サブ+グリッド		13.3	0.0	0.0
インターセプト	0	interception	no	jmdict		7.8	5.5	4.1
インターセプト	1	the intercept	no	jmdict		7.8	5.5	4.1
アジャイルソフトウェア	0		no	none		0.0	13.3	0.2
エコノミック	0	economic	no	jmdict		0.0	13.3	15.3
キルドール	0		no	none		0.0	13.3	0.2
ザイログ	0		no	none		0.0	13.3	0.2
プラッター	0	platter	no	jmdict		0.0	13.3	0.5
アクティベート	0	activation	yes	jmdict		9.2	4.1	0.9
グレップ	0	grep	yes	jmdict		1.4	11.9	0.2
メタファー	0	metaphor	no	jmdict		2.1	11.2	1.8
キャラクタリスティック	0		no	none		12.1	1.1	0.5
プログレッシブエンハンスメント	0		no	none		12.1	1.1	0.0
ジェネラティブ	0		no	none		0.5	12.8	0.5
ノンストップ	0	nonstop	no	jmdict		0.5	12.8	7.5
デシリアライゼーション	0		no	none		12.8	0.4	0.0
ローンチ	0	launch	no	jmdict		1.1	12.1	3.1
デコーディング	0	decoding	no	jmdict		7.3	5.9	0.4
ドライ	0	dry	no	jmdict		7.3	5.9	12.8
ドライ	1	dry;unemotional;matter-of-fact;businesslike;practical	no	jmdict		7.3	5.9	12.8
セント	0	cent	no	jmdict		3.4	9.8	54.9
セント	1	saint	no	jmdict		3.4	9.8	54.9
オススメ	0	recommendation;advice;suggestion;encouragement	no	jmdict		7.8	5.4	2.4
マイナーチェンジ	0	minor change	no	jmdict		0.0	13.2	10.6
マグネチック	0	magnetic	no	jmdict		0.0	13.2	3.1
ローランド	0	low land	no	parts:ロー+ランド		0.0	13.2	8.1
ペナルティー	0	penalty	no	jmdict		2.3	10.9	11.0
レーザープリンター	0	laser printer	no	jmdict		0.7	12.5	0.5
パシフィック	0	pacific	no	jmdict		1.4	11.8	33.7
シニア	0	senior	no	jmdict		2.1	11.1	26.9
トレーディング	0	trading	no	jmdict		2.7	10.4	3.9
インファレンス	0		no	none		4.1	9.0	0.6
スカラ	0	scala	yes	jmdict		0.2	12.9	3.6
ロイター	0	reuter;reutter	no	jmdict		0.2	12.9	21.5
ロイター	1	reuters	no	jmdict		0.2	12.9	21.5
ホルダー	0	holder	no	jmdict		6.4	6.7	5.9
トランスペアレンシー	0	transparency	no	jmdict		2.5	10.6	0.8
リプライ	0	reply	no	jmdict		2.5	10.6	1.3
リエントラント	0	reentrant	yes	jmdict		4.8	8.3	0.1
ボトムアップ	0	bottom-up	no	jmdict		3.2	9.9	0.6
ジョイ	0	joy	no	jmdict		0.0	13.1	11.5
ソニック	0	sonic	no	jmdict		0.0	13.1	25.3
ディファレンシャル	0	differential	no	jmdict		0.0	13.1	3.3
トムソン	0		no	none		0.0	13.1	7.8
マックス	0	max;maximum	no	jmdict		0.0	13.1	36.6
マックス	1	to the max	no	jmdict		0.0	13.1	36.6
マックス	2	mux;multiplexer	no	jmdict		0.0	13.1	36.6
マトロイド	0		no	none		0.0	13.1	0.4
ミッド	0		no	none		0.0	13.1	7.3
チャンス	0	chance;opportunity	no	jmdict		4.6	8.5	36.5
チェックマーク	0	check mark;tick	no	jmdict		10.8	2.3	0.1
パディングボックス	0	padding box	no	parts:パディング+ボックス		13.1	0.0	0.0
ピクチャインピクチャモード	0	picture-in-picture mode	no	parts:ピクチャインピクチャ+モード		13.1	0.0	0.0
アイデンティフィケーション	0	identification	no	jmdict		4.4	8.7	4.5
シール	0	seal	no	jmdict		1.8	11.2	13.1
シール	1	sticker	no	jmdict		1.8	11.2	13.1
グランド	0	ground;field;playground;stadium	no	jmdict		0.2	12.8	70.9
グランド	1	grand;large	no	jmdict		0.2	12.8	70.9
レス	0	reply;response	no	jmdict		4.8	8.2	3.1
レス	1	sexless	no	jmdict		4.8	8.2	3.1
レス	2	loess	no	jmdict		4.8	8.2	3.1
クーリエ	0	courier	no	jmdict		1.6	11.4	3.5
マチック	0		no	none		6.2	6.8	2.5
ニュアンス	0	nuance	no	jmdict	fre	2.3	10.7	4.1
マジックナンバー	0	magic number	no	jmdict		2.3	10.7	0.4
リレーショナル	0	relational	no	jmdict		3.0	10.0	0.2
バッチファイル	0	batch file	yes	jmdict		2.1	10.9	0.1
アジャイル	0		no	none		4.4	8.6	0.3
コンプリヘンシブ	0		no	none		0.5	12.5	3.1
サブプロトコル	0	sub protocol	no	parts:サブ+プロトコル		12.8	0.1	0.0
マイルストーン	0	milestone	no	jmdict		4.1	8.8	1.4
ステー	0	stay;sojourn	no	jmdict		2.5	10.4	16.9
ステー	1	stay;prop;support	no	jmdict		2.5	10.4	16.9
サブページ	0	sub page	no	parts:サブ+ページ		12.6	0.3	0.0
レストラン	0	restaurant	no	jmdict	fre	4.8	8.1	49.9
プロファイラ	0	profiler	no	jmdict		7.1	5.8	0.1
セパレート	0	separate	no	jmdict		3.2	9.7	2.1
ウォークマン	0	walkman	no	jmdict		0.0	12.9	1.6
エリザベス	0		no	none		0.0	12.9	38.9
バロース	0	browse	yes	jmdict		0.0	12.9	0.3
コンセンサス	0	consensus	no	jmdict		1.4	11.5	2.8
バレー	0	volleyball	no	jmdict		0.5	12.4	34.8
バレー	1	ballet	no	jmdict		0.5	12.4	34.8
バレー	2	valley	no	jmdict		0.5	12.4	34.8
ユニフィケーション	0	unification	no	jmdict		0.5	12.4	0.7
ブロークン	0	broken	no	jmdict		5.0	7.8	5.2
インディビジュアル	0	individual	no	jmdict		1.1	11.7	3.2
ステータスバー	0	status bar	yes	jmdict		5.7	7.1	0.1
プリフェッチ	0	prefetch	yes	jmdict		5.7	7.1	0.1
パロット	0		no	none		2.5	10.3	1.5
オーグメンテッド	0		no	none		0.9	11.9	0.5
ウィクショナリー	0	wiktionary	no	jmdict		0.0	12.8	13.6
シーモア	0	sea moa	no	parts:シー+モア		0.0	12.8	5.2
ジャーナリスト	0	journalist	no	jmdict		0.0	12.8	38.6
ツイストペアケーブル	0	twisted pair cable	yes	jmdict		0.0	12.8	0.2
バズ	0	buzz	no	jmdict		0.0	12.8	7.6
ヴィルト	0		no	none		0.0	12.8	0.7
アドバイザー	0	adviser;advisor	no	jmdict		4.6	8.2	16.3
イネット	0		no	none		7.6	5.2	0.2
コアダンプ	0	core-dump	yes	jmdict		3.7	9.1	0.1
ライド	0	ride	no	jmdict		9.8	2.9	19.3
ハング	0	hanging	no	jmdict		6.0	6.8	2.8
ハング	1	hang;freeze;lockup	yes	jmdict		6.0	6.8	2.8
ハング	2	overhang	no	jmdict		6.0	6.8	2.8
ブルドーザー	0	bulldozer	no	jmdict		0.5	12.3	1.7
インターラプト	0	interrupt	no	jmdict		2.7	10.0	0.2
システムリソース	0	system resource	yes	jmdict		5.0	7.7	0.1
サプライ	0	supply	no	jmdict		1.1	11.6	4.7
コメット	0	comet	no	jmdict		0.2	12.5	7.0
ワース	0		no	none		0.2	12.5	9.5
ホリゾンタル	0	horizontal	no	jmdict		10.3	2.4	0.6
レーティング	0	rating;classification;grading	no	jmdict		0.9	11.8	7.1
パスフレーズ	0	pass phrase	yes	jmdict		7.1	5.6	0.1
オーディエンス	0	audience	no	jmdict		7.8	4.9	3.3
チモシー	0	timothy;timothy grass	no	jmdict		0.0	12.7	4.5
ベンチャーキャピタル	0	venture capital	no	jmdict		0.0	12.7	1.4
ペンタブレット	0	pen tablet;graphics tablet;drawing tablet	yes	jmdict		0.0	12.7	0.4
ミッチェル	0		no	none		0.0	12.7	14.1
モンテカルロ	0	monte carlo	no	jmdict		0.0	12.7	3.7
イディオム	0	idiom	no	jmdict		8.5	4.2	0.7
チェックイン	0	check-in	no	jmdict		4.6	8.1	1.8
ガベージコレクタ	0	garbage collector	yes	jmdict		6.0	6.7	0.1
バーブ	0		no	none		11.2	1.4	2.9
ラッピング	0	wrapping	no	jmdict		7.3	5.3	8.2
ラッピング	1	lapping	no	jmdict		7.3	5.3	8.2
カントリー	0	country;countryside	no	jmdict		1.8	10.8	32.1
カントリー	1	country;country and western	no	jmdict		1.8	10.8	32.1
カントリー	2	country;nation	no	jmdict		1.8	10.8	32.1
テレコミュニケーション	0	telecommunication	no	jmdict		0.2	12.4	1.2
ノーティス	0		no	none		2.5	10.1	3.7
バーナーズ	0		no	none		2.5	10.1	0.4
フェッチリクエスト	0	fetch request	no	parts:フェッチ+リクエスト		12.6	0.0	0.0
アフリカ	0	africa	no	jmdict		4.8	7.8	80.9
コラプス	0		no	none		11.0	1.6	1.8
キャッシング	0	caching	yes	jmdict		5.5	7.1	0.6
キャッシング	1	small-loan lending to individuals	no	jmdict		5.5	7.1	0.6
キャッシング	2	cashing	no	jmdict		5.5	7.1	0.6
スケッチ	0	sketch;sketching	no	jmdict		1.6	11.0	10.7
ディフィー	0		no	none		1.6	11.0	0.2
フィロソフィー	0	philosophy	no	jmdict		0.0	12.6	11.3
コンプリーション	0	completion	no	jmdict		8.5	4.1	3.4
エポック	0	epoch	no	jmdict		8.0	4.5	3.3
テレメトリー	0	telemetry	no	jmdict		6.4	6.1	0.7
トリック	0	trick	no	jmdict		5.5	7.0	13.7
トリック	1	plot device;mystery-fiction trope	no	jmdict		5.5	7.0	13.7
ストライプ	0	stripe	no	jmdict		1.6	10.9	4.3
ガートナー	0		no	none		0.0	12.5	0.4
マルチプレクサー	0	multiplexer;multiplexor;mux	no	jmdict		0.0	12.5	0.2
ラザルス	0		no	none		2.3	10.2	1.2
スラッグ	0	slug	no	jmdict		12.4	0.1	0.8
カノニカル	0		no	none		0.7	11.8	0.3
エンプロイー	0		no	none		6.9	5.6	0.7
セス	0		no	none		6.9	5.6	5.1
ストーリーズ	0	instagram stories	no	jmdict		0.5	12.0	19.7
レスキュー	0	rescue	no	jmdict		5.0	7.4	11.0
ハザード	0	hazard	no	jmdict		1.1	11.3	4.3
ハザード	1	hazard flashers;hazard warning lights	no	jmdict		1.1	11.3	4.3
エクスパンド	0		no	none		3.4	9.0	1.1
クレデンシャル	0		no	none		9.6	2.8	0.0
コンパニオン	0	promotional model;female guide;booth babe	no	jmdict		0.9	11.5	9.9
コンパニオン	1	hostess	no	jmdict		0.9	11.5	9.9
コンパニオン	2	companion	no	jmdict		0.9	11.5	9.9
ベトナム	0	vietnam	no	jmdict		0.9	11.5	64.5
クワイエット	0		no	none		3.9	8.5	4.0
ウェイン	0	wane	no	jmdict		0.0	12.4	14.6
マイグレーションファイル	0	migration file	no	parts:マイグレーション+ファイル		12.4	0.0	0.0
フォーマー	0		no	none		0.7	11.7	12.0
ウインド	0	wind	no	jmdict		0.5	11.9	20.3
ウインド	1	wind instrument	no	jmdict		0.5	11.9	20.3
ウインド	2	window	yes	jmdict		0.5	11.9	20.3
ブッシュ	0	bush;thicket;shrub;copse	no	jmdict		0.5	11.9	18.3
ブッシュ	1	bushing;bush	no	jmdict		0.5	11.9	18.3
レイ	0	lei	no	jmdict	haw,rum	1.1	11.2	40.4
イグノア	0		no	none		9.6	2.7	0.3
インプロパー	0		no	none		11.9	0.4	0.1
ドッキング	0	docking	no	jmdict		0.2	12.1	5.9
ホストコンピューター	0	host computer	yes	jmdict		0.9	11.4	0.3
ワンクリック	0	one click	yes	jmdict		3.2	9.1	0.3
モンスター	0	monster;monstrosity	no	jmdict		1.6	10.7	94.3
モンスター	1	giant;influential figure;colossus	no	jmdict		1.6	10.7	94.3
モンスター	2	monsterlike;over-demanding;bullying;overbearing;bossy	no	jmdict		1.6	10.7	94.3
ケン	0		no	none		0.0	12.3	17.6
センチュリー	0	century	no	jmdict		0.7	11.6	28.9
センチュリー	1	centuri	no	jmdict		0.7	11.6	28.9
ステークホルダ	0	stakeholder;stakeholders	no	jmdict		12.1	0.1	0.0
ジェネレート	0	generate	no	jmdict		6.6	5.6	0.4
アウェー	0	away;opponents' ground	no	jmdict		0.9	11.3	27.2
アウェー	1	unfamiliar surroundings;feeling out of place;enemy territory	no	jmdict		0.9	11.3	27.2
シーメンス	0	siemens	no	jmdict		0.0	12.2	3.0
ブルース	0	blues	no	jmdict		0.0	12.2	58.6
ホーン	0	phon	no	jmdict		0.0	12.2	15.7
ホーン	1	horn	no	jmdict		0.0	12.2	15.7
ホーン	2	phone;telephone	no	jmdict		0.0	12.2	15.7
ホーン	3	hone;whetstone	no	jmdict		0.0	12.2	15.7
ロイヤル	0	royal	no	jmdict		0.0	12.2	63.3
フェニックス	0	phoenix	no	jmdict	lat	1.4	10.8	25.6
グラム	0	gram;gramme	no	jmdict		3.7	8.5	15.0
パンダ	0	panda	no	jmdict		0.5	11.7	12.8
ヌルポインタ	0	null pointer	yes	jmdict		2.7	9.4	0.1
ボーナス	0	bonus	no	jmdict		5.0	7.1	42.0
サイード	0		no	none		1.1	11.0	9.8
ファイナイト	0		no	none		0.2	11.9	1.4
フレンチ	0	french	no	jmdict		0.2	11.9	25.7
フレンチ	1	french food;french cuisine	no	jmdict		0.2	11.9	25.7
メモリセル	0	memory cell	no	parts:メモリ+セル		0.2	11.9	0.2
エクサ	0		no	none		0.9	11.2	1.8
サンプリングレート	0	sampling rate	yes	jmdict		7.1	5.0	0.1
ケリー	0	gray-headed lapwing;grey-headed lapwing	no	jmdict		0.0	12.1	24.3
ゲーマー	0	gamer	no	jmdict		0.0	12.1	4.4
デニス	0		no	none		0.0	12.1	14.1
エニシング	0		no	none		3.0	9.1	2.5
ウォントゥ	0		no	none		2.1	10.0	3.2
グループポリシー	0	group policy	no	parts:グループ+ポリシー		2.1	10.0	0.1
ジョージア	0	georgia	no	jmdict		0.5	11.6	30.8
ハイテク	0	high-tech	no	jmdict		0.5	11.6	5.5
ポリモーフィズム	0	polymorphism	no	jmdict		1.1	10.9	0.1
アルバ	0	alvar;biological environment based on a limestone plain with thin or no soil	no	jmdict		11.9	0.1	5.3
ディテールド	0		no	none		2.5	9.5	1.8
カリー	0	curry	no	jmdict		0.9	11.1	3.8
カリー	1	rice and curry	no	jmdict		0.9	11.1	3.8
フィンガープリンティング	0	finger printing	no	parts:フィンガー+プリンティング		11.0	1.0	0.0
ギブン	0		no	none		3.2	8.8	3.2
キリル	0	cyrillic	no	jmdict		3.9	8.1	4.8
カーニハン	0		no	none		0.0	12.0	0.2
ポステル	0		no	none		0.0	12.0	0.3
バリ	0	burr	no	jmdict		10.1	1.9	8.1
バリ	1	very;extremely;awfully;immensely	no	jmdict		10.1	1.9	8.1
オルタネート	0	alternate	no	jmdict		2.3	9.7	2.4
レジストラ	0	registrar	no	jmdict		2.3	9.7	0.2
スプラッシュ	0	splash	no	jmdict		4.6	7.4	6.9
アクロス	0	across	no	jmdict		1.4	10.6	8.1
ケバブ	0	kebab	no	jmdict	tur	11.4	0.5	0.6
ディフェンダー	0	defender	no	jmdict		0.5	11.5	11.6
ハイスペック	0	high-spec	no	jmdict		0.2	11.7	0.8
ハイスペック	1	highly competitive;ticking all the boxes	no	jmdict		0.2	11.7	0.8
ピアソン	0		no	none		0.2	11.7	3.3
メンタル	0	mental	no	jmdict		0.2	11.7	6.6
メンタル	1	mental health;mental state;mental resolve;mentality	no	jmdict		0.2	11.7	6.6
ポーティング	0	porting	yes	jmdict		0.9	11.0	0.2
デリミター	0	delimiter	yes	jmdict		7.1	4.8	0.1
トランジェント	0	transient	no	jmdict		7.1	4.8	0.7
シンクロナイゼーション	0	synchronization;synchronisation	no	jmdict		1.6	10.3	0.3
システムアドミニストレーター	0	system administrator	yes	jmdict		0.0	11.9	0.3
シャミア	0		no	none		0.0	11.9	0.3
ユニシス	0	unisys	no	jmdict		0.0	11.9	0.2
リテラシー	0	literacy	no	jmdict		3.7	8.2	3.1
ジュークボックス	0	juke-box	no	jmdict		0.5	11.4	1.8
コンスル	0	consul	no	jmdict	lat	11.2	0.6	1.1
セブンス	0	seventh	no	jmdict		0.2	11.6	22.3
サブセクション	0	sub section	no	parts:サブ+セクション		10.3	1.5	0.1
トレイトオブジェクト	0		no	none		11.7	0.1	0.0
ファイリング	0	filing	no	jmdict		0.0	11.8	0.8
ブロケード	0	brocade	no	jmdict		0.0	11.8	0.4
ベーカー	0		no	none		0.0	11.8	17.7
マーケッツ	0		no	none		0.0	11.8	3.9
メモリバス	0	memory bus	no	parts:メモリ+バス		0.0	11.8	0.2
デフレート	0		no	none		3.7	8.1	0.1
モチベーション	0	motivation	no	jmdict		6.6	5.1	3.4
アクチュエーター	0	actuator;access mechanism	yes	jmdict		5.0	6.7	1.4
ブローカー	0	broker	no	jmdict		3.4	8.3	3.0
ダウンタイム	0	downtime;down time	yes	jmdict		8.0	3.7	0.2
ミリメートル	0	millimeter;millimetre	no	jmdict	fre	4.1	7.6	7.8
インフォーム	0		no	none		0.2	11.5	0.4
トラバーサル	0		no	none		10.3	1.4	0.0
エフィシェンシー	0	efficiency	no	jmdict		0.9	10.8	1.5
コンベンション	0	convention	no	jmdict		3.2	8.5	11.0
テーキング	0		no	none		1.6	10.1	3.4
アポロン	0	apollo	no	jmdict	grc	0.0	11.7	15.9
オフコン	0	office computer	yes	jmdict		0.0	11.7	0.2
ダール	0	indian split pulse;indian pulse stew;dal;daal	no	jmdict	ara,hin	0.0	11.7	5.3
フィッシャー	0	fisher;fisherman	no	jmdict		0.0	11.7	14.6
フィッシャー	1	fisher;pekan	no	jmdict		0.0	11.7	14.6
プリンシプル	0	principle	no	jmdict		0.0	11.7	2.1
ストラテジック	0		no	none		0.7	11.0	5.4
バニラ	0	vanilla	no	jmdict		6.0	5.7	7.8
リコー	0	ricoh	no	jmdict		2.1	9.6	6.7
アドバタイズ	0		no	none		8.2	3.4	0.1
ワウ	0	wow	no	jmdict		4.1	7.5	4.8
コミッション	0	commission	no	jmdict		0.0	11.6	16.1
ポリモーフィック	0		no	none		10.1	1.5	0.0
マット	0	mat	no	jmdict		0.7	10.9	24.4
マット	1	canvas	no	jmdict		0.7	10.9	24.4
マット	2	matte;matt;mat	no	jmdict		0.7	10.9	24.4
マット	3	matte	no	jmdict		0.7	10.9	24.4
ライブデモ	0	live demonstration	no	parts:ライブ+デモ		11.4	0.1	0.0
ケア	0	care;attention;nursing	no	jmdict		3.7	7.9	17.0
ケア	1	kea	no	jmdict		3.7	7.9	17.0
デストロイ	0	death troy	no	parts:デス+トロイ		6.0	5.6	2.3
エレベーター	0	elevator;lift	no	jmdict		0.5	11.1	23.9
エレベーター	1	elevator	no	jmdict		0.5	11.1	23.9
ショーケース	0	showcase;display case;vitrine	no	jmdict		5.0	6.5	5.7
フルサイズ	0	full-size	no	jmdict		5.0	6.5	4.2
フルサイズ	1	full frame	no	jmdict		5.0	6.5	4.2
レ	0	re;ray	no	jmdict		0.2	11.3	40.9
レ	1	real	no	jmdict		0.2	11.3	40.9
レ	2	check mark;tick mark	no	jmdict		0.2	11.3	40.9
サプライヤー	0	supplier	no	jmdict		3.2	8.3	3.3
タイプミス	0	typographical error;typo	no	jmdict		9.4	2.1	0.1
コンデンサー	0	capacitor;condenser	no	jmdict		0.0	11.5	3.2
フィリップ	0		no	none		0.0	11.5	40.0
マージャン	0	mahjong;mah-jongg	no	jmdict	chi	0.0	11.5	36.0
ハイフネーション	0	hyphenation	no	jmdict		10.1	1.4	0.1
ノンブロッキング	0	non-blocking	yes	jmdict		9.2	2.3	0.0
オフロード	0	off-road	no	jmdict		3.7	7.8	3.0
ニックス	0		no	none		0.5	11.0	3.9
ルックス	0	lux	no	jmdict		1.1	10.3	5.6
ルックス	1	looks	no	jmdict		1.1	10.3	5.6
タンク	0	tank;cistern;vat	no	jmdict		0.9	10.5	36.9
タンク	1	tank	no	jmdict		0.9	10.5	36.9
アドイン	0	add-in	yes	jmdict		3.2	8.2	0.2
ダングリング	0		no	none		7.8	3.6	0.1
エキサイト	0	excitement	no	jmdict		0.0	11.4	15.7
トーマス	0		no	none		0.0	11.4	39.0
ナップザック	0	knapsack;rucksack;backpack	no	jmdict	ger	0.0	11.4	0.2
シングルサインオン	0	single sign-on	yes	jmdict		2.3	9.1	0.1
ジェンキンス	0		no	none		3.7	7.7	5.7
アムステルダム	0	amsterdam	no	jmdict		0.5	10.9	18.5
シングルコア	0	single core	no	parts:シングル+コア		0.5	10.9	0.2
ジュニア	0	junior	no	jmdict		0.5	10.9	96.8
エビデンス	0	evidence	no	jmdict		1.1	10.2	12.2
スペシファイド	0		no	none		8.0	3.3	0.2
ウーマン	0	woman	no	jmdict		0.2	11.1	51.4
ポップコーン	0	popcorn	no	jmdict		0.2	11.1	2.5
ジェフ	0		no	none		0.0	11.3	22.4
サーチエンジン	0	search engine	yes	jmdict		0.7	10.6	0.2
シェーピング	0	shaping	yes	jmdict		0.7	10.6	0.8
コンクリート	0	concrete	no	jmdict		1.4	9.9	34.9
ヨルダン	0	jordan	no	jmdict		0.5	10.8	18.3
パンク	0	puncture;flat tyre;blowout	no	jmdict		1.1	10.1	17.1
パンク	1	bursting;overflowing;being jammed;reaching breaking point;collapse;breakdown;going bankrupt	no	jmdict		1.1	10.1	17.1
パンク	2	punk	no	jmdict		1.1	10.1	17.1
エイト	0	eight	no	jmdict		0.2	11.0	19.8
クリス	0		no	none		0.2	11.0	37.8
デンシティー	0		no	none		0.2	11.0	2.2
ユウ	0		no	none		0.2	11.0	15.2
クロスサイトリクエストフォージェリ	0		no	none		9.4	1.8	0.0
クリッパー	0	clipper	no	jmdict		0.0	11.2	1.9
メープル	0	maple	no	jmdict		0.0	11.2	6.7
メープル	1	maple syrup	no	jmdict		0.0	11.2	6.7
ワット	0	watt	no	jmdict		0.0	11.2	7.9
オーケストレータ	0		no	none		10.8	0.4	0.0
ヒープベース	0	heap base	no	parts:ヒープ+ベース		10.8	0.4	0.0
リストリクト	0		no	none		1.4	9.8	0.2
プロパゲーション	0	propagation	no	jmdict		3.7	7.5	0.7
フリークエンシー	0	frequency	no	jmdict		4.4	6.8	2.2
ファクトリアル	0	factorial	no	jmdict		0.5	10.7	0.3
デタッチ	0	detach	yes	jmdict		10.5	0.6	0.0
ミスマッチ	0	mis-match	no	jmdict		6.6	4.5	1.2
ローテート	0		no	none		5.7	5.4	0.1
シドニー	0	sydney	no	jmdict		0.9	10.2	30.5
ドングル	0	dongle	yes	jmdict		0.9	10.2	0.2
ニーモニック	0	mnemonic	yes	jmdict		0.9	10.2	0.1
ベイズ	0	bayesian	no	jmdict		0.0	11.1	2.0
ワング	0		no	none		0.0	11.1	0.2
メディカル	0	medical	no	jmdict		0.7	10.4	25.1
ヘッドレス	0	headless	yes	jmdict		9.2	1.9	0.1
ヘッドレス	1	hand without a pair	no	jmdict		9.2	1.9	0.1
オンラインサービス	0	online service	yes	jmdict		1.4	9.7	1.0
バジェット	0	budget	no	jmdict		7.6	3.5	3.7
グレゴリオ	0	gregorian	no	jmdict		9.6	1.4	9.3
デクラレーション	0		no	none		8.0	3.0	1.8
コンフィグ	0	config;configuration	yes	jmdict		10.3	0.7	0.1
オーバーラン	0	overrunning	no	jmdict		0.9	10.1	1.8
オーバーラン	1	overrun;overshoot	no	jmdict		0.9	10.1	1.8
マニフェストキー	0	manifesto key	no	parts:マニフェスト+キー		11.0	0.0	0.0
ゴールデン	0	golden	no	jmdict		1.6	9.4	73.6
エニグマ	0	enigma	no	jmdict		0.0	11.0	2.6
シンボリックス	0	symbolics	no	jmdict		0.0	11.0	0.1
マザー	0	mother	no	jmdict		0.0	11.0	18.9
マザー	1	motherboard	yes	jmdict		0.0	11.0	18.9
マザー	2	mother;mother superior	no	jmdict		0.0	11.0	18.9
リスニング	0	listening	no	jmdict		6.2	4.8	2.4
セキ	0	barrier;gate	no	jmdict		10.8	0.2	1.2
セキ	1	seki;mutual life	no	jmdict		10.8	0.2	1.2
ウォント	0		no	none		3.0	8.0	6.9
ホールド	0	hold;holding	no	jmdict		2.1	8.9	18.3
ホールド	1	long press;touch and hold	no	jmdict		2.1	8.9	18.3
ホールド	2	hold	no	jmdict		2.1	8.9	18.3
プリフィックス	0	prix fixe;set-price meal	no	jmdict		4.4	6.6	0.1
プリフィックス	1	prefix	no	jmdict		4.4	6.6	0.1
ズームイン	0	zoom in	no	jmdict		9.6	1.3	4.1
カウントダウン	0	countdown	no	jmdict		6.4	4.5	21.3
ステークホルダー	0	stakeholder;stakeholders	no	jmdict		6.4	4.5	0.8
エレメント	0	element;component	no	jmdict		2.5	8.4	4.5
エレメント	1	element	no	jmdict		2.5	8.4	4.5
エレメント	2	element;device;component	no	jmdict		2.5	8.4	4.5
エレメント	3	zipper tooth	no	jmdict		2.5	8.4	4.5
ニュージーランド	0	new zealand	no	jmdict		0.9	10.0	47.9
クロスオーバー	0	crossover	no	jmdict		0.0	10.9	9.3
ジャイアント	0	giant	no	jmdict		0.0	10.9	16.5
スチューデント	0	student	no	jmdict		0.0	10.9	5.2
スピンオフ	0	spin-off;spinoff	no	jmdict		0.0	10.9	17.7
ダス	0		no	none		0.0	10.9	16.5
テート	0		no	none		0.0	10.9	5.7
ハイスピード	0	high speed	no	jmdict		0.0	10.9	3.1
エクストラクト	0		no	none		4.6	6.3	1.0
オプティマイザー	0	optimizer;optimiser	no	jmdict		4.6	6.3	0.1
リンキング	0		no	none		1.4	9.5	0.8
オブザーベーション	0		no	none		9.8	1.0	1.6
チェコ	0	czech republic;czechia	no	jmdict		1.1	9.7	35.9
チームメンバー	0	team member	no	jmdict		5.7	5.1	1.8
ファクト	0	fact	no	jmdict		1.8	9.0	3.4
コリジョン	0	collision	no	jmdict		0.2	10.6	1.9
インキュベーター	0	incubator	no	jmdict		1.6	9.2	1.1
グルメ	0	fine food;high-quality food	no	jmdict	fre	0.0	10.8	23.2
グルメ	1	gourmet;epicure;gastronome	no	jmdict	fre	0.0	10.8	23.2
サザーランド	0		no	none		0.0	10.8	4.0
タンデム	0	tandem;passenger on a motorcycle	no	jmdict		0.0	10.8	2.6
ドワンゴ	0		no	none		0.0	10.8	5.8
ボー	0	bow	no	jmdict		0.0	10.8	5.3
ボー	1	bow;bowknot	no	jmdict		0.0	10.8	5.3
ボー	2	bow tie	no	jmdict		0.0	10.8	5.3
ボー	3	baud	yes	jmdict		0.0	10.8	5.3
リコール	0	recall;removal of an elected official from office though a petition and popular vote	no	jmdict		0.0	10.8	7.0
リコール	1	recall	no	jmdict		0.0	10.8	7.0
リナックス	0	linux	no	jmdict		0.0	10.8	0.3
レミントン	0	remington	no	jmdict		0.0	10.8	2.2
クイズ	0	quiz	no	jmdict		2.3	8.5	79.6
パイロット	0	pilot	no	jmdict		0.7	10.1	55.2
スタビリティー	0	stability	no	jmdict		1.4	9.4	2.2
ラインプリンター	0	line printer	no	jmdict		0.5	10.3	0.2
ルナ	0	luna	no	jmdict		0.5	10.3	16.1
イースト	0	east	no	jmdict		1.1	9.6	53.0
イースト	1	yeast	no	jmdict		1.1	9.6	53.0
ターボ	0	turbo	no	jmdict		1.1	9.6	19.9
ステンシル	0	stencil	no	jmdict		5.7	5.0	0.4
ガイドブック	0	guidebook	no	jmdict		1.8	8.9	18.7
エコノミックス	0	economics	no	jmdict		0.2	10.5	9.2
オピニオン	0	opinion	no	jmdict		0.2	10.5	7.8
クラック	0	crack	no	jmdict		0.2	10.5	2.8
フロンティア	0	frontier	no	jmdict		0.2	10.5	17.4
フロンティア	1	frontier;forefront	no	jmdict		0.2	10.5	17.4
オープンシステム	0	open system	no	jmdict		0.0	10.7	0.3
クロニクル	0	chronicle	no	jmdict		0.0	10.7	38.2
ミンスキー	0		no	none		0.0	10.7	0.4
ヨーラ	0		no	none		0.0	10.7	0.2
ボイラー	0	boiler	no	jmdict		8.5	2.2	10.9
クライム	0	crime	no	jmdict		0.7	10.0	12.2
クライム	1	climb	no	jmdict		0.7	10.0	12.2
シャッター	0	shutter	no	jmdict		0.7	10.0	10.2
ホアング	0		no	none		0.7	10.0	2.3
アンビエント	0	ambient	yes	jmdict		6.9	3.8	1.4
インターミディエート	0		no	none		1.4	9.3	1.8
フルカラー	0	full colour	no	jmdict		1.4	9.3	2.9
コンプレッサー	0	compressor	no	jmdict		3.7	7.0	2.0
リラティブ	0		no	none		6.0	4.7	1.4
ポンプ	0	pump	no	jmdict		2.1	8.6	22.9
ビデオカメラ	0	video camera;video camcorder	no	jmdict		0.5	10.2	2.7
ハイドレート	0	hydrate	no	jmdict		10.5	0.1	0.6
イラン	0	iran	no	jmdict		2.7	7.9	42.3
イラン	1	castor oil plant	no	jmdict		2.7	7.9	42.3
シェーダープログラム	0	shader program	no	parts:シェーダー+プログラム		5.7	4.9	0.1
タイマ	0	timer;time switch	no	jmdict		1.8	8.8	0.2
タイマ	1	stopwatch	no	jmdict		1.8	8.8	0.2
タイマ	2	time keeper	no	jmdict		1.8	8.8	0.2
タイマ	3	self-timer;timer	no	jmdict		1.8	8.8	0.2
アブソリュート	0	absolute	no	jmdict		4.1	6.5	3.8
ホーア	0	whore	no	jmdict		0.2	10.4	0.2
コネクティング	0		no	none		6.4	4.2	0.7
イエロー	0	yellow	no	jmdict		1.6	9.0	26.1
イエロー	1	yellow card	no	jmdict		1.6	9.0	26.1
イエロー	2	asian;oriental;yellow-skinned person	no	jmdict		1.6	9.0	26.1
ナイーブ	0	innocent;sensitive;uncomplicated;unpretentious;straightforward	no	jmdict		7.8	2.8	1.4
アソシエート	0	associate	no	jmdict		0.0	10.6	5.0
オフィスコンピューター	0	office computer	yes	jmdict		0.0	10.6	0.2
ノンリニア	0	nonlinear	yes	jmdict		0.0	10.6	0.4
ハイデルベルク	0		no	none		0.0	10.6	6.0
ヒストリカル	0		no	none		0.0	10.6	22.5
ファイン	0	fine	no	jmdict		0.0	10.6	6.0
ベライゾン	0	verizon	no	jmdict		0.0	10.6	1.1
ホレリス	0		no	none		0.0	10.6	0.2
ボーカル	0	vocal;vocals;singing	no	jmdict		0.0	10.6	132.8
ボーカル	1	vocalist;singer	no	jmdict		0.0	10.6	132.8
サブフォルダー	0	sub folder	no	parts:サブ+フォルダー		8.5	2.1	0.0
エコノミー	0	economy;economics;finance	no	jmdict		0.7	9.9	11.1
エコノミー	1	economising;saving	no	jmdict		0.7	9.9	11.1
エコノミー	2	economy	no	jmdict		0.7	9.9	11.1
パノラマ	0	panorama	no	jmdict		0.7	9.9	7.8
パノラマ	1	panoramic painting	no	jmdict		0.7	9.9	7.8
ベルサ	0		no	none		9.2	1.4	0.3
インスペクション	0	inspection	no	jmdict		1.4	9.2	0.7
メタバース	0	metaverse	yes	jmdict		1.4	9.2	1.9
スラブ	0	slav;slavs	no	jmdict		7.6	3.0	10.2
スラブ	1	slab	no	jmdict		7.6	3.0	10.2
プリティー	0	pretty	no	jmdict		3.7	6.9	14.7
フェイルオーバー	0	failure overcoat	no	parts:フェイル+オーバー		2.1	8.5	0.1
コート	0	coat	no	jmdict		8.2	2.3	28.0
コート	1	coating	no	jmdict		8.2	2.3	28.0
コート	2	court	no	jmdict		8.2	2.3	28.0
インフェルノ	0	inferno;hell	no	jmdict		0.5	10.1	3.4
ベガ	0	vega;alpha lyrae	no	jmdict		0.5	10.1	7.1
クラウドストレージ	0	cloud storage	yes	jmdict		1.1	9.4	0.2
リンクス	0	links	no	jmdict		0.9	9.6	5.5
リンクス	1	lynx	no	jmdict		0.9	9.6	5.5
トゥルース	0	truth	no	jmdict		3.9	6.6	9.8
エドワード	0		no	none		0.0	10.5	38.7
ベイジアン	0	bayesian	no	jmdict		0.0	10.5	0.8
ライブドア	0	livedoor	no	jmdict		0.0	10.5	7.7
リピーター	0	repeater	no	jmdict		2.3	8.2	1.2
リピーター	1	repeat customer;regular customer;repeat purchaser;frequent visitor;patron	no	jmdict		2.3	8.2	1.2
リピーター	2	person who does the same act repeatedly	no	jmdict		2.3	8.2	1.2
ワンタイム	0	one time	no	parts:ワン+タイム		4.6	5.9	0.2
ミーム	0	meme	no	jmdict		0.7	9.8	3.7
チェン	0		no	none		1.4	9.1	12.1
キーパッド	0	keypad	yes	jmdict		4.4	6.1	0.2
キャノン	0	canon	no	jmdict		2.7	7.7	14.0
キャノン	1	cannon	no	jmdict		2.7	7.7	14.0
キャノン	2	carom;cannon	no	jmdict		2.7	7.7	14.0
キャノン	3	cannon;canan	no	jmdict		2.7	7.7	14.0
シャード	0		no	none		5.0	5.4	1.0
ペアリング	0	couple's ring;couple rings	no	jmdict		3.4	7.0	0.8
ペアリング	1	pairing	no	jmdict		3.4	7.0	0.8
タブキー	0	tab key	yes	jmdict		8.0	2.4	0.0
フォトン	0	photon	no	jmdict		2.5	7.9	2.3
コーリング	0		no	none		4.8	5.6	4.9
サイボウズ	0		no	none		4.8	5.6	0.4
セミ	0	cicada;locust	no	jmdict		0.9	9.5	6.2
セミ	1	small-sized pulley	no	jmdict		0.9	9.5	6.2
ハント	0	hunt	no	jmdict		0.9	9.5	13.0
インピーダンス	0	impedance	no	jmdict		0.0	10.4	2.2
プログラマブルシェーダー	0	programmable shader	no	parts:プログラマブル+シェーダー		0.0	10.4	0.1
メタモデル	0	meta model	no	parts:メタ+モデル		0.0	10.4	0.2
テレポート	0	teleport	no	jmdict		6.2	4.2	2.8
テレポート	1	teleportation	no	jmdict		6.2	4.2	2.8
アシスト	0	assistance;help	no	jmdict		0.7	9.7	24.1
アシスト	1	assist	no	jmdict		0.7	9.7	24.1
ピアノ	0	piano	no	jmdict	ita	0.7	9.7	109.3
チューター	0	tutor	no	jmdict		9.2	1.2	0.7
ウインター	0	winter	no	jmdict		1.4	9.0	32.6
エンキュー	0		no	none		9.8	0.5	0.0
エラーチェック	0	error check	yes	jmdict		8.2	2.1	0.0
コストパフォーマンス	0	cost performance;cost effectiveness;price-performance ratio	no	jmdict		0.5	9.9	0.9
コストパフォーマンス	1	value for money;bang for one's buck	no	jmdict		0.5	9.9	0.9
マーケットシェア	0	market share	no	jmdict		0.5	9.9	0.4
レイフ	0		no	none		0.5	9.9	5.7
トリミング	0	cropping;trimming	no	jmdict		5.0	5.3	1.0
トリミング	1	trimmings;trimming	no	jmdict		5.0	5.3	1.0
トリミング	2	trimming	no	jmdict		5.0	5.3	1.0
ジョシュア	0		no	none		0.2	10.1	8.2
ディスポーザー	0	garbage disposal unit;garbage disposal;waste disposal unit;garburator	no	jmdict		10.3	0.0	0.2
マネ	0	imitating;copying;mimicry	no	jmdict		10.3	0.0	4.0
マネ	1	behavior;behaviour;action;conduct	no	jmdict		10.3	0.0	4.0
マネ	2	manager	no	jmdict		10.3	0.0	4.0
フォーリン	0	foreign	no	jmdict		2.5	7.8	15.1
アウトレット	0	outlet	no	jmdict		8.7	1.6	6.5
イーフロンティア	0	one frontier	no	parts:イー+フロンティア		0.0	10.3	0.3
ダイオード	0	diode	no	jmdict		0.0	10.3	1.7
フレデリック	0		no	none		0.0	10.3	23.1
フランネル	0	flannel	no	jmdict		9.8	0.4	0.3
ランタイムエラー	0	run-time error	yes	jmdict		8.2	2.0	0.0
ビヒクル	0	vehicle	no	jmdict		0.5	9.8	9.0
クライテリア	0	criteria	no	jmdict		2.7	7.5	1.2
マニピュレーション	0	manipulation	no	jmdict		2.7	7.5	1.1
メジャーメント	0		no	none		2.7	7.5	2.0
カーニング	0	kerning	no	jmdict		8.9	1.3	0.1
ラット	0	rat	no	jmdict		7.3	2.9	9.6
ラット	1	look-up table;lut	yes	jmdict		7.3	2.9	9.6
メトロ	0	metro;subway;underground railway	no	jmdict	fre	1.8	8.4	30.7
コリア	0	korea	no	jmdict		0.9	9.3	20.4
インターレース	0	interlace;interlaced scanning	yes	jmdict		1.6	8.6	0.4
グッズ	0	goods;merchandise;commercial items	no	jmdict		1.6	8.6	32.6
イクイップメント	0	equipment	no	jmdict		0.0	10.2	0.3
カードリーダー	0	card reader	no	jmdict		0.0	10.2	1.1
カードリーダー	1	card reader;cartomancer;reader	no	jmdict		0.0	10.2	1.1
フリードマン	0		no	none		0.0	10.2	7.2
キーイベント	0	key event	no	parts:キー+イベント		10.1	0.1	0.0
プ	0	toot	no	jmdict		10.1	0.1	3.2
プ	1	honk;beep	no	jmdict		10.1	0.1	3.2
プ	2	farting sound	no	jmdict		10.1	0.1	3.2
プ	3	sound of something being inflated;puff;poof;phoo	no	jmdict		10.1	0.1	3.2
プ	4	pooh	no	jmdict		10.1	0.1	3.2
アカウンティング	0	accounting	no	jmdict		0.7	9.5	1.5
シューティング	0	shooting	no	jmdict		0.7	9.5	19.3
フォビドゥン	0		no	none		7.6	2.6	1.6
スト	0	strike	no	jmdict		9.8	0.3	5.1
バンドラ	0		no	none		9.8	0.3	0.1
ミスター	0	mister;mr	no	jmdict		0.5	9.7	57.1
レッサー	0		no	none		0.5	9.7	2.1
メールソフト	0	email software;email program;mail program	yes	jmdict		1.1	9.0	0.2
オーシャン	0	ocean	no	jmdict		5.7	4.4	17.7
バッキング	0	backing	no	jmdict		5.7	4.4	11.3
エンゲージメント	0	engagement	no	jmdict		8.0	2.1	0.5
ジェネラライズド	0		no	none		0.2	9.9	1.0
ドボルザーク	0		no	none		0.9	9.2	2.7
プレリリース	0	prerelease	no	jmdict		7.1	3.0	0.2
パイク	0	pike	no	jmdict		0.0	10.1	4.1
ボカロ	0	vocaloid	no	jmdict		0.0	10.1	3.6
メソドロジー	0		no	none		0.0	10.1	1.0
キャンプ	0	camp;camping	no	jmdict		3.0	7.1	46.7
ビジブル	0	visible	no	jmdict		5.3	4.8	1.1
ポーター	0	porter	no	jmdict		3.7	6.4	13.2
ポータビリティー	0	portability	no	jmdict		2.1	8.0	0.4
ドレス	0	dress	no	jmdict		6.6	3.4	15.9
ディスクロージャー	0	disclosure	no	jmdict		5.7	4.3	1.7
ドラマ	0	television series;tv drama;teledrama;play	no	jmdict		0.2	9.8	400.3
ドラマ	1	drama;dramatic incident;spectacle;tragedy	no	jmdict		0.2	9.8	400.3
モールス	0		no	none		0.2	9.8	1.9
バーチャルリアリティー	0	virtual reality	no	jmdict		2.5	7.5	0.8
コマンダー	0	commander	no	jmdict		0.0	10.0	7.2
ティーチング	0	teaching	no	jmdict		0.0	10.0	3.0
リール	0	reel	no	jmdict		0.0	10.0	10.6
アリババ	0	ali baba	no	jmdict		0.7	9.3	2.1
アリババ	1	alibaba	no	jmdict		0.7	9.3	2.1
メービー	0		no	none		0.7	9.3	2.7
メガビット	0	megabits	yes	jmdict		1.4	8.6	0.3
ステップバイステップ	0	step-by-step	no	jmdict		7.6	2.4	0.2
アテステーション	0		no	none		9.8	0.1	0.0
ビューポート	0	viewport	yes	jmdict		9.8	0.1	0.0
ファジング	0	fuzzing;fuzz testing	yes	jmdict		2.1	7.9	0.1
ベストエフォート	0	best effort	yes	jmdict		6.6	3.3	0.1
シラバス	0	syllabus	no	jmdict		5.0	4.9	1.0
ダイアレクト	0	dialect	no	jmdict		5.0	4.9	0.8
プリベンション	0		no	none		3.4	6.5	3.0
フェーム	0		no	none		0.2	9.7	10.5
ボンジュール	0	good day;good morning	no	jmdict	fre	0.2	9.7	1.0
マルコフ	0		no	none		0.2	9.7	1.5
ウェブスター	0	web star	no	parts:ウェブ+スター		1.6	8.3	6.8
エーリク	0		no	none		0.0	9.9	5.7
チャック	0	zip fastener;zipper;zip	no	jmdict		0.0	9.9	11.8
チャック	1	chuck	no	jmdict		0.0	9.9	11.8
テンダ	0	tender	no	jmdict		0.0	9.9	0.5
ドン	0	don	no	jmdict		0.0	9.9	30.2
ドン	1	bigwig;important person	no	jmdict		0.0	9.9	30.2
ドン	2	bang;bam;boom;thud;thump;crash	no	jmdict		0.0	9.9	30.2
ドン	3	noontime signal gun;noon gun;noonday gun	no	jmdict		0.0	9.9	30.2
ドン	4	precisely;exactly;plumb;totally;very	no	jmdict		0.0	9.9	30.2
ドン	5	miss	no	jmdict		0.0	9.9	30.2
ドン	6	dong	no	jmdict		0.0	9.9	30.2
リップル	0	ripple	no	jmdict		0.0	9.9	2.5
プリペアード	0		no	none		8.5	1.4	0.9
モンゴル	0	mongolia	no	jmdict		8.5	1.4	51.4
エッセー	0	essay	no	jmdict		0.7	9.2	24.2
エッセー	1	essays	no	jmdict		0.7	9.2	24.2
エバン	0		no	none		1.4	8.5	6.3
オートスケーラー	0		no	none		9.8	0.0	0.0
ピクチャインピクチャ	0	picture-in-picture;pip	yes	jmdict		9.8	0.0	0.0
キーコード	0	key code	yes	jmdict		8.2	1.6	0.1
インコーポレーテッド	0		no	none		0.5	9.4	2.1
ショッピングカート	0	shopping cart;trolley	no	jmdict		8.9	0.9	0.3
ハン	0	khan	no	jmdict		1.1	8.7	21.3
ハン	1	han;fan;unit that doubles the score of a hand	no	jmdict		1.1	8.7	21.3
ポリライン	0	polyethylene line	no	parts:ポリ+ライン		5.7	4.1	0.1
ファステスト	0		no	none		0.2	9.6	10.7
マルチテナント	0	multi-post tenant	no	parts:マルチ+テナント		6.4	3.4	0.1
ナインス	0	ninth	no	jmdict		0.9	8.9	12.6
プレーイング	0		no	none		0.9	8.9	5.3
ストラクチュアル	0		no	none		3.2	6.6	3.7
ピック	0	pick;plectrum	no	jmdict		3.9	5.9	10.7
ピック	1	ice pick	no	jmdict		3.9	5.9	10.7
ピック	2	pickaxe	no	jmdict		3.9	5.9	10.7
ピック	3	pick	no	jmdict		3.9	5.9	10.7
ピック	4	pick;lock pick	no	jmdict		3.9	5.9	10.7
ケプラー	0		no	none		0.0	9.8	9.8
トランスピュータ	0	transputer	yes	jmdict		0.0	9.8	0.1
ポケットコンピューター	0	pocket computer;pocket pc	yes	jmdict		0.0	9.8	0.2
ラティス	0	lattice	no	jmdict		0.0	9.8	1.0
ラプソディー	0	rhapsody	no	jmdict		0.0	9.8	7.0
ピラミッド	0	pyramid	no	jmdict		2.3	7.5	11.5
コンストラクト	0	construct	no	jmdict		4.6	5.2	0.4
バウンス	0	bounce	no	jmdict		4.6	5.2	0.6
イーグル	0	eagle	no	jmdict		0.7	9.1	14.3
リフ	0	riff	no	jmdict		0.7	9.1	2.6
スペースキー	0	space bar;space key	yes	jmdict		3.0	6.8	0.2
コンセント	0	outlet;socket;power point	no	jmdict		3.7	6.1	2.9
サラウンド	0	surround	no	jmdict		0.5	9.3	2.4
ルーツ	0	roots;origin	no	jmdict		0.5	9.3	21.0
ルーツ	1	one's roots;ancestry	no	jmdict		0.5	9.3	21.0
ウォー	0	war	no	jmdict		0.2	9.5	17.9
バード	0	bird	no	jmdict		0.2	9.5	31.3
バード	1	bard	no	jmdict		0.2	9.5	31.3
ピエール	0		no	none		0.2	9.5	38.4
ホッパー	0	hopper	no	jmdict		0.2	9.5	6.4
アンサンブル	0	ensemble	no	jmdict	fre	6.4	3.3	13.5
アンサンブル	1	harmony;coordination	no	jmdict	fre	6.4	3.3	13.5
アンサンブル	2	ensemble;outfit;suit	no	jmdict	fre	6.4	3.3	13.5
ドローン	0	drone;unmanned aircraft	no	jmdict		2.5	7.2	12.6
ドローン	1	drone	no	jmdict		2.5	7.2	12.6
オペレーショナル	0	operational	no	jmdict		0.9	8.8	1.5
コーディネーター	0	coordinator	no	jmdict		0.9	8.8	11.9
カ	0	mosquito	no	jmdict		9.4	0.3	4.4
カ	1	counter used with sino-japanese words	no	jmdict		9.4	0.3	4.4
ランチャ	0	launcher	no	jmdict		9.4	0.3	0.1
ランチャ	1	ramcha	no	jmdict		9.4	0.3	0.1
ランチャ	2	lancia	no	jmdict		9.4	0.3	0.1
ステージング	0		no	none		7.8	1.9	0.7
インクジェットプリンター	0	inkjet printer	no	jmdict		0.0	9.7	0.6
ウルフラム	0		no	none		0.0	9.7	0.4
サイモン	0		no	none		0.0	9.7	15.2
ヒュー	0	with a whizzing sound;with a whistling sound;sound of something whizzing by	no	jmdict		0.0	9.7	13.0
ブラスター	0		no	none		0.0	9.7	4.6
ボルト	0	volt	no	jmdict		0.0	9.7	17.7
ボルト	1	bolt	no	jmdict		0.0	9.7	17.7
レルム	0		no	none		8.5	1.2	0.7
カスペルスキー	0		no	none		0.7	9.0	0.3
インナー	0	inner	no	jmdict		3.0	6.7	7.1
インナー	1	underwear;undergarment;innerwear	no	jmdict		3.0	6.7	7.1
ソーティング	0	sorting	no	jmdict		0.5	9.2	0.4
アサイド	0	aside	no	jmdict		6.6	3.0	0.3
フェッチディレクティブ	0	fetch directive	no	parts:フェッチ+ディレクティブ		9.6	0.0	0.0
マイター	0		no	none		9.6	0.0	0.1
ディスカバー	0	discover	no	jmdict		3.2	6.4	4.1
バンキング	0	banking	no	jmdict		1.6	8.0	2.6
イルミネーション	0	illumination;decorative lighting	no	jmdict		0.0	9.6	5.0
カープ	0	carp	no	jmdict		0.0	9.6	10.1
カープ	1	karp;karpf	no	jmdict		0.0	9.6	10.1
カープ	2	hiroshima toyo carp	no	jmdict		0.0	9.6	10.1
デバイセズ	0		no	none		0.0	9.6	0.3
プライマー	0	primer;introductory book	no	jmdict		0.7	8.9	2.6
プライマー	1	primer;undercoat	no	jmdict		0.7	8.9	2.6
プライマー	2	primer	no	jmdict		0.7	8.9	2.6
ファイナライズ	0		no	none		3.7	5.9	0.7
イニシャライズ	0	initialize;initialise	no	jmdict		6.0	3.6	0.1
スクリーンセーバー	0	screen saver	yes	jmdict		0.5	9.1	0.4
セバスチャン	0		no	none		0.5	9.1	16.1
オープニング	0	opening;start;launch	no	jmdict		1.1	8.4	104.2
オープニング	1	opening credits;title sequence	no	jmdict		1.1	8.4	104.2
オープニング	2	theme song	no	jmdict		1.1	8.4	104.2
カーネギー	0		no	none		0.2	9.3	4.7
サーボ	0	servo	no	jmdict		0.2	9.3	1.1
ニュースレター	0	newsletter	no	jmdict		4.8	4.7	1.4
パルプ	0	pulp	no	jmdict		7.8	1.7	4.1
ウィルクス	0		no	none		0.0	9.5	2.2
エーアイ	0	artificial intelligence;ai	no	jmdict		0.0	9.5	0.5
オズボーン	0		no	none		0.0	9.5	5.7
スタティスティカル	0		no	none		0.0	9.5	5.1
トロン	0	tron;the realtime operating system nucleus	yes	jmdict		0.0	9.5	4.8
ドリーム	0	dream	no	jmdict		0.0	9.5	48.9
ニューロン	0	neuron	no	jmdict		0.0	9.5	4.4
マトロックス	0		no	none		0.0	9.5	0.2
ラッセル	0	snowplow;track-clearing vehicle	no	jmdict		0.0	9.5	17.3
ラッセル	1	carving a trail through deep snow	no	jmdict		0.0	9.5	17.3
フレッシュ	0	fresh	no	jmdict		2.3	7.2	20.0
フレッシュ	1	non-dairy creamer;coffee whitener	no	jmdict		2.3	7.2	20.0
アネックス	0	annex;annexe	no	jmdict		1.4	8.1	52.8
スペルミス	0	spelling mistake	no	jmdict		7.6	1.9	0.2
ファントム	0	phantom	no	jmdict		3.7	5.8	18.7
ビーブ	0		no	none		2.7	6.7	1.1
メッセージキュー	0	message queue	yes	jmdict		2.7	6.7	0.1
ベルギー	0	belgium	no	jmdict		1.1	8.3	46.1
ローカルエリアネットワーク	0	local area network;lan	yes	jmdict		1.1	8.3	0.2
ロールオーバー	0	rollover	no	jmdict		5.7	3.7	0.3
シアトル	0	seattle	no	jmdict		0.2	9.2	13.4
バイオグラフィー	0	biography	no	jmdict		0.2	9.2	40.8
サブスクライバ	0	subscriber	yes	jmdict		8.7	0.7	0.0
イヤホン	0	earphones;earphone	no	jmdict		0.9	8.5	2.9
プロビジョナー	0		no	none		9.4	0.0	0.0
ゾンビ	0	zombie	no	jmdict		1.6	7.8	21.8
スーザン	0		no	none		0.0	9.4	13.6
タイピスト	0	typist	no	jmdict		0.0	9.4	0.7
ハイアラーキカル	0		no	none		0.0	9.4	0.4
ビジネスインテリジェンス	0	business intelligence	yes	jmdict		0.0	9.4	0.2
ボロー	0	rag;old cloth	no	jmdict		0.0	9.4	1.3
ボロー	1	tattered clothes;ragged clothes;rags	no	jmdict		0.0	9.4	1.3
ボロー	2	fault;defect;weakness	no	jmdict		0.0	9.4	1.3
ボロー	3	worn-out;run-down;shabby;ragged;tattered	no	jmdict		0.0	9.4	1.3
ワンチップ	0	one tip	no	parts:ワン+チップ		0.0	9.4	0.2
ロバスト	0		no	none		0.7	8.7	0.8
ブラウズ	0	browse;browsing	no	jmdict		3.0	6.4	0.1
ポインティング	0	pointing	no	jmdict		3.0	6.4	0.5
フルスクリーン	0	full screen	yes	jmdict		1.4	8.0	0.2
プリコンパイル	0		no	none		7.6	1.8	0.0
キャパシター	0	capacitor	no	jmdict		0.5	8.9	1.0
ストレート	0	straight	no	jmdict		0.5	8.9	27.6
ストレート	1	straightforward;direct;blunt;candid	no	jmdict		0.5	8.9	27.6
ストレート	2	straight;neat;black	no	jmdict		0.5	8.9	27.6
ストレート	3	entering university right after graduating high school	no	jmdict		0.5	8.9	27.6
ストレート	4	fastball	no	jmdict		0.5	8.9	27.6
ストレート	5	straight;straight person	no	jmdict		0.5	8.9	27.6
スクランブル	0	scramble	no	jmdict		0.2	9.1	10.6
ディスクリート	0	discrete	no	jmdict		0.2	9.1	0.3
トレードマーク	0	trademark	no	jmdict		0.2	9.1	7.5
ウイング	0	wing	no	jmdict		0.0	9.3	33.2
ウイング	1	wing;winger	no	jmdict		0.0	9.3	33.2
ウイング	2	unbalanced edge	no	jmdict		0.0	9.3	33.2
エボリューショナリー	0		no	none		0.0	9.3	7.1
シルク	0	silk	no	jmdict		0.0	9.3	7.7
スイッチングハブ	0	switching hub	yes	jmdict		0.0	9.3	0.2
ブルーレイ	0	blu-ray disc;bd	no	jmdict		0.0	9.3	6.0
アタッシュド	0		no	none		2.3	7.0	0.6
キャップ	0	cap	no	jmdict		2.3	7.0	16.5
キャップ	1	leader;chief;head;captain	no	jmdict		2.3	7.0	16.5
ユニコーン	0	unicorn	no	jmdict		2.3	7.0	9.7
アナリティクス	0		no	none		4.6	4.7	0.3
スパイダー	0	spider	no	jmdict		1.4	7.9	12.0
スパイダー	1	spider;web crawler	no	jmdict		1.4	7.9	12.0
ダム	0	dam	no	jmdict		1.4	7.9	89.2
サリバン	0		no	none		0.5	8.8	9.3
シンキング	0	thinking	no	jmdict		0.5	8.8	3.9
シンキング	1	sinking	no	jmdict		0.5	8.8	3.9
フィボナッチ	0		no	none		5.0	4.2	0.9
プロジェクター	0	projector	no	jmdict		1.1	8.1	2.6
コラボ	0	collaboration;collab	no	jmdict		0.2	9.0	66.6
ファイト	0	fight	no	jmdict		0.2	9.0	46.5
ファイト	1	fighting spirit	no	jmdict		0.2	9.0	46.5
ファイト	2	do your best;go for it;keep at it	no	jmdict		0.2	9.0	46.5
デュー	0		no	none		2.5	6.7	7.7
エキスパンション	0	expansion	no	jmdict		0.9	8.3	5.2
シフトキー	0	shift key	no	jmdict		0.9	8.3	0.4
サイレント	0	silent	no	jmdict		3.9	5.3	18.0
サイレント	1	silent film	no	jmdict		3.9	5.3	18.0
サイレント	2	silent letter	no	jmdict		3.9	5.3	18.0
ウェッジ	0	wedge	no	jmdict		0.0	9.2	4.8
スリー	0	three	no	jmdict		0.0	9.2	22.7
スリー	1	three-turn	no	jmdict		0.0	9.2	22.7
ミサイル	0	missile	no	jmdict		0.0	9.2	80.4
メイリオ	0		no	none		0.0	9.2	0.2
コリンズ	0		no	none		0.7	8.5	16.0
アクセスログ	0	access log	yes	jmdict		6.9	2.3	0.1
カラフル	0	colorful;colourful	no	jmdict		3.0	6.2	10.7
プロパティアクセサー	0		no	none		9.2	0.0	0.0
パンフレット	0	pamphlet;brochure;leaflet	no	jmdict		3.7	5.5	21.3
アウェアネス	0		no	none		2.1	7.1	1.9
レポジトリ	0	repository	no	jmdict		2.7	6.4	0.1
マンデー	0	monday	no	jmdict		1.1	8.0	12.9
コントロールキー	0	control key	yes	jmdict		1.8	7.3	0.2
クール	0	cool	no	jmdict		4.1	5.0	43.9
クール	1	cool;cool-headed;cold-hearted	no	jmdict		4.1	5.0	43.9
クール	2	course	no	jmdict		4.1	5.0	43.9
クール	3	thirteen-week run of a tv or radio series;cour	no	jmdict		4.1	5.0	43.9
サンタ	0	santa;santa claus	no	jmdict		0.2	8.9	23.4
レシーブ	0	receiving	no	jmdict		2.5	6.6	6.7
レシーブ	1	bump;forearm pass	no	jmdict		2.5	6.6	6.7
ジェンダー	0	gender	no	jmdict		0.9	8.2	19.4
ベロシティー	0	velocity	no	jmdict		0.9	8.2	1.6
テーラー	0	tailor	no	jmdict		1.6	7.5	16.9
アシュトン	0		no	none		0.0	9.1	3.0
アルゴリズミック	0	algorithmic	no	jmdict		0.0	9.1	0.4
エクセレンス	0	excellence	no	jmdict		0.0	9.1	2.8
エリクソン	0	ericsson	yes	jmdict		0.0	9.1	3.2
カーナビ	0	car navigation system	no	jmdict		0.0	9.1	1.7
シックスス	0		no	none		0.0	9.1	11.9
ハミルトン	0		no	none		0.0	9.1	18.6
トレール	0	trail	no	jmdict		3.0	6.1	11.3
カーソルキー	0	cursor keys;arrow keys	yes	jmdict		3.7	5.4	0.2
キャント	0		no	none		2.1	7.0	8.8
ゴム	0	gum;rubber	no	jmdict	dut	0.5	8.6	19.0
ゴム	1	eraser	no	jmdict	dut	0.5	8.6	19.0
ゴム	2	condom	no	jmdict	dut	0.5	8.6	19.0
プリプロセッサー	0	preprocessor	yes	jmdict		8.9	0.1	0.0
インセンティブ	0	incentive	no	jmdict		1.1	7.9	1.9
フィート	0	feet;foot	no	jmdict		1.8	7.2	27.8
メタプログラミング	0	metaprogramming	yes	jmdict		1.8	7.2	0.1
コーン	0	cone	no	jmdict		2.5	6.5	11.8
コーン	1	corn;maize	no	jmdict		2.5	6.5	11.8
イントリューション	0		no	none		4.8	4.2	0.2
スコアリング	0	scoring	no	jmdict		5.5	3.5	1.8
シッピング	0	shipping	no	jmdict		1.6	7.4	1.6
シンメトリック	0	symmetric	no	jmdict		1.6	7.4	0.6
ニッチ	0	niche	no	jmdict		1.6	7.4	2.8
スペーシング	0	spacing	no	jmdict		7.8	1.2	0.1
エマージング	0	emerging	no	jmdict		0.0	9.0	2.2
カメリア	0	camellia	no	jmdict	lat	0.0	9.0	1.8
グラディ	0		no	none		0.0	9.0	1.1
ソロモン	0		no	none		0.0	9.0	11.5
ソード	0	sword	no	jmdict		0.0	9.0	23.3
タブブラウザ	0	tabbed browser;web browser that supports tabbed browsing	yes	jmdict		0.0	9.0	0.1
トラックバック	0	trackback	no	jmdict		0.0	9.0	0.3
トラックバック	1	dolly out;track out	no	jmdict		0.0	9.0	0.3
ミリタリー	0	military	no	jmdict		0.0	9.0	25.2
サジェスト	0	suggestion	no	jmdict		6.2	2.8	0.6
ジッター	0	jitter	yes	jmdict		2.3	6.7	0.6
オリンピック	0	olympics;olympic games	no	jmdict		0.7	8.3	201.4
ビンテージ	0	vintage	no	jmdict		0.7	8.3	6.3
ダイヤ	0	diamond	no	jmdict		1.4	7.6	81.4
ダイヤ	1	schedule;timetable	no	jmdict		1.4	7.6	81.4
ダイヤ	2	diagram	no	jmdict		1.4	7.6	81.4
コンビネーション	0	combination	no	jmdict		3.7	5.3	6.0
ドキュメンタリー	0	documentary	no	jmdict		0.5	8.5	49.3
フィクション	0	fiction	no	jmdict		0.5	8.5	16.6
パッキング	0	packing	no	jmdict		2.7	6.2	0.9
パッキング	1	packing;gasket	no	jmdict		2.7	6.2	0.9
リアクター	0	reactor	no	jmdict		7.3	1.6	2.9
オートノマス	0		no	none		1.8	7.1	1.1
サブネットマスク	0	subnet mask	yes	jmdict		1.8	7.1	0.1
シェフ	0	chef	no	jmdict	fre	1.8	7.1	12.8
スローガン	0	slogan	no	jmdict		1.8	7.1	11.5
コンシステンシー	0	consistency	no	jmdict		0.2	8.7	0.4
スペーシャル	0		no	none		0.2	8.7	1.2
ボンディング	0	bonding	no	jmdict		0.2	8.7	0.6
アンラップ	0	unwrap;unwrapping	no	jmdict		8.7	0.2	0.0
タブリスト	0	tab list	no	parts:タブ+リスト		8.7	0.2	0.0
キャップス	0		no	none		3.2	5.7	1.7
サンノゼ	0	san jose	no	jmdict		0.0	8.9	2.4
ソフトバンクモバイル	0	softbank mobile	no	jmdict		0.0	8.9	3.6
ダイサイズ	0	die size	yes	jmdict		0.0	8.9	0.1
デイリー	0	daily	no	jmdict		0.0	8.9	25.4
デイリー	1	perishable foods delivered daily to retailers;perishables	no	jmdict		0.0	8.9	25.4
ハロウィーン	0	halloween	no	jmdict		0.0	8.9	14.3
ロチェスター	0	rochester	no	jmdict		0.0	8.9	4.4
バージョニング	0	versioning;version control	yes	jmdict		6.2	2.7	0.0
キャンディデート	0	candidate	yes	jmdict		0.7	8.2	2.5
ハンズオン	0	hands-on	no	jmdict		6.9	2.0	0.2
アンチウイルスソフト	0	anti-virus software	yes	jmdict		0.5	8.4	0.1
デジタルコンテンツ	0	digital content	no	jmdict		0.5	8.4	1.9
アンパサンド	0	ampersand	no	jmdict		6.6	2.2	0.2
ストラッツ	0		no	none		1.1	7.7	0.3
トリニティ	0	trinity	no	jmdict		1.1	7.7	10.1
トランスデューサー	0		no	none		8.7	0.1	0.1
オーダリング	0		no	none		0.9	7.9	0.4
センシング	0		no	none		0.9	7.9	1.9
ジュニパー	0		no	none		3.2	5.6	0.5
テンポラリー	0	temporary	no	jmdict		3.9	4.9	1.1
シャーシー	0	chassis	no	jmdict		0.0	8.8	11.8
ドゥーム	0	doom	no	jmdict		0.0	8.8	5.8
バッカス	0	bacchus	no	jmdict		0.0	8.8	2.5
ミップス	0	mips;million instructions per second	yes	jmdict		0.0	8.8	0.1
レーベル	0	label	no	jmdict		0.0	8.8	60.2
ビジット	0		no	none		2.3	6.5	4.0
クリッピングパス	0	clipping path	yes	jmdict		8.5	0.3	0.0
リーダブル	0	readable	no	jmdict		4.6	4.2	0.1
ハンマー	0	hammer	no	jmdict		0.7	8.1	17.6
コントロールド	0		no	none		3.0	5.8	3.1
レイテンシ	0	latency	yes	jmdict		2.1	6.7	0.1
キーフレームアニメーション	0	key frame animation	no	parts:キーフレーム+アニメーション		8.2	0.5	0.0
ファビコン	0	favicon	yes	jmdict		8.2	0.5	0.0
レジデンシャル	0	residential	no	jmdict		8.2	0.5	1.6
ファッション	0	fashion	no	jmdict		0.5	8.3	55.1
ロビンソン	0		no	none		0.5	8.3	19.7
エッフェル	0		no	none		0.2	8.5	1.8
グラス	0	glass	no	jmdict		0.2	8.5	16.7
グラス	1	glasses	no	jmdict		0.2	8.5	16.7
グラス	2	grass	no	jmdict		0.2	8.5	16.7
マレーシア	0	malaysia	no	jmdict		0.9	7.8	32.7
ユークリッド	0		no	none		0.9	7.8	4.9
ケール	0	kale	no	jmdict		3.2	5.5	2.0
プレスト	0	presto	no	jmdict	ita	3.2	5.5	2.0
ダイブ	0	dive;diving	no	jmdict		1.6	7.1	9.9
ダイブ	1	dive	no	jmdict		1.6	7.1	9.9
アルジェブレイク	0		no	none		0.0	8.7	1.7
クラム	0	clam	no	jmdict		0.0	8.7	2.0
クラム	1	crumb	no	jmdict		0.0	8.7	2.0
プロアトラス	0	professional atlas	no	parts:プロ+アトラス		0.0	8.7	0.1
スパムメール	0	spam mail	no	jmdict		2.3	6.4	0.2
プロビジョン	0	professional vision	no	parts:プロ+ビジョン		8.5	0.2	0.1
プロジェクション	0	projection	no	jmdict		4.4	4.3	3.0
カイロ	0	pocket heater;hand warmer;heater pack	no	jmdict		0.5	8.2	9.1
カイロ	1	cairo	no	jmdict		0.5	8.2	9.1
クオータリー	0	quarterly	no	jmdict		0.5	8.2	5.2
ランクイン	0	placing in a list	no	jmdict		0.5	8.2	20.7
コロナ	0	corona	no	jmdict		0.2	8.4	21.3
コロナ	1	coronavirus	no	jmdict		0.2	8.4	21.3
クリーンナップ	0	heart of the batting order	no	jmdict		6.4	2.2	0.9
クリーンナップ	1	cleanup;cleaning up	no	jmdict		6.4	2.2	0.9
フラクション	0	cell	no	jmdict		6.4	2.2	0.6
フラクション	1	faction;splinter group	no	jmdict		6.4	2.2	0.6
フラクション	2	fraction	no	jmdict		6.4	2.2	0.6
ホットスポット	0	hot spot	no	jmdict		4.8	3.8	1.6
スネーク	0	snake	no	jmdict		5.5	3.1	9.5
セルシス	0	cell cis	no	parts:セル+シス		0.0	8.6	0.3
タイムズ	0	times	no	jmdict		0.0	8.6	33.7
タイムズ	1	the times	no	jmdict		0.0	8.6	33.7
ターナー	0		no	none		0.0	8.6	15.0
テラバイト	0	terabyte;tb	yes	jmdict		0.0	8.6	0.2
マンスリー	0	monthly	no	jmdict		0.0	8.6	13.8
ピーターソン	0		no	none		1.4	7.2	5.9
オリバー	0		no	none		0.5	8.1	17.9
アジェンダ	0	agenda	no	jmdict		0.2	8.3	2.6
アドバタイジング	0	advertising	no	jmdict		0.2	8.3	1.8
オートモーティブ	0		no	none		0.2	8.3	2.7
サーベイランス	0	surveillance	no	jmdict		0.2	8.3	1.5
システムバス	0	modular bath;prefabricated bath	no	jmdict		0.2	8.3	0.2
システムバス	1	system bus	yes	jmdict		0.2	8.3	0.2
プロセッサコア	0		no	none		0.2	8.3	0.1
ブロブ	0		no	none		3.2	5.3	0.3
インデキシング	0	indexing	no	jmdict		1.6	6.9	0.2
カルダノ	0		no	none		0.0	8.5	0.2
グッドデザイン	0	good design	no	jmdict		0.0	8.5	6.9
ゲーデル	0		no	none		0.0	8.5	1.4
データプロセシング	0	data processing	yes	jmdict		0.0	8.5	0.2
ヘリテージ	0		no	none		0.0	8.5	15.3
ホセ	0		no	none		0.0	8.5	23.3
ライザー	0		no	none		4.6	3.9	1.7
イミディエート	0		no	none		0.7	7.8	1.0
インベスティゲーション	0		no	none		0.7	7.8	4.8
ゼロコピー	0		no	none		6.9	1.6	0.0
クリーニング	0	cleaning;dry cleaning;laundry service	no	jmdict		1.4	7.1	3.9
エキスパンデッド	0		no	none		4.4	4.1	1.5
ウイナー	0	winner	no	jmdict		0.5	8.0	7.6
リライアビリティー	0	reliability	no	jmdict		0.5	8.0	0.6
スイープ	0	sweep	no	jmdict		2.7	5.7	2.2
ディファイニング	0		no	none		2.7	5.7	0.7
ウェーク	0		no	none		1.8	6.6	9.0
インベストメント	0	investment	no	jmdict		0.2	8.2	5.2
ウッド	0	wood	no	jmdict		0.2	8.2	34.0
ガブリエル	0		no	none		0.2	8.2	16.7
グル	0	accomplice;conspirator;cohort	no	jmdict		0.2	8.2	4.0
グル	1	guru	no	jmdict		0.2	8.2	4.0
バトラー	0	butler	no	jmdict		0.2	8.2	14.8
コンパス	0	compass;pair of compasses	no	jmdict	dut	2.5	5.9	7.3
コンパス	1	compass	no	jmdict	dut	2.5	5.9	7.3
コンパス	2	length of one's stride;length of one's legs	no	jmdict	dut	2.5	5.9	7.3
ウィキリークス	0	wikileaks	no	jmdict		0.0	8.4	0.6
クノーピクス	0		no	none		0.0	8.4	0.1
コースト	0	coast	no	jmdict		0.0	8.4	17.4
サプリメント	0	supplement	no	jmdict		0.0	8.4	9.8
フィンガー	0	finger	no	jmdict		0.0	8.4	6.3
ホビイスト	0		no	none		0.0	8.4	0.2
タイフーン	0	typhoon	no	jmdict		4.6	3.8	4.2
アビリティー	0	ability	no	jmdict		0.7	7.7	5.3
シンクロナス	0	synchronous	no	jmdict		0.7	7.7	0.4
ハイレベル	0	high-level	no	jmdict		3.0	5.4	1.8
ファイルディスクリプタ	0	file descriptor	yes	jmdict		7.6	0.8	0.0
ポートレート	0	portrait	no	jmdict		4.4	4.0	9.9
シチュエーション	0	situation	no	jmdict		2.7	5.6	9.2
イコライザー	0	equalizer;equaliser	no	jmdict		1.1	7.2	1.5
エミッター	0	emitter	no	jmdict		5.7	2.6	0.6
テクノ	0	techno	no	jmdict		0.2	8.1	12.7
テクノ	1	techno-pop	no	jmdict		0.2	8.1	12.7
ラベリング	0	labeling	no	jmdict		4.8	3.5	0.8
ケーブルテレビ	0	cable television	no	jmdict		0.9	7.4	11.4
ション	0		no	none		7.1	1.2	2.1
タンパ	0	tamper;reflector	no	jmdict		7.8	0.5	2.1
エーデッド	0		no	none		0.0	8.3	0.5
ジャスティス	0	justice	no	jmdict		0.0	8.3	16.6
ヘテロジニアス	0	heterogeneous	no	jmdict		0.0	8.3	0.1
ディスパッチャー	0	dispatcher;despatcher	no	jmdict		4.6	3.7	0.2
カフェ	0	cafe;coffeehouse	no	jmdict	fre	0.7	7.6	63.3
カフェ	1	hostess bar	no	jmdict	fre	0.7	7.6	63.3
ホライズン	0		no	none		0.7	7.6	9.7
ナビゲーションバー	0	navigation bar	no	parts:ナビゲーション+バー		6.9	1.4	0.0
クリスマス	0	christmas	no	jmdict		1.4	6.9	56.5
ファンタジー	0	fantasy	no	jmdict		1.4	6.9	60.4
プロパー	0	proper	no	jmdict		1.4	6.9	2.1
プロパー	1	full time;career	no	jmdict		1.4	6.9	2.1
プロパー	2	regular price;net price	no	jmdict		1.4	6.9	2.1
プロパー	3	pharmaceutical sales representative	no	jmdict		1.4	6.9	2.1
ピックアップ	0	picking out;choosing;selection	no	jmdict		2.1	6.2	10.9
ピックアップ	1	picking up	no	jmdict		2.1	6.2	10.9
ピックアップ	2	pickup;cartridge	no	jmdict		2.1	6.2	10.9
ピックアップ	3	pickup	no	jmdict		2.1	6.2	10.9
スカッシュ	0	squash	no	jmdict		8.2	0.0	1.3
フォールディング	0	folding;intramolecular self-assembly	no	jmdict		0.5	7.8	2.0
フォールディング	1	folding	no	jmdict		0.5	7.8	2.0
ジャンク	0	junk	no	jmdict		5.7	2.5	4.5
インテレクチュアル	0	intellectual	no	jmdict		0.2	8.0	2.0
シアター	0	theater;theatre	no	jmdict		0.2	8.0	125.7
ニュートン	0	newton	no	jmdict		0.2	8.0	10.8
ヴァン	0	value-added network;van	yes	jmdict		0.2	8.0	36.4
セマフォア	0	semaphore	no	jmdict		4.8	3.4	0.1
シェーク	0	shaking	no	jmdict		0.9	7.3	4.5
シェーク	1	milkshake;shake	no	jmdict		0.9	7.3	4.5
インテリ	0	intellectual;educated person	no	jmdict		3.2	5.0	2.6
インテリ	1	intelligentsia	no	jmdict		3.2	5.0	2.6
ポルト	0		no	none		5.5	2.7	7.9
アナコンダ	0	anaconda	no	jmdict		0.0	8.2	1.2
インターコネクト	0		no	none		0.0	8.2	0.1
カルト	0	cult	no	jmdict		0.0	8.2	11.8
サーマル	0	thermal	no	jmdict		0.0	8.2	2.6
サーマル	1	thermal garment;thermals	no	jmdict		0.0	8.2	2.6
トッド	0		no	none		0.0	8.2	12.2
ブリン	0		no	none		0.0	8.2	2.6
ストリップ	0	strip show;striptease	no	jmdict		2.3	5.9	6.4
ストリップ	1	stripping;removing one's clothes	no	jmdict		2.3	5.9	6.4
ストリップ	2	strip	no	jmdict		2.3	5.9	6.4
リストリクテッド	0		no	none		4.4	3.8	0.7
ドライビング	0	driving	no	jmdict		0.5	7.7	6.1
ベリー	0	very	no	jmdict		0.5	7.7	25.8
ベリー	1	berry	no	jmdict		0.5	7.7	25.8
ベリー	2	belly	no	jmdict		0.5	7.7	25.8
ブースト	0	boost	no	jmdict		1.1	7.0	5.8
サブキー	0	sub key	no	parts:サブ+キー		5.7	2.4	0.0
セイコーエプソン	0		no	none		0.2	7.9	0.8
メルトダウン	0	meltdown	no	jmdict		0.2	7.9	1.1
ロスレス	0	lossless	yes	jmdict		0.2	7.9	0.2
サインアップ	0	sign up	no	jmdict		6.4	1.7	0.1
ガーデン	0	garden	no	jmdict		2.5	5.6	49.2
シアン	0	cyan	no	jmdict	dut	2.5	5.6	5.5
アドバタイズメント	0	advertisement	no	jmdict		0.9	7.2	0.4
レモン	0	lemon	no	jmdict		1.6	6.5	20.6
カルデラ	0	caldera	no	jmdict		0.0	8.1	5.1
ショック	0	shock	no	jmdict		0.0	8.1	36.4
ショック	1	shock;impact;jolt	no	jmdict		0.0	8.1	36.4
ショック	2	crisis;event that rattles the markets	no	jmdict		0.0	8.1	36.4
プロセッシング	0	processing	no	jmdict		0.0	8.1	0.2
ランポート	0	run port	no	parts:ラン+ポート		0.0	8.1	0.1
コアコンポーネント	0	core component	no	parts:コア+コンポーネント		6.2	1.9	0.0
スパゲッティ	0	spaghetti	no	jmdict	ita	0.7	7.4	2.8
ドリル	0	drill bit;drill	no	jmdict		0.7	7.4	11.4
ドリル	1	drill	no	jmdict		0.7	7.4	11.4
フェードアウト	0	fade-out;dissolve	no	jmdict		5.3	2.8	1.8
フェール	0	failure	no	jmdict		5.3	2.8	1.4
フェール	1	fer	no	jmdict		5.3	2.8	1.4
イレーズ	0		no	none		4.4	3.7	0.3
ディベート	0	debate	no	jmdict		0.5	7.6	4.6
マスキング	0	masking	no	jmdict		3.4	4.6	0.7
ニックネーム	0	nickname	no	jmdict		1.8	6.2	13.2
ウドサービス	0		no	none		8.0	0.0	0.0
リアクティビティ	0		no	none		8.0	0.0	0.0
シルクロード	0	silk road;silk route	no	jmdict		0.2	7.8	5.7
ヒドラ	0	hydra	no	jmdict	grc	0.2	7.8	3.4
ケーキ	0	cake	no	jmdict		2.5	5.5	15.7
ラスベガス	0		no	none		2.5	5.5	14.1
アロケータ	0		no	none		4.8	3.2	0.0
コンシステント	0		no	none		0.9	7.1	0.6
シャット	0	shut	no	jmdict		0.9	7.1	2.1
ハッチ	0	hatch	no	jmdict		7.1	0.9	9.2
エンバカデロ	0		no	none		0.0	8.0	0.1
オーエス	0	heave-ho	no	jmdict		0.0	8.0	0.5
オーエス	1	operating system;os	yes	jmdict		0.0	8.0	0.5
スタートアップス	0		no	none		0.0	8.0	0.5
ドットコム	0	dot-com;internet business	no	jmdict		0.0	8.0	26.5
ニューメディア	0	new media	no	jmdict		0.0	8.0	1.4
プレイステーション	0	playstation	no	jmdict		0.0	8.0	6.0
マントル	0	mantle	no	jmdict		0.0	8.0	4.3
ラビン	0		no	none		0.0	8.0	0.9
スキャニング	0	scanning	no	jmdict		2.3	5.7	0.9
テンポ	0	tempo	no	jmdict	ita	0.7	7.3	12.4
プロジェクトリーダー	0	project leader	no	jmdict		0.7	7.3	0.9
ユニキャスト	0	unicast	yes	jmdict		0.7	7.3	0.1
ラム	0	lamb	no	jmdict		6.9	1.1	10.4
ラム	1	random-access memory;ram	yes	jmdict		6.9	1.1	10.4
ラム	2	rum	no	jmdict		6.9	1.1	10.4
ラム	3	ram	no	jmdict		6.9	1.1	10.4
ラム	4	rump	no	jmdict		6.9	1.1	10.4
プレッシャー	0	pressure	no	jmdict		3.0	5.0	9.7
ステーブル	0	stable	no	jmdict		0.5	7.5	0.7
ボコーダー	0	vocoder	no	jmdict		0.5	7.5	0.7
フレーバー	0	flavor;flavour	no	jmdict		2.7	5.2	4.8
ラジアル	0	radial	no	jmdict		7.3	0.6	1.7
アワー	0	hour	no	jmdict		4.1	3.8	21.9
リユース	0	reuse;reusing	no	jmdict		4.1	3.8	1.4
オペラ	0	opera	no	jmdict	ita	0.2	7.7	50.9
デリバー	0		no	none		0.2	7.7	1.1
ユアセルフ	0	yourself	no	jmdict		2.5	5.4	4.0
フルタイム	0	full-time	no	jmdict		3.2	4.7	3.1
フルタイム	1	full time	no	jmdict		3.2	4.7	3.1
タブパネル	0	tab panel	no	parts:タブ+パネル		7.8	0.1	0.0
アルバカーキ	0		no	none		0.0	7.9	2.2
アーミー	0	army	no	jmdict		0.0	7.9	20.3
エニー	0		no	none		0.0	7.9	0.9
パッケージソフトウェア	0	packaged software	yes	jmdict		0.0	7.9	0.2
サブグループ	0	subgroup	no	jmdict		6.2	1.7	0.8
ウォーカー	0	walker	no	jmdict		0.7	7.2	42.5
スポーン	0	spawning	no	jmdict		5.3	2.6	0.7
パ	0	pas	no	jmdict		7.6	0.3	9.6
パ	1	pali language	no	jmdict		7.6	0.3	9.6
パ	2	pakistan	no	jmdict		7.6	0.3	9.6
パ	3	pacific league	no	jmdict		7.6	0.3	9.6
コーディネート	0	coordinate;co-ordinate;coordination	no	jmdict		3.7	4.2	5.3
コーディネート	1	matching	no	jmdict		3.7	4.2	5.3
コーディネート	2	coordinated outfit;ensemble	no	jmdict		3.7	4.2	5.3
コーディネート	3	coordinates	no	jmdict		3.7	4.2	5.3
アクセラレート	0		no	none		0.5	7.4	0.4
ドローイング	0	drawing	no	jmdict		0.5	7.4	3.0
スピードアップ	0	speeding up;speed-up	no	jmdict		5.0	2.8	2.0
トラバース	0	traverse	no	jmdict		5.0	2.8	1.1
エリジブル	0		no	none		7.3	0.5	0.3
ターミネート	0		no	none		4.1	3.7	0.2
インプルーブメント	0		no	none		0.2	7.6	1.4
スクワッド	0		no	none		0.2	7.6	10.0
パフォーマー	0	performer	no	jmdict		0.2	7.6	5.5
クリップパス	0	clip passing	no	parts:クリップ+パス		7.8	0.0	0.0
ポインタデリファレンス	0		no	none		7.8	0.0	0.0
ウォレス	0		no	none		0.0	7.8	10.2
シンギュラリティ	0	singularity	no	jmdict		0.0	7.8	1.3
ジェイ	0	japan	no	jmdict		0.0	7.8	20.0
ジェイ	1	joule	no	jmdict		0.0	7.8	20.0
ジェイ	2	jack	no	jmdict		0.0	7.8	20.0
ジェイ	3	tatami mat	no	jmdict		0.0	7.8	20.0
ジェイ	4	japan professional football league	no	jmdict		0.0	7.8	20.0
ビッグローブ	0		no	none		0.0	7.8	2.6
ベリタス	0		no	none		0.0	7.8	1.0
ライダー	0	rider;biker	no	jmdict		0.0	7.8	121.4
ライダー	1	lidar;laser imaging detection and ranging;light detection and ranging	no	jmdict		0.0	7.8	121.4
ラグ	0	rug	no	jmdict		0.0	7.8	2.7
ラグ	1	lag	no	jmdict		0.0	7.8	2.7
ラグ	2	rag	no	jmdict		0.0	7.8	2.7
ラグ	3	retrieval-augmented generation;rag	yes	jmdict		0.0	7.8	2.7
エスカレーション	0	escalation	no	jmdict		4.6	3.2	0.8
ポルトガル	0	portugal	no	jmdict		0.7	7.1	46.0
インパルス	0	impulse	no	jmdict		3.7	4.1	4.7
モディファイアー	0		no	none		3.7	4.1	0.2
ピクセルシェーダー	0	pixel shader	yes	jmdict		0.5	7.3	0.1
ウエーティング	0	tactic of avoiding hitting the ball	no	jmdict		2.7	5.0	3.4
ウエーティング	1	waiting;holding back;refraining	no	jmdict		2.7	5.0	3.4
ターミノロジー	0	terminology	no	jmdict		1.1	6.6	0.9
ワークグループ	0	workgroup	yes	jmdict		1.1	6.6	0.1
テクセル	0	texel	yes	jmdict		3.4	4.3	0.1
デンジャラス	0	dangerous	no	jmdict		3.4	4.3	5.0
プリンシパル	0	principal	no	jmdict		3.4	4.3	2.8
マゼンタ	0	magenta	no	jmdict		3.4	4.3	1.5
マウスオーバー	0	mouseover	yes	jmdict		4.1	3.6	0.1
イズイット	0		no	none		0.2	7.5	2.2
グルーブ	0	groove	no	jmdict		0.2	7.5	12.8
シーズン	0	season	no	jmdict		0.2	7.5	587.9
ダン	0	done	no	jmdict		0.2	7.5	22.8
ダン	1	just done;just finished	no	jmdict		0.2	7.5	22.8
ダン	2	outs	no	jmdict		0.2	7.5	22.8
レジストリキー	0		no	none		4.8	2.9	0.0
バンプ	0	vamp	no	jmdict		0.9	6.8	1.1
バンプ	1	bump	no	jmdict		0.9	6.8	1.1
プライシング	0	pricing	no	jmdict		0.9	6.8	1.2
ホワイトハウス	0	white house	no	jmdict		0.9	6.8	10.0
ピーターズ	0		no	none		3.2	4.5	5.8
センチメートル	0	centimeter;centimetre	no	jmdict	fre	5.5	2.2	26.3
イデアル	0	ideal	no	jmdict		0.0	7.7	4.3
イー	0	one	no	jmdict		0.0	7.7	4.7
コンパクトディスク	0	compact disc;cd	no	jmdict		0.0	7.7	0.8
バザール	0	bazaar;bazar	no	jmdict		0.0	7.7	3.0
バザール	1	special sale	no	jmdict		0.0	7.7	3.0
ファーザー	0	father	no	jmdict		0.0	7.7	9.0
ブラー	0	bra	no	jmdict		2.3	5.4	1.6
シャーディング	0		no	none		4.6	3.1	0.0
ガロア	0		no	none		0.7	7.0	2.0
グローイング	0		no	none		0.7	7.0	4.1
サファイア	0	sapphire	no	jmdict		0.7	7.0	5.6
エーブル	0		no	none		2.1	5.6	1.2
プラント	0	plant	no	jmdict		2.1	5.6	11.0
プラント	1	plant;vegetation	no	jmdict		2.1	5.6	11.0
メキシコ	0	mexico	no	jmdict		2.1	5.6	65.7
オンラインシステム	0	online system	yes	jmdict		0.5	7.2	0.7
スペクトラム	0	spectrum	no	jmdict		0.5	7.2	2.3
ボキャブラリー	0	vocabulary	no	jmdict		0.5	7.2	1.0
セルゲイ	0		no	none		1.1	6.5	11.1
レトロ	0	retro;nostalgic;old-fashioned	no	jmdict		1.1	6.5	9.4
クオーテーション	0	quotation	no	jmdict		3.4	4.2	0.3
コスモス	0	cosmos	no	jmdict		0.2	7.4	11.3
コスモス	1	garden cosmos;mexican aster	no	jmdict		0.2	7.4	11.3
ターミネーター	0	terminator	no	jmdict		0.2	7.4	3.7
ライザ	0		no	none		6.4	1.2	1.7
コレクティブ	0		no	none		0.9	6.7	3.1
インテント	0	in tent	no	parts:イン+テント		3.2	4.4	0.8
アソシエーテッド	0		no	none		1.6	6.0	7.3
イマジネーション	0	imagination;supposition	no	jmdict		0.0	7.6	3.2
ウェールズ	0	wales	no	jmdict		0.0	7.6	26.6
クリーネ	0		no	none		0.0	7.6	0.3
スカイネット	0	sky network	no	parts:スカイ+ネット		0.0	7.6	0.6
ドーシー	0		no	none		0.0	7.6	1.1
ドージコイン	0	dogecoin;doge	no	jmdict		0.0	7.6	0.1
ブロードコム	0		no	none		0.0	7.6	0.2
ロッド	0	rod;pole;stick	no	jmdict		0.0	7.6	14.7
ロッド	1	fishing rod	no	jmdict		0.0	7.6	14.7
フェードイン	0	fade-in	no	jmdict		6.2	1.4	0.3
アグリー	0	agreeing;agreement	no	jmdict		2.3	5.3	4.9
アグリー	1	ugly	no	jmdict		2.3	5.3	4.9
カンバセーション	0	conversation	no	jmdict		0.7	6.9	2.6
リーダーズ	0		no	none		0.7	6.9	4.4
スウォーム	0		no	none		3.0	4.6	0.3
チューブ	0	tube	no	jmdict		1.4	6.2	14.0
ブレンダン	0		no	none		1.4	6.2	3.4
スレッショルド	0		no	none		3.7	3.9	0.8
ヨハネス	0		no	none		2.1	5.5	13.0
ローミング	0	roaming	no	jmdict		2.1	5.5	1.6
ケミカル	0	chemical	no	jmdict		0.5	7.1	16.2
ケミカル	1	synthetic	no	jmdict		0.5	7.1	16.2
ドクター	0	doctor	no	jmdict	dut,ger	0.5	7.1	46.6
ドルフィン	0	dolphin	no	jmdict		0.5	7.1	4.4
エディット	0	edit	no	jmdict		1.1	6.4	4.7
デュプリケート	0	duplicate	no	jmdict		1.1	6.4	0.2
パープル	0	purple	no	jmdict		1.1	6.4	11.9
レベリング	0	leveling;levelling	no	jmdict		1.1	6.4	0.5
ゴースト	0	ghost	no	jmdict		0.2	7.3	21.6
ゴースト	1	ghosting	no	jmdict		0.2	7.3	21.6
ゴースト	2	ghosting;ghost flare	no	jmdict		0.2	7.3	21.6
ゴースト	3	ghost image;ghosting	no	jmdict		0.2	7.3	21.6
ホワイトボード	0	whiteboard	no	jmdict		0.2	7.3	0.8
トレイン	0	train	no	jmdict		0.9	6.6	34.0
フラックス	0	flux	no	jmdict		0.9	6.6	2.7
フラックス	1	solvent	no	jmdict		0.9	6.6	2.7
フラックス	2	flax	no	jmdict		0.9	6.6	2.7
バナナ	0	banana	no	jmdict		3.2	4.3	15.8
キャッシュポイズニング	0		no	none		5.5	2.0	0.0
ベアメタル	0	bare metal	yes	jmdict		5.5	2.0	0.0
インベンション	0	invention	no	jmdict		0.0	7.5	2.2
グラフィックボード	0	video card;graphics card	yes	jmdict		0.0	7.5	0.2
ジャーナリズム	0	journalism	no	jmdict		0.0	7.5	7.8
フィーチャーフォン	0	feature phone	no	jmdict		0.0	7.5	1.6
プロダクトキー	0	product key	no	parts:プロダクト+キー		0.0	7.5	0.1
マイクロフォーカス	0	micro focus	no	parts:マイクロ+フォーカス		0.0	7.5	0.1
ミニコン	0	mini-computer	yes	jmdict		0.0	7.5	0.2
インデクサ	0	indexer	yes	jmdict		2.3	5.2	0.1
ヘビー	0	heavy	no	jmdict		0.7	6.8	16.1
バレル	0	barrel	no	jmdict		5.3	2.2	2.4
メジャーバージョンアップ	0	major upgrade;major update	yes	jmdict		0.5	7.0	0.1
クロスバー	0	crossbar	no	jmdict		1.1	6.3	0.6
キャビネット	0	cabinet;housing	no	jmdict		0.2	7.2	4.3
ビール	0	beer	no	jmdict		0.2	7.2	32.2
リザベーション	0	reservation;booking	no	jmdict		0.2	7.2	0.7
リザベーション	1	reservation;proviso;condition	no	jmdict		0.2	7.2	0.7
スピーク	0	speak;speaking	no	jmdict		2.5	4.9	4.5
アロン	0		no	none		4.8	2.6	2.2
キ	0	key	no	jmdict		7.1	0.3	9.6
キ	1	key;clue	no	jmdict		7.1	0.3	9.6
キ	2	key;most important	no	jmdict		7.1	0.3	9.6
キ	3	chi	no	jmdict		7.1	0.3	9.6
キ	4	with a screech;with a squeak;with a squeal	no	jmdict		7.1	0.3	9.6
デコレート	0		no	none		7.1	0.3	0.0
バリディティー	0		no	none		5.5	1.9	0.4
ディスコース	0	discourse	no	jmdict		1.6	5.8	1.1
クラウドファンディング	0	crowdfunding	no	jmdict		0.0	7.4	6.6
クリーク	0	creek;waterway	no	jmdict		0.0	7.4	12.0
クリーク	1	clique	no	jmdict		0.0	7.4	12.0
コストダウン	0	cost reduction;reduction in costs;cost-cutting	no	jmdict		0.0	7.4	1.5
ジェイミー	0		no	none		0.0	7.4	9.3
ジャン	0	clash;crash;bang	no	jmdict		0.0	7.4	65.4
スペンサー	0		no	none		0.0	7.4	13.0
ディスケット	0	diskette	yes	jmdict		0.0	7.4	0.1
バルセロナ	0	barcelona	no	jmdict		0.0	7.4	27.1
ビットバス	0	bit bus	no	parts:ビット+バス		0.0	7.4	0.1
プロフェッサー	0	professor	no	jmdict		0.0	7.4	8.6
ベントリー	0		no	none		0.0	7.4	1.6
ポケコン	0		no	none		0.0	7.4	0.2
マーベル	0	marvel	no	jmdict		0.0	7.4	11.4
プロフィット	0	profit	no	jmdict		0.7	6.7	1.1
アットマーク	0	at sign;at symbol	no	jmdict		1.4	6.0	0.4
レジストラー	0	registrar	no	jmdict		6.0	1.4	0.2
リズム	0	rhythm	no	jmdict		2.1	5.3	37.2
ハングアップ	0	hang;freeze;lockup	yes	jmdict		4.4	3.0	0.2
コンピュートシェーダー	0		no	none		0.5	6.9	0.1
テスティング	0	testing	no	jmdict		5.0	2.3	0.1
アニーリングマシン	0		no	none		7.3	0.0	0.0
ット	0		no	none		7.3	0.0	0.1
アパーチャー	0	aperture	no	jmdict		0.2	7.1	0.5
セリング	0	selling	no	jmdict		0.2	7.1	2.5
テイクダウン	0	takedown	no	jmdict		2.5	4.8	1.3
オーストリア	0	austria	no	jmdict		0.9	6.4	69.3
レター	0	letter;note	no	jmdict		0.9	6.4	6.3
レター	1	letter;character	no	jmdict		0.9	6.4	6.3
アンドレイ	0	and lei	no	parts:アンド+レイ		0.0	7.3	8.6
カラーリング	0	coloring;colouring	no	jmdict		0.0	7.3	9.5
ディスプレースメント	0	displacement	no	jmdict		0.0	7.3	0.5
トゥエンティース	0		no	none		0.0	7.3	17.4
ハーベー	0		no	none		0.0	7.3	8.0
パラメトロン	0	parametron	no	jmdict		0.0	7.3	0.2
マイクロンテクノロジー	0		no	none		0.0	7.3	0.2
マスタリング	0	mastering	no	jmdict		0.0	7.3	4.1
メガドライブ	0	mega drive	no	jmdict		0.0	7.3	6.7
メガドライブ	1	md	no	jmdict		0.0	7.3	6.7
ルーセント	0	lucent	no	jmdict		0.0	7.3	0.8
インプリシット	0		no	none		2.3	5.0	0.3
カレンシー	0	currency	no	jmdict		0.7	6.6	1.5
ソールド	0		no	none		0.7	6.6	3.5
プロデュース	0	to produce;to design;to create	no	jmdict		0.7	6.6	103.4
プロデュース	1	production;creation;design	no	jmdict		0.7	6.6	103.4
リーグ	0	league	no	jmdict		0.7	6.6	567.1
シェーダーコード	0	shader code	no	parts:シェーダー+コード		6.9	0.4	0.0
コマ	0	coma	no	jmdict		1.4	5.9	38.1
コマ	1	coma;comatic aberration	no	jmdict		1.4	5.9	38.1
コマ	2	frame	no	jmdict		1.4	5.9	38.1
コマ	3	scene	no	jmdict		1.4	5.9	38.1
コマ	4	time block	no	jmdict		1.4	5.9	38.1
クロスフェード	0		no	none		6.0	1.3	0.4
フィグゼーション	0		no	none		6.6	0.6	0.3
モーメント	0	moment;instant	no	jmdict		2.7	4.5	11.1
モーメント	1	opportunity;chance	no	jmdict		2.7	4.5	11.1
モーメント	2	moment	no	jmdict		2.7	4.5	11.1
バケツ	0	bucket;pail	no	jmdict		1.8	5.4	2.5
カナリア	0	canary	no	jmdict	spa	4.1	3.1	6.8
アベレージ	0	average	no	jmdict		0.2	7.0	3.0
エフォート	0		no	none		0.2	7.0	1.3
エルム	0	elm	no	jmdict		0.2	7.0	3.3
ハンガリー	0	hungary	no	jmdict		0.2	7.0	61.0
ポリマー	0	polymer	no	jmdict		0.2	7.0	5.1
リアルタイムシステム	0	real-time system	no	jmdict		0.2	7.0	0.1
キーパス	0	key passing	no	parts:キー+パス		6.4	0.8	0.0
サッカー	0	soccer;football	no	jmdict		0.9	6.3	291.4
サッカー	1	seersucker	no	jmdict		0.9	6.3	291.4
サッカー	2	sacker;bagger	no	jmdict		0.9	6.3	291.4
サッカー	3	bagging;sacking	no	jmdict		0.9	6.3	291.4
レインボー	0	rainbow	no	jmdict		0.9	6.3	17.7
レピュテーション	0	reputation	no	jmdict		0.9	6.3	0.7
パスエントリ	0		no	none		7.1	0.1	0.0
マッチャー	0		no	none		7.1	0.1	0.0
アポン	0	upon	no	jmdict		1.6	5.6	8.7
クリーンルーム	0	clean room;cleanroom	no	jmdict		0.0	7.2	0.6
セントロニクス	0		no	none		0.0	7.2	0.1
ダークサイド	0	dark side	no	jmdict		0.0	7.2	2.4
ビブリオグラフィー	0	bibliography	no	jmdict		0.0	7.2	2.2
ベビー	0	baby	no	jmdict		0.0	7.2	39.2
ベンチ	0	bench	no	jmdict		0.0	7.2	19.0
ラッチ	0	latch	no	jmdict		0.0	7.2	1.2
アトラス	0	atlas	no	jmdict		0.7	6.5	11.1
アール	0	are;measure of area	no	jmdict		0.7	6.5	31.1
アール	1	radius	no	jmdict		0.7	6.5	31.1
アール	2	curve;rounding	no	jmdict		0.7	6.5	31.1
アール	3	nth year in the reiwa era	no	jmdict		0.7	6.5	31.1
アール	4	refrigerator	no	jmdict		0.7	6.5	31.1
アール	5	two	no	jmdict		0.7	6.5	31.1
アール	6	art	no	jmdict		0.7	6.5	31.1
シリアス	0	serious	no	jmdict		0.7	6.5	6.7
プロポーショナル	0	proportional	no	jmdict		3.7	3.5	0.4
ティック	0	tick	no	jmdict		5.0	2.1	3.9
グローブ	0	glove;mitt	no	jmdict		0.2	6.9	20.3
グローブ	1	globe	no	jmdict		0.2	6.9	20.3
フィリピン	0	philippines	no	jmdict		0.2	6.9	60.0
ドゥーイング	0		no	none		0.9	6.2	2.0
オシロスコープ	0	oscilloscope	no	jmdict		3.2	3.9	0.4
イット	0	sex appeal	no	jmdict		0.0	7.1	10.9
キートップ	0	keytop	yes	jmdict		0.0	7.1	0.1
ギガ	0	gigabyte;gb	yes	jmdict		0.0	7.1	7.5
ギガ	1	data traffic	yes	jmdict		0.0	7.1	7.5
グリーンバーグ	0	green hamburg steak	no	parts:グリーン+バーグ		0.0	7.1	2.0
コンベンショナル	0	conventional	no	jmdict		0.0	7.1	0.8
システムエンジニアリング	0	systems engineering	no	jmdict		0.0	7.1	0.5
セックス	0	sex;sexual intercourse	no	jmdict		0.0	7.1	69.3
セックス	1	sex;gender	no	jmdict		0.0	7.1	69.3
ベストセラー	0	bestseller	no	jmdict		0.0	7.1	10.3
ボクセル	0	voxel	yes	jmdict		0.0	7.1	0.2
マグネット	0	magnet	no	jmdict		0.0	7.1	3.7
ライセンシー	0	licensee	no	jmdict		0.0	7.1	0.6
スマートカード	0	smart card	no	jmdict		0.7	6.4	0.4
ハルト	0		no	none		0.7	6.4	5.1
ローレベル	0	low-level	no	jmdict		0.7	6.4	0.1
カウンティング	0	counting	no	jmdict		1.1	5.9	1.0
アクチュアル	0	actual	no	jmdict		3.4	3.6	1.0
サンプルレート	0	sample rate	no	parts:サンプル+レート		5.7	1.3	0.0
ガン	0	gun	no	jmdict		0.2	6.8	25.1
ガン	1	cancer	no	jmdict		0.2	6.8	25.1
ガン	2	wild goose	no	jmdict		0.2	6.8	25.1
ガン	3	with a thump;with a thud;with a bang	no	jmdict		0.2	6.8	25.1
ガン	4	hard;severely	no	jmdict		0.2	6.8	25.1
ガン	5	marking;card marking;tile marking;alteration	no	jmdict		0.2	6.8	25.1
ガン	6	used to intensify the following word	no	jmdict		0.2	6.8	25.1
コリン	0	choline	no	jmdict		0.2	6.8	15.3
スーツ	0	suit	no	jmdict		0.2	6.8	42.6
ニコルス	0		no	none		0.2	6.8	4.7
ヒアドキュメント	0		no	none		0.2	6.8	0.1
リビールド	0		no	none		0.2	6.8	5.6
バインダー	0	binder	no	jmdict		3.2	3.8	2.1
バインダー	1	clipboard	no	jmdict		3.2	3.8	2.1
バインダー	2	binding machine;binder	no	jmdict		3.2	3.8	2.1
プリファード	0		no	none		1.6	5.4	0.8
ポピュレーション	0	population	no	jmdict		1.6	5.4	33.1
アクオス	0		no	none		0.0	7.0	3.5
イノベーティブ	0		no	none		0.0	7.0	1.3
エリート	0	elite	no	jmdict	fre	0.0	7.0	21.2
ゲーリー	0		no	none		0.0	7.0	14.0
シェーダーモデル	0	shader model	no	parts:シェーダー+モデル		0.0	7.0	0.1
ジョゼフ	0		no	none		0.0	7.0	29.2
スペア	0	spare	no	jmdict		0.0	7.0	2.1
スペア	1	spare;knocking down all pins on the second throw	no	jmdict		0.0	7.0	2.1
チャージ	0	charge;recharging	no	jmdict		0.0	7.0	16.7
チャージ	1	charge	no	jmdict		0.0	7.0	16.7
チャージ	2	topping up;recharging	no	jmdict		0.0	7.0	16.7
チャージ	3	refuelling	no	jmdict		0.0	7.0	16.7
チャージ	4	charge;rush;attack	no	jmdict		0.0	7.0	16.7
チャージ	5	charge down	no	jmdict		0.0	7.0	16.7
エジンバラ	0	edinburgh	no	jmdict		0.7	6.3	12.0
プリレンダー	0	pre-render;pre-rendering	yes	jmdict		6.9	0.1	0.0
リフトアップ	0	lift-up	no	jmdict		6.9	0.1	0.5
リフトアップ	1	facelift	no	jmdict		6.9	0.1	0.5
アゼルバイジャン	0	azerbaijan	no	jmdict		6.0	1.0	14.1
カーナビゲーション	0	car navigation system	no	jmdict		0.5	6.5	0.9
コマンドキー	0	command key	yes	jmdict		0.5	6.5	0.1
シー	0	sea	no	jmdict		0.5	6.5	15.5
シー	1	celsius	no	jmdict		0.5	6.5	15.5
シー	2	cyan	no	jmdict		0.5	6.5	15.5
シー	3	ten	no	jmdict		0.5	6.5	15.5
シー	4	shchi	no	jmdict		0.5	6.5	15.5
ステッカー	0	sticker;label	no	jmdict		0.5	6.5	10.5
チャンピオン	0	champion	no	jmdict		0.5	6.5	99.2
ケット	0	blanket	no	jmdict		6.6	0.3	1.7
グレーター	0	grater	no	jmdict		2.7	4.2	4.9
グレーター	1	greater	no	jmdict		2.7	4.2	4.9
マルチプロセス	0	multi-post process	no	parts:マルチ+プロセス		2.7	4.2	0.1
スポイト	0	syringe;dropper;fountain pen filler	no	jmdict	dut	5.7	1.2	0.2
スポイト	1	eyedropper	yes	jmdict	dut	5.7	1.2	0.2
ローター	0	rotor	no	jmdict		1.8	5.1	8.0
ローター	1	love egg;egg vibrator	no	jmdict		1.8	5.1	8.0
ディテクター	0	detector	no	jmdict		4.1	2.8	0.8
リマーク	0	remark	no	jmdict		4.1	2.8	0.4
アドリアン	0		no	none		0.2	6.7	5.9
ギブソン	0		no	none		0.2	6.7	11.2
インスパイア	0	to inspire	no	jmdict		2.5	4.4	4.2
インスパイア	1	inspiration	no	jmdict		2.5	4.4	4.2
コンフリクト	0	conflict	no	jmdict		3.2	3.7	0.4
マート	0	mart	no	jmdict		1.6	5.3	9.8
イクエーション	0		no	none		0.0	6.9	1.6
インテリア	0	interior	no	jmdict		0.0	6.9	12.4
インテリア	1	interior design	no	jmdict		0.0	6.9	12.4
ウエスト	0	waist;waistline;waist measurement	no	jmdict		0.0	6.9	43.1
ウエスト	1	waste	no	jmdict		0.0	6.9	43.1
ウエスト	2	waste pitch	no	jmdict		0.0	6.9	43.1
ウエスト	3	west	no	jmdict		0.0	6.9	43.1
コアクロック	0	core clock	no	parts:コア+クロック		0.0	6.9	0.1
コンバーティブル	0	convertible	no	jmdict		0.0	6.9	1.5
システムエンジニア	0	systems engineer	no	jmdict		0.0	6.9	1.0
シングルタスク	0	single task	yes	jmdict		0.0	6.9	0.1
ステッピング	0	stepping	no	jmdict		0.0	6.9	0.6
ビザンチン	0	byzantine	no	jmdict		0.0	6.9	4.3
フェデリコ	0		no	none		0.0	6.9	4.5
マスコミ	0	mass communication;mass media	no	jmdict		0.0	6.9	20.3
ヨードン	0	me don	no	parts:ヨー+ドン		0.0	6.9	0.1
レベニュー	0	revenue	no	jmdict		0.0	6.9	1.2
ロスアラモス	0		no	none		0.0	6.9	1.1
ワンボードマイコン	0	one board microcomputer	no	parts:ワン+ボード+マイコン		0.0	6.9	0.1
キャッシュキー	0	cache key	no	parts:キャッシュ+キー		6.2	0.7	0.0
スピナー	0	spinner	no	jmdict		6.2	0.7	1.2
エジプト	0	egypt	no	jmdict		2.3	4.6	61.8
サイバースペース	0	cyberspace	no	jmdict		0.7	6.2	0.6
フォームウィジェット	0	form widget	no	parts:フォーム+ウィジェット		6.9	0.0	0.0
プロパティキー	0		no	none		6.9	0.0	0.0
ペンスタイラス	0	pen stylus	no	parts:ペン+スタイラス		6.9	0.0	0.0
グルーピング	0	grouping	no	jmdict		3.0	3.9	0.2
パンデミック	0	pandemic	no	jmdict		1.4	5.5	6.5
ポジショニング	0	positioning	no	jmdict		4.4	2.5	1.2
イブ	0	eve;the night before	no	jmdict		0.5	6.4	10.4
エンクロージャー	0	enclosure;cabinet;housing	no	jmdict		0.5	6.4	0.5
エンクロージャー	1	enclosure	no	jmdict		0.5	6.4	0.5
キロビット	0	kilobit	yes	jmdict		0.5	6.4	0.1
ネービー	0	navy	no	jmdict		0.5	6.4	16.8
ネービー	1	navy blue	no	jmdict		0.5	6.4	16.8
カッティング	0	cutting	no	jmdict		1.1	5.7	3.5
プリアンブル	0	preamble	yes	jmdict		3.4	3.4	0.2
スニッフィング	0		no	none		5.7	1.1	0.0
エレガント	0	elegant	no	jmdict		1.8	5.0	2.5
フェード	0	fade	no	jmdict		4.1	2.7	2.3
インディー	0	indie;independent production;independent company;independent publisher	no	jmdict		0.2	6.6	14.4
タウン	0	town	no	jmdict		0.2	6.6	103.6
ルーマニア	0	romania;rumania	no	jmdict		0.2	6.6	37.2
ビザ	0	visa	no	jmdict		0.9	5.9	9.8
チェア	0	chair	no	jmdict		1.6	5.2	4.8
シェルフ	0	shelf	no	jmdict		3.9	2.9	0.9
アクセル	0	accelerator;gas pedal	no	jmdict		0.0	6.8	12.3
アクセル	1	axel	no	jmdict		0.0	6.8	12.3
アナログコンピューター	0	analog computer	yes	jmdict		0.0	6.8	0.3
カナディアン	0	canadian	no	jmdict		0.0	6.8	16.8
カーリル	0		no	none		0.0	6.8	0.4
コンセプチュアル	0	conceptual	no	jmdict		0.0	6.8	1.5
テープレコーダー	0	tape recorder	no	jmdict		0.0	6.8	1.3
ハプンド	0		no	none		0.0	6.8	2.4
バーンスタイン	0		no	none		0.0	6.8	2.5
パイン	0	pineapple	no	jmdict		0.0	6.8	6.1
パイン	1	pine	no	jmdict		0.0	6.8	6.1
ペタバイト	0	petabyte;pb	yes	jmdict		0.0	6.8	0.1
モステクノロジー	0		no	none		0.0	6.8	0.1
トラブルシュート	0		no	none		6.2	0.6	0.0
スケールアウト	0	scale-out	yes	jmdict		2.3	4.5	0.1
トライアル	0	trial	no	jmdict		2.3	4.5	10.7
テレホン	0	telephone	no	jmdict		0.7	6.1	5.7
アクシデント	0	accident	no	jmdict		5.3	1.5	10.6
キャプテン	0	captain	no	jmdict		1.4	5.4	47.5
リペアー	0	repair	no	jmdict		1.4	5.4	2.8
ドミナント	0	dominant	no	jmdict		2.1	4.7	1.7
ドミナント	1	dominant;overbearing	no	jmdict		2.1	4.7	1.7
ミュージシャン	0	musician	no	jmdict		2.1	4.7	53.4
ワイプ	0	wipe	no	jmdict		4.4	2.4	1.0
ワイプ	1	superimposed image in the corner of the screen	no	jmdict		4.4	2.4	1.0
ジャングル	0	jungle	no	jmdict		0.5	6.3	19.7
ジャングル	1	jungle;jungle music	no	jmdict		0.5	6.3	19.7
ヒストグラム	0	histogram	no	jmdict		2.7	4.0	0.4
コピーオンライト	0	copy on light	no	parts:コピー+オン+ライト		1.8	4.9	0.1
タイムリー	0	timely;well-timed	no	jmdict		4.1	2.6	2.4
タイムリー	1	clutch hit;run-scoring hit;rbi hit	no	jmdict		4.1	2.6	2.4
ザッツ	0	that's	no	jmdict		0.2	6.5	6.6
ザッツ	1	takeoff;satz	no	jmdict		0.2	6.5	6.6
シェーキング	0		no	none		6.4	0.3	0.4
オーガナイザー	0	organizer;organiser	no	jmdict		0.9	5.8	1.2
バッグ	0	bag	no	jmdict		1.6	5.1	9.4
フィニッシュ	0	finish;end;conclusion	no	jmdict		3.9	2.8	11.8
フィニッシュ	1	landing	no	jmdict		3.9	2.8	11.8
アキバ	0		no	none		0.0	6.7	6.6
エイス	0		no	none		0.0	6.7	9.8
エンピリカル	0		no	none		0.0	6.7	1.1
コルモゴロフ	0	kolmogorov	no	jmdict		0.0	6.7	0.5
コーネル	0		no	none		0.0	6.7	5.0
コールセンター	0	call center	no	jmdict		0.0	6.7	2.0
タンディ	0		no	none		0.0	6.7	0.6
ファカルティー	0	faculty	no	jmdict		0.0	6.7	4.3
フォーブス	0		no	none		0.0	6.7	5.2
フラッグシップ	0	flagship	no	jmdict		0.0	6.7	2.1
マリア	0	mary;the virgin mary	no	jmdict	lat	0.0	6.7	80.3
マリア	1	mary;mary magdalene	no	jmdict	lat	0.0	6.7	80.3
アルグ	0		no	none		5.3	1.4	0.5
コアチーム	0	core team	no	parts:コア+チーム		5.3	1.4	0.3
インバース	0	inverse	no	jmdict		1.4	5.3	1.1
インターロック	0	interlock	no	jmdict		3.7	3.0	0.2
フリック	0	flick	no	jmdict		0.5	6.2	2.8
ビューポートパーセント	0	viewport percent	no	parts:ビューポート+パーセント		6.6	0.0	0.0
テストデータ	0	test data	no	jmdict		2.7	3.9	0.1
トラン	0	transaction	no	jmdict		3.4	3.2	2.6
トラン	1	tolan;tolane;diphenylacetylene	no	jmdict		3.4	3.2	2.6
モーニング	0	morning	no	jmdict		0.2	6.4	50.9
モーニング	1	breakfast set;breakfast special;special breakfast offer	no	jmdict		0.2	6.4	50.9
モーニング	2	morning dress;morning coat	no	jmdict		0.2	6.4	50.9
グ	0	good	no	jmdict		6.4	0.2	1.5
グ	1	rock;stone;fist	no	jmdict		6.4	0.2	1.5
グ	2	ungh;gulp	no	jmdict		6.4	0.2	1.5
グ	3	rumbling;growling;gurgling	no	jmdict		6.4	0.2	1.5
ファイナライザ	0		no	none		2.5	4.1	0.1
フォゲット	0		no	none		2.5	4.1	2.2
ゴルフ	0	golf	no	jmdict		0.0	6.6	66.4
スカリー	0		no	none		0.0	6.6	2.3
パラボラ	0	parabola;dish	no	jmdict		0.0	6.6	1.5
パラボラ	1	parabola	no	jmdict		0.0	6.6	1.5
マイコミ	0		no	none		0.0	6.6	0.9
ムック	0	book with the look and layout of a magazine	no	jmdict		0.0	6.6	30.7
プリフライト	0		no	none		6.2	0.4	0.0
リマインダー	0	reminder	no	jmdict		2.3	4.3	0.4
オフィサー	0	officer	no	jmdict		0.7	5.9	5.6
サイバネティック	0	cybernetic	no	jmdict		0.7	5.9	1.5
テクニカルサポート	0	technical support	yes	jmdict		0.7	5.9	0.2
シャドーイング	0	shadowing;repeating speech immediately after hearing it	no	jmdict		5.3	1.3	0.2
シャドーイング	1	projective shadowing;shadow mapping	yes	jmdict		5.3	1.3	0.2
ドリフト	0	drift	no	jmdict		1.4	5.2	6.5
ドリフト	1	drifting;controlled skid	no	jmdict		1.4	5.2	6.5
ボールト	0	vault	no	jmdict		1.4	5.2	3.1
リフロー	0	riff low	no	parts:リフ+ロー		4.4	2.2	0.1
アーサー	0		no	none		0.5	6.1	31.5
トラディショナル	0	traditional	no	jmdict		0.5	6.1	4.7
バースデー	0	birthday	no	jmdict		0.5	6.1	21.2
ヘルスケア	0	health care	no	jmdict		0.5	6.1	5.5
マーメード	0	mermaid	no	jmdict		2.7	3.8	8.3
イントリンジック	0		no	none		5.0	1.5	0.4
カプセル	0	capsule	no	jmdict	ger	5.0	1.5	13.2
ヒープメモリ	0	heap memory	no	parts:ヒープ+メモリ		5.0	1.5	0.0
サンプラー	0	sampler	no	jmdict		1.1	5.4	1.4
サンプラー	1	imitation platinum	no	jmdict		1.1	5.4	1.4
ウエイト	0	weight;body weight	no	jmdict		5.7	0.8	1.4
ウエイト	1	importance;weight;emphasis;priority	no	jmdict		5.7	0.8	1.4
ウエイト	2	wait	yes	jmdict		5.7	0.8	1.4
テク	0	technology	no	jmdict		5.7	0.8	2.5
テク	1	technique	no	jmdict		5.7	0.8	2.5
テク	2	technical	no	jmdict		5.7	0.8	2.5
レップ	0		no	none		1.8	4.7	2.8
サーバーレス	0	serverless	yes	jmdict		4.1	2.4	0.0
ブルームバーグ	0	bloomberg	no	jmdict		0.2	6.3	4.1
ベルマン	0		no	none		0.2	6.3	1.4
ラダー	0	rudder	no	jmdict		0.2	6.3	3.5
ラダー	1	ladder	no	jmdict		0.2	6.3	3.5
ラピッド	0		no	none		0.2	6.3	2.2
コレクトリー	0		no	none		4.8	1.7	0.1
オールダー	0		no	none		0.9	5.6	1.5
コントリビュート	0		no	none		5.5	1.0	0.0
テロ	0	terror;terrorism	no	jmdict		1.6	4.9	33.9
パペット	0	puppet	no	jmdict		1.6	4.9	3.1
インスピレーション	0	inspiration	no	jmdict		3.9	2.6	6.7
アンディー	0		no	none		0.0	6.5	15.4
インディゴ	0	indigo;indigotin	no	jmdict		0.0	6.5	4.8
クラシカル	0	classical	no	jmdict		0.0	6.5	8.1
コンポジタ	0		no	none		0.0	6.5	0.1
スリーコム	0		no	none		0.0	6.5	0.1
ハイエンドモデル	0	high-end model	yes	jmdict		0.0	6.5	0.3
ハドソン	0	hudson	no	jmdict		0.0	6.5	13.4
バーグ	0	hamburg steak;hamburger steak	no	jmdict		0.0	6.5	15.7
ピジン	0	pidgin;pidgin language	no	jmdict		0.0	6.5	0.6
ベリサイン	0	verisign	no	jmdict		0.0	6.5	0.2
オースティン	0	austin	no	jmdict		0.7	5.8	9.2
ドライブレター	0	drive letter	yes	jmdict		0.7	5.8	0.1
アシスタンス	0	assistance	no	jmdict		3.0	3.5	1.5
ディザスター	0		no	none		1.4	5.1	3.9
ネーション	0	nation	no	jmdict		4.4	2.1	14.7
ギフト	0	gift	no	jmdict		0.5	6.0	12.5
シルエット	0	silhouette	no	jmdict	fre	0.5	6.0	8.3
パワーアップ	0	powering up	no	jmdict		0.5	6.0	12.2
コンサート	0	concert	no	jmdict		2.7	3.7	100.6
デッドライン	0	deadline	no	jmdict		2.7	3.7	0.4
サンデー	0	sundae	no	jmdict		1.1	5.3	56.9
サンデー	1	sunday	no	jmdict		1.1	5.3	56.9
サーモスタット	0	thermostat	no	jmdict		1.1	5.3	0.4
シンクロナイズド	0	synchronized;synchronised	no	jmdict		1.1	5.3	1.0
デクララティブ	0		no	none		1.8	4.6	0.1
エクスペリメント	0	experiment	no	jmdict		0.2	6.2	3.4
フローレンス	0		no	none		0.2	6.2	5.8
プルダウン	0	pull-down	no	jmdict		0.9	5.5	0.3
ツールボックス	0	toolbox	no	jmdict		3.2	3.2	0.2
アンバサダー	0	ambassador	no	jmdict		5.5	0.9	12.3
ジキル	0		no	none		3.9	2.5	2.2
イマジン	0	imagine	no	jmdict		0.0	6.4	5.4
オリジネーター	0	originator	no	jmdict		0.0	6.4	0.3
オリンパス	0	olympus	no	jmdict		0.0	6.4	3.9
コヒーレント	0	coherent	no	jmdict		0.0	6.4	0.8
デジカメ	0	digital camera	no	jmdict		0.0	6.4	1.5
ネーバル	0		no	none		0.0	6.4	17.8
バイソン	0	bison	no	jmdict		0.0	6.4	3.6
パーソナリティー	0	personality;individuality	no	jmdict		0.0	6.4	80.5
パーソナリティー	1	tv personality;celebrity	no	jmdict		0.0	6.4	80.5
ヤコブソン	0		no	none		0.0	6.4	0.5
リンカーン	0		no	none		0.0	6.4	19.7
レーベンシュタイン	0		no	none		0.0	6.4	0.5
レギュレーション	0	regulation	no	jmdict		0.7	5.7	10.3
リビルド	0	rebuild;reconstruction;reassembly;renovation	no	jmdict		1.4	5.0	1.2
ゴミ	0	rubbish;trash;garbage;refuse;litter	no	jmdict		2.1	4.3	9.6
ハイパーメディア	0	hypermedia	yes	jmdict		0.5	5.9	0.2
サバイバル	0	survival	no	jmdict		2.7	3.6	15.4
インアクティブ	0	in active	no	parts:イン+アクティブ		5.0	1.3	0.3
パーティショニング	0	partitioning	yes	jmdict		1.8	4.5	0.1
フルーツ	0	fruit	no	jmdict		1.8	4.5	14.5
ボルテージ	0	voltage	no	jmdict		1.8	4.5	2.2
ボルテージ	1	excitement;enthusiasm	no	jmdict		1.8	4.5	2.2
エッセンス	0	essence;extract	no	jmdict		0.2	6.1	4.1
ティー	0	tea	no	jmdict		0.2	6.1	18.7
ティー	1	ton;tonne	no	jmdict		0.2	6.1	18.7
ティー	2	terminal	no	jmdict		0.2	6.1	18.7
ティー	3	t-shirt;tee	no	jmdict		0.2	6.1	18.7
ティー	4	long grain	no	jmdict		0.2	6.1	18.7
ティー	5	tee;teeing ground	no	jmdict		0.2	6.1	18.7
テント	0	tent	no	jmdict		0.2	6.1	8.0
ヒューストン	0		no	none		0.2	6.1	20.8
パブロ	0		no	none		4.8	1.5	9.0
ベテラン	0	veteran;person with a lot of experience;old hand	no	jmdict		3.2	3.1	16.9
デリバティブ	0	derivatives;derivative	no	jmdict		1.6	4.7	2.1
オッカム	0		no	none		0.0	6.3	0.6
ギル	0		no	none		0.0	6.3	7.8
クラフト	0	craft;crafting;handcrafted article	no	jmdict		0.0	6.3	13.4
クラフト	1	kraft paper	no	jmdict		0.0	6.3	13.4
シンフォニー	0	symphony	no	jmdict		0.0	6.3	12.3
ストレイチー	0		no	none		0.0	6.3	0.6
スーパースケーラ	0	superscalar	yes	jmdict		0.0	6.3	0.1
チタニウム	0	titanium	no	jmdict		0.0	6.3	1.2
ナウア	0		no	none		0.0	6.3	0.1
ヘネシー	0		no	none		0.0	6.3	0.9
レイノルズ	0		no	none		0.0	6.3	7.9
ロバストネス	0	robustness	no	jmdict		0.0	6.3	0.2
グレース	0		no	none		0.7	5.6	10.8
シグニフィカント	0		no	none		0.5	5.8	1.3
スタンディング	0	standing	no	jmdict		0.5	5.8	6.4
スタンディング	1	standing still	no	jmdict		0.5	5.8	6.4
スタンディング	2	standings;rankings	no	jmdict		0.5	5.8	6.4
スタンディング	3	standing;permanent	no	jmdict		0.5	5.8	6.4
スパニング	0	spanning	yes	jmdict		0.5	5.8	0.2
タイタン	0	titan	no	jmdict		0.5	5.8	6.5
タイタン	1	titanium	no	jmdict		0.5	5.8	6.5
ドイッチ	0		no	none		0.5	5.8	1.9
ピッツバーグ	0		no	none		0.5	5.8	12.2
ヘッドライン	0	headline	no	jmdict		0.5	5.8	8.2
マルコ	0		no	none		0.5	5.8	17.5
ラウラ	0		no	none		0.5	5.8	7.2
フィット	0	fit	no	jmdict		2.7	3.5	4.8
シンクロナイズ	0	synchronization;synchronisation	no	jmdict		3.4	2.8	0.1
ストラップ	0	strap	no	jmdict		3.4	2.8	3.7
トレーサー	0	tracer	no	jmdict		3.4	2.8	0.8
トレーサー	1	traceur;tracer	no	jmdict		3.4	2.8	0.8
ラテ	0	latte	no	jmdict		5.7	0.5	3.4
ラテ	1	radio and television	no	jmdict		5.7	0.5	3.4
ノッチ	0	notch	no	jmdict		1.8	4.4	2.3
イージス	0	aegis	no	jmdict		0.2	6.0	4.7
エス	0	jesus	no	jmdict		0.2	6.0	7.3
エス	1	south	no	jmdict		0.2	6.0	7.3
エス	2	sulfur	no	jmdict		0.2	6.0	7.3
エス	3	small	no	jmdict		0.2	6.0	7.3
エス	4	second	no	jmdict		0.2	6.0	7.3
エス	5	subject	no	jmdict		0.2	6.0	7.3
エス	6	sadist;sadistic	no	jmdict		0.2	6.0	7.3
エス	7	sister	no	jmdict		0.2	6.0	7.3
エス	8	s rank;s grade;best class	no	jmdict		0.2	6.0	7.3
シビル	0	civil	no	jmdict		0.2	6.0	14.6
シビル	1	civilian	no	jmdict		0.2	6.0	14.6
シビル	2	sybil	no	jmdict		0.2	6.0	14.6
ノルム	0	norm	no	jmdict		0.2	6.0	3.3
ノルム	1	standard;level;norm	no	jmdict		0.2	6.0	3.3
セントリック	0	cent lick	no	parts:セント+リック		0.9	5.3	0.3
ベッド	0	bed	no	jmdict		0.9	5.3	18.3
モザイク	0	mosaic	no	jmdict		0.9	5.3	8.9
ゲームオーバー	0	game over	no	jmdict		3.2	3.0	6.9
グロブ	0		no	none		3.9	2.3	0.2
アーバン	0	urban	no	jmdict		0.0	6.2	18.1
イーロン	0		no	none		0.0	6.2	0.7
オンチップ	0	on tip	no	parts:オン+チップ		0.0	6.2	0.1
カシオペア	0	cassiopeia	no	jmdict		0.0	6.2	3.1
ザイリンクス	0		no	none		0.0	6.2	0.1
ストラクチャードプログラミング	0		no	none		0.0	6.2	0.1
ディーラー	0	dealer;dealership	no	jmdict		0.0	6.2	8.1
ディーラー	1	dealer	no	jmdict		0.0	6.2	8.1
ディーラー	2	exhibitor	no	jmdict		0.0	6.2	8.1
ビットコインニュース	0	bit coin news	no	parts:ビット+コイン+ニュース		0.0	6.2	0.1
フェルゼンスタイン	0		no	none		0.0	6.2	0.1
メロディー	0	melody;tune	no	jmdict		0.0	6.2	42.0
スク	0		no	none		6.2	0.0	0.7
ソフトウェ	0		no	none		6.2	0.0	0.0
ネジメント	0		no	none		6.2	0.0	0.0
ミニファイ	0		no	none		6.2	0.0	0.0
インテグラル	0	integral	no	jmdict		2.3	3.9	2.0
レール	0	rail	no	jmdict		2.3	3.9	43.7
レール	1	rail;track	no	jmdict		2.3	3.9	43.7
レール	2	groundwork;spadework;preparations;arrangements	no	jmdict		2.3	3.9	43.7
エンディング	0	ending	no	jmdict		0.7	5.5	108.3
オール	0	oar	no	jmdict		0.7	5.5	95.7
オール	1	all	no	jmdict		0.7	5.5	95.7
オール	2	all-nighter;staying up all night	no	jmdict		0.7	5.5	95.7
チキン	0	chicken	no	jmdict		0.7	5.5	13.7
チキン	1	coward;scaredy-cat;chicken;wuss	no	jmdict		0.7	5.5	13.7
アウトバウンド	0	outbound	no	jmdict		3.0	3.2	0.3
アウトバウンド	1	outbound tourism	no	jmdict		3.0	3.2	0.3
プラグマ	0		no	none		3.0	3.2	0.1
リードオンリー	0	read-only	yes	jmdict		1.4	4.8	0.1
コンパウンド	0	compound	no	jmdict		2.1	4.1	2.6
デレゲーション	0	delegation	no	jmdict		0.5	5.7	0.9
キャラクタセット	0	character set	yes	jmdict		0.2	5.9	0.1
コーポラティブ	0	cooperative;partnership	no	jmdict		0.2	5.9	1.1
ダイアリー	0	diary	no	jmdict		0.2	5.9	11.1
チャーター	0	charter	no	jmdict		0.2	5.9	6.0
ラザー	0		no	none		0.2	5.9	1.7
ラルフ	0		no	none		0.2	5.9	9.9
イントロスペクション	0		no	none		4.8	1.3	0.0
オナー	0	honor;honour	no	jmdict		0.9	5.2	8.2
リービング	0	leaving	no	jmdict		1.6	4.5	2.0
タンジェント	0	tangent	no	jmdict		3.9	2.2	0.6
ファーストクラス	0	first class	no	jmdict		3.9	2.2	2.2
アステロイド	0	asteroid	no	jmdict		0.0	6.1	3.0
アニメーター	0	animator	no	jmdict		0.0	6.1	11.0
インクワイラー	0		no	none		0.0	6.1	2.6
インフォコム	0		no	none		0.0	6.1	0.3
オデッセイ	0	odyssey	no	jmdict		0.0	6.1	6.5
オデッセイ	1	the odyssey	no	jmdict		0.0	6.1	6.5
クラスメート	0	classmate	no	jmdict		0.0	6.1	24.0
クーン	0		no	none		0.0	6.1	2.0
サイクロン	0	cyclone	no	jmdict		0.0	6.1	5.5
ヒルベルト	0		no	none		0.0	6.1	3.7
マルチモーダル	0	multi-post modal	no	parts:マルチ+モーダル		0.0	6.1	0.4
マービン	0		no	none		0.0	6.1	3.9
ミラクル	0	miracle	no	jmdict		0.0	6.1	19.1
メメックス	0		no	none		0.0	6.1	0.1
ヤコブ	0		no	none		0.0	6.1	11.3
ラテンアメリカ	0	latin america	no	jmdict		0.0	6.1	9.7
ランボー	0	run bow	no	parts:ラン+ボー		0.0	6.1	3.7
ロゴマーク	0	logo	no	jmdict		0.0	6.1	6.9
ジャー	0	container for keeping food or drink warm;thermos;warmer	no	jmdict		2.3	3.8	12.1
ジャー	1	jar	no	jmdict		2.3	3.8	12.1
ジャンボ	0	jumbo;jumbo-sized	no	jmdict		0.7	5.4	9.6
ジャンボ	1	jumbo jet	no	jmdict		0.7	5.4	9.6
ゴーグル	0	goggles	no	jmdict		3.0	3.1	4.6
ヘルプデスク	0	help desk	yes	jmdict		1.4	4.7	0.2
モンティ	0		no	none		2.1	4.0	4.9
ラジカセ	0	radio-cassette player	no	jmdict		4.4	1.7	1.4
アフェアー	0	affair	no	jmdict		0.5	5.6	14.2
アルプス	0	the alps	no	jmdict		0.5	5.6	12.9
アルプス	1	range of high mountains	no	jmdict		0.5	5.6	12.9
トーキング	0		no	none		0.5	5.6	5.9
メテオ	0	meteor	no	jmdict		0.5	5.6	4.7
フォロワー	0	follower	no	jmdict		1.1	4.9	5.4
サブボリューム	0	sub volume	no	parts:サブ+ボリューム		5.7	0.3	0.0
エディトリアル	0	editorial	no	jmdict		0.2	5.8	4.7
ジャッジ	0	judge	no	jmdict		0.2	5.8	9.2
ジャッジ	1	judgement;decision;call	no	jmdict		0.2	5.8	9.2
ジャッジ	2	judging;judgement	no	jmdict		0.2	5.8	9.2
スペルチェッカ	0	spelling checker	yes	jmdict		0.2	5.8	0.1
マストドン	0	mastodon	no	jmdict		0.2	5.8	0.3
アイデンティファイ	0	identify	no	jmdict		2.5	3.5	0.7
エンベッディング	0		no	none		0.9	5.1	0.2
ティーポット	0	teapot	no	jmdict		0.9	5.1	0.5
ハイパフォーマンス	0	high performance	yes	jmdict		0.9	5.1	0.4
パーシスタンス	0		no	none		0.9	5.1	0.5
ビジュアライザー	0		no	none		1.6	4.4	0.3
ローコード	0	low code	yes	jmdict		1.6	4.4	0.1
ファンシー	0	fancy	no	jmdict		3.9	2.1	3.3
ファンシー	1	fancy;imagination;whim;idea	no	jmdict		3.9	2.1	3.3
オーストラリアン	0		no	none		0.0	6.0	20.3
ケビン	0	cabin	no	jmdict		0.0	6.0	18.9
サンディスク	0	sun disk	no	parts:サン+ディスク		0.0	6.0	0.2
ダンス	0	dance;dancing	no	jmdict		0.0	6.0	129.0
テッセレーション	0		no	none		0.0	6.0	0.1
ビジコン	0	vidicon	no	jmdict		0.0	6.0	0.2
ビューティフル	0	beautiful	no	jmdict		0.0	6.0	18.4
フェリックス	0		no	none		0.0	6.0	11.1
ブースティング	0		no	none		0.0	6.0	0.3
プロバブリスティック	0		no	none		0.0	6.0	0.3
リネーミング	0		no	none		0.0	6.0	0.1
ワンセグ	0		no	none		0.0	6.0	4.5
アウター	0	outer	no	jmdict		2.3	3.7	6.1
アウター	1	outerwear;overgarment	no	jmdict		2.3	3.7	6.1
サンセリフ	0	sans serif	no	jmdict		2.3	3.7	0.4
ブランディング	0	branding	no	jmdict		0.7	5.3	3.2
ウント	0		no	none		5.3	0.7	3.3
リーフレット	0	leaflet	no	jmdict		1.4	4.6	2.3
エチオピア	0	ethiopia	no	jmdict		3.7	2.3	17.5
チャウン	0		no	none		3.7	2.3	0.1
ブラウザータブ	0		no	none		6.0	0.0	0.0
データベースサーバー	0	database server	yes	jmdict		2.1	3.9	0.1
アジャスト	0	adjustment;coordination;regulation	no	jmdict		4.4	1.6	2.5
レスポンシブウェブデザイン	0	responsive web design;rwd	yes	jmdict		4.4	1.6	0.0
キャロル	0	carol	no	jmdict		0.5	5.5	17.5
コモディティー	0	commodity	no	jmdict		0.5	5.5	1.1
スピーシーズ	0		no	none		5.0	0.9	30.6
ズームアウト	0	zoom out	no	jmdict		5.0	0.9	0.2
マスターキー	0	master key	no	jmdict		3.4	2.5	0.3
アクティブラーニング	0	active learning	no	parts:アクティブ+ラーニング		5.7	0.2	0.4
シ	0	ti;si	no	jmdict	ita	5.7	0.2	2.6
デッドゾーン	0	dead zone	no	parts:デッド+ゾーン		5.7	0.2	0.3
ファイルシステムパス	0	file system passing	no	parts:ファイルシステム+パス		5.7	0.2	0.0
グラフィックデザイン	0	graphic design	no	jmdict		1.8	4.1	2.6
ティルト	0	tilt	no	jmdict		1.8	4.1	2.3
ティルト	1	tilting	no	jmdict		1.8	4.1	2.3
トリビア	0	trivia	no	jmdict		4.1	1.8	4.3
セールスマン	0	salesman	no	jmdict		0.2	5.7	4.2
ブレント	0		no	none		0.2	5.7	3.9
ボイジャー	0	voyager	no	jmdict		0.2	5.7	3.9
マーフィー	0		no	none		0.2	5.7	11.1
ハンバーガー	0	hamburger;burger	no	jmdict		2.5	3.4	5.6
フォーエバー	0	forever	no	jmdict		2.5	3.4	16.7
モディフィケーション	0	modification	no	jmdict		2.5	3.4	0.8
エクスポーネント	0		no	none		0.9	5.0	0.2
ブロードキャスティング	0	broadcasting	no	jmdict		0.9	5.0	7.3
ミステーク	0	mistake	no	jmdict		3.2	2.7	1.2
ビギナー	0	beginner	no	jmdict		1.6	4.3	1.7
トレーラー	0	trailer	no	jmdict		3.9	2.0	15.2
トレーラー	1	semi-trailer truck	no	jmdict		3.9	2.0	15.2
ウィーラー	0		no	none		0.0	5.9	3.5
サンダー	0	thunder	no	jmdict		0.0	5.9	21.3
シスオペ	0	system operator;sysop	yes	jmdict		0.0	5.9	0.1
スプレー	0	spray	no	jmdict		0.0	5.9	5.6
スプレー	1	sprayer;atomizer	no	jmdict		0.0	5.9	5.6
スプレー	2	sprinkles;hundreds and thousands	no	jmdict		0.0	5.9	5.6
スマトラ	0	sumatra	no	jmdict		0.0	5.9	5.6
ダイナミックリンクライブラリ	0	dynamic linking library;dll	yes	jmdict		0.0	5.9	0.1
ナイトメア	0	nightmare	no	jmdict		0.0	5.9	5.1
ハンセン	0		no	none		0.0	5.9	7.2
ヘリックス	0	helix	no	jmdict		0.0	5.9	2.7
ベゼル	0	bezel	no	jmdict		0.0	5.9	0.8
ホランド	0		no	none		0.0	5.9	7.6
マルチプレーン	0	multi-post plain	no	parts:マルチ+プレーン		0.0	5.9	0.2
ラケット	0	racket;paddle	no	jmdict		0.0	5.9	3.5
リンケージ	0	linkage	no	jmdict		0.0	5.9	0.5
ワースト	0	worst	no	jmdict		0.0	5.9	10.4
ディレクトリトラバーサル	0		no	none		2.3	3.6	0.0
バラエティー	0	variety	no	jmdict		0.7	5.2	90.6
バラエティー	1	variety show	no	jmdict		0.7	5.2	90.6
フラッド	0	flood;inundation	no	jmdict		0.7	5.2	1.3
フラッド	1	flood;floodlight	no	jmdict		0.7	5.2	1.3
ヘル	0	hell	no	jmdict		0.7	5.2	11.4
ヘル	1	mr	no	jmdict		0.7	5.2	11.4
ベネフィット	0	benefit	no	jmdict		0.7	5.2	1.8
アンダーライイング	0		no	none		3.0	2.9	0.4
スキュー	0	skew	yes	jmdict		3.0	2.9	0.1
ジャイロスコープ	0	gyroscope	no	jmdict		4.4	1.5	0.6
メモリアロケータ	0		no	none		4.4	1.5	0.0
アビューズ	0	abuse	no	jmdict		0.5	5.4	2.5
エクセス	0		no	none		0.5	5.4	1.2
ドーム	0	dome	no	jmdict		0.5	5.4	53.6
レシピエント	0	recipient	no	jmdict		0.5	5.4	0.9
アンダースタンド	0	understanding;agreement	no	jmdict		2.7	3.1	0.9
キーノート	0	keynote	no	jmdict		5.0	0.8	0.2
バグレポート	0	bug report	yes	jmdict		5.0	0.8	0.0
インプレッション	0	impression	no	jmdict		1.1	4.7	1.7
キャッシュミス	0	cache mistake	no	parts:キャッシュ+ミス		1.1	4.7	0.1
スワップファイル	0	swap file	yes	jmdict		1.1	4.7	0.1
オプティマイズ	0	optimize;optimise	no	jmdict		3.4	2.4	0.1
インストレーション	0	installation	yes	jmdict		4.1	1.7	0.0
シュミット	0		no	none		0.2	5.6	8.9
デジタルテレビ	0	digital television	no	jmdict		0.2	5.6	2.6
キーロガー	0	key-logger;keylogger	yes	jmdict		0.9	4.9	0.1
リコメンド	0	recommending;recommendation	no	jmdict		3.2	2.6	1.2
コレーター	0		no	none		5.5	0.3	0.0
イアン	0		no	none		0.0	5.8	12.5
イラストレーション	0	illustration	no	jmdict		0.0	5.8	4.7
クオーク	0	quark	no	jmdict		0.0	5.8	3.6
グライダー	0	glider	no	jmdict		0.0	5.8	5.2
ケント	0		no	none		0.0	5.8	10.3
サスマン	0		no	none		0.0	5.8	0.2
ジャギー	0	jaggies	yes	jmdict		0.0	5.8	0.2
ジョナサン	0	jonathan	no	jmdict		0.0	5.8	13.0
ジョナサン	1	jonathan's	no	jmdict		0.0	5.8	13.0
ハンガリアン	0	hungarian	no	jmdict		0.0	5.8	3.1
パラ	0	paralympics	no	jmdict		0.0	5.8	13.6
パラ	1	parallel	no	jmdict		0.0	5.8	13.6
パーセプトロン	0	perceptron	no	jmdict		0.0	5.8	0.3
ビー	0	bee;honey bee	no	jmdict		0.0	5.8	16.0
ビー	1	basement floor	no	jmdict		0.0	5.8	16.0
フェイステル	0		no	none		0.0	5.8	0.1
フォークソノミー	0	folksonomy	no	jmdict		0.0	5.8	0.1
ブースター	0	booster	no	jmdict		0.0	5.8	11.1
プライム	0	prime symbol	no	jmdict		0.0	5.8	22.5
ベースバンド	0	baseband	yes	jmdict		0.0	5.8	0.2
ホプキンス	0		no	none		0.0	5.8	9.0
マジカル	0	magical	no	jmdict		0.0	5.8	13.7
ヤン	0		no	none		0.0	5.8	22.8
ランレベル	0	run level	no	parts:ラン+レベル		0.0	5.8	0.1
リモートコントロール	0	remote control	no	jmdict		0.0	5.8	0.6
ワーナー	0		no	none		0.0	5.8	18.8
デリファレンス	0		no	none		2.3	3.5	0.0
クランプ	0	clamp	no	jmdict		4.6	1.2	1.9
モジュロ	0	modulo	no	jmdict		4.6	1.2	0.0
ツイスター	0	twister	no	jmdict		0.7	5.1	1.2
トリトン	0	triton	no	jmdict		3.0	2.8	3.5
メジアン	0	median	no	jmdict		3.0	2.8	0.5
キャスティング	0	casting	no	jmdict		1.4	4.4	13.4
イントロ	0	intro;introduction	no	jmdict		2.1	3.7	9.2
ゼファー	0	zephyr	no	jmdict		2.1	3.7	2.2
ディストリビューター	0	distributor	no	jmdict		0.5	5.3	1.0
バックログ	0	backlog	no	jmdict		0.5	5.3	0.1
アンダーライン	0	underline	no	jmdict		2.7	3.0	0.4
アド	0	ad;advertisement	no	jmdict		5.0	0.7	2.5
アド	1	deuteragonist;secondary actor	no	jmdict		5.0	0.7	2.5
アド	2	address	no	jmdict		5.0	0.7	2.5
アド	3	advantage	no	jmdict		5.0	0.7	2.5
シェアーズ	0		no	none		1.1	4.6	2.2
トポロジカル	0	topological	no	jmdict		1.1	4.6	1.0
ジメ	0		no	none		5.7	0.0	0.0
ジェスチャ	0	gesture	no	jmdict		4.1	1.6	0.1
ジェスチャ	1	charades	no	jmdict		4.1	1.6	0.1
リグレッション	0	regression	yes	jmdict		4.1	1.6	0.1
イノベーター	0	innovator	no	jmdict		0.2	5.5	1.1
グラブ	0	grab bucket	no	jmdict		0.2	5.5	8.9
グラブ	1	glove;mitt	no	jmdict		0.2	5.5	8.9
イノベータ	0	innovator	no	jmdict		5.5	0.2	0.1
クォータニオン	0		no	none		5.5	0.2	0.0
インディアン	0	indian;native american	no	jmdict		0.0	5.7	39.9
インディアン	1	indian	no	jmdict		0.0	5.7	39.9
エステート	0	estate	no	jmdict		0.0	5.7	5.3
オリベッティ	0		no	none		0.0	5.7	0.3
カーツ	0		no	none		0.0	5.7	1.0
ギズモード	0		no	none		0.0	5.7	0.5
クララ	0	sophora flavescens	no	jmdict		0.0	5.7	9.4
クロメンコ	0		no	none		0.0	5.7	0.1
ケラー	0	mole cricket	no	jmdict		0.0	5.7	3.7
ケラー	1	being penniless;being broke	no	jmdict		0.0	5.7	3.7
システマチック	0	systematic	no	jmdict		0.0	5.7	9.7
ダッソー	0		no	none		0.0	5.7	1.2
ファブレス	0	fabless	no	jmdict		0.0	5.7	0.3
ブルム	0		no	none		0.0	5.7	1.9
プレリミナリー	0		no	none		0.0	5.7	2.9
マインスイーパー	0		no	none		0.0	5.7	0.2
メトカーフ	0		no	none		0.0	5.7	1.0
アレンジ	0	arrangement;adaptation;interpretation;take	no	jmdict		0.7	5.0	50.4
アレンジ	1	arranging;organization	no	jmdict		0.7	5.0	50.4
インタープリテーション	0	interpretation	no	jmdict		0.7	5.0	1.8
スクイズ	0	squeeze	no	jmdict		0.7	5.0	1.4
スクイズ	1	discomfort or pain caused by increasing water pressure compressing body air spaces and pushing body tissue inward	no	jmdict		0.7	5.0	1.4
データパス	0	data passing	no	parts:データ+パス		0.7	5.0	0.1
マルチパス	0	multipath	yes	jmdict		0.7	5.0	0.2
ヨー	0	me	no	jmdict	por	5.3	0.4	1.7
アボート	0	abort	yes	jmdict		3.7	2.0	0.0
キッチン	0	kitchen	no	jmdict		2.1	3.6	15.0
キッチン	1	chitin	no	jmdict		2.1	3.6	15.0
グリップ	0	grip	no	jmdict		4.4	1.3	8.1
セントリー	0		no	none		4.4	1.3	1.0
ガリレオ	0	galileo	no	jmdict		0.5	5.2	7.1
ディペンデント	0		no	none		0.5	5.2	4.0
プーリング	0		no	none		0.5	5.2	0.1
リクルート	0	recruit	no	jmdict		0.5	5.2	9.7
レア	0	rare;uncommon;unusual	no	jmdict		0.5	5.2	13.5
レア	1	rare;lightly cooked	no	jmdict		0.5	5.2	13.5
レア	2	rhea	no	jmdict		0.5	5.2	13.5
レスポンダー	0	responder	yes	jmdict		0.5	5.2	0.2
インベントリー	0	inventory;stock;goods;list	no	jmdict		1.1	4.5	1.7
ビデオレコーダー	0	video cassette recorder;vcr	no	jmdict		3.4	2.2	0.2
ウィークネス	0		no	none		1.8	3.8	0.3
リファラ	0	referrer;referer	no	jmdict		1.8	3.8	0.1
エンジェル	0	angel	no	jmdict		0.2	5.4	41.7
エンジェル	1	angel investor	no	jmdict		0.2	5.4	41.7
コネクションレス	0	connectionless	yes	jmdict		0.2	5.4	0.1
トヨタ	0	toyota	no	jmdict		0.2	5.4	45.1
トーナメント	0	tournament	no	jmdict		0.2	5.4	63.5
トーナメント	1	knockout tournament;elimination tournament	no	jmdict		0.2	5.4	63.5
ファー	0	fur	no	jmdict		0.9	4.7	8.5
ファー	1	forehand	no	jmdict		0.9	4.7	8.5
ファー	2	fore	no	jmdict		0.9	4.7	8.5
スコアカード	0	scorecard	no	jmdict		3.2	2.4	0.5
スムージング	0	smoothing	yes	jmdict		1.6	4.0	0.2
ナンバリング	0	numbering	no	jmdict		1.6	4.0	7.6
ナンバリング	1	numbering machine	no	jmdict		1.6	4.0	7.6
メンター	0	mentor	no	jmdict		1.6	4.0	1.3
メンター	1	mentoring	no	jmdict		1.6	4.0	1.3
マッパー	0	nudity	no	jmdict		3.9	1.7	0.1
マッパー	1	stark naked	no	jmdict		3.9	1.7	0.1
アンコール	0	encore	no	jmdict		0.0	5.6	18.6
アンドルーズ	0		no	none		0.0	5.6	4.5
クローザー	0	closer	no	jmdict		0.0	5.6	4.7
グランプリ	0	grand prix;grand prize	no	jmdict	fre	0.0	5.6	108.7
コイル	0	coil	no	jmdict		0.0	5.6	7.6
シンドローム	0	syndrome	no	jmdict		0.0	5.6	9.4
シーゲイト	0	seagate	no	jmdict		0.0	5.6	0.1
スクエア	0	square	no	jmdict		0.0	5.6	23.3
スクエア	1	formal;methodical;correct;strict;stiff	no	jmdict		0.0	5.6	23.3
スレッデッドコード	0		no	none		0.0	5.6	0.1
チョムスキー	0		no	none		0.0	5.6	0.9
ハンディ	0	compact;portable;easy-to-use;handy	no	jmdict		0.0	5.6	5.9
ハンディ	1	handicap	no	jmdict		0.0	5.6	5.9
バイオロジー	0	biology	no	jmdict		0.0	5.6	16.9
バターフィールド	0		no	none		0.0	5.6	1.2
ファンレス	0	fan reply	no	parts:ファン+レス		0.0	5.6	0.1
フルスペック	0	full specifications	no	parts:フル+スペック		0.0	5.6	0.3
ブラム	0		no	none		0.0	5.6	1.8
ベンチャーズ	0		no	none		0.0	5.6	1.8
ペタフロップス	0		no	none		0.0	5.6	0.1
ペンシル	0	pencil	no	jmdict		0.0	5.6	1.8
メンブレン	0	membrane	no	jmdict		0.0	5.6	2.1
モジュレーション	0	modulation	no	jmdict		0.0	5.6	1.2
ユタ	0	utah	no	jmdict		0.0	5.6	7.0
ユタ	1	shaman;medium;exorcist	no	jmdict		0.0	5.6	7.0
ライジング	0	rising	no	jmdict		0.0	5.6	16.9
ロバートソン	0		no	none		0.0	5.6	8.0
ワイヤード	0	wired	no	jmdict		0.0	5.6	0.3
ミニット	0		no	none		2.3	3.3	3.3
ウエザー	0	weather	no	jmdict		0.7	4.9	7.1
シーサート	0		no	none		3.0	2.6	0.0
セマンティックバージョニング	0	semantic versioning	no	parts:セマンティック+バージョニング		5.0	0.5	0.0
フリーランス	0	freelance	no	jmdict		1.1	4.4	8.5
ブラインド	0	window blind;blinds	no	jmdict		1.8	3.7	4.1
ブラインド	1	blind	no	jmdict		1.8	3.7	4.1
ライトハウス	0	lighthouse	no	jmdict		1.8	3.7	1.6
アポストロフィ	0	apostrophe	no	jmdict		4.1	1.4	0.4
シーザー	0	caesar	no	jmdict		0.2	5.3	4.4
ビアルネ	0		no	none		0.2	5.3	0.1
プラグマティック	0	pragmatic	no	jmdict		0.2	5.3	0.3
ペイド	0	paid	no	jmdict		0.2	5.3	1.9
リザーブ	0	reserve	no	jmdict		2.5	3.0	9.3
クリティカルレンダリングパス	0	critical rendering passing	no	parts:クリティカル+レンダリング+パス		5.5	0.0	0.0
リアクティビティーシステム	0		no	none		5.5	0.0	0.0
パーマネント	0	permanent	no	jmdict		1.6	3.9	3.0
パーマネント	1	permanent wave;perm	no	jmdict		1.6	3.9	3.0
ライタ	0	lighter	no	jmdict		1.6	3.9	0.5
オバマ	0		no	none		0.0	5.5	13.3
カトラー	0		no	none		0.0	5.5	0.8
クリストファー	0		no	none		0.0	5.5	15.8
シャンパン	0	champagne	no	jmdict	fre	0.0	5.5	4.0
シークエント	0		no	none		0.0	5.5	0.2
ジーニアス	0	genius	no	jmdict		0.0	5.5	5.6
ダンカン	0		no	none		0.0	5.5	9.4
チャンドラー	0		no	none		0.0	5.5	8.0
ティン	0		no	none		0.0	5.5	5.4
テープライブラリー	0	tape library	yes	jmdict		0.0	5.5	0.1
ファウンドリ	0	foundry;fab;semiconductor fabrication plant	no	jmdict		0.0	5.5	0.2
ファジン	0		no	none		0.0	5.5	0.1
プリム	0		no	none		0.0	5.5	1.2
マクセル	0	maxell	no	jmdict		0.0	5.5	0.6
ミライ	0		no	none		0.0	5.5	6.6
ディバイド	0		no	none		0.7	4.8	1.4
コンプリーティッド	0		no	none		3.0	2.5	1.1
キービジュアル	0	hero image	no	jmdict		5.3	0.2	3.3
モノレポ	0		no	none		5.3	0.2	0.0
ボトル	0	bottle	no	jmdict		1.4	4.1	8.9
レジスト	0	resistance;opposition;obstruction	no	jmdict		2.1	3.4	0.5
レジスト	1	insulating coating;insulating varnish	no	jmdict		2.1	3.4	0.5
プラット	0		no	none		0.5	5.0	6.0
ゼロクリア	0		no	none		3.4	2.0	0.0
メタタグ	0	meta tag	yes	jmdict		3.4	2.0	0.1
クエスチョンマーク	0	question mark	no	jmdict		4.1	1.3	0.2
インビジブル	0	invisible	no	jmdict		0.2	5.2	3.8
サプライヤ	0	supplier	no	jmdict		0.2	5.2	0.1
シナプス	0	synapse	no	jmdict		0.2	5.2	3.5
シュピーゲル	0		no	none		0.2	5.2	3.8
スパイス	0	spice	no	jmdict		0.2	5.2	28.1
ベアボーン	0		no	none		0.2	5.2	0.1
メモリマップド	0		no	none		0.2	5.2	0.1
リダンダンシー	0	redundancy	no	jmdict		0.2	5.2	0.2
リトリーバル	0		no	none		0.2	5.2	0.3
レスポンシビリティー	0	responsibility	no	jmdict		0.2	5.2	1.3
インターナショナリゼーション	0	internationalization	yes	jmdict		2.5	2.9	0.1
プロモート	0	promotion	no	jmdict		2.5	2.9	2.4
エンハンス	0		no	none		0.9	4.5	0.6
デジタルトランスフォーメーション	0	digital transformation	no	jmdict		3.2	2.2	0.5
エクイティー	0	equity	no	jmdict		0.0	5.4	2.4
エリス	0	eris	no	jmdict		0.0	5.4	8.7
クラウス	0		no	none		0.0	5.4	12.2
グローバー	0		no	none		0.0	5.4	2.7
シャック	0		no	none		0.0	5.4	1.0
ソビエト	0	soviet	no	jmdict	rus	0.0	5.4	31.8
ソビエト	1	soviet union	no	jmdict	rus	0.0	5.4	31.8
ツクール	0		no	none		0.0	5.4	1.3
ディクリプター	0		no	none		0.0	5.4	0.1
ノーム	0	gnome	no	jmdict		0.0	5.4	4.1
ノーム	1	norm	no	jmdict		0.0	5.4	4.1
パートナーズ	0		no	none		0.0	5.4	6.8
パーミッシブ	0		no	none		0.0	5.4	0.1
フラワーズ	0		no	none		0.0	5.4	6.7
フロントサイドバス	0	front side bus	no	parts:フロント+サイド+バス		0.0	5.4	0.1
ペインティング	0	painting	no	jmdict		0.0	5.4	4.4
マキシム	0	maxim	no	jmdict		0.0	5.4	4.6
ミスティ	0	misty	no	jmdict		0.0	5.4	3.0
ミステリー	0	mystery	no	jmdict		0.0	5.4	68.4
メーンフレーム	0	mainframe	yes	jmdict		0.0	5.4	0.1
モートン	0		no	none		0.0	5.4	5.8
リテラチュア	0	literature	no	jmdict		0.0	5.4	8.2
リワード	0	reward;remuneration;recompense	no	jmdict		0.0	5.4	1.1
レタッチ	0	retouch;retouching;touch-up	no	jmdict		0.0	5.4	0.4
レタッチ	1	tagging up	no	jmdict		0.0	5.4	0.4
ザカリー	0		no	none		0.7	4.7	2.0
シェーダ	0	shader	yes	jmdict		0.7	4.7	0.1
レスポンシブル	0		no	none		0.7	4.7	1.1
デバウンス	0		no	none		5.3	0.1	0.0
ミニブログ	0	microblog;microblogging;microblogging service	no	jmdict		1.4	4.0	0.2
ラ	0	la;lah	no	jmdict	ita	3.7	1.7	59.7
サーフィン	0	surfing;surfboarding	no	jmdict		0.5	4.9	5.4
ピクサー	0	pixar	no	jmdict		0.5	4.9	2.4
ブランク	0	blank;blank space	no	jmdict		0.5	4.9	4.5
ブランク	1	gap;time spent not doing something	no	jmdict		0.5	4.9	4.5
ユーモア	0	humor;humour;joke	no	jmdict		0.5	4.9	8.3
コマース	0	commerce	yes	jmdict		2.7	2.6	1.2
ネスティング	0	nesting;nest-building	no	jmdict		2.7	2.6	0.2
ネスティング	1	nesting	yes	jmdict		2.7	2.6	0.2
ゲージ	0	gauge	no	jmdict		1.1	4.2	22.9
ライム	0	rhyme	no	jmdict		3.4	1.9	6.8
ライム	1	lime	no	jmdict		3.4	1.9	6.8
クリントン	0		no	none		0.2	5.1	11.3
シュワルツ	0		no	none		0.2	5.1	2.0
パレート	0		no	none		0.2	5.1	0.7
キーチェーン	0	keychain	no	jmdict		2.5	2.8	0.2
セキュリティキー	0		no	none		2.5	2.8	0.0
パーセル	0		no	none		4.8	0.5	1.3
カルロス	0		no	none		0.9	4.4	31.6
キャッチフレーズ	0	catchphrase	no	jmdict		0.9	4.4	9.7
スラッシング	0		no	none		0.9	4.4	0.1
マークス	0		no	none		0.9	4.4	5.5
ディレード	0		no	none		1.6	3.7	1.6
フルスタック	0	full stack	no	parts:フル+スタック		3.9	1.4	0.0
ウィキバーシティ	0	wikiversity	no	jmdict		0.0	5.3	0.7
エド	0		no	none		0.0	5.3	11.6
ガーバー	0		no	none		0.0	5.3	0.7
コンバージェンス	0	convergence	yes	jmdict		0.0	5.3	1.1
ジェラルド	0		no	none		0.0	5.3	6.3
ジグ	0	gigue	no	jmdict		0.0	5.3	1.4
ジグ	1	jig	no	jmdict		0.0	5.3	1.4
スローン	0		no	none		0.0	5.3	4.0
トラミエル	0		no	none		0.0	5.3	0.1
トロント	0	toronto	no	jmdict		0.0	5.3	14.5
バイポーラー	0	bipolar;bi-polar	no	jmdict		0.0	5.3	1.0
ファブ	0	fabrication;manufacture	no	jmdict		0.0	5.3	0.7
ファブ	1	fab;foundry	no	jmdict		0.0	5.3	0.7
ボカコレ	0		no	none		0.0	5.3	0.2
ボーダフォン	0	vodafone	no	jmdict		0.0	5.3	2.7
メーヤー	0		no	none		0.0	5.3	4.9
ライセンスキー	0	license key	no	parts:ライセンス+キー		0.0	5.3	0.1
ライフスタイル	0	lifestyle	no	jmdict		0.0	5.3	10.3
ラグランジュ	0		no	none		0.0	5.3	2.0
リグ	0	rig	no	jmdict		0.0	5.3	3.2
リセラー	0	reseller	no	jmdict		0.0	5.3	0.1
リベスト	0		no	none		0.0	5.3	0.1
ロジャー	0		no	none		0.0	5.3	17.4
ロベルト	0		no	none		0.0	5.3	18.9
ヴィジュネル	0		no	none		0.0	5.3	0.1
テレフォニー	0	telephony	no	jmdict		0.7	4.6	0.2
クラウドサービ	0		no	none		5.3	0.0	0.0
ジメント	0		no	none		5.3	0.0	0.0
パスデータ	0	passing data	no	parts:パス+データ		5.3	0.0	0.0
ピクチャインピクチャウィンドウ	0		no	none		5.3	0.0	0.0
ペッパー	0	pepper	no	jmdict		1.4	3.9	4.4
サニティ	0		no	none		2.1	3.2	0.4
グロス	0	gross	no	jmdict		0.5	4.8	7.1
グロス	1	gross;total;sum	no	jmdict		0.5	4.8	7.1
グロス	2	gross score	no	jmdict		0.5	4.8	7.1
グロス	3	gloss	no	jmdict		0.5	4.8	7.1
グロス	4	gloss;shine;lustre	no	jmdict		0.5	4.8	7.1
ブレーカー	0	breaker	no	jmdict		0.5	4.8	6.7
ポステッド	0		no	none		0.5	4.8	0.9
リスコフ	0		no	none		0.5	4.8	0.1
サーバーサイドリクエストフォージェリ	0		no	none		5.0	0.2	0.0
エニュメレーション	0		no	none		1.1	4.1	0.2
ジャンクション	0	junction;system interchange	no	jmdict		1.1	4.1	13.6
バルーン	0	balloon	no	jmdict		1.1	4.1	5.8
トリッキー	0	tricky	no	jmdict		4.1	1.1	1.9
イントラ	0	intranet	yes	jmdict		0.2	5.0	0.7
ガレージ	0	garage	no	jmdict		0.2	5.0	10.7
サブタイピング	0	sub typing	no	parts:サブ+タイピング		0.2	5.0	0.1
タレント	0	entertainer;television personality;radio personality	no	jmdict		0.2	5.0	101.9
タレント	1	talent;skill	no	jmdict		0.2	5.0	101.9
タレント	2	talent	no	jmdict		0.2	5.0	101.9
バラン	0	balun	no	jmdict		0.2	5.0	2.4
バラン	1	cast iron plant	no	jmdict		0.2	5.0	2.4
バラン	2	baran	no	jmdict		0.2	5.0	2.4
リブランド	0		no	none		0.2	5.0	1.1
ロイド	0		no	none		0.2	5.0	17.4
インポーター	0	in porter	no	parts:イン+ポーター		4.8	0.4	0.2
ブレーキ	0	brake	no	jmdict		0.9	4.3	45.9
ブレーキ	1	stop;brakes	no	jmdict		0.9	4.3	45.9
デフォルトゲートウェー	0	default gateway	yes	jmdict		1.6	3.6	0.0
ナロー	0	narrow	no	jmdict		1.6	3.6	1.9
プレースメント	0	placement	no	jmdict		1.6	3.6	0.8
プロテクティング	0		no	none		1.6	3.6	0.6
アゴー	0	jaw;chin	no	jmdict		0.0	5.2	2.9
アゴー	1	barb	no	jmdict		0.0	5.2	2.9
アドバンス	0	advance	no	jmdict		0.0	5.2	8.5
アドバンス	1	advance;prepayment	no	jmdict		0.0	5.2	8.5
アロハ	0	aloha	no	jmdict	haw	0.0	5.2	3.4
アロハ	1	aloha shirt	no	jmdict	haw	0.0	5.2	3.4
ウィーナー	0		no	none		0.0	5.2	2.5
ウェストン	0		no	none		0.0	5.2	2.6
オリビエ	0		no	none		0.0	5.2	7.9
ガウシアン	0	gaussian	no	jmdict		0.0	5.2	0.5
ギャラクシー	0	galaxy	no	jmdict		0.0	5.2	15.0
ギルバート	0		no	none		0.0	5.2	13.4
コンパレーター	0	comparator	yes	jmdict		0.0	5.2	0.2
システムインテグレータ	0	system integrator;systems integrator	yes	jmdict		0.0	5.2	0.8
センチメント	0	sentiment	no	jmdict		0.0	5.2	0.5
ヒンジ	0	hinge	no	jmdict		0.0	5.2	1.8
フォーミュラ	0	formula	no	jmdict		0.0	5.2	29.8
フラウンホーファー	0		no	none		0.0	5.2	0.4
ブルーム	0	broom	no	jmdict		0.0	5.2	5.3
ブルーム	1	bloom	no	jmdict		0.0	5.2	5.3
ブロガー	0	blogger;blog writer	no	jmdict		0.0	5.2	2.0
ポラリス	0	polaris;alpha ursae minoris;the north star	no	jmdict		0.0	5.2	3.7
マージャー	0		no	none		0.0	5.2	1.4
ミシガン	0	michigan	no	jmdict		0.0	5.2	9.3
ルカ	0		no	none		0.0	5.2	12.2
トレランス	0	tolerance	no	jmdict		0.7	4.5	1.0
リレーションズ	0		no	none		0.7	4.5	7.5
アルゼンチン	0	argentina	no	jmdict		1.4	3.8	44.8
リダクション	0	reduction	no	jmdict		1.4	3.8	0.5
トーラス	0	taurus	no	jmdict		2.1	3.1	2.6
トーラス	1	torus	no	jmdict		2.1	3.1	2.6
インスタレーション	0	installation	no	jmdict		4.4	0.8	2.1
ウェブストア	0	online store;internet shop	no	jmdict		0.5	4.7	1.8
キャリブレーション	0	calibration	no	jmdict		0.5	4.7	0.9
ジャーニー	0	journey	no	jmdict		0.5	4.7	15.6
スラング	0	slang	no	jmdict		0.5	4.7	2.9
ニコル	0		no	none		0.5	4.7	9.9
フェーバリット	0	favorite;favourite	no	jmdict		0.5	4.7	5.5
マッシュ	0	mash	no	jmdict		0.5	4.7	3.2
マッシュ	1	mushroom cut;bowl cut	no	jmdict		0.5	4.7	3.2
アームズ	0		no	none		2.7	2.4	13.7
エキストラネット	0	extra network	no	parts:エキストラ+ネット		2.7	2.4	0.1
ラップアラウンド	0	wrap-around	no	jmdict		2.7	2.4	0.1
エイプリルフール	0	april fools' day	no	jmdict		1.1	4.0	2.2
エイプリルフール	1	april fool	no	jmdict		1.1	4.0	2.2
レン	0		no	none		1.1	4.0	8.3
トレーサビリティ	0	traceability	no	jmdict		1.8	3.3	0.5
カルチュラル	0		no	none		0.2	4.9	9.8
キティ	0		no	none		0.2	4.9	10.9
バンクーバー	0	vancouver	no	jmdict		0.2	4.9	12.8
フィーダー	0	feeder	no	jmdict		0.2	4.9	1.3
メールマガジン	0	email newsletter;email magazine;e-zine;e-mag	no	jmdict		0.2	4.9	2.4
リチウム	0	lithium	no	jmdict		0.2	4.9	6.0
ワイパー	0	windshield wiper;windscreen wiper	no	jmdict		0.2	4.9	2.0
クリティカルパス	0	critical path	no	jmdict		2.5	2.6	0.1
ポップアップメニュー	0	pop-up menu	yes	jmdict		2.5	2.6	0.0
ニュータイプ	0	new type	no	jmdict		4.8	0.3	6.6
バ	0	bar;tavern;barroom;pub	no	jmdict		4.8	0.3	2.8
バ	1	bar	no	jmdict		4.8	0.3	2.8
バ	2	bar;crossbar;barre	no	jmdict		4.8	0.3	2.8
デジタイザー	0	digitizer	yes	jmdict		3.2	1.9	0.1
アトキンソン	0		no	none		0.0	5.1	2.5
アレキサンダー	0		no	none		0.0	5.1	23.6
ウェーバー	0	waiver	no	jmdict		0.0	5.1	11.4
ウェーバー	1	weber	no	jmdict		0.0	5.1	11.4
エム	0	metre;meter	no	jmdict		0.0	5.1	5.0
エム	1	masochist;masochistic	no	jmdict		0.0	5.1	5.0
エム	2	male;man	no	jmdict		0.0	5.1	5.0
エム	3	medium	no	jmdict		0.0	5.1	5.0
エム	4	one thousand	no	jmdict		0.0	5.1	5.0
エム	5	magnitude	no	jmdict		0.0	5.1	5.0
エム	6	mass	no	jmdict		0.0	5.1	5.0
エム	7	mach	no	jmdict		0.0	5.1	5.0
エム	8	magenta	no	jmdict		0.0	5.1	5.0
エム	9	money	no	jmdict		0.0	5.1	5.0
カップリング	0	coupling	no	jmdict		0.0	5.1	31.3
カップリング	1	shipping;pairing of characters in a romantic relationship	no	jmdict		0.0	5.1	31.3
カプラン	0		no	none		0.0	5.1	2.5
セガサターン	0	sega saturn	no	jmdict		0.0	5.1	4.5
テクノロジカル	0	techno logical	no	parts:テクノ+ロジカル		0.0	5.1	0.9
ニュースペーパー	0	newspaper	no	jmdict		0.0	5.1	10.6
バレット	0	barrette;hair clasp;hair slide	no	jmdict		0.0	5.1	8.6
バレット	1	balletto	no	jmdict		0.0	5.1	8.6
バレット	2	barret	no	jmdict		0.0	5.1	8.6
ビタービ	0		no	none		0.0	5.1	0.2
フロイド	0		no	none		0.0	5.1	5.6
ボルフガング	0		no	none		0.0	5.1	10.7
マークシート	0	computer-scored answer sheet;optical answer sheet;scantron;bubble sheet	no	jmdict		0.0	5.1	0.7
ミニマックス	0	minimax	no	jmdict		0.0	5.1	0.2
メタファイル	0	metafile	yes	jmdict		0.0	5.1	0.1
メン	0	men;man	no	jmdict		0.0	5.1	33.0
メン	1	member	no	jmdict		0.0	5.1	33.0
リバモア	0		no	none		0.0	5.1	0.4
ロブ	0	lob	no	jmdict		0.0	5.1	8.7
アンダーグラウンド	0	underground;unconventional;alternative;experimental;radical	no	jmdict		0.7	4.4	8.9
アンダーグラウンド	1	underground;unofficial;illegal;black;shady;of unknown origin	no	jmdict		0.7	4.4	8.9
ページャー	0	pager	no	jmdict		0.7	4.4	0.4
コンダクト	0	conduct	no	jmdict		3.0	2.1	1.1
エイリアシング	0	aliasing	yes	jmdict		1.4	3.7	0.1
ブレース	0	brace	no	jmdict		1.4	3.7	1.2
リッチインターネットアプリケーション	0	rich internet application	no	parts:リッチ+インターネット+アプリケーション		1.4	3.7	0.1
バリアンス	0		no	none		3.7	1.4	0.4
スイッチャー	0	switcher	yes	jmdict		2.1	3.0	0.8
クーポン	0	coupon;voucher	no	jmdict	fre	0.5	4.6	2.3
ベーコン	0	bacon	no	jmdict		0.5	4.6	6.4
ペリー	0	perry	no	jmdict		0.5	4.6	15.2
ペリー	1	peri;perri	no	jmdict		0.5	4.6	15.2
ペリー	2	pelly	no	jmdict		0.5	4.6	15.2
ペリー	3	peli;pelli	no	jmdict		0.5	4.6	15.2
スパイク	0	spike;stud;cleat	no	jmdict		2.7	2.3	11.7
スパイク	1	spiked shoes;spikes;cleats;boots	no	jmdict		2.7	2.3	11.7
スパイク	2	injuring with the spikes on one's shoes;spiking	no	jmdict		2.7	2.3	11.7
スパイク	3	spike	no	jmdict		2.7	2.3	11.7
デタッチド	0		no	none		5.0	0.0	0.0
パスオブジェクト	0	passing object	no	parts:パス+オブジェクト		5.0	0.0	0.0
リモートピア	0	remote peer	no	parts:リモート+ピア		5.0	0.0	0.0
インタレスティング	0	interesting	no	jmdict		1.1	3.9	0.9
ウラジーミル	0		no	none		1.1	3.9	16.6
メールアカウント	0	email account	no	jmdict		1.1	3.9	0.1
ラバー	0	lover	no	jmdict		1.1	3.9	14.1
ラバー	1	rubber	no	jmdict		1.1	3.9	14.1
ロ	0	russia	no	jmdict		4.1	0.9	12.4
ロ	1	ii	no	jmdict		4.1	0.9	12.4
トニー	0		no	none		0.2	4.8	29.6
パール	0	pearl	no	jmdict		0.2	4.8	16.1
パール	1	perl	yes	jmdict		0.2	4.8	16.1
パール	2	purl	no	jmdict		0.2	4.8	16.1
フォグ	0	fog	no	jmdict		0.2	4.8	1.5
フォグ	1	fog lamp	no	jmdict		0.2	4.8	1.5
ベネズエラ	0	venezuela	no	jmdict		0.2	4.8	16.7
デッドキー	0	dead key	no	parts:デッド+キー		2.5	2.5	0.0
マルチチャネル	0		no	none		0.9	4.1	0.2
プロファイラー	0	profiler	no	jmdict		3.2	1.8	0.4
クォーラム	0		no	none		3.9	1.1	0.0
アナリティカル	0		no	none		0.0	5.0	1.3
アルゴンヌ	0		no	none		0.0	5.0	0.5
アントニオ	0		no	none		0.0	5.0	28.6
キングストン	0	kingston	no	jmdict		0.0	5.0	4.5
コンティニュイティ	0	continuity	no	jmdict		0.0	5.0	0.8
サンタクルーズ	0		no	none		0.0	5.0	2.0
サンディエゴ	0	san diego	no	jmdict		0.0	5.0	12.1
チープ	0	cheap	no	jmdict		0.0	5.0	2.1
デモシーン	0	demonstration scene	no	parts:デモ+シーン		0.0	5.0	0.3
ナット	0	nut	no	jmdict		0.0	5.0	5.7
ナット	1	nat;natural unit of information	no	jmdict		0.0	5.0	5.7
ナット	2	network address translation;network address translator;nat	yes	jmdict		0.0	5.0	5.7
ノイス	0		no	none		0.0	5.0	0.7
ハンブルク	0		no	none		0.0	5.0	13.2
パテ	0	putty;filler	no	jmdict		0.0	5.0	1.3
パテ	1	patty	no	jmdict		0.0	5.0	1.3
パーカー	0	hooded sweatshirt;hoodie;hoody	no	jmdict		0.0	5.0	14.7
パーカー	1	hooded jacket;parka;anorak	no	jmdict		0.0	5.0	14.7
ペガサス	0	pegasus	no	jmdict	gre	0.0	5.0	7.5
マイクロン	0	micron	yes	jmdict		0.0	5.0	1.3
マリ	0	mali	no	jmdict		0.0	5.0	18.6
ミルナー	0	salsola komarovii	no	jmdict		0.0	5.0	1.3
チルダ	0	tilde	no	jmdict		2.3	2.7	0.6
ガベージコレクター	0	garbage collector	yes	jmdict		4.6	0.4	0.0
サブパターン	0	sub-pattern	no	jmdict		4.6	0.4	0.0
エンターキー	0	enter key	yes	jmdict		0.7	4.3	0.1
スキー	0	skiing	no	jmdict		0.7	4.3	42.1
スキー	1	ski;skis	no	jmdict		0.7	4.3	42.1
トランク	0	suitcase;trunk	no	jmdict		0.7	4.3	4.4
トランク	1	trunk;boot	no	jmdict		0.7	4.3	4.4
トランク	2	line	no	jmdict		0.7	4.3	4.4
ビヘービアル	0		no	none		0.7	4.3	1.8
ミヒエル	0		no	none		0.7	4.3	6.9
コミュニケート	0	communicate	no	jmdict		1.4	3.6	0.3
ゼロトラスト	0		no	none		1.4	3.6	0.1
ボーティング	0		no	none		1.4	3.6	2.3
エキサイティング	0	exciting	no	jmdict		2.1	2.9	3.2
ギター	0	guitar	no	jmdict		0.5	4.5	136.7
トゥ	0	toe	no	jmdict		0.5	4.5	19.7
ブロンズ	0	bronze	no	jmdict		0.5	4.5	7.7
プレゼン	0	presentation	no	jmdict		0.5	4.5	5.1
ナレッジマネジメント	0	knowledge management	yes	jmdict		1.1	3.8	0.2
ファイルパーミッション	0	file permission	yes	jmdict		1.1	3.8	0.1
ライトバック	0	write-back	yes	jmdict		1.1	3.8	0.2
ライトバック	1	right back	no	jmdict		1.1	3.8	0.2
アパート	0	apartment building;apartment block;apartment house	no	jmdict		1.8	3.1	23.7
アパート	1	apartment	no	jmdict		1.8	3.1	23.7
サブトラクト	0		no	none		1.8	3.1	0.1
ロケーションバー	0	location bar	no	parts:ロケーション+バー		4.1	0.8	0.0
グレッグ	0		no	none		0.2	4.7	9.7
コンヘスチオン	0		no	none		0.2	4.7	0.3
ストライク	0	strike	no	jmdict		0.2	4.7	17.1
ハリソン	0		no	none		0.2	4.7	17.3
マスメディア	0	mass media	no	jmdict		0.2	4.7	7.7
ユニバーサルデザイン	0	universal design	no	jmdict		2.5	2.4	1.4
リターンキー	0	return key	yes	jmdict		2.5	2.4	0.0
サービ	0		no	none		4.8	0.1	0.0
サウンドトラック	0	soundtrack	no	jmdict		0.9	4.0	41.0
スクレイピング	0	scraping	yes	jmdict		0.9	4.0	0.1
アグリ	0		no	none		3.2	1.7	3.0
ディスクリミネーター	0		no	none		3.9	1.0	0.0
アーカイブス	0	archives	no	jmdict		0.0	4.9	18.5
エイジ	0	age;period;era	no	jmdict		0.0	4.9	14.7
エルピーダ	0		no	none		0.0	4.9	0.4
カルテ	0	patient's chart;clinical records	no	jmdict	ger	0.0	4.9	7.2
カルテ	1	record	no	jmdict	ger	0.0	4.9	7.2
ガール	0	girl	no	jmdict		0.0	4.9	93.8
グリース	0	grease	no	jmdict		0.0	4.9	3.3
ケイデンス	0	cadence;pedalling rate	no	jmdict		0.0	4.9	0.8
ケイデンス	1	cadence;stride length;steps per minute	no	jmdict		0.0	4.9	0.8
コンビナトリアル	0		no	none		0.0	4.9	0.6
コープ	0	co-op;co-operative	no	jmdict		0.0	4.9	9.5
サクセッサー	0		no	none		0.0	4.9	0.6
ジャカード	0	jacquard	no	jmdict		0.0	4.9	0.3
ソーラー	0	solar	no	jmdict		0.0	4.9	11.2
タックス	0	tax	no	jmdict		0.0	4.9	4.5
ダビング	0	dubbing;mixing;re-recording	no	jmdict		0.0	4.9	3.1
ダビング	1	copying;dubbing	no	jmdict		0.0	4.9	3.1
ナイフ	0	knife	no	jmdict		0.0	4.9	20.1
ハワイ	0	hawaii;hawai'i	no	jmdict		0.0	4.9	41.5
ブリタニカ	0		no	none		0.0	4.9	11.7
モーフ	0		no	none		0.0	4.9	1.1
リバティー	0	liberty	no	jmdict		0.0	4.9	12.3
ロジクール	0		no	none		0.0	4.9	0.2
ローカルバス	0	local bus	yes	jmdict		0.0	4.9	0.2
デストラクト	0		no	none		4.6	0.3	0.0
メンタルモデル	0	mental model	no	jmdict		4.6	0.3	0.3
アフィン	0	affine	no	jmdict		0.7	4.2	1.8
フリン	0		no	none		0.7	4.2	3.7
アルバイト	0	part-time job;side job	no	jmdict		1.4	3.5	24.8
アルバイト	1	part-time worker	no	jmdict		1.4	3.5	24.8
アルバイト	2	albite	no	jmdict		1.4	3.5	24.8
カジュアル	0	casual;informal	no	jmdict		1.4	3.5	4.4
ドリブン	0		no	none		1.4	3.5	0.3
ヘッズ	0		no	none		2.1	2.8	4.7
ミップマップ	0		no	none		2.1	2.8	0.0
コンファメーション	0		no	none		4.4	0.5	0.7
セピア	0	sepia	no	jmdict		4.4	0.5	1.9
ハ	0	iii	no	jmdict		4.4	0.5	29.2
アルミ	0	aluminum;aluminium	no	jmdict		0.5	4.4	11.6
エンフォースメント	0	enforcement	no	jmdict		0.5	4.4	1.1
ソラナ	0		no	none		0.5	4.4	0.3
ダフ	0	duff;sclaff;hitting the ground behind the ball during a stroke	no	jmdict		0.5	4.4	2.0
ダフ	1	duff	no	jmdict		0.5	4.4	2.0
トランスフォーマー	0	transformer	yes	jmdict		0.5	4.4	10.8
トランスフォーマー	1	transformers	no	jmdict		0.5	4.4	10.8
バイク	0	motorcycle;motorbike;bike	no	jmdict		0.5	4.4	35.5
バイク	1	bicycle	no	jmdict		0.5	4.4	35.5
インターネットバンキング	0	internet banking	yes	jmdict		2.7	2.1	0.5
インバウンド	0	inbound	no	jmdict		3.4	1.4	1.6
インバウンド	1	inbound tourism	no	jmdict		3.4	1.4	1.6
リバーブ	0	reverberation;reverb	no	jmdict		1.8	3.0	0.5
アン	0		no	none		0.2	4.6	46.3
アーミル	0		no	none		0.2	4.6	1.2
エクスポネンシャル	0		no	none		0.2	4.6	0.4
エバンジェリスト	0	evangelist	no	jmdict		0.2	4.6	0.4
カデット	0		no	none		0.2	4.6	2.6
カレン	0		no	none		0.2	4.6	20.0
キュレーション	0	curation	no	jmdict		0.2	4.6	1.2
テッド	0		no	none		0.2	4.6	8.6
ディック	0		no	none		0.2	4.6	13.6
バージニア	0	virginia	no	jmdict		0.2	4.6	16.6
ワークアラウンド	0	workaround	yes	jmdict		2.5	2.3	0.0
キージェネレーター	0	key generator	no	parts:キー+ジェネレーター		4.8	0.0	0.0
キーフレームセレクター	0	key frame selector	no	parts:キーフレーム+セレクター		4.8	0.0	0.0
ツリーシェイク	0	tree shaking	no	parts:ツリー+シェイク		4.8	0.0	0.0
バックスキャッタ	0		no	none		4.8	0.0	0.0
ライフサイクルコールバック	0	life cycle call back	no	parts:ライフサイクル+コール+バック		4.8	0.0	0.0
アシステッド	0		no	none		0.9	3.9	1.3
エアギャップ	0		no	none		0.9	3.9	0.1
カラオケ	0	karaoke	no	jmdict		0.9	3.9	35.4
キーピング	0		no	none		0.9	3.9	1.5
マイル	0	mile	no	jmdict		1.6	3.2	53.1
レイチェル	0		no	none		1.6	3.2	11.2
アレクサ	0	alexa;aleksa	no	jmdict		0.0	4.8	0.9
アレクサ	1	alexa	no	jmdict		0.0	4.8	0.9
アンドリーセン	0		no	none		0.0	4.8	0.3
ウルリヒ	0		no	none		0.0	4.8	6.5
エクスプロレーション	0		no	none		0.0	4.8	3.2
エシックス	0	ethics	no	jmdict		0.0	4.8	3.1
オタワ	0	ottawa	no	jmdict		0.0	4.8	4.7
クーロン	0	coulomb	no	jmdict	fre	0.0	4.8	1.6
クーロン	1	cron	yes	jmdict	fre	0.0	4.8	1.6
ケミストリー	0	chemistry	no	jmdict		0.0	4.8	18.8
コグニティブ	0		no	none		0.0	4.8	0.1
コンボ	0	combo	no	jmdict		0.0	4.8	7.3
コンボ	1	combination;set;assortment	no	jmdict		0.0	4.8	7.3
サロン	0	salon;saloon;reception room	no	jmdict	fre,ind,may	0.0	4.8	26.4
サロン	1	sarong	no	jmdict	fre,ind,may	0.0	4.8	26.4
サロン	2	saron	no	jmdict	fre,ind,may	0.0	4.8	26.4
シャトルワース	0		no	none		0.0	4.8	0.2
シャー	0	whoosh	no	jmdict		0.0	4.8	23.6
シャー	1	hiss	no	jmdict		0.0	4.8	23.6
シャー	2	sizzle	no	jmdict		0.0	4.8	23.6
シャー	3	shah	no	jmdict		0.0	4.8	23.6
シャー	4	west wind tile	no	jmdict		0.0	4.8	23.6
シャー	5	winning hand with a pung of west wind tiles	no	jmdict		0.0	4.8	23.6
シャー	6	shire	no	jmdict		0.0	4.8	23.6
ジャズ	0	jazz	no	jmdict		0.0	4.8	61.4
スコットランド	0	scotland	no	jmdict		0.0	4.8	52.2
セブン	0	seven	no	jmdict		0.0	4.8	34.7
タイメックス	0	timex corporation	no	jmdict		0.0	4.8	0.1
トランジット	0	transit	no	jmdict		0.0	4.8	12.1
ノースコリア	0	north korea	no	parts:ノース+コリア		0.0	4.8	2.2
ハーバート	0		no	none		0.0	4.8	7.2
バックス	0	back;the backs	no	jmdict		0.0	4.8	10.9
バックス	1	vax;obsolete instruction set architecture	yes	jmdict		0.0	4.8	10.9
バルマー	0		no	none		0.0	4.8	0.6
ピナクル	0	pinnacle	no	jmdict		0.0	4.8	0.5
フェアチャイルドセミコンダクター	0	fair child semiconductor	no	parts:フェア+チャイルド+セミコンダクター		0.0	4.8	0.2
ブリュースター	0		no	none		0.0	4.8	1.1
プレアデス	0	pleiades	no	jmdict		0.0	4.8	1.5
プレアデス	1	pleiades;the seven sisters	no	jmdict		0.0	4.8	1.5
ヘラルド	0	herald	no	jmdict		0.0	4.8	14.9
ムッター	0		no	none		0.0	4.8	0.3
メソン	0	meson	no	jmdict		0.0	4.8	0.2
メタリック	0	metallic	no	jmdict		0.0	4.8	7.7
モンゴメリー	0		no	none		0.0	4.8	6.9
ライアム	0		no	none		0.0	4.8	1.7
ワイモバイル	0		no	none		0.0	4.8	1.1
ロジテック	0		no	none		2.3	2.5	0.2
アキュラシー	0	accuracy	no	jmdict		0.7	4.1	0.8
シンプリー	0		no	none		0.7	4.1	1.2
スパマー	0	spammer	no	jmdict		0.7	4.1	0.1
ティッカー	0	ticker	yes	jmdict		0.7	4.1	1.0
メス	0	scalpel;surgical knife	no	jmdict		0.7	4.1	19.3
メス	1	female	no	jmdict		0.7	4.1	19.3
レリック	0	relic	no	jmdict		0.7	4.1	1.3
レリック	1	relict	no	jmdict		0.7	4.1	1.3
エンキャプシュレーション	0	encapsulation	yes	jmdict		1.4	3.4	0.1
リメンバー	0		no	none		1.4	3.4	6.4
シャツ	0	shirt;undershirt;singlet	no	jmdict		3.7	1.1	10.7
シャツ	1	shirt	no	jmdict		3.7	1.1	10.7
コンバインド	0		no	none		0.5	4.3	3.3
スマホアプリ	0	smartphone app	no	jmdict		0.5	4.3	1.2
ヘイ	0	hey	no	jmdict		0.5	4.3	19.2
オーバーホール	0	overhaul	no	jmdict		2.7	2.0	3.2
サブピクセル	0	subpixel	yes	jmdict		2.7	2.0	0.0
インメモリ	0	in memory	no	parts:イン+メモリ		1.8	2.9	0.0
コンウェイ	0		no	none		0.2	4.5	2.4
テリー	0		no	none		0.2	4.5	15.5
ニュースリーダー	0	newsreader	yes	jmdict		0.2	4.5	0.9
カラーコード	0	color code	yes	jmdict		2.5	2.2	0.3
チームワーク	0	teamwork	no	jmdict		2.5	2.2	1.6
クルー	0	crew	no	jmdict		0.9	3.8	23.0
ピンイン	0	pinyin	no	jmdict	chi	1.6	3.1	6.5
アルテラ	0		no	none		0.0	4.7	0.2
オッター	0		no	none		0.0	4.7	1.0
ギルモア	0		no	none		0.0	4.7	3.2
コック	0	cook;chef	no	jmdict		0.0	4.7	7.1
コック	1	cock;tap;spigot;faucet	no	jmdict		0.0	4.7	7.1
コック	2	cock	no	jmdict		0.0	4.7	7.1
ジャンパー	0	jacket;blouson;windbreaker;jumper	no	jmdict		0.0	4.7	3.9
ジャンパー	1	ski jumper;jumping event athlete	no	jmdict		0.0	4.7	3.9
ジャンパー	2	jumper lead;jumper wire	no	jmdict		0.0	4.7	3.9
ツイストペア	0	twisted pair	yes	jmdict		0.0	4.7	0.1
トランスミッター	0	transmitter	no	jmdict		0.0	4.7	0.5
ニム	0		no	none		0.0	4.7	0.4
ニューロ	0		no	none		0.0	4.7	1.9
ハーマン	0		no	none		0.0	4.7	4.6
バイスプレジデント	0	vice-president	no	jmdict		0.0	4.7	1.2
パーテック	0		no	none		0.0	4.7	0.1
ファウラー	0		no	none		0.0	4.7	1.5
フェランティ	0		no	none		0.0	4.7	0.2
フォーリー	0	foley	no	jmdict		0.0	4.7	2.2
ベック	0		no	none		0.0	4.7	8.2
マクミラン	0		no	none		0.0	4.7	9.3
マンマシン	0		no	none		0.0	4.7	0.2
メガピクセル	0	mega pixel	no	parts:メガ+ピクセル		0.0	4.7	0.3
メモリアル	0	memorial;testimonial;commemorative	no	jmdict		0.0	4.7	25.7
リパブリック	0	republic	no	jmdict		0.0	4.7	17.7
レバー	0	liver	no	jmdict		0.0	4.7	12.5
レバー	1	lever	no	jmdict		0.0	4.7	12.5
レバー	2	joystick	no	jmdict		0.0	4.7	12.5
ワークシート	0	worksheet	yes	jmdict		0.0	4.7	0.1
デカルト	0		no	none		2.3	2.4	3.0
オートラン	0	auto run	no	parts:オート+ラン		4.6	0.1	0.0
スモールキャップ	0	small cap	no	parts:スモール+キャップ		4.6	0.1	0.0
レスポンシブデザインモード	0	responsive design mode	no	parts:レスポンシブ+デザイン+モード		4.6	0.1	0.0
アジアン	0	asian	no	jmdict		0.7	4.0	21.1
アローン	0	alone;single	no	jmdict		0.7	4.0	9.1
ブリック	0		no	none		0.7	4.0	3.1
ヘルツ	0	hertz;hz	no	jmdict		2.1	2.6	2.8
ヘルツ	1	heart	no	jmdict		2.1	2.6	2.8
グラファイト	0	graphite	no	jmdict		0.5	4.2	1.5
スケープゴート	0	scapegoat	no	jmdict		0.5	4.2	0.8
スクリーンキャプチャー	0	screen capture;screenshot;screengrab	yes	jmdict		2.7	1.9	0.0
イクイバレント	0		no	none		1.1	3.5	0.7
タスクスケジューラ	0	task scheduler	no	parts:タスク+スケジューラ		1.1	3.5	0.0
ニアレスト	0		no	none		1.1	3.5	0.4
ムーブメント	0	movement	no	jmdict		1.1	3.5	5.3
インバリアント	0	in variant	no	parts:イン+バリアント		1.8	2.8	0.4
キーペア	0	key pair	no	parts:キー+ペア		4.1	0.5	0.0
クライシス	0	crisis	no	jmdict		0.2	4.4	12.7
コング	0		no	none		0.2	4.4	17.0
ストロヴストルップ	0		no	none		0.2	4.4	0.1
スポンサード	0		no	none		0.2	4.4	2.3
ツイスタ	0	twister	no	jmdict		0.2	4.4	0.1
フルキーボード	0	full keyboard	no	parts:フル+キーボード		0.2	4.4	0.1
ポーカー	0	poker	no	jmdict		0.2	4.4	4.7
ピザ	0	pizza	no	jmdict	ita	0.9	3.7	8.0
レギュレーター	0	regulator	no	jmdict		0.9	3.7	1.3
エクスポータ	0		no	none		3.2	1.4	0.0
スマッシング	0	smashing	no	jmdict		1.6	3.0	0.8
アイオメガ	0		no	none		0.0	4.6	0.1
アイバーソン	0		no	none		0.0	4.6	0.7
エイサー	0	eisa	no	jmdict		0.0	4.6	1.1
エイサー	1	acer	no	jmdict		0.0	4.6	1.1
オニックス	0	onyx	no	jmdict		0.0	4.6	0.4
グレアム	0		no	none		0.0	4.6	5.0
コオペレーション	0		no	none		0.0	4.6	2.2
コックス	0	cox;coxswain	no	jmdict		0.0	4.6	4.8
コルセア	0		no	none		0.0	4.6	1.0
サラ	0	salary	no	jmdict		0.0	4.6	23.9
サラ	1	salaryman	no	jmdict		0.0	4.6	23.9
サリックス	0		no	none		0.0	4.6	0.4
システムインテグレーション	0	system integration;si	yes	jmdict		0.0	4.6	0.4
ジェット	0	jet	no	jmdict		0.0	4.6	27.8
スカルプト	0		no	none		0.0	4.6	0.1
スラスト	0	thrust	no	jmdict		0.0	4.6	1.3
セップ	0		no	none		0.0	4.6	0.7
トレオ	0		no	none		0.0	4.6	0.2
ニコン	0	nikon	no	jmdict		0.0	4.6	4.6
ハーブ	0	herb	no	jmdict		0.0	4.6	8.2
パソピア	0		no	none		0.0	4.6	0.1
パロディー	0	parody	no	jmdict		0.0	4.6	20.9
ピンコネクタ	0	pin connector	yes	jmdict		0.0	4.6	0.1
フォーティーンス	0		no	none		0.0	4.6	4.3
フラー	0	hurrah	no	jmdict		0.0	4.6	5.1
フリッツ	0		no	none		0.0	4.6	9.3
マイクロフォン	0	microphone	no	jmdict		0.0	4.6	0.9
リプリケーター	0		no	none		0.0	4.6	0.1
ワーグナー	0		no	none		0.0	4.6	14.1
イテレータオブジェクト	0	iterator object	no	parts:イテレータ+オブジェクト		4.6	0.0	0.0
クライアントエラーレスポンスステータスコード	0	client error response status code	no	parts:クライアント+エラー+レスポンス+ステータス+コード		4.6	0.0	0.0
クロスサイトリクエストフォージェリー	0	cross site request four jello	no	parts:クロス+サイト+リクエスト+フォー+ジェリー		4.6	0.0	0.0
グローバルスタイル	0	global figure	no	parts:グローバル+スタイル		4.6	0.0	0.0
サービスマネジ	0		no	none		4.6	0.0	0.0
ホイスティング	0		no	none		4.6	0.0	0.0
エリキシル	0	elixir	no	jmdict		0.7	3.9	0.2
コンビネータ	0	combinator	no	jmdict		0.7	3.9	0.1
ノーコード	0	no code;do not resuscitate;dnr	no	jmdict		1.4	3.2	0.1
ノーコード	1	no code	yes	jmdict		1.4	3.2	0.1
ウォームアップ	0	warm-up	no	jmdict		3.7	0.9	0.5
エヌ	0		no	none		0.5	4.1	4.5
ゲオルグ	0		no	none		2.7	1.8	5.9
フィー	0	phi	no	jmdict		1.1	3.4	3.1
フィー	1	fee	no	jmdict		1.1	3.4	3.1
ペット	0	pet	no	jmdict		1.1	3.4	29.4
ペット	1	trumpet	no	jmdict		1.1	3.4	29.4
ペット	2	polyethylene terephthalate;pet	no	jmdict		1.1	3.4	29.4
ペット	3	positron emission tomography;pet	no	jmdict		1.1	3.4	29.4
スロットル	0	throttle	no	jmdict		4.1	0.4	2.3
エニータイム	0		no	none		0.2	4.3	0.7
コーティング	0	coating	no	jmdict		0.2	4.3	4.5
パーマー	0	perm;permanent wave	no	jmdict		0.2	4.3	9.3
プロバビリティー	0	probability	no	jmdict		0.2	4.3	1.3
ベラルーシ	0	belarus	no	jmdict		0.2	4.3	12.6
マウスパッド	0	mouse pad;mouse mat	yes	jmdict		0.2	4.3	0.4
リビール	0		no	none		0.2	4.3	2.2
セッションキー	0	session key	no	parts:セッション+キー		2.5	2.0	0.0
フラワー	0	flower	no	jmdict		0.9	3.6	27.8
ホスピタリティー	0	hospitality	no	jmdict		3.2	1.3	2.2
フラストレーション	0	frustration	no	jmdict		1.6	2.9	0.9
アダマール	0		no	none		0.0	4.5	0.3
アダム	0		no	none		0.0	4.5	19.9
エンパイア	0	empire	no	jmdict		0.0	4.5	15.6
カニンガム	0		no	none		0.0	4.5	2.6
ギャグ	0	joke;gag	no	jmdict		0.0	4.5	19.9
コエ	0	scary	no	jmdict		0.0	4.5	0.3
サーティーンス	0	thirteenth	no	jmdict		0.0	4.5	4.7
ジオメトリシェーダー	0		no	none		0.0	4.5	0.1
ステーク	0		no	none		0.0	4.5	0.2
スマートフォンアプリ	0	smartphone app	no	parts:スマートフォン+アプリ		0.0	4.5	1.7
チューリッヒ	0	zurich	no	jmdict		0.0	4.5	8.0
テラ	0		no	none		0.0	4.5	3.4
バートレット	0	bartlett	no	jmdict		0.0	4.5	2.5
ビーチ	0	beach	no	jmdict		0.0	4.5	37.0
ミトニック	0		no	none		0.0	4.5	0.1
ミューラー	0		no	none		0.0	4.5	8.2
ライス	0	rice	no	jmdict		0.0	4.5	9.9
リッパー	0	seam ripper	no	jmdict		0.0	4.5	2.4
リッパー	1	ripper	no	jmdict		0.0	4.5	2.4
リッパー	2	rip saw;straight-line rip saw	no	jmdict		0.0	4.5	2.4
ルイ	0		no	none		0.0	4.5	42.6
アカデミア	0	academia	no	jmdict		2.3	2.2	10.8
エグザクト	0		no	none		0.7	3.8	0.7
スペリング	0	spelling	no	jmdict		1.4	3.1	1.3
ベンチマークテスト	0	benchmark test	yes	jmdict		1.4	3.1	0.1
ディファー	0		no	none		3.7	0.8	1.6
オートスケール	0	auto scale	no	parts:オート+スケール		4.4	0.1	0.0
ディセンダー	0	descender	yes	jmdict		4.4	0.1	0.1
バックオフ	0	back off	no	parts:バック+オフ		4.4	0.1	0.0
パグ	0	pug	no	jmdict		4.4	0.1	0.8
フォニー	0	phony	no	jmdict		4.4	0.1	0.4
ゲートキーパー	0	gatekeeper;person who prevents others from committing suicide	no	jmdict		0.5	4.0	0.5
ゲートキーパー	1	gatekeeper	no	jmdict		0.5	4.0	0.5
スライディング	0	sliding	no	jmdict		0.5	4.0	2.0
ボート	0	boat	no	jmdict		0.5	4.0	26.0
ボート	1	rowboat;rowing boat	no	jmdict		0.5	4.0	26.0
マナー	0	manners;etiquette;polite behaviour	no	jmdict		0.5	4.0	8.8
ママ	0	mom;mommy;mum;mummy;mother;mama;mamma	no	jmdict		0.5	4.0	38.8
ママ	1	female proprietress	no	jmdict		0.5	4.0	38.8
ママ	2	as;remaining;keeping;leaving	no	jmdict		0.5	4.0	38.8
ママ	3	with;while;as	no	jmdict		0.5	4.0	38.8
ママ	4	as;according to	no	jmdict		0.5	4.0	38.8
ママ	5	sic	no	jmdict		0.5	4.0	38.8
ディスクリプタ	0	descriptor	no	jmdict		2.7	1.7	0.0
サプライズ	0	surprise	no	jmdict		1.1	3.3	16.8
アコーディオン	0	accordion	no	jmdict		4.1	0.3	4.1
コードパス	0	code passing	no	parts:コード+パス		4.1	0.3	0.0
インテグレーター	0	integrator	no	jmdict		0.2	4.2	0.2
ウォーナー	0		no	none		0.2	4.2	9.7
エイダ	0	ada	yes	jmdict		0.2	4.2	1.7
エストニア	0	estonia	no	jmdict		0.2	4.2	14.7
ディグリー	0	degree	no	jmdict		0.2	4.2	2.3
ビットアドレッシング	0	bit addressing	no	parts:ビット+アドレッシング		0.2	4.2	0.1
マン	0	man	no	jmdict		0.2	4.2	47.3
マン	1	counter for character tiles	no	jmdict		0.2	4.2	47.3
リダイレクション	0	redirection;redirect	yes	jmdict		2.5	1.9	0.0
ホットライン	0	hot line;hotline	no	jmdict		0.9	3.5	2.7
コアモジュール	0	core module	no	parts:コア+モジュール		3.2	1.2	0.2
オンザフライ	0	on-the-fly;on the fly	no	jmdict		1.6	2.8	0.0
アメンドメント	0	amendment	no	jmdict		0.0	4.4	1.3
アーバナ	0		no	none		0.0	4.4	1.2
イニシエーション	0	initiation	no	jmdict		0.0	4.4	1.4
イリノイ	0	illinois	no	jmdict		0.0	4.4	7.1
インダイレクト	0	indirect	no	jmdict		0.0	4.4	0.5
オーバーチュア	0	overture	no	jmdict		0.0	4.4	3.3
キャッチコピー	0	slogan;catchphrase;tagline	no	jmdict		0.0	4.4	18.3
グラフィティー	0	graffiti	no	jmdict		0.0	4.4	11.2
グーテンベルク	0		no	none		0.0	4.4	4.7
コット	0		no	none		0.0	4.4	3.7
コンペティター	0	competitor	no	jmdict		0.0	4.4	0.3
シトリックス	0		no	none		0.0	4.4	0.1
ジオタグ	0		no	none		0.0	4.4	0.1
スピリット	0	spirit	no	jmdict		0.0	4.4	14.4
スペリー	0		no	none		0.0	4.4	0.5
ソースプログラム	0	source program;source code	yes	jmdict		0.0	4.4	0.1
タグシステム	0	tag system	no	parts:タグ+システム		0.0	4.4	0.1
ツールズ	0		no	none		0.0	4.4	0.1
トリップアドバイザー	0	trip adviser	no	parts:トリップ+アドバイザー		0.0	4.4	0.4
ナムコ	0	namco	no	jmdict		0.0	4.4	12.8
ニブル	0	nibble;nybble;nyble;half-byte;tetrade	yes	jmdict		0.0	4.4	0.2
ビン	0	bottle;jar;decanter;flagon;phial;vial	no	jmdict		0.0	4.4	7.4
ブラボー	0	bravo	no	jmdict	ita	0.0	4.4	6.0
ブリックリン	0		no	none		0.0	4.4	0.1
プレスパー	0		no	none		0.0	4.4	0.1
ポリティカル	0	political	no	jmdict		0.0	4.4	15.0
マイ	0	my;one's own;personal;privately owned	no	jmdict		0.0	4.4	26.7
メーソン	0		no	none		0.0	4.4	4.0
モール	0	mall;shopping centre	no	jmdict		0.0	4.4	22.4
モール	1	mall	no	jmdict		0.0	4.4	22.4
モール	2	lace;lacing braid	no	jmdict		0.0	4.4	22.4
モール	3	chenille yarn	no	jmdict		0.0	4.4	22.4
モール	4	tinsel	no	jmdict		0.0	4.4	22.4
モール	5	pipe cleaner	no	jmdict		0.0	4.4	22.4
モール	6	moor	no	jmdict		0.0	4.4	22.4
モール	7	mold;mould	no	jmdict		0.0	4.4	22.4
モール	8	molding;moulding	no	jmdict		0.0	4.4	22.4
モール	9	cable cover	no	jmdict		0.0	4.4	22.4
モール	10	maul	no	jmdict		0.0	4.4	22.4
モール	11	mole	no	jmdict		0.0	4.4	22.4
ライトペン	0	light pen	no	jmdict		0.0	4.4	0.1
ラジチューブ	0		no	none		0.0	4.4	0.5
ディクショナリ	0	dictionary	no	jmdict		2.3	2.1	0.0
デフラグメンテーション	0	defragmentation	yes	jmdict		0.7	3.7	0.0
シュガー	0	sugar	no	jmdict		3.0	1.4	8.8
シュガー	1	schizophrenia	no	jmdict		3.0	1.4	8.8
イバー	0		no	none		1.4	3.0	1.1
コンサイス	0	concise	no	jmdict		1.4	3.0	4.1
トランスパイラ	0	transpiler	yes	jmdict		3.7	0.7	0.0
インポートパス	0	import passing	no	parts:インポート+パス		4.4	0.0	0.0
エラーパス	0	error passing	no	parts:エラー+パス		4.4	0.0	0.0
パケッ	0		no	none		4.4	0.0	0.0
パスコマンド	0	passing command	no	parts:パス+コマンド		4.4	0.0	0.0
ブサイト	0		no	none		4.4	0.0	0.0
アチーブメント	0	achievement	no	jmdict		0.5	3.9	3.1
アチーブメント	1	achievement test	no	jmdict		0.5	3.9	3.1
インテグレート	0	integrate	no	jmdict		0.5	3.9	0.3
クリムソン	0	crimson	no	jmdict		0.5	3.9	8.4
バディー	0	body	no	jmdict		0.5	3.9	13.7
バディー	1	body blow	no	jmdict		0.5	3.9	13.7
バディー	2	buddy;partner	no	jmdict		0.5	3.9	13.7
エルゴノミクス	0	ergonomics	no	jmdict		1.1	3.2	0.2
エルゴノミクス	1	ergonomic	no	jmdict		1.1	3.2	0.2
グリッチ	0	glitch	no	jmdict		1.1	3.2	0.3
グリッチ	1	glitching	no	jmdict		1.1	3.2	0.3
スターウォーズ	0	star wars	no	jmdict		1.1	3.2	14.3
ガーター	0	garter	no	jmdict		3.4	0.9	2.6
ガーター	1	gutter	no	jmdict		3.4	0.9	2.6
システムログ	0	system log	no	parts:システム+ログ		3.4	0.9	0.0
エンドツーエンドテスト	0	end-to-end test	no	parts:エンドツーエンド+テスト		4.1	0.2	0.0
アンドロイド	0	android	no	jmdict		0.2	4.1	6.0
イングランド	0	england	no	jmdict		0.2	4.1	83.4
エイリアン	0	alien	no	jmdict		0.2	4.1	15.2
ケルト	0	celt	no	jmdict		0.2	4.1	5.7
ディケード	0	decade	no	jmdict		0.2	4.1	8.3
ネルソン	0	nelson	no	jmdict		0.2	4.1	12.1
バイアブル	0		no	none		0.2	4.1	0.2
ピット	0	pit	no	jmdict		0.2	4.1	19.8
ピット	1	pit;pits	no	jmdict		0.2	4.1	19.8
フェイマス	0		no	none		0.2	4.1	4.6
パッティング	0	patting	no	jmdict		0.9	3.4	0.9
パッティング	1	putting	no	jmdict		0.9	3.4	0.9
オンオフ	0	on-off	no	jmdict		1.6	2.7	0.3
アメリオ	0		no	none		0.0	4.3	0.3
イゴール	0		no	none		0.0	4.3	4.2
エルミタージュ	0		no	none		0.0	4.3	2.6
カー	0	car	no	jmdict		0.0	4.3	19.6
クロノロジー	0	chronology	no	jmdict		0.0	4.3	3.6
ゲルベル	0		no	none		0.0	4.3	0.4
シャイニー	0		no	none		0.0	4.3	2.6
セレブラス	0		no	none		0.0	4.3	0.1
ソーシング	0	sourcing	no	jmdict		0.0	4.3	0.2
タビュレーティングマシン	0		no	none		0.0	4.3	0.1
タブロー	0	tableau	no	jmdict	fre	0.0	4.3	0.6
チーター	0	cheetah	no	jmdict		0.0	4.3	2.2
チーター	1	cheater	no	jmdict		0.0	4.3	2.2
トゥエルフス	0		no	none		0.0	4.3	4.9
トゥエンティー	0	twenty	no	jmdict		0.0	4.3	6.1
トレインド	0		no	none		0.0	4.3	0.4
ハリー	0	tension	no	jmdict		0.0	4.3	28.3
ハリー	1	resilience;springiness;firmness;tone;strength;richness	no	jmdict		0.0	4.3	28.3
ハリー	2	will power;spirit;pluck;pride;sense of purpose	no	jmdict		0.0	4.3	28.3
バーナム	0		no	none		0.0	4.3	2.0
ピアプロ	0	peer professional	no	parts:ピア+プロ		0.0	4.3	0.2
フォックス	0	fox;fox fur	no	jmdict		0.0	4.3	18.6
フォーカル	0		no	none		0.0	4.3	0.8
フォークロア	0	folklore	no	jmdict		0.0	4.3	2.3
フロスト	0	frost	no	jmdict		0.0	4.3	5.3
プロパガンダ	0	propaganda	no	jmdict		0.0	4.3	8.3
ポーコ	0	poco;a little;somewhat	no	jmdict	ita	0.0	4.3	1.0
リフト	0	chairlift;ski lift	no	jmdict		0.0	4.3	12.9
リフト	1	lift	no	jmdict		0.0	4.3	12.9
リンチ	0	beating;mob violence;mob justice	no	jmdict		0.0	4.3	10.4
ルネサスエレクトロニクス	0	renesas electronics	no	parts:ルネサス+エレクトロニクス		0.0	4.3	0.2
クレイジー	0	crazy	no	jmdict		0.7	3.6	22.6
スカウト	0	scout;recruiter;headhunter	no	jmdict		0.7	3.6	32.2
スカウト	1	scouting;headhunting	no	jmdict		0.7	3.6	32.2
スカウト	2	boy scouts;girl scouts	no	jmdict		0.7	3.6	32.2
ナレーター	0	narrator	no	jmdict		0.7	3.6	24.8
ラッキー	0	lucky	no	jmdict		0.7	3.6	18.1
クロマキー	0	chroma key	no	jmdict		2.1	2.2	0.5
リンギング	0	ringing	no	jmdict		2.1	2.2	0.5
イジェクト	0	eject	yes	jmdict		0.5	3.8	0.3
パキスタン	0	pakistan	no	jmdict		0.5	3.8	23.2
プレーバック	0	playback	no	jmdict		0.5	3.8	3.1
ホース	0	hose	no	jmdict		0.5	3.8	18.7
ホース	1	horse	no	jmdict		0.5	3.8	18.7
ノミナル	0	nominal	no	jmdict		2.7	1.5	0.4
フルネーム	0	full name	no	jmdict		2.7	1.5	5.4
ローカルディスク	0	local disk	yes	jmdict		2.7	1.5	0.0
エスタブリッシュメント	0	establishment	no	jmdict		1.1	3.1	1.7
エスタブリッシュメント	1	the establishment	no	jmdict		1.1	3.1	1.7
ジェール	0		no	none		1.1	3.1	1.3
リサーチャー	0	researcher	no	jmdict		1.1	3.1	1.2
エラーログ	0	error log	yes	jmdict		3.4	0.8	0.0
ソ	0	so;soh	no	jmdict		3.4	0.8	10.5
ソ	1	soviet union	no	jmdict		3.4	0.8	10.5
インサーション	0	insertion	no	jmdict		1.8	2.4	0.3
ルー	0	roux	no	jmdict	fre	1.8	2.4	13.7
ルー	1	curry sauce	no	jmdict	fre	1.8	2.4	13.7
プロジェ	0		no	none		4.1	0.1	0.1
マルチテナンシー	0		no	none		4.1	0.1	0.0
ギャンブル	0	gambling	no	jmdict		0.2	4.0	10.7
コロニアル	0	colonial	no	jmdict		0.2	4.0	3.9
セービング	0	saving	no	jmdict		0.2	4.0	2.8
デレク	0		no	none		0.2	4.0	6.9
ハイダイナミックレンジ	0	high dynamic range	no	parts:ハイ+ダイナミックレンジ		0.2	4.0	0.1
ブループリント	0	blueprint;cyanotype	no	jmdict		0.2	4.0	11.8
ヘーブン	0		no	none		0.2	4.0	6.7
リストラ	0	restructuring	no	jmdict		0.2	4.0	3.8
リストラ	1	downsizing;laying off	no	jmdict		0.2	4.0	3.8
サービング	0		no	none		2.5	1.7	0.7
コンバイン	0	combine;combine harvester	no	jmdict		0.9	3.3	2.0
スーパーバイザー	0	supervisor	no	jmdict		0.9	3.3	7.3
パララックス	0	parallax	no	jmdict		0.9	3.3	0.6
フューエル	0	fuel	no	jmdict		0.9	3.3	3.4
ピアツーピア	0	peer-to-peer	yes	jmdict		1.6	2.6	0.1
ペルシャ	0	persia	no	jmdict		1.6	2.6	25.7
ペルシャ	1	persian	no	jmdict		1.6	2.6	25.7
キーバリューペア	0	key value pair	no	parts:キー+バリュー+ペア		3.9	0.3	0.0
シム	0	sim	no	jmdict		3.9	0.3	2.2
イレブンス	0	eleventh	no	jmdict		0.0	4.2	9.0
インメモリデータベース	0	in memory database	no	parts:イン+メモリ+データベース		0.0	4.2	0.1
カルロ	0		no	none		0.0	4.2	11.3
グリー	0	glee	no	jmdict		0.0	4.2	9.0
ジュピター	0	jupiter	no	jmdict		0.0	4.2	9.6
ジュピター	1	jupiter symphony	no	jmdict		0.0	4.2	9.6
スタインバーグ	0		no	none		0.0	4.2	0.7
スプレッダー	0		no	none		0.0	4.2	0.3
ゼンリン	0	zenrin	no	jmdict		0.0	4.2	1.6
ソリティア	0	solitaire;patience	no	jmdict		0.0	4.2	0.9
タブー	0	taboo	no	jmdict		0.0	4.2	7.3
タランテラ	0	tarantella	no	jmdict	ita	0.0	4.2	0.5
ダイバーシティー	0	diversity	no	jmdict		0.0	4.2	6.6
ディープウェブ	0	deep web;invisible web	yes	jmdict		0.0	4.2	0.1
ネットワークアタッチトストレージ	0	network-attached storage;nas	yes	jmdict		0.0	4.2	0.1
ハリウッド	0	hollywood	no	jmdict		0.0	4.2	26.9
ヒロイン	0	heroine;female protagonist	no	jmdict		0.0	4.2	58.4
ヒロイン	1	heroine;heroic woman;brave woman	no	jmdict		0.0	4.2	58.4
フォク	0		no	none		0.0	4.2	0.1
プチコン	0		no	none		0.0	4.2	0.2
プッシュダウン	0	push fall	no	parts:プッシュ+ダウン		0.0	4.2	0.1
ペトリ	0		no	none		0.0	4.2	1.3
ホビースト	0	hobby strike	no	parts:ホビー+スト		0.0	4.2	0.1
ミシェール	0		no	none		0.0	4.2	23.9
メカニクス	0	mechanics	no	jmdict		0.0	4.2	3.4
メニーコア	0		no	none		0.0	4.2	0.1
ロープロ	0	low professional	no	parts:ロー+プロ		0.0	4.2	0.1
オペレーションセンター	0	operation center;operation centre	no	jmdict		2.3	1.9	0.3
バーレル	0	barrel	no	jmdict		2.3	1.9	5.3
パケ	0	packet	no	jmdict		2.3	1.9	0.8
パケ	1	mobile broadband data	no	jmdict		2.3	1.9	0.8
パケ	2	package	no	jmdict		2.3	1.9	0.8
ハル	0		no	none		0.7	3.5	16.2
コンストレインド	0		no	none		1.4	2.8	0.2
ポリシ	0	policy	no	jmdict		1.4	2.8	0.0
オーナ	0	owner	no	jmdict		3.7	0.5	0.2
シェーダーステージ	0	shader stage	no	parts:シェーダー+ステージ		2.1	2.1	0.0
アダプテーション	0	adaptation	no	jmdict		0.5	3.7	2.2
チャド	0	chad	no	jmdict		0.5	3.7	8.5
グリーティング	0		no	none		1.1	3.0	2.1
ネゴシエート	0	negotiation	yes	jmdict		3.4	0.7	0.0
シンギュラー	0		no	none		1.8	2.3	0.6
ウェ	0	way	no	jmdict		4.1	0.0	0.2
クセス	0		no	none		4.1	0.0	0.0
クト	0		no	none		4.1	0.0	0.6
クラスデコレータ	0	class decorator	no	parts:クラス+デコレータ		4.1	0.0	0.0
アメージング	0	amazing	no	jmdict		0.2	3.9	8.1
アライン	0		no	none		0.2	3.9	0.2
カセットデッキ	0	cassette deck	no	jmdict		0.2	3.9	0.6
カッター	0	cutter;cutting tool	no	jmdict		0.2	3.9	8.7
カッター	1	box cutter;utility knife	no	jmdict		0.2	3.9	8.7
カッター	2	cutter	no	jmdict		0.2	3.9	8.7
スワッピング	0	swapping	yes	jmdict		0.2	3.9	0.7
スワッピング	1	wife-swapping;swinging	no	jmdict		0.2	3.9	0.7
ファット	0	fat	no	jmdict		0.2	3.9	1.9
ファット	1	fat;wide	no	jmdict		0.2	3.9	1.9
ファット	2	file access table;fat	yes	jmdict		0.2	3.9	1.9
フライデー	0	friday	no	jmdict		0.2	3.9	19.8
ラブレス	0	love reply	no	parts:ラブ+レス		0.2	3.9	0.5
リーマン	0	office worker;company employee;company man;salaryman	no	jmdict		0.2	3.9	7.5
ディフェンディング	0	defending	no	jmdict		2.5	1.6	1.0
アリティ	0		no	none		0.9	3.2	0.1
レガシーシステム	0	legacy system	yes	jmdict		0.9	3.2	0.1
サブパッケージ	0	sub package	no	parts:サブ+パッケージ		3.9	0.2	0.0
パネリスト	0	panelist	no	jmdict		3.9	0.2	1.8
プリペアドステートメント	0		no	none		3.9	0.2	0.0
モーションパス	0	motion passing	no	parts:モーション+パス		3.9	0.2	0.0
アントレプレナー	0	entrepreneur	no	jmdict		0.0	4.1	1.5
アーツ	0		no	none		0.0	4.1	15.5
オークリッジ	0		no	none		0.0	4.1	0.4
カテドラル	0	cathedral	no	jmdict	fre	0.0	4.1	2.9
クラウドソーシング	0	crowdsourcing	no	jmdict		0.0	4.1	0.5
クラーケン	0	kraken	no	jmdict		0.0	4.1	1.4
クローバー	0	clover;white clover;dutch clover	no	jmdict		0.0	4.1	15.7
クローバー	1	clubs	no	jmdict		0.0	4.1	15.7
グリル	0	grill;grilled food	no	jmdict		0.0	4.1	9.5
グリル	1	grill room;restaurant serving grilled food	no	jmdict		0.0	4.1	9.5
グリル	2	grille	no	jmdict		0.0	4.1	9.5
ケイパー	0	caper	no	jmdict		0.0	4.1	0.5
ゴスリン	0		no	none		0.0	4.1	0.1
サイバーナビ	0		no	none		0.0	4.1	0.1
シノプシス	0	synopsis	no	jmdict		0.0	4.1	1.3
セラミック	0	ceramic	no	jmdict		0.0	4.1	3.5
ソウル	0	soul	no	jmdict		0.0	4.1	62.7
ソウル	1	soul music	no	jmdict		0.0	4.1	62.7
ソウル	2	seoul	no	jmdict		0.0	4.1	62.7
タンジブル	0	tangible	no	jmdict		0.0	4.1	0.1
ダビンチ	0	da vinci	no	jmdict		0.0	4.1	7.8
デジタイズ	0		no	none		0.0	4.1	0.2
トゥーン	0		no	none		0.0	4.1	2.9
トレンディー	0	trendy	no	jmdict		0.0	4.1	3.8
ドレーパー	0		no	none		0.0	4.1	0.2
ナイン	0	nine	no	jmdict		0.0	4.1	22.5
ナイン	1	team;players on a team	no	jmdict		0.0	4.1	22.5
ナイン	2	no	no	jmdict		0.0	4.1	22.5
ピアリング	0	peering	yes	jmdict		0.0	4.1	0.1
フェルマー	0		no	none		0.0	4.1	1.8
モーツァルト	0	mozart	no	jmdict		0.0	4.1	15.6
モーフィング	0	morphing	yes	jmdict		0.0	4.1	0.4
ライプニッツ	0		no	none		0.0	4.1	2.3
レビ	0		no	none		0.0	4.1	11.3
アルコール	0	alcohol	no	jmdict	dut	0.7	3.4	24.5
アルコール	1	alcoholic drink;alcohol	no	jmdict	dut	0.7	3.4	24.5
アルコール	2	hand sanitizer	no	jmdict	dut	0.7	3.4	24.5
サブプログラム	0	subprogram	yes	jmdict		0.7	3.4	0.1
トロール	0	trawl	no	jmdict		0.7	3.4	3.7
トロール	1	troll	no	jmdict		0.7	3.4	3.7
コンビニエンス	0	convenience	no	jmdict		3.0	1.1	1.1
プロローグ	0	prologue	no	jmdict		1.4	2.7	8.9
マスカレード	0	masquerade	no	jmdict		2.1	2.0	2.5
イニシエータ	0	initiator	no	jmdict		0.5	3.6	0.1
スターチ	0	starch	no	jmdict		0.5	3.6	0.5
チーズ	0	cheese	no	jmdict		0.5	3.6	16.4
チーズ	1	tee;t-joint	no	jmdict		0.5	3.6	16.4
デュプレックス	0	duplex	no	jmdict		0.5	3.6	0.6
ブルーレイディスク	0	blu-ray disc;bd	no	jmdict		0.5	3.6	0.9
ブロードキャスター	0		no	none		0.5	3.6	1.0
オペーク	0	opaque	no	jmdict		2.7	1.3	0.1
パススルー	0	passing ignoring	no	parts:パス+スルー		1.1	2.9	0.9
ワールドワイドウェブ	0	world wide web	no	jmdict		1.1	2.9	0.1
アセンダー	0	ascender	no	jmdict		3.4	0.6	0.1
アルケミー	0	alchemy	no	jmdict		0.2	3.8	1.1
シーリング	0	ceiling	no	jmdict		0.2	3.8	1.3
シーリング	1	sealing;sealant	no	jmdict		0.2	3.8	1.3
スターリング	0	sterling	no	jmdict		0.2	3.8	8.1
デューティー	0	duty	no	jmdict		0.2	3.8	6.6
フルサポート	0	full support	no	jmdict		0.2	3.8	0.1
ベルヌーイ	0		no	none		0.2	3.8	1.5
リヨン	0		no	none		0.2	3.8	11.4
ウォーターマーク	0	watermark	no	jmdict		2.5	1.5	0.4
アンチエイリアシング	0	anti-aliasing;antialiasing	yes	jmdict		0.9	3.1	0.1
サプリカント	0	supplicant	yes	jmdict		0.9	3.1	0.0
タック	0	tuck	no	jmdict		0.9	3.1	3.6
タック	1	tack;stickiness;adhesiveness	no	jmdict		0.9	3.1	3.6
ハイパフォーマンスコンピューティング	0	high performance computing	no	parts:ハイパフォーマンス+コンピューティング		0.9	3.1	0.1
ナレーション	0	narration	no	jmdict		1.6	2.4	58.6
コンソールログ	0	console log	no	parts:コンソール+ログ		3.9	0.1	0.0
ゼロトラストアーキテクチャ	0		no	none		3.9	0.1	0.0
リファレント	0		no	none		3.9	0.1	0.0
アスクル	0	askul	no	jmdict		0.0	4.0	0.4
アーベル	0	abelian	no	jmdict		0.0	4.0	3.9
エクセル	0	excel	no	jmdict		0.0	4.0	2.8
エフェクター	0	effector	yes	jmdict		0.0	4.0	2.3
エレクトロニカ	0		no	none		0.0	4.0	1.3
オーバードライブ	0	overdrive	no	jmdict		0.0	4.0	1.4
オーバードライブ	1	outdriving	no	jmdict		0.0	4.0	1.4
オーロラ	0	aurora	no	jmdict		0.0	4.0	10.8
カプラー	0	coupler	no	jmdict		0.0	4.0	1.0
キロ	0	kilogram;kilogramme	no	jmdict	fre	0.0	4.0	37.0
キロ	1	kilometre;kilometer	no	jmdict	fre	0.0	4.0	37.0
クロム	0	chromium	no	jmdict	fre,ger	0.0	4.0	6.3
コミュニケーションツール	0	communication tool	no	parts:コミュニケーション+ツール		0.0	4.0	0.3
コードセグメント	0	code segment	no	parts:コード+セグメント		0.0	4.0	0.1
ザナドゥ	0		no	none		0.0	4.0	1.2
ジャケット	0	jacket	no	jmdict		0.0	4.0	51.0
ジャケット	1	book jacket;dust cover	no	jmdict		0.0	4.0	51.0
ジャケット	2	cd jacket;record jacket	no	jmdict		0.0	4.0	51.0
ジャーナリングファイルシステム	0		no	none		0.0	4.0	0.1
スノーデン	0		no	none		0.0	4.0	0.7
スペースシップ	0	space ship	no	jmdict		0.0	4.0	0.7
セブンティーンス	0		no	none		0.0	4.0	4.1
ソール	0	soul	no	jmdict		0.0	4.0	6.0
ソール	1	soul music	no	jmdict		0.0	4.0	6.0
ソール	2	sole	no	jmdict		0.0	4.0	6.0
ソール	3	sol	no	jmdict		0.0	4.0	6.0
テト	0	tet;vietnamese new year	no	jmdict	vie	0.0	4.0	1.3
テルル	0	tellurium	no	jmdict	ger	0.0	4.0	1.6
テン	0	ten	no	jmdict		0.0	4.0	12.6
テン	1	japanese marten	no	jmdict		0.0	4.0	12.6
テン	2	marten	no	jmdict		0.0	4.0	12.6
テン	3	toxic epidermal necrolysis;ten	no	jmdict		0.0	4.0	12.6
ネットオウル	0		no	none		0.0	4.0	0.1
ノーベル	0		no	none		0.0	4.0	20.3
ハイバネーション	0	hibernation	yes	jmdict		0.0	4.0	0.1
バンチ	0	bunch;bundle;cluster	no	jmdict		0.0	4.0	4.3
バンチ	1	bunch;group;crowd	no	jmdict		0.0	4.0	4.3
バーコードリーダー	0	bar-code reader	no	jmdict		0.0	4.0	0.2
パパート	0		no	none		0.0	4.0	0.1
ピアプロキャラクターズ	0		no	none		0.0	4.0	0.3
フリーハンド	0	free-hand	no	jmdict		0.0	4.0	0.4
ベズー	0		no	none		0.0	4.0	0.2
ベースステーション	0	base station	yes	jmdict		0.0	4.0	0.1
ホーキンス	0		no	none		0.0	4.0	4.1
ボルテックス	0	vortex	no	jmdict		0.0	4.0	1.1
ボーイズ	0		no	none		0.0	4.0	50.5
ボーイング	0	bowing	no	jmdict		0.0	4.0	24.7
ボーイング	1	boeing	no	jmdict		0.0	4.0	24.7
マグロウヒル	0	mcgraw hill	no	jmdict		0.0	4.0	0.4
モリサワ	0		no	none		0.0	4.0	0.7
ランプソン	0		no	none		0.0	4.0	0.1
ルカン	0		no	none		0.0	4.0	0.2
ローラー	0	roller	no	jmdict		0.0	4.0	7.9
ワコム	0		no	none		0.0	4.0	0.3
ヴィントン	0		no	none		0.0	4.0	0.3
オムロン	0	omron corporation	no	jmdict		0.7	3.3	1.6
リアクション	0	reaction;response	no	jmdict		1.4	2.6	4.0
リアクション	1	reaction	no	jmdict		1.4	2.6	4.0
ウズベキスタン	0	uzbekistan	no	jmdict		3.7	0.3	10.7
シャドウ	0	shadow	no	jmdict		3.7	0.3	2.4
ホステッド	0		no	none		3.7	0.3	0.0
メタキー	0	meta key	no	parts:メタ+キー		2.1	1.9	0.0
インターネットラジオ	0	internet radio	no	jmdict		0.5	3.5	4.4
スポーク	0	spoke	no	jmdict		0.5	3.5	2.7
スロバキア	0	slovakia	no	jmdict		0.5	3.5	15.3
バイス	0	vise;vice	no	jmdict		0.5	3.5	7.7
バイス	1	vice;immorality	no	jmdict		0.5	3.5	7.7
バイデン	0		no	none		0.5	3.5	9.1
インテグリティー	0	integrity;honesty	no	jmdict		2.7	1.2	0.2
インテグリティー	1	integrity;consistency;completeness	yes	jmdict		2.7	1.2	0.2
エラトステネス	0		no	none		2.7	1.2	0.5
インターン	0	intern;internship	no	jmdict		1.1	2.8	2.9
トレーリング	0	tray ring	no	parts:トレー+リング		1.1	2.8	0.6
ブレーンストーミング	0	brainstorming	no	jmdict		1.1	2.8	0.3
ミズ	0	ms	no	jmdict		1.1	2.8	5.1
ガベージコレクト	0		no	none		3.4	0.5	0.0
アイリッシュ	0	irish	no	jmdict		0.2	3.7	18.7
アイリッシュ	1	irish person	no	jmdict		0.2	3.7	18.7
エンシェント	0	ancient	no	jmdict		0.2	3.7	12.1
コロナウイルス	0	coronavirus	no	jmdict		0.2	3.7	11.8
スタッフィング	0	stuffing;padding;filler	no	jmdict		0.2	3.7	0.3
スタッフィング	1	stuffing	no	jmdict		0.2	3.7	0.3
スタッフィング	2	order problems with an intermediary seller	no	jmdict		0.2	3.7	0.3
ズーミング	0	zooming	yes	jmdict		0.2	3.7	0.1
タンパー	0	tamper;reflector	no	jmdict		0.2	3.7	0.2
デリベーション	0		no	none		0.2	3.7	0.3
バーニング	0	burning	no	jmdict		0.2	3.7	7.3
フランツ	0		no	none		0.2	3.7	23.5
フレキシビリティー	0	flexibility	no	jmdict		0.2	3.7	0.4
プロシージャル	0		no	none		0.2	3.7	0.1
ベール	0	veil	no	jmdict		0.2	3.7	8.9
ライトニング	0	lightning	no	jmdict		0.2	3.7	4.8
ロウ	0	wax	no	jmdict		0.2	3.7	9.0
オプションキー	0	option key	yes	jmdict		0.9	3.0	0.1
スペキュレーション	0	speculation	no	jmdict		3.2	0.7	0.3
スペキュレーション	1	ace of spades	no	jmdict		3.2	0.7	0.3
インプットメソッドエディター	0	input method text editor	no	parts:インプット+メソッド+エディター		3.9	0.0	0.0
サブプロパティ	0		no	none		3.9	0.0	0.0
ネットワー	0		no	none		3.9	0.0	0.0
フトウェア	0		no	none		3.9	0.0	0.0
アラジン	0		no	none		0.0	3.9	5.0
イヴァー	0		no	none		0.0	3.9	0.1
エルブラン	0		no	none		0.0	3.9	0.2
エンバイロメンタル	0		no	none		0.0	3.9	7.6
オイル	0	oil;petroleum	no	jmdict		0.0	3.9	21.5
オイル	1	oil;lubricant;grease	no	jmdict		0.0	3.9	21.5
オイル	2	oil	no	jmdict		0.0	3.9	21.5
オイル	3	oil;ointment	no	jmdict		0.0	3.9	21.5
オイル	4	kerosene	no	jmdict		0.0	3.9	21.5
オイル	5	engine oil	no	jmdict		0.0	3.9	21.5
オスロ	0	oslo	no	jmdict		0.0	3.9	6.5
カッツ	0		no	none		0.0	3.9	1.8
キャラバン	0	caravan	no	jmdict		0.0	3.9	6.1
キーパンチ	0	keypunch;card punching machine	no	jmdict		0.0	3.9	0.1
クライブ	0		no	none		0.0	3.9	2.7
スウェディッシュ	0	swedish	no	jmdict		0.0	3.9	4.5
ステアリング	0	steering	no	jmdict		0.0	3.9	5.6
ステアリング	1	steering wheel	no	jmdict		0.0	3.9	5.6
ソフォス	0		no	none		0.0	3.9	0.1
ダッチ	0		no	none		0.0	3.9	12.5
テオ	0		no	none		0.0	3.9	3.9
テロリスト	0	terrorist	no	jmdict		0.0	3.9	11.7
ディップ	0	dip	no	jmdict		0.0	3.9	1.1
ディップ	1	dual inline package;dip	yes	jmdict		0.0	3.9	1.1
トリジェル	0		no	none		0.0	3.9	0.1
ノッド	0		no	none		0.0	3.9	0.8
ノーツ	0	notes	no	jmdict		0.0	3.9	12.1
バタフライ	0	butterfly	no	jmdict		0.0	3.9	7.3
バタフライ	1	g-string;gee-string	no	jmdict		0.0	3.9	7.3
バーティク	0		no	none		0.0	3.9	0.1
ビジネススクール	0	business school	no	jmdict		0.0	3.9	4.8
ビットコインキャッシュ	0	bit coin cache	no	parts:ビット+コイン+キャッシュ		0.0	3.9	0.1
フローリアン	0		no	none		0.0	3.9	1.8
ブラクラ	0	browser crasher	yes	jmdict		0.0	3.9	0.1
ブリザード	0	blizzard	no	jmdict		0.0	3.9	2.3
ベーム	0		no	none		0.0	3.9	1.5
マイクロフィルム	0	microfilm	no	jmdict		0.0	3.9	1.3
マグネシウム	0	magnesium	no	jmdict		0.0	3.9	5.1
マーチン	0		no	none		0.0	3.9	3.4
ミネソタ	0	minnesota	no	jmdict		0.0	3.9	7.8
ミュンヘン	0	munich	no	jmdict	ger	0.0	3.9	22.8
リチャードソン	0		no	none		0.0	3.9	7.1
レイク	0	lake	no	jmdict		0.0	3.9	12.4
レフ	0	reflex camera	no	jmdict		0.0	3.9	5.9
レフ	1	reflector	no	jmdict		0.0	3.9	5.9
レフ	2	lev	no	jmdict		0.0	3.9	5.9
ウィットネス	0		no	none		0.7	3.2	1.8
サイクリック	0	cyclic	no	jmdict		0.7	3.2	1.0
センチ	0	centimeter;centimetre	no	jmdict		0.7	3.2	13.9
センチ	1	sentimental	no	jmdict		0.7	3.2	13.9
ツイスト	0	twist	no	jmdict		0.7	3.2	3.9
ツイスト	1	twist;spin	no	jmdict		0.7	3.2	3.9
サブスクライバー	0	subscriber	yes	jmdict		3.0	0.9	0.0
ポシビリティー	0	possibility	no	jmdict		1.4	2.5	0.7
プロジェク	0		no	none		3.7	0.2	0.0
エーリヒ	0		no	none		0.5	3.4	6.6
サドル	0	saddle	no	jmdict		0.5	3.4	2.5
シチズン	0	citizen	no	jmdict		0.5	3.4	4.1
タグクラウド	0	tag cloud	no	parts:タグ+クラウド		0.5	3.4	0.0
デファクト	0	de facto	no	jmdict		0.5	3.4	0.1
マンドレーク	0	mandrake	no	jmdict		0.5	3.4	0.2
リテンション	0	retention	no	jmdict		0.5	3.4	0.4
リバーシブル	0	reversible	no	jmdict		0.5	3.4	1.2
タイムカード	0	time card;time sheet	no	jmdict		1.1	2.7	0.2
パケットロス	0	packet loss	no	parts:パケット+ロス		1.1	2.7	0.0
ペアレンタルコントロール	0	parental control	no	jmdict		1.1	2.7	0.1
アクセ	0	accessory	no	jmdict		3.4	0.4	0.7
ガードナー	0	gardener	no	jmdict		0.2	3.6	7.7
クレス	0	cress	no	jmdict		0.2	3.6	2.7
シュネデール	0		no	none		0.2	3.6	3.0
ジャーナリング	0		no	none		0.2	3.6	0.0
トリ	0	bird	no	jmdict		0.2	3.6	9.0
トリ	1	bird meat;fowl;poultry	no	jmdict		0.2	3.6	9.0
モラル	0	morals;morality;ethics	no	jmdict		0.2	3.6	5.4
セキュリティーチェック	0	security check	no	jmdict		2.5	1.3	0.2
チュニジア	0	tunisia	no	jmdict		2.5	1.3	8.5
エクスペンシブ	0	expensive	no	jmdict		1.6	2.2	0.6
パフォーミング	0		no	none		1.6	2.2	2.3
アサヒ	0		no	none		0.0	3.8	9.8
アバスト	0		no	none		0.0	3.8	0.1
アントニー	0		no	none		0.0	3.8	3.3
インディペンデンス	0	independence	no	jmdict		0.0	3.8	5.2
エイケン	0		no	none		0.0	3.8	1.6
エイホ	0		no	none		0.0	3.8	0.1
エーデルマン	0		no	none		0.0	3.8	0.2
カロッツェリア	0		no	none		0.0	3.8	0.6
キャッシュコヒーレンシ	0		no	none		0.0	3.8	0.0
ギーク	0	geek	no	jmdict		0.0	3.8	1.2
コトック	0		no	none		0.0	3.8	0.1
コバルト	0	cobalt	no	jmdict		0.0	3.8	6.0
コバルト	1	cobalt blue	no	jmdict		0.0	3.8	6.0
コンピューターアート	0	computer art	no	jmdict		0.0	3.8	0.1
システムアナリスト	0	systems analyst	no	jmdict		0.0	3.8	0.1
ショックレー	0		no	none		0.0	3.8	0.5
スピンアウト	0	spin out	no	jmdict		0.0	3.8	0.6
テスラー	0	tesla	no	jmdict		0.0	3.8	0.1
テンセント	0	tencent	no	jmdict		0.0	3.8	1.1
ディー	0	director	no	jmdict		0.0	3.8	9.2
トリビアル	0	trivial	no	jmdict		0.0	3.8	0.2
トン	0	ton;tonne	no	jmdict		0.0	3.8	62.1
トン	1	dot	no	jmdict		0.0	3.8	62.1
トン	2	east wind tile	no	jmdict		0.0	3.8	62.1
トン	3	winning hand with a pung of east wind tiles	no	jmdict		0.0	3.8	62.1
ドーター	0	daughter	no	jmdict		0.0	3.8	0.8
ニガード	0		no	none		0.0	3.8	0.1
ネイト	0		no	none		0.0	3.8	4.1
ネットギア	0		no	none		0.0	3.8	0.1
ノリス	0		no	none		0.0	3.8	5.6
ハイブ	0		no	none		0.0	3.8	0.6
ハーラン	0		no	none		0.0	3.8	2.0
パストレーシング	0	passing tracing	no	parts:パス+トレーシング		0.0	3.8	0.1
ビットコイン	0	bitcoin;btc	no	jmdict		0.0	3.8	0.2
ビーグル	0	beagle	no	jmdict		0.0	3.8	2.2
フィルターバブル	0	filter bubble	yes	jmdict		0.0	3.8	0.1
プレイヤ	0	player	no	jmdict		0.0	3.8	0.2
プロテイン	0	protein	no	jmdict		0.0	3.8	15.5
プロテイン	1	protein powder;protein supplement	no	jmdict		0.0	3.8	15.5
ペイジ	0		no	none		0.0	3.8	5.0
マイクロエレクトロニクス	0	microelectronics;me	no	jmdict		0.0	3.8	0.1
マスターデータ	0	master data	yes	jmdict		0.0	3.8	0.1
マーマレード	0	marmalade	no	jmdict		0.0	3.8	1.6
ムンプス	0	mumps	no	jmdict	ger	0.0	3.8	0.2
メリアム	0		no	none		0.0	3.8	2.1
モノイド	0		no	none		0.0	3.8	0.9
レジョン	0		no	none		0.0	3.8	2.1
コンボリューション	0	convolution	yes	jmdict		0.7	3.1	0.1
シノニム	0	synonym	no	jmdict		0.7	3.1	7.4
オプティミスティック	0	optimistic	no	jmdict		3.0	0.8	0.2
デシベル	0	decibel;db	no	jmdict		1.4	2.4	0.8
バーテックスシェーダー	0	vertex shader	yes	jmdict		1.4	2.4	0.0
プリザーブ	0	preserves;preserve	no	jmdict		1.4	2.4	0.5
デジタルフォレンジックス	0		no	none		3.7	0.1	0.0
パスセグメント	0	passing segment	no	parts:パス+セグメント		3.7	0.1	0.0
ブッククラブ	0	book club	no	jmdict		3.7	0.1	0.4
カント	0	cant	no	jmdict		2.1	1.7	6.4
ワクチン	0	vaccine	no	jmdict	ger	0.5	3.3	23.7
ワクチン	1	antivirus software	yes	jmdict	ger	0.5	3.3	23.7
アドオンバー	0	add-on bar	no	parts:アドオン+バー		3.4	0.3	0.0
グラデュエート	0		no	none		0.2	3.5	3.2
プライ	0		no	none		0.2	3.5	2.8
リトアニア	0	lithuania	no	jmdict		0.2	3.5	23.1
ヒューマンエラー	0	human error	no	jmdict		2.5	1.2	0.4
パターンファイル	0	pattern file	no	parts:パターン+ファイル		0.9	2.8	0.1
コンポジター	0		no	none		3.2	0.5	0.1
オイラー	0		no	none		1.6	2.1	3.4
クオンティティー	0	quantity	no	jmdict		1.6	2.1	0.4
アイティ	0	information technology;it	yes	jmdict		0.0	3.7	0.3
イエーツ	0		no	none		0.0	3.7	2.7
ウィスパー	0	whisper	no	jmdict		0.0	3.7	1.7
エアフォース	0	air force	no	jmdict		0.0	3.7	5.8
エクスカベーター	0		no	none		0.0	3.7	0.1
エジソン	0		no	none		0.0	3.7	6.4
カーター	0		no	none		0.0	3.7	13.1
ガセー	0	fake;something false;sham;deception	no	jmdict		0.0	3.7	0.1
クライン	0		no	none		0.0	3.7	6.8
グーロー	0		no	none		0.0	3.7	0.1
サイコロジー	0	psychology	no	jmdict		0.0	3.7	7.8
シュトゥットガルト	0		no	none		0.0	3.7	15.4
ジェネティック	0	genetic	no	jmdict		0.0	3.7	4.1
ジェロム	0		no	none		0.0	3.7	2.3
ダイス	0	dice;die	no	jmdict		0.0	3.7	6.4
ダイス	1	die	no	jmdict		0.0	3.7	6.4
チェアマン	0	chairman	no	jmdict		0.0	3.7	3.3
チャージド	0		no	none		0.0	3.7	1.5
ディザスタリカバリ	0	disaster recovery	yes	jmdict		0.0	3.7	0.1
ニック	0	nick	no	jmdict		0.0	3.7	19.0
ニック	1	network interface card;nic	yes	jmdict		0.0	3.7	19.0
ニック	2	network information center;nic	no	jmdict		0.0	3.7	19.0
フィロソフィカル	0		no	none		0.0	3.7	3.7
ブリリアント	0	brilliant	no	jmdict		0.0	3.7	4.5
ベルトラン	0		no	none		0.0	3.7	2.6
メイズ	0	maze	no	jmdict		0.0	3.7	4.1
メイズ	1	maize;corn	no	jmdict		0.0	3.7	4.1
モナー	0		no	none		0.0	3.7	0.2
ユーザーサポート	0	user support	yes	jmdict		0.0	3.7	0.2
リアリスティック	0	realistic	no	jmdict		0.0	3.7	0.6
レトロスペクティブ	0	retrospective	no	jmdict		0.0	3.7	1.3
レプリケーター	0		no	none		0.0	3.7	0.2
ローコスト	0	low cost	no	jmdict		0.0	3.7	0.5
ヴァンサン	0	value-added network sun	no	parts:ヴァン+サン		0.0	3.7	0.5
エスティメート	0	jesus tea mate	no	parts:エス+ティ+メート		2.3	1.4	0.9
トナー	0	toner	no	jmdict		2.3	1.4	1.2
キック	0	kick	no	jmdict		0.7	3.0	27.3
ハイディング	0	hiding	no	jmdict		0.7	3.0	0.5
エンザイム	0	enzyme	no	jmdict		3.7	0.0	2.0
クラ	0		no	none		3.7	0.0	2.0
スキャ	0	scalping	no	jmdict		3.7	0.0	0.0
セーフリストリクエストヘッダー	0	safe list request header	no	parts:セーフ+リスト+リクエスト+ヘッダー		3.7	0.0	0.0
ヒヤリハット	0	close call;near miss;minor incident	no	jmdict		3.7	0.0	0.0
フェッチメタデータリクエストヘッダー	0	fetch metadata request header	no	parts:フェッチ+メタデータ+リクエスト+ヘッダー		3.7	0.0	0.0
アクセプタブル	0		no	none		2.1	1.6	0.2
サブネットワーク	0	sub-network	yes	jmdict		2.1	1.6	0.0
ヘルシー	0	healthy	no	jmdict		2.1	1.6	3.6
コアシステム	0	core system	no	jmdict		0.5	3.2	0.2
センテンス	0	sentence	no	jmdict		0.5	3.2	1.1
ダウ	0	dow;dow jones industrial average	no	jmdict		0.5	3.2	3.8
ダウ	1	dhow	no	jmdict		0.5	3.2	3.8
バズワード	0	buzzword	no	jmdict		0.5	3.2	0.1
ビジェイ	0		no	none		0.5	3.2	1.7
フレーク	0	flake	no	jmdict		0.5	3.2	0.8
ライアン	0		no	none		0.5	3.2	17.8
ヴォート	0		no	none		0.5	3.2	4.9
インジェクト	0		no	none		3.4	0.2	0.0
ファシリティーマネジメント	0		no	none		3.4	0.2	0.3
エクステンダー	0	extender	no	jmdict		0.2	3.4	0.3
ガントチャート	0	gantt chart	no	jmdict		0.2	3.4	0.1
クロー	0		no	none		0.2	3.4	6.6
コロンビア	0	colombia	no	jmdict		0.2	3.4	28.1
システムプログラム	0	system program;systems program	yes	jmdict		0.2	3.4	0.2
スパナ	0	spanner;wrench	no	jmdict		0.2	3.4	1.0
スマートデバイス	0	smart device	no	parts:スマート+デバイス		0.2	3.4	0.4
プライアー	0	praia	no	jmdict		0.2	3.4	1.4
リレーショナルモデル	0	relational model	no	parts:リレーショナル+モデル		0.2	3.4	0.0
スライ	0		no	none		2.5	1.1	1.5
リージョナル	0	regional	no	jmdict		0.9	2.7	9.7
パンナー	0		no	none		3.2	0.4	0.1
アコースティック	0	acoustic	no	jmdict		0.0	3.6	17.6
アドブロック	0	ad blocking	no	jmdict		0.0	3.6	0.1
アローラ	0		no	none		0.0	3.6	1.2
イカザ	0		no	none		0.0	3.6	0.1
イタリアン	0	italian	no	jmdict		0.0	3.6	12.7
イタリアン	1	italian food;italian cuisine	no	jmdict		0.0	3.6	12.7
ウィッチ	0	witch	no	jmdict		0.0	3.6	10.7
エー	0		no	none		0.0	3.6	5.9
オシレータ	0		no	none		0.0	3.6	0.2
カストロ	0		no	none		0.0	3.6	6.8
カレログ	0		no	none		0.0	3.6	0.0
キウイ	0	kiwifruit;kiwi fruit;kiwi	no	jmdict		0.0	3.6	2.4
キウイ	1	kiwi	no	jmdict		0.0	3.6	2.4
クイックリー	0		no	none		0.0	3.6	0.6
クパチーノ	0		no	none		0.0	3.6	0.3
クリステン	0		no	none		0.0	3.6	2.0
コスモ	0	cosmos	no	jmdict		0.0	3.6	11.3
コラージュ	0	collage	no	jmdict	fre	0.0	3.6	2.2
サイバーテロ	0	cyberterrorism	no	jmdict		0.0	3.6	0.4
サテライト	0	satellite	no	jmdict		0.0	3.6	12.5
サブバンド	0	sub band	no	parts:サブ+バンド		0.0	3.6	0.1
サーペント	0		no	none		0.0	3.6	1.5
ジーフォース	0		no	none		0.0	3.6	0.1
ストランド	0	strand	no	jmdict		0.0	3.6	4.1
スーパーキー	0	supermarket key	no	parts:スーパー+キー		0.0	3.6	0.0
セミコンダクターズ	0		no	none		0.0	3.6	0.1
ソーテック	0	sotec	no	jmdict		0.0	3.6	0.2
デューク	0	duke	no	jmdict		0.0	3.6	14.3
バルブ	0	valve	no	jmdict		0.0	3.6	15.0
バルブ	1	bulb	no	jmdict		0.0	3.6	15.0
バーク	0	barque;bark	no	jmdict		0.0	3.6	12.8
バーク	1	bark	no	jmdict		0.0	3.6	12.8
ヒントン	0		no	none		0.0	3.6	0.7
ビレッジ	0	village	no	jmdict		0.0	3.6	15.3
フェローシップ	0	fellowship	no	jmdict		0.0	3.6	2.4
フラッディング	0	flooding	yes	jmdict		0.0	3.6	0.3
フリーオ	0		no	none		0.0	3.6	0.1
ブリストル	0		no	none		0.0	3.6	8.8
ブレッチリー	0		no	none		0.0	3.6	0.2
プラマー	0		no	none		0.0	3.6	1.1
ベッカー	0		no	none		0.0	3.6	5.4
ベティー	0		no	none		0.0	3.6	8.2
ベン	0		no	none		0.0	3.6	21.8
ホフ	0		no	none		0.0	3.6	0.7
マークル	0		no	none		0.0	3.6	0.4
ミュージ	0		no	none		0.0	3.6	0.1
メタボール	0	metaball	yes	jmdict		0.0	3.6	0.1
メディアラボ	0	media lab	no	jmdict		0.0	3.6	0.4
モルガン	0		no	none		0.0	3.6	4.4
ラディアンス	0	radiance	no	jmdict		0.0	3.6	0.3
ランカスター	0		no	none		0.0	3.6	5.3
レイオフ	0	layoff	no	jmdict		0.0	3.6	0.4
レキシコン	0	lexicon;vocabulary	no	jmdict		0.0	3.6	1.7
レキシコン	1	lexicon;dictionary	no	jmdict		0.0	3.6	1.7
ロジレス	0		no	none		0.0	3.6	0.0
フィルド	0		no	none		2.3	1.3	0.7
インターナショナライズド	0		no	none		0.7	2.9	0.1
エレコム	0		no	none		0.7	2.9	0.4
コミッター	0		no	none		0.7	2.9	0.0
ウイ	0	yes	no	jmdict	fre	1.4	2.2	0.6
キーバインディング	0	key binding	no	parts:キー+バインディング		1.4	2.2	0.0
ユーザーテスト	0	user test	no	parts:ユーザー+テスト		2.1	1.5	0.0
スモーク	0	smoke	no	jmdict		0.5	3.1	5.0
スモーク	1	smoked	no	jmdict		0.5	3.1	5.0
スモーク	2	tinted	no	jmdict		0.5	3.1	5.0
ハウジング	0	housing	no	jmdict		0.5	3.1	6.3
ハウジング	1	housing;enclosure	no	jmdict		0.5	3.1	6.3
ハウジング	2	colocation;co-location	yes	jmdict		0.5	3.1	6.3
ブレンディング	0		no	none		0.5	3.1	0.1
プログラムファイル	0	program file	no	parts:プログラム+ファイル		0.5	3.1	0.1
グリニッジ	0		no	none		2.7	0.8	3.9
マーシャル	0	marshal	no	jmdict		1.1	2.4	14.7
マーシャル	1	marshall	no	jmdict		1.1	2.4	14.7
キャパビリティ	0		no	none		3.4	0.1	0.0
コンテナログ	0	container log	no	parts:コンテナ+ログ		3.4	0.1	0.0
サブオプション	0	sub option	no	parts:サブ+オプション		3.4	0.1	0.0
スペ	0	insert a space	no	jmdict		3.4	0.1	0.9
チェックサムファイル	0	checksum file	no	parts:チェックサム+ファイル		3.4	0.1	0.0
アンリ	0		no	none		0.2	3.3	24.8
インクジェット	0	ink jet	no	jmdict		0.2	3.3	0.4
コルドバ	0	cordoba	no	jmdict	spa	0.2	3.3	3.7
サージ	0	surge	no	jmdict		0.2	3.3	3.0
サージ	1	serge	no	jmdict		0.2	3.3	3.0
ビャーネ	0		no	none		0.2	3.3	0.1
プリントアウト	0	printout;printing	no	jmdict		0.2	3.3	0.3
レジスタント	0		no	none		0.2	3.3	0.9
コーポレートガバナンス	0	corporate governance	no	jmdict		2.5	1.0	2.2
デナイド	0		no	none		2.5	1.0	0.6
アイスクリーム	0	ice cream	no	jmdict		0.9	2.6	7.6
イーサン	0	one sun	no	parts:イー+サン		0.9	2.6	4.8
エマージェンシー	0	emergency	no	jmdict		0.9	2.6	5.2
クレーン	0	crane	no	jmdict		0.9	2.6	11.3
コメンタリー	0	commentary	no	jmdict		0.9	2.6	6.6
ストレッチ	0	stretch;stretch material	no	jmdict		0.9	2.6	3.0
ストレッチ	1	stretch;stretching	no	jmdict		0.9	2.6	3.0
ストレッチ	2	stretch;straight;straightaway	no	jmdict		0.9	2.6	3.0
ドイチェ	0		no	none		0.9	2.6	10.7
バラクーダ	0	barracuda	no	jmdict		0.9	2.6	1.2
ペリカン	0	pelican	no	jmdict		3.2	0.3	4.4
アイデアソン	0		no	none		0.0	3.5	0.1
アトモス	0		no	none		0.0	3.5	0.7
アドミニストレーティブ	0		no	none		0.0	3.5	2.2
アナロジー	0	analogy	no	jmdict		0.0	3.5	0.7
イニフィニバンド	0		no	none		0.0	3.5	0.0
ウルマン	0		no	none		0.0	3.5	0.6
エヌビディア	0	nvidia	no	jmdict		0.0	3.5	0.1
カカオ	0	cacao tree;cocoa tree	no	jmdict	spa	0.0	3.5	3.1
カマー	0		no	none		0.0	3.5	2.3
キム	0		no	none		0.0	3.5	41.0
コアプロトコル	0	core protocol	no	parts:コア+プロトコル		0.0	3.5	0.0
サステイナビリティー	0	sustainability	no	jmdict		0.0	3.5	2.6
ジェラート	0	gelato;italian-style ice cream	no	jmdict	ita	0.0	3.5	0.9
ジミー	0		no	none		0.0	3.5	19.9
ソフトイーサ	0		no	none		0.0	3.5	0.1
ソルバ	0	solver	yes	jmdict		0.0	3.5	0.1
テクトロニクス	0	tektronix	no	jmdict		0.0	3.5	0.1
テンプレートメタプログラミング	0	template metaprogramming	no	parts:テンプレート+メタプログラミング		0.0	3.5	0.0
ディスコン	0	discontinue	no	jmdict		0.0	3.5	0.1
ディスコン	1	disk controller	no	jmdict		0.0	3.5	0.1
デノン	0		no	none		0.0	3.5	1.0
デポ	0	depot	no	jmdict	fre	0.0	3.5	1.7
トビアス	0		no	none		0.0	3.5	3.2
ネーター	0		no	none		0.0	3.5	1.6
バイオレット	0	violet	no	jmdict		0.0	3.5	7.0
バキューム	0	vacuum	no	jmdict		0.0	3.5	1.8
バキューム	1	absorption;suction	no	jmdict		0.0	3.5	1.8
パンチカードシステム	0	punch-card system;pcs	no	jmdict		0.0	3.5	0.1
フライド	0	fried	no	jmdict		0.0	3.5	2.5
フルスピード	0	full speed	no	jmdict		0.0	3.5	0.2
フルモデルチェンジ	0	full model change	no	parts:フル+モデル+チェンジ		0.0	3.5	3.8
プリパレーション	0		no	none		0.0	3.5	1.3
ポピュラリティー	0	popularity	no	jmdict		0.0	3.5	0.5
マルチトラック	0	multi-post truck	no	parts:マルチ+トラック		0.0	3.5	0.5
モーリス	0		no	none		0.0	3.5	12.7
リンリー	0		no	none		0.0	3.5	0.3
オカー	0		no	none		2.3	1.2	0.4
フルアクセス	0	full access	no	parts:フル+アクセス		2.3	1.2	0.0
カスタマイゼーション	0		no	none		0.7	2.8	0.1
フレーミング	0	framing	no	jmdict		0.7	2.8	0.8
フレーミング	1	flaming	no	jmdict		0.7	2.8	0.8
モデレーター	0	moderator	no	jmdict		0.7	2.8	0.4
ランバート	0		no	none		0.7	2.8	2.7
ティアー	0	tier	no	jmdict		3.0	0.5	1.5
ティアー	1	tear;teardrop shape	no	jmdict		3.0	0.5	1.5
クローズアップ	0	close-up	no	jmdict		1.4	2.1	5.8
クローズアップ	1	bringing attention to;bringing to the fore;putting under close scrutiny;highlighting	no	jmdict		1.4	2.1	5.8
モジュラス	0		no	none		1.4	2.1	0.2
ポーション	0	portion	no	jmdict		2.1	1.4	1.7
ポーション	1	potion	no	jmdict		2.1	1.4	1.7
エッグ	0	egg	no	jmdict		0.5	3.0	12.3
クリーナー	0	cleaner	no	jmdict		0.5	3.0	1.8
コネクト	0	connect	no	jmdict		0.5	3.0	2.1
ブルガリア	0	bulgaria	no	jmdict		0.5	3.0	27.3
モニタリングシステム	0	monitoring system	no	parts:モニタリング+システム		2.7	0.7	0.3
ランドスケープ	0	landscape	no	jmdict		2.7	0.7	4.9
サージュ	0		no	none		1.1	2.3	1.0
ストップウォッチ	0	stopwatch	no	jmdict		1.1	2.3	0.7
ナノ	0		no	none		1.1	2.3	4.0
ロビー	0	lobby;lounge	no	jmdict		1.1	2.3	12.2
ロンゲスト	0		no	none		1.1	2.3	1.9
ウェブディクタフォン	0		no	none		3.4	0.0	0.0
キープロバイダ	0		no	none		3.4	0.0	0.0
クラウドサー	0	cloud sir	no	parts:クラウド+サー		3.4	0.0	0.0
パスベース	0	passing base	no	parts:パス+ベース		3.4	0.0	0.0
ファシリティマ	0		no	none		3.4	0.0	0.0
ベースパス	0	base passing	no	parts:ベース+パス		3.4	0.0	0.0
ペイブド	0		no	none		3.4	0.0	0.0
ムセキュリティ	0		no	none		3.4	0.0	0.0
メー	0	baa;meh	no	jmdict		3.4	0.0	0.3
メー	1	may	no	jmdict		3.4	0.0	0.3
ンツ	0		no	none		3.4	0.0	0.0
カタパルト	0	catapult	no	jmdict		0.2	3.2	3.4
クローニング	0	cloning	no	jmdict		0.2	3.2	2.0
ダブルス	0	doubles	no	jmdict		0.2	3.2	22.6
バング	0	bang	no	jmdict		0.2	3.2	12.7
メーリング	0	mailing	no	jmdict		0.2	3.2	0.6
ラトビア	0	latvia	no	jmdict		0.2	3.2	10.1
ワイル	0		no	none		0.2	3.2	1.9
エンゲージ	0	engagement	no	jmdict		0.9	2.5	3.2
エンゲージ	1	engage	no	jmdict		0.9	2.5	3.2
キーバインド	0	key binding	yes	jmdict		0.9	2.5	0.0
ユー	0	you	no	jmdict		0.9	2.5	20.9
インタラクティビティ	0	interactivity	no	jmdict		3.2	0.2	0.0
デモアプリ	0	demonstration app	no	parts:デモ+アプリ		3.2	0.2	0.0
アディ	0		no	none		0.0	3.4	1.5
アルゴ	0		no	none		0.0	3.4	3.3
アルトマン	0		no	none		0.0	3.4	1.4
アンブラー	0		no	none		0.0	3.4	0.3
イエンセン	0		no	none		0.0	3.4	2.8
ウィノグラード	0		no	none		0.0	3.4	0.1
エッチング	0	etching	no	jmdict		0.0	3.4	2.1
キース	0		no	none		0.0	3.4	11.4
クラリス	0	claris	no	jmdict		0.0	3.4	1.8
グレーシャー	0	glacier	no	jmdict		0.0	3.4	1.5
グローバリゼーション	0	globalization;globalisation	no	jmdict		0.0	3.4	2.7
ゲノム	0	genome	no	jmdict	ger	0.0	3.4	9.7
コスミック	0		no	none		0.0	3.4	5.9
コナミ	0	konami	no	jmdict		0.0	3.4	9.8
コンデナスト	0		no	none		0.0	3.4	0.7
シリアルバス	0	serial bus	no	parts:シリアル+バス		0.0	3.4	0.1
スキップジャック	0	skip jack	no	parts:スキップ+ジャック		0.0	3.4	0.4
スナイダー	0		no	none		0.0	3.4	4.3
ソフトハウス	0	software house	yes	jmdict		0.0	3.4	0.5
タイムレコーダー	0	time clock;time recorder	no	jmdict		0.0	3.4	0.1
ディロン	0		no	none		0.0	3.4	3.5
ナチュア	0		no	none		0.0	3.4	4.6
ハクティビズム	0	hacktivism	no	jmdict		0.0	3.4	0.1
ハロルド	0		no	none		0.0	3.4	9.7
パンチング	0	punching	no	jmdict		0.0	3.4	0.7
ピルグリム	0		no	none		0.0	3.4	1.7
フェスティバル	0	festival	no	jmdict		0.0	3.4	94.9
フォトグラフィー	0	photography	no	jmdict		0.0	3.4	3.1
ブラックホール	0	black hole	no	jmdict		0.0	3.4	7.6
ブロシュアー	0		no	none		0.0	3.4	0.9
プロモーター	0	promoter	no	jmdict		0.0	3.4	6.1
ベンジオ	0		no	none		0.0	3.4	0.1
ホイットフィールド	0		no	none		0.0	3.4	0.8
ボルタ	0		no	none		0.0	3.4	2.6
ポートランド	0	port land	no	parts:ポート+ランド		0.0	3.4	8.5
ミドルクラス	0	middle class	no	jmdict		0.0	3.4	0.5
ミニディスク	0	minidisc;md	no	jmdict		0.0	3.4	0.2
モグレン	0		no	none		0.0	3.4	0.1
リニュー	0	renewing	no	jmdict		0.0	3.4	0.8
ロータリー	0	rotary;roundabout;traffic circle	no	jmdict		0.0	3.4	9.4
ロータリー	1	rotary;rotating	no	jmdict		0.0	3.4	9.4
デコイ	0	decoy	no	jmdict		2.3	1.1	1.4
バンドリング	0	bundling	no	jmdict		2.3	1.1	0.1
カウンティー	0	county	no	jmdict		0.7	2.7	43.2
タイヤ	0	tire;tyre	no	jmdict		0.7	2.7	29.8
デスティネーション	0	destination	no	jmdict		0.7	2.7	1.1
トゥエルブ	0	twelve	no	jmdict		0.7	2.7	2.4
ノブ	0	knob	no	jmdict		0.7	2.7	4.6
ノブ	1	doorknob	no	jmdict		0.7	2.7	4.6
マルチポイント	0	multipoint	yes	jmdict		0.7	2.7	0.2
アップグレードパス	0	upgrade passing	no	parts:アップグレード+パス		0.5	2.9	0.1
イーサー	0	ether	no	jmdict		0.5	2.9	1.1
エクスパンディング	0		no	none		0.5	2.9	0.7
エフ	0	floor number	no	jmdict		0.5	2.9	4.3
エンボス	0	embossing	no	jmdict		0.5	2.9	0.4
コンピュート	0		no	none		0.5	2.9	0.1
ストロングリー	0		no	none		0.5	2.9	0.4
マニュファクチャラー	0	manufacturer	no	jmdict		0.5	2.9	1.9
メモランダム	0	memorandum	no	jmdict		0.5	2.9	1.0
エングレス	0		no	none		2.7	0.6	0.0
エクササイズ	0	exercise	no	jmdict		1.1	2.2	3.8
コンピューターネットワーク	0	computer network	no	jmdict		1.1	2.2	0.1
サブタイトル	0	subtitle	no	jmdict		1.1	2.2	10.3
ログデータ	0	log data	no	parts:ログ+データ		1.1	2.2	0.1
ウォーキング	0	walking	no	jmdict		0.2	3.1	10.0
エクステンシブ	0		no	none		0.2	3.1	0.8
エル	0	ell	no	jmdict		0.2	3.1	28.7
エル	1	liter;litre	no	jmdict		0.2	3.1	28.7
オルソン	0		no	none		0.2	3.1	2.8
カートゥーン	0	cartoon	no	jmdict		0.2	3.1	6.0
ガソリン	0	gasoline;petrol	no	jmdict		0.2	3.1	14.2
グラハム	0		no	none		0.2	3.1	8.3
ゴーン	0	dong	no	jmdict		0.2	3.1	6.1
サイロ	0	silo	no	jmdict		0.2	3.1	1.4
シェークスピア	0		no	none		0.2	3.1	16.1
シンプリシティー	0	simplicity	no	jmdict		0.2	3.1	0.3
ステルス	0	stealth	no	jmdict		0.2	3.1	5.6
ストレングス	0	strength	no	jmdict		0.2	3.1	2.2
スロベニア	0	slovenia	no	jmdict		0.2	3.1	14.1
ニュートリノ	0	neutrino	no	jmdict		0.2	3.1	3.6
ネットワークエンジニア	0	network engineer	no	parts:ネットワーク+エンジニア		0.2	3.1	0.1
ホットキー	0	hot-key	yes	jmdict		0.2	3.1	0.0
ムーディー	0	having a good atmosphere;atmospheric;romantic	no	jmdict		0.2	3.1	1.7
リズ	0		no	none		0.2	3.1	4.8
セキスペ	0		no	none		2.5	0.8	0.0
ウォーム	0	worm	no	jmdict		0.9	2.4	1.0
ウォーム	1	warm	no	jmdict		0.9	2.4	1.0
ギャザー	0	gather	no	jmdict		0.9	2.4	0.9
ダイアグノスティック	0		no	none		0.9	2.4	1.1
コアクラス	0	core class	no	parts:コア+クラス		3.2	0.1	0.0
レンダリングパス	0	rendering passing	no	parts:レンダリング+パス		3.2	0.1	0.0
アバンダンウェア	0		no	none		0.0	3.3	0.0
アレックス	0		no	none		0.0	3.3	20.8
インスティチューション	0	institution	no	jmdict		0.0	3.3	3.6
ウェポン	0	weapon	no	jmdict		0.0	3.3	9.0
ウォルター	0		no	none		0.0	3.3	15.2
ウォルト	0		no	none		0.0	3.3	11.3
ウォード	0		no	none		0.0	3.3	4.6
エスクロー	0	escrow	no	jmdict		0.0	3.3	0.2
エディ	0		no	none		0.0	3.3	15.8
エラッタ	0	errata	no	jmdict		0.0	3.3	0.2
エリミネーション	0	elimination	no	jmdict		0.0	3.3	2.3
エンデバー	0		no	none		0.0	3.3	1.4
カーマーカー	0		no	none		0.0	3.3	0.1
ガンダム	0	gundam	no	jmdict		0.0	3.3	110.9
キーロールオーバー	0	key rollover	no	parts:キー+ロールオーバー		0.0	3.3	0.0
クエスト	0	quest	no	jmdict		0.0	3.3	37.0
クレイグ	0		no	none		0.0	3.3	7.3
コナー	0	kona	no	jmdict		0.0	3.3	4.5
ゴールドバーグ	0	gold hamburg steak	no	parts:ゴールド+バーグ		0.0	3.3	1.7
サルバトーレ	0		no	none		0.0	3.3	2.8
ザッカーバーグ	0		no	none		0.0	3.3	0.6
ショア	0	shore	no	jmdict		0.0	3.3	4.1
ジョアンナ	0		no	none		0.0	3.3	3.1
ジョーン	0		no	none		0.0	3.3	8.0
タスクトレイ	0	system tray;notification area	yes	jmdict		0.0	3.3	0.0
タペストリー	0	tapestry	no	jmdict		0.0	3.3	2.5
タペストリー	1	wall hanging;banner	no	jmdict		0.0	3.3	2.5
ダービー	0	derby	no	jmdict		0.0	3.3	39.9
ダービー	1	japan derby	no	jmdict		0.0	3.3	39.9
ダービー	2	battle;competition;contest;race	no	jmdict		0.0	3.3	39.9
ダービー	3	derby;local derby	no	jmdict		0.0	3.3	39.9
テザー	0	tether	no	jmdict		0.0	3.3	0.5
テスラ	0	tesla	no	jmdict		0.0	3.3	3.7
ノーマン	0		no	none		0.0	3.3	8.7
ファイター	0	fighter	no	jmdict		0.0	3.3	34.3
ファミリア	0	familiar	no	jmdict		0.0	3.3	4.5
フォレスター	0		no	none		0.0	3.3	1.8
フルブラウザ	0	full browser	no	parts:フル+ブラウザ		0.0	3.3	0.3
プロテスト	0	protest	no	jmdict		0.0	3.3	5.1
ペダーセン	0		no	none		0.0	3.3	1.2
ボム	0	bomb	no	jmdict		0.0	3.3	11.8
ポメラ	0		no	none		0.0	3.3	0.1
マッケンナ	0		no	none		0.0	3.3	0.6
マリオ	0		no	none		0.0	3.3	32.0
マレー	0	malaya	no	jmdict		0.0	3.3	20.1
マレー	1	malay;malayan	no	jmdict		0.0	3.3	20.1
マーシュ	0	corn salad;lamb's lettuce	no	jmdict	fre	0.0	3.3	3.4
ミニタワー	0	mini tower	yes	jmdict		0.0	3.3	0.1
メモリマップトファイル	0		no	none		0.0	3.3	0.0
メモリワード	0	memory word	no	parts:メモリ+ワード		0.0	3.3	0.0
レジ	0	register	no	jmdict		0.0	3.3	3.7
レジ	1	checkout;cashier	no	jmdict		0.0	3.3	3.7
クリニック	0	clinic	no	jmdict		2.3	1.0	17.5
クリニック	1	workshop	no	jmdict		2.3	1.0	17.5
パージ	0	purging	yes	jmdict		2.3	1.0	1.6
パージ	1	purge	no	jmdict		2.3	1.0	1.6
ラテラル	0	lateral	no	jmdict		2.3	1.0	1.2
アイスランド	0	iceland	no	jmdict		0.7	2.6	15.3
ウイルススキャン	0	virus scan	no	parts:ウイルス+スキャン		0.7	2.6	0.0
エクセレント	0	excellent	no	jmdict		0.7	2.6	2.6
スクープ	0	scoop	no	jmdict		0.7	2.6	12.2
ハクティビスト	0	hacktivist	no	jmdict		0.7	2.6	0.1
ライオン	0	lion	no	jmdict		0.7	2.6	31.7
マイクロセカンド	0	microsecond	no	jmdict		3.0	0.3	0.0
クロップ	0	crop	yes	jmdict		2.1	1.2	1.5
メインメニュー	0	main menu	yes	jmdict		2.1	1.2	0.2
エレクション	0	erection	no	jmdict		0.5	2.8	11.6
エレクション	1	election	no	jmdict		0.5	2.8	11.6
オーディション	0	audition	no	jmdict		0.5	2.8	57.0
ニッケル	0	nickel	no	jmdict		0.5	2.8	7.3
サブパート	0	sub part	no	parts:サブ+パート		2.7	0.5	0.0
シェバン	0		no	none		2.7	0.5	0.0
コスプレ	0	cosplay	no	jmdict		0.2	3.0	19.4
シナジー	0	synergy	no	jmdict		0.2	3.0	1.7
シューズ	0	shoes	no	jmdict		0.2	3.0	6.7
トランスレーション	0	translation	no	jmdict		0.2	3.0	0.3
ニュークリア	0	nuclear	no	jmdict		0.2	3.0	14.1
パーティシペーション	0	participation	no	jmdict		0.2	3.0	1.2
フランソワ	0		no	none		0.2	3.0	18.1
ブレークスルー	0	breakthrough	no	jmdict		0.2	3.0	1.8
ベルト	0	belt	no	jmdict		0.2	3.0	26.1
ベルト	1	belt;zone;area	no	jmdict		0.2	3.0	26.1
メース	0	mace	no	jmdict		0.2	3.0	0.6
ユーザビリティテスト	0		no	none		0.2	3.0	0.0
リタイア	0	retirement	no	jmdict		0.2	3.0	14.1
リタイア	1	retiring;dropping out	no	jmdict		0.2	3.0	14.1
レパートリ	0	repertoire;repertory	no	jmdict		0.2	3.0	0.1
ドリー	0	dolly	no	jmdict		2.5	0.7	6.5
アライブ	0	alive	no	jmdict		0.9	2.3	5.2
アライブ	1	to arrive	no	jmdict		0.9	2.3	5.2
セコンダリー	0	secondary	no	jmdict		0.9	2.3	2.0
オフセットパス	0	offset passing	no	parts:オフセット+パス		3.2	0.0	0.0
カスタムマッチャー	0		no	none		3.2	0.0	0.0
サイバーセキュリ	0		no	none		3.2	0.0	0.0
サブインタプリタ	0		no	none		3.2	0.0	0.0
ジェ	0	japan	no	jmdict		3.2	0.0	0.4
ジェ	1	joule	no	jmdict		3.2	0.0	0.4
ジェ	2	jack	no	jmdict		3.2	0.0	0.4
ジェ	3	tatami mat	no	jmdict		3.2	0.0	0.4
ジェ	4	japan professional football league	no	jmdict		3.2	0.0	0.4
データデスクリプタ	0	data descriptor	no	parts:データ+デスクリプタ		3.2	0.0	0.0
フィクスチャファイル	0	fixture file	no	parts:フィクスチャ+ファイル		3.2	0.0	0.0
メタパス	0	meta passing	no	parts:メタ+パス		3.2	0.0	0.0
メモブロック	0	note block	no	parts:メモ+ブロック		3.2	0.0	0.0
メモリビュー	0	memory view	no	parts:メモリ+ビュー		3.2	0.0	0.0
メント	0		no	none		3.2	0.0	0.2
リクエストパス	0	request passing	no	parts:リクエスト+パス		3.2	0.0	0.0
リケーション	0		no	none		3.2	0.0	0.0
ルビレイアウトモジュール	0	ruby layout module	no	parts:ルビ+レイアウト+モジュール		3.2	0.0	0.0
ロトコル	0		no	none		3.2	0.0	0.0
アイバン	0		no	none		0.0	3.2	1.2
アルフレッド	0		no	none		0.0	3.2	12.3
アーント	0	aunt	no	jmdict		0.0	3.2	0.6
イラストレーテッド	0		no	none		0.0	3.2	10.2
イングリッド	0	in grid	no	parts:イン+グリッド		0.0	3.2	3.0
ウィラメット	0		no	none		0.0	3.2	1.2
カバード	0		no	none		0.0	3.2	1.3
サイクルタイム	0	cycle time	no	jmdict		0.0	3.2	0.1
サイバートラスト	0		no	none		0.0	3.2	0.1
サール	0		no	none		0.0	3.2	2.1
シャイム	0		no	none		0.0	3.2	0.1
シュナイアー	0		no	none		0.0	3.2	0.1
ジャイアンツ	0	giants	no	jmdict		0.0	3.2	24.6
ジャイアンツ	1	giant	no	jmdict		0.0	3.2	24.6
スイッツランド	0		no	none		0.0	3.2	2.6
ソネット	0	sonnet	no	jmdict		0.0	3.2	2.1
ソネット	1	so-net	no	jmdict		0.0	3.2	2.1
ダイン	0	dyne	no	jmdict		0.0	3.2	2.4
ダウンサイジング	0	downsizing	no	jmdict		0.0	3.2	0.7
ダウンサイジング	1	switching from mainframe to personal computers	yes	jmdict		0.0	3.2	0.7
チタン	0	titanium	no	jmdict	ger,grc	0.0	3.2	5.2
チタン	1	titan	no	jmdict	ger,grc	0.0	3.2	5.2
デラックス	0	deluxe	no	jmdict		0.0	3.2	20.2
ナローバンド	0	narrowband	no	jmdict		0.0	3.2	0.1
パナファコム	0		no	none		0.0	3.2	0.1
パラダイス	0	paradise	no	jmdict		0.0	3.2	34.8
ヒップ	0	hips;buttocks;backside	no	jmdict		0.0	3.2	8.2
ヒップ	1	hip;trendy;cool;with it	no	jmdict		0.0	3.2	8.2
ヒリス	0		no	none		0.0	3.2	0.2
ビーズ	0	beads	no	jmdict		0.0	3.2	5.4
プレストン	0		no	none		0.0	3.2	5.2
ベンダーロックイン	0	vendor lock-in	no	jmdict		0.0	3.2	0.1
ペレンズ	0		no	none		0.0	3.2	0.1
ホームズ	0	homes	no	jmdict		0.0	3.2	16.4
ポラード	0		no	none		0.0	3.2	1.4
マンハッタン	0	manhattan	no	jmdict		0.0	3.2	16.0
ラスキン	0		no	none		0.0	3.2	0.9
レスレクション	0		no	none		0.0	3.2	1.4
シンセティック	0	synthetic	no	jmdict		0.7	2.5	1.6
スマイル	0	smile	no	jmdict		0.7	2.5	31.3
コンカレンシー	0		no	none		3.0	0.2	0.0
サニタイザ	0	hand sanitizer;disinfectant;antiseptic;germicide	no	jmdict		3.0	0.2	0.0
サニタイザ	1	disinfectant dispenser	no	jmdict		3.0	0.2	0.0
デバッグログ	0	debugging log	no	parts:デバッグ+ログ		3.0	0.2	0.0
ストライド	0	stride	no	jmdict		2.1	1.1	1.7
カザフスタン	0	kazakhstan	no	jmdict		0.5	2.7	11.8
デベロッパ	0	developer	no	jmdict		0.5	2.7	0.1
ブラッシュ	0	brush	no	jmdict		0.5	2.7	1.8
ヘリコプター	0	helicopter	no	jmdict		0.5	2.7	29.9
モットー	0	motto	no	jmdict		0.5	2.7	7.4
ワニス	0	varnish	no	jmdict		0.5	2.7	0.5
インテンシブ	0	intensive	no	jmdict		0.2	2.9	0.6
エリアジング	0		no	none		0.2	2.9	0.1
シダー	0	fern;fernery	no	jmdict		0.2	2.9	1.3
ジョー	0	jaw	no	jmdict		0.2	2.9	48.6
トライアングル	0	triangle	no	jmdict		0.2	2.9	8.2
トルク	0	torque	no	jmdict		0.2	2.9	11.3
パーソナライゼーション	0		no	none		0.2	2.9	0.1
ペアプログラミング	0	pair programming	no	parts:ペア+プログラミング		0.2	2.9	0.0
マーチャント	0	merchant	no	jmdict		0.2	2.9	2.1
ミーリ	0		no	none		0.2	2.9	0.2
アル	0	two	no	jmdict		0.9	2.2	48.2
アル	1	be;is	no	jmdict		0.9	2.2	48.2
ヘラー	0	spatula;tracing spatula;pallet	no	jmdict		0.9	2.2	2.0
ヘラー	1	japanese crucian carp	no	jmdict		0.9	2.2	2.0
ヘラー	2	hera	no	jmdict		0.9	2.2	2.0
リブランディング	0	rebranding	no	jmdict		0.9	2.2	0.5
アクティ	0		no	none		0.0	3.1	1.4
アダプテック	0		no	none		0.0	3.1	0.0
アリソン	0		no	none		0.0	3.1	8.3
インシュアランス	0	insurance	no	jmdict		0.0	3.1	2.4
インラインアセンブラ	0	in-line assembler	no	parts:インライン+アセンブラ		0.0	3.1	0.0
ウォータールー	0		no	none		0.0	3.1	1.7
エアクラフト	0	aircraft	no	jmdict		0.0	3.1	14.3
オペアンプ	0	op-amp;operational amplifier	no	jmdict		0.0	3.1	0.4
オムニ	0		no	none		0.0	3.1	1.4
オンキヨー	0		no	none		0.0	3.1	0.7
カハン	0		no	none		0.0	3.1	0.1
カーソン	0		no	none		0.0	3.1	4.5
キャンサー	0	cancer	no	jmdict		0.0	3.1	14.3
キースイッチ	0	key switch	no	parts:キー+スイッチ		0.0	3.1	0.1
クローフォード	0		no	none		0.0	3.1	2.7
コーラル	0	coral	no	jmdict		0.0	3.1	3.4
コーラル	1	choral	no	jmdict		0.0	3.1	3.4
シブヤ	0		no	none		0.0	3.1	16.1
シャンハイ	0	shanghai	no	jmdict		0.0	3.1	4.3
シュート	0	shooting;shot	no	jmdict		0.0	3.1	27.2
シュート	1	shuuto;shootball	no	jmdict		0.0	3.1	27.2
シュート	2	shoot	no	jmdict		0.0	3.1	27.2
シュート	3	chute	no	jmdict		0.0	3.1	27.2
シンビアン	0		no	none		0.0	3.1	0.1
セットアソシアティブ	0		no	none		0.0	3.1	0.0
タクティカル	0	tactical	no	jmdict		0.0	3.1	3.1
チャイ	0	chai;masala chai	no	jmdict	hin	0.0	3.1	1.3
チャージング	0	charging	no	jmdict		0.0	3.1	0.7
テレックス	0	telex;teletypewriter exchange	no	jmdict		0.0	3.1	0.4
テーゼ	0	thesis;statement	no	jmdict	ger	0.0	3.1	1.9
デュアルコアプロセッサ	0		no	none		0.0	3.1	0.1
デンバー	0	denver	no	jmdict		0.0	3.1	8.9
データバンク	0	data bank;databank	yes	jmdict		0.0	3.1	7.1
トムリンソン	0		no	none		0.0	3.1	0.5
ドラフティング	0		no	none		0.0	3.1	0.3
ニューズウィーク	0	newsweek	no	jmdict		0.0	3.1	3.1
ネオコグニトロン	0		no	none		0.0	3.1	0.0
ネグロポンテ	0		no	none		0.0	3.1	0.2
ノイズリダクション	0	noise reduction	no	jmdict		0.0	3.1	0.3
ハイクオリティー	0	high quality	no	jmdict		0.0	3.1	0.6
ハイプ	0		no	none		0.0	3.1	1.0
パラゴン	0		no	none		0.0	3.1	0.3
ヒューマニティー	0	humanity	no	jmdict		0.0	3.1	1.8
ビルボード	0	billboard	no	jmdict		0.0	3.1	101.7
フェイシャル	0	facial	no	jmdict		0.0	3.1	0.9
フリードリヒ	0		no	none		0.0	3.1	39.6
ブッシュネル	0		no	none		0.0	3.1	0.7
ブラックベリー	0	blackberry	no	jmdict		0.0	3.1	0.4
ブラッドリー	0		no	none		0.0	3.1	5.3
プルアップ	0	pull-up;chin-up	no	jmdict		0.0	3.1	0.1
プルアップ	1	pull-up;hauling up;pulling up	no	jmdict		0.0	3.1	0.1
プルアップ	2	stopping;pulling up	no	jmdict		0.0	3.1	0.1
プルアップ	3	pulling up;increasing altitude	no	jmdict		0.0	3.1	0.1
ホラー	0	horror	no	jmdict		0.0	3.1	33.4
ボス	0	boss;leader;head	no	jmdict		0.0	3.1	45.3
ボス	1	boss	no	jmdict		0.0	3.1	45.3
ユートピア	0	utopia	no	jmdict		0.0	3.1	6.7
ラッフル	0	ruffle	no	jmdict		0.0	3.1	0.1
ラトリフ	0		no	none		0.0	3.1	0.3
ラーソン	0		no	none		0.0	3.1	2.6
ロドリゲス	0		no	none		0.0	3.1	14.2
ポー	0	portugal	no	jmdict		2.3	0.8	8.1
ポー	1	point	no	jmdict		2.3	0.8	8.1
エグザム	0		no	none		0.7	2.4	0.8
ダンボール	0	cardboard	no	jmdict		0.7	2.4	5.5
ダンボール	1	cardboard box;carton	no	jmdict		0.7	2.4	5.5
チェリー	0	cherry	no	jmdict		0.7	2.4	9.7
バックグラウンドプロセス	0	background process	yes	jmdict		0.7	2.4	0.0
ング	0		no	none		3.0	0.1	0.6
パレスチナ	0	palestine	no	jmdict	lat	2.1	1.0	20.6
ケルシー	0		no	none		0.5	2.6	1.3
データサイエンティスト	0	data scientist	no	jmdict		0.5	2.6	0.1
フルセット	0	full set	no	jmdict		0.5	2.6	2.4
パンニング	0	panning	no	jmdict		2.7	0.3	0.1
ファイルデスクリプタ	0	file descriptor	no	parts:ファイル+デスクリプタ		2.7	0.3	0.0
アンデルス	0		no	none		0.2	2.8	2.2
エース	0	ace	no	jmdict		0.2	2.8	61.0
エース	1	ace;leading player;ace pitcher	no	jmdict		0.2	2.8	61.0
エース	2	ace;hotshot;top dog;top hand;wunderkind	no	jmdict		0.2	2.8	61.0
カラ	0	emptiness;being empty	no	jmdict		0.2	2.8	4.6
カラ	1	not carrying anything;unburdened;empty-handed	no	jmdict		0.2	2.8	4.6
カラ	2	dishonoured;false;no-show;put-on;empty;insincere	no	jmdict		0.2	2.8	4.6
キビバイト	0		no	none		0.2	2.8	0.1
コードレス	0	cordless	no	jmdict		0.2	2.8	0.8
シープ	0	sheep	no	jmdict		0.2	2.8	3.1
セールスポイント	0	selling point	no	jmdict		0.2	2.8	0.7
チャン	0	asphalt;bitumen	no	jmdict		0.2	2.8	25.4
チャン	1	counter for games of mahjong	no	jmdict		0.2	2.8	25.4
ホイットニー	0		no	none		0.2	2.8	6.9
ラチェット	0	ratchet;toothed wheel	no	jmdict		0.2	2.8	2.6
アパレル	0	apparel	no	jmdict		0.9	2.1	7.4
インコンプリート	0	incomplete	no	jmdict		0.9	2.1	0.5
アウフ	0		no	none		0.0	3.0	8.8
アッカーマン	0		no	none		0.0	3.0	1.8
アドレスブック	0	address book	no	parts:アドレス+ブック		0.0	3.0	0.1
アムス	0	amsterdam	no	jmdict		0.0	3.0	0.3
アルダス	0		no	none		0.0	3.0	0.1
インターシル	0	intersil	no	jmdict		0.0	3.0	0.1
ウィジェットエンジン	0	widget engine	no	parts:ウィジェット+エンジン		0.0	3.0	0.0
オペレーションズ	0	operations	no	jmdict		0.0	3.0	1.2
オルト	0	ortho	no	jmdict		0.0	3.0	2.1
オーケストラ	0	orchestra	no	jmdict		0.0	3.0	49.3
オード	0	ode	no	jmdict		0.0	3.0	2.3
カタログスペック	0	catalog spec	yes	jmdict		0.0	3.0	0.3
カッパー	0	kappa	no	jmdict		0.0	3.0	2.0
カッパー	1	copper	no	jmdict		0.0	3.0	2.0
カノープス	0	canopus;alpha carinae	no	jmdict		0.0	3.0	0.5
ガオ	0	roar;sound made by monsters	no	jmdict		0.0	3.0	2.8
キリング	0	killing	no	jmdict		0.0	3.0	7.3
クロアチア	0	croatia	no	jmdict		0.0	3.0	27.2
クワイン	0	quine;self-replicating program	yes	jmdict		0.0	3.0	0.6
グイド	0		no	none		0.0	3.0	1.7
ケージ	0	cage	no	jmdict		0.0	3.0	10.0
コアネットワーク	0	core network	no	parts:コア+ネットワーク		0.0	3.0	0.1
サブカルチャー	0	subculture	no	jmdict		0.0	3.0	3.7
ザイル	0	climbing rope	no	jmdict	ger	0.0	3.0	0.7
シャフト	0	shaft;axle	no	jmdict		0.0	3.0	6.8
シャフト	1	shaft	no	jmdict		0.0	3.0	6.8
シャフト	2	mine shaft;pit	no	jmdict		0.0	3.0	6.8
シラブル	0	syllable	no	jmdict		0.0	3.0	0.2
シンピュータ	0		no	none		0.0	3.0	0.0
シーケンスペア	0		no	none		0.0	3.0	0.0
ジェイソン	0		no	none		0.0	3.0	14.2
ジョーダン	0		no	none		0.0	3.0	12.2
ストリーマー	0	tape streamer	yes	jmdict		0.0	3.0	1.9
ストリーマー	1	streamer;live streamer	no	jmdict		0.0	3.0	1.9
ストリーマー	2	streamer fly	no	jmdict		0.0	3.0	1.9
ストーリーボード	0	storyboard	no	jmdict		0.0	3.0	0.8
スニーク	0		no	none		0.0	3.0	0.6
スーパーインポーズ	0	subtitles;telop	no	jmdict		0.0	3.0	0.2
ダイエッター	0		no	none		0.0	3.0	2.3
ダブリン	0	dublin	no	jmdict		0.0	3.0	9.3
テクスチュアル	0		no	none		0.0	3.0	0.3
テトリス	0	tetris	no	jmdict		0.0	3.0	3.0
テレビドラマ	0	television series;teledrama;television drama;television play;video drama	no	jmdict		0.0	3.0	92.3
ディスカウント	0	discount	no	jmdict		0.0	3.0	1.2
トラス	0	truss	no	jmdict		0.0	3.0	5.7
トラッド	0	traditional;trad	no	jmdict		0.0	3.0	1.6
トラッド	1	traditional jazz;trad jazz;dixieland jazz	no	jmdict		0.0	3.0	1.6
ネッシー	0	nessie	no	jmdict		0.0	3.0	0.8
ノーマリゼーション	0	normalization;offering people with disabilities the same conditions as other people	no	jmdict		0.0	3.0	0.5
ハインツ	0		no	none		0.0	3.0	8.0
ハッシュタグ	0	hashtag	no	jmdict		0.0	3.0	3.3
ハバード	0		no	none		0.0	3.0	2.5
ハードコア	0	hardcore	no	jmdict		0.0	3.0	4.8
ハードコア	1	hardcore pornography	no	jmdict		0.0	3.0	4.8
ハードコア	2	hard core	no	jmdict		0.0	3.0	4.8
パーキンズ	0		no	none		0.0	3.0	4.5
ビジョナリー	0	visionary;person with acumen	no	jmdict		0.0	3.0	0.9
フィッツ	0		no	none		0.0	3.0	3.4
フィボナッチヒープ	0		no	none		0.0	3.0	0.0
フェルナンド	0		no	none		0.0	3.0	24.2
フォリエイト	0		no	none		0.0	3.0	0.0
プリンストン	0		no	none		0.0	3.0	2.3
ペーパーレス	0	paperless	no	jmdict		0.0	3.0	0.2
ポケットブック	0	pocketbook	no	jmdict		0.0	3.0	0.5
メトロポリタン	0	metropolitan	no	jmdict		0.0	3.0	17.2
ヤード	0	yard	no	jmdict		0.0	3.0	28.7
ユニティ	0	unity	no	jmdict		0.0	3.0	1.2
ヨーガ	0	yoga	no	jmdict	san	0.0	3.0	8.7
ランダウ	0		no	none		0.0	3.0	1.2
ランダムアクセスメモリー	0	random access memory;ram	yes	jmdict		0.0	3.0	0.0
リギン	0	rigging	no	jmdict		0.0	3.0	0.3
リギン	1	rigging;gear;tackle	no	jmdict		0.0	3.0	0.3
リブ	0	rib	no	jmdict		0.0	3.0	2.5
リブ	1	women's lib;women's liberation	no	jmdict		0.0	3.0	2.5
リメーク	0	remake	no	jmdict		0.0	3.0	26.4
リングイスティック	0		no	none		0.0	3.0	1.8
ヴェルテ	0		no	none		0.0	3.0	0.3
アクセントカラー	0	accent color	no	parts:アクセント+カラー		2.3	0.7	0.2
コンテ	0	storyboard	no	jmdict		2.3	0.7	36.2
リライト	0	rewrite	no	jmdict		2.3	0.7	1.2
キオスク	0	kiosk	no	jmdict		0.7	2.3	2.2
コアライブラリ	0		no	none		0.7	2.3	0.0
セーバー	0		no	none		0.7	2.3	1.2
ノックアウト	0	knockout	no	jmdict		0.7	2.3	7.0
リベース	0		no	none		0.7	2.3	0.0
キーカラム	0		no	none		3.0	0.0	0.0
コンフィグデータ	0	config data	no	parts:コンフィグ+データ		3.0	0.0	0.0
サブリクエスト	0	sub request	no	parts:サブ+リクエスト		3.0	0.0	0.0
トウェア	0		no	none		3.0	0.0	0.0
バッチング	0		no	none		3.0	0.0	0.0
マスアサインメント	0	mass assignment	no	parts:マス+アサインメント		3.0	0.0	0.0
ミューテート	0		no	none		3.0	0.0	0.0
プリプロセス	0		no	none		2.1	0.9	0.0
アンドレ	0		no	none		0.5	2.5	19.4
コードセット	0	code set	no	jmdict		0.5	2.5	0.0
コードセット	1	cord set	no	jmdict		0.5	2.5	0.0
サービスイン	0	service in	no	parts:サービス+イン		0.5	2.5	0.8
スーパーマーケット	0	supermarket	no	jmdict		0.5	2.5	14.3
バーカー	0		no	none		0.5	2.5	3.2
ペイメント	0	payment	no	jmdict		0.5	2.5	0.7
アップリンク	0	uplink	yes	jmdict		0.2	2.7	1.5
アフガニスタン	0	afghanistan	no	jmdict		0.2	2.7	21.5
インサイト	0	insight	no	jmdict		0.2	2.7	1.5
コヒーレンス	0	coherence	no	jmdict		0.2	2.7	0.4
コンペア	0	comparison;comparing	no	jmdict		0.2	2.7	0.0
シャトル	0	shuttlecock	no	jmdict		0.2	2.7	11.7
シャトル	1	shuttle service	no	jmdict		0.2	2.7	11.7
シャトル	2	shuttle	no	jmdict		0.2	2.7	11.7
シャトル	3	space shuttle	no	jmdict		0.2	2.7	11.7
タイムラグ	0	time lag	no	jmdict		0.2	2.7	1.0
ターニング	0	turning;revolution;rotation	no	jmdict		0.2	2.7	1.8
ディシプリン	0	discipline;training	no	jmdict		0.2	2.7	1.1
ディシプリン	1	discipline	no	jmdict		0.2	2.7	1.1
デフコン	0	defcon;defense readiness condition	no	jmdict		0.2	2.7	0.2
ニュートラル	0	neutral	no	jmdict		0.2	2.7	1.4
パット	0	putt	no	jmdict		0.2	2.7	8.3
パット	1	pad;padding	no	jmdict		0.2	2.7	8.3
パット	2	pad	no	jmdict		0.2	2.7	8.3
パット	3	gamepad	no	jmdict		0.2	2.7	8.3
パット	4	pat;patting	no	jmdict		0.2	2.7	8.3
ファサード	0	facade	no	jmdict	fre	0.2	2.7	3.2
ヘクター	0		no	none		0.2	2.7	3.4
アイネ	0		no	none		0.0	2.9	4.8
アミノ	0	amino	no	jmdict		0.0	2.9	15.5
インスティンクト	0	instinct	no	jmdict		0.0	2.9	0.7
インパクトプリンター	0	impact printer	no	jmdict		0.0	2.9	0.1
ウォン	0	won	no	jmdict	kor	0.0	2.9	13.2
ウォンテッドリー	0		no	none		0.0	2.9	0.1
エイセス	0		no	none		0.0	2.9	2.4
エデン	0	eden	no	jmdict		0.0	2.9	7.0
オクタコア	0		no	none		0.0	2.9	0.1
オートノミー	0	autonomy	no	jmdict		0.0	2.9	0.9
オールマン	0		no	none		0.0	2.9	1.0
カテゴリカル	0		no	none		0.0	2.9	0.2
カービュー	0		no	none		0.0	2.9	0.2
ギリース	0		no	none		0.0	2.9	0.1
クルティス	0		no	none		0.0	2.9	2.6
クールノー	0		no	none		0.0	2.9	0.1
コルト	0	colt	no	jmdict		0.0	2.9	5.4
シアノゲン	0		no	none		0.0	2.9	0.1
システムソフト	0	system soft	no	parts:システム+ソフト		0.0	2.9	0.5
シャーマン	0	shaman	no	jmdict		0.0	2.9	9.9
ダメラウ	0		no	none		0.0	2.9	0.0
テラビット	0		no	none		0.0	2.9	0.1
ドスパラ	0		no	none		0.0	2.9	0.2
ニポニカ	0		no	none		0.0	2.9	8.0
ハラルド	0		no	none		0.0	2.9	2.9
ハーツフェルド	0		no	none		0.0	2.9	0.1
バスパワー	0	bus power	no	parts:バス+パワー		0.0	2.9	0.1
ファクタリング	0	factoring	no	jmdict		0.0	2.9	0.3
フィックスターズ	0		no	none		0.0	2.9	0.0
フィフティー	0	fifty	no	jmdict		0.0	2.9	3.5
ブリュー	0		no	none		0.0	2.9	1.3
プアー	0	poor	no	jmdict		0.0	2.9	3.0
ヘア	0	hair	no	jmdict		0.0	2.9	8.2
ヘア	1	pubic hair	no	jmdict		0.0	2.9	8.2
ベースクロック	0	base clock	no	parts:ベース+クロック		0.0	2.9	0.0
ボイスチャット	0	voice chat	no	jmdict		0.0	2.9	0.3
マイナーバージョンアップ	0	minor upgrade	yes	jmdict		0.0	2.9	0.1
マニュスクリプト	0	manuscript	no	jmdict		0.0	2.9	1.1
マーカス	0		no	none		0.0	2.9	6.3
ミシン	0	sewing machine	no	jmdict		0.0	2.9	2.7
ミッチ	0		no	none		0.0	2.9	2.0
ミムズ	0		no	none		0.0	2.9	0.3
ユニケージ	0		no	none		0.0	2.9	0.0
ユニットコム	0		no	none		0.0	2.9	0.2
ラストワンマイル	0	last one mile;last mile	yes	jmdict		0.0	2.9	0.2
レトロニム	0	retronym	no	jmdict		0.0	2.9	0.2
レンジャー	0	ranger	no	jmdict		0.0	2.9	23.8
ワイゼンバウム	0		no	none		0.0	2.9	0.1
ワンダー	0	wonder	no	jmdict		0.0	2.9	15.4
アプルーブ	0	to approve	no	jmdict		2.3	0.6	0.4
コンピュートパイプライン	0		no	none		2.3	0.6	0.0
ログエントリ	0		no	none		2.3	0.6	0.0
ピアレビュー	0	peer review	no	parts:ピア+レビュー		0.7	2.2	0.1
フルスクリーンモード	0	full screen mode	no	parts:フルスクリーン+モード		0.7	2.2	0.0
プライバシーマーク	0	privacy mark	no	parts:プライバシー+マーク		0.7	2.2	0.8
レジューム	0	resume	yes	jmdict		0.7	2.2	0.1
ワール	0		no	none		2.1	0.8	1.9
オンサイト	0	on-site	no	jmdict		0.5	2.4	0.3
カスタマ	0	customer	no	jmdict		0.5	2.4	0.1
サウジアラビア	0	saudi arabia	no	jmdict		0.5	2.4	15.3
セルビア	0	serbia	no	jmdict		0.5	2.4	29.5
ネック	0	neck	no	jmdict		0.5	2.4	6.9
ネック	1	bottleneck;obstruction	no	jmdict		0.5	2.4	6.9
ネック	2	neckline	no	jmdict		0.5	2.4	6.9
ミステリアス	0	mysterious	no	jmdict		0.5	2.4	4.6
エンティティタグ	0		no	none		2.7	0.1	0.0
ネステッド	0		no	none		2.7	0.1	0.0
モジュールバンドラー	0		no	none		2.7	0.1	0.0
ウォリアー	0	warrior	no	jmdict		0.2	2.6	5.3
オクルージョン	0		no	none		0.2	2.6	0.3
セクレタリー	0	secretary	no	jmdict		0.2	2.6	6.1
ヒープソート	0	heap sorting	no	parts:ヒープ+ソート		0.2	2.6	0.0
ピーチ	0	peach	no	jmdict		0.2	2.6	7.7
フォート	0		no	none		0.2	2.6	9.7
ヘイト	0	hate	no	jmdict		0.2	2.6	6.1
ヘイト	1	hate crime;hate speech;racism;racially motivated hate	no	jmdict		0.2	2.6	6.1
ヘイト	2	hate;threat;aggro;attention from an enemy	no	jmdict		0.2	2.6	6.1
マンション	0	condominium;apartment building;apartment house;block of flats;apartment;flat	no	jmdict		0.2	2.6	33.5
ロジスティックス	0	logistics	no	jmdict		0.2	2.6	5.5
アップルップル	0		no	none		2.5	0.3	0.0
ソフ	0		no	none		2.5	0.3	0.5
ログレコード	0	log record	no	parts:ログ+レコード		2.5	0.3	0.0
アイフォー	0	dyer's knotweed four	no	parts:アイ+フォー		0.0	2.8	0.1
アウトオブオーダー	0	out of order	no	parts:アウト+オブ+オーダー		0.0	2.8	0.0
アスク	0	aske	no	jmdict		0.0	2.8	2.0
アスク	1	ask corporation	no	jmdict		0.0	2.8	2.0
アタナソフ	0		no	none		0.0	2.8	0.2
アルパカ	0	alpaca	no	jmdict		0.0	2.8	1.0
アンスティチュ	0		no	none		0.0	2.8	3.8
アービング	0		no	none		0.0	2.8	6.3
エアコン	0	air conditioner;air conditioning;aircon	no	jmdict		0.0	2.8	6.7
エルビス	0		no	none		0.0	2.8	4.9
エンカルタ	0		no	none		0.0	2.8	0.1
オゾン	0	ozone	no	jmdict		0.0	2.8	2.9
オタク	0	otaku;geek;nerd;enthusiast	no	jmdict		0.0	2.8	11.7
カタルーニャ	0	catalonia	no	jmdict	spa	0.0	2.8	11.9
ガルーダ	0		no	none		0.0	2.8	2.1
ガールズ	0	girls;women	no	jmdict		0.0	2.8	111.5
キャプティブ	0	captive	no	jmdict		0.0	2.8	0.7
キュート	0	cute	no	jmdict		0.0	2.8	7.9
キルバーン	0		no	none		0.0	2.8	0.4
クラッター	0		no	none		0.0	2.8	0.2
ゲームメーカー	0	game developer	no	jmdict		0.0	2.8	1.7
コミッショナー	0	commissioner	no	jmdict		0.0	2.8	5.4
コンラート	0		no	none		0.0	2.8	4.8
コーラ	0	cola	no	jmdict		0.0	2.8	12.7
コーラ	1	kola tree;cola tree	no	jmdict		0.0	2.8	12.7
サイマル	0		no	none		0.0	2.8	4.8
サーティース	0		no	none		0.0	2.8	7.9
ザウィンスキー	0		no	none		0.0	2.8	0.0
ショールーム	0	showroom	no	jmdict		0.0	2.8	11.9
スパイラル	0	spiral	no	jmdict		0.0	2.8	4.9
センサス	0	census	no	jmdict		0.0	2.8	37.7
タイラー	0	tayra	no	jmdict		0.0	2.8	8.6
タンデムコンピューターズ	0		no	none		0.0	2.8	0.1
デジタルホーディング	0		no	none		0.0	2.8	0.0
トラクター	0	tractor	no	jmdict		0.0	2.8	5.0
トリンブル	0		no	none		0.0	2.8	0.6
ニアバイシェア	0		no	none		0.0	2.8	0.0
ノースロップ	0		no	none		0.0	2.8	1.7
バーン	0	barn	no	jmdict		0.0	2.8	17.3
バーン	1	road	no	jmdict		0.0	2.8	17.3
バーン	2	with a bang;with a bam;with a wham	no	jmdict		0.0	2.8	17.3
パウエル	0		no	none		0.0	2.8	9.4
ビバ	0	viva	no	jmdict	ita	0.0	2.8	6.8
ファセット	0	facet	no	jmdict		0.0	2.8	0.6
ファーガソン	0		no	none		0.0	2.8	5.5
フェルゼンシュタイン	0		no	none		0.0	2.8	0.2
フリーミアム	0	freemium	no	jmdict		0.0	2.8	0.1
プランゲ	0		no	none		0.0	2.8	0.5
プレディクター	0		no	none		0.0	2.8	0.2
ペダル	0	pedal	no	jmdict		0.0	2.8	9.1
ペリスコープ	0	periscope	no	jmdict		0.0	2.8	0.7
ホロライブ	0		no	none		0.0	2.8	6.6
マーチング	0	marching	no	jmdict		0.0	2.8	3.4
マーティー	0		no	none		0.0	2.8	0.6
ミゲル	0		no	none		0.0	2.8	8.3
ミリアド	0	millimetre ad	no	parts:ミリ+アド		0.0	2.8	0.2
ミルク	0	milk	no	jmdict		0.0	2.8	20.2
ミルク	1	infant formula;formula;baby milk	no	jmdict		0.0	2.8	20.2
ミルク	2	condensed milk	no	jmdict		0.0	2.8	20.2
メガヘルツ	0	megahertz;mhz	no	jmdict		0.0	2.8	0.2
メドー	0	aim;goal	no	jmdict		0.0	2.8	1.5
メドー	1	prospect;outlook	no	jmdict		0.0	2.8	1.5
メルコ	0		no	none		0.0	2.8	0.3
ユニスワップ	0		no	none		0.0	2.8	0.0
ラブレース	0	love race	no	parts:ラブ+レース		0.0	2.8	0.3
リンドバーグ	0		no	none		0.0	2.8	1.7
レゾナンス	0	resonance	no	jmdict		0.0	2.8	2.7
ログオフ	0	logoff	yes	jmdict		0.0	2.8	0.1
アリ	0	ant	no	jmdict		0.7	2.1	20.6
サポートセンター	0	support centre	no	jmdict		0.7	2.1	1.8
チャー	0		no	none		0.7	2.1	4.6
マイノリティー	0	minority	no	jmdict		0.7	2.1	4.1
マイノリティー	1	minority;minority group	no	jmdict		0.7	2.1	4.1
メロン	0	melon	no	jmdict		0.7	2.1	8.2
サービスエリア	0	service area;toll road rest stop;rest area	no	jmdict		2.1	0.7	7.4
スティミュラス	0		no	none		2.1	0.7	0.4
レプリケート	0		no	none		2.1	0.7	0.0
イスラム	0	islam	no	jmdict	ara	0.5	2.3	49.0
ハノイ	0	hanoi	no	jmdict		0.5	2.3	5.1
ウィジェットロール	0	widget roll	no	parts:ウィジェット+ロール		2.7	0.0	0.0
カスタムバリデーター	0		no	none		2.7	0.0	0.0
キュリティインシデント	0		no	none		2.7	0.0	0.0
コルーチンオブジェクト	0	coroutine object	no	parts:コルーチン+オブジェクト		2.7	0.0	0.0
サブブース	0	sub booth	no	parts:サブ+ブース		2.7	0.0	0.0
トワーク	0		no	none		2.7	0.0	0.0
ドメインシャーディング	0		no	none		2.7	0.0	0.0
バージョンスキュー	0		no	none		2.7	0.0	0.0
フェッチメタデータ	0	fetch metadata	no	parts:フェッチ+メタデータ		2.7	0.0	0.0
プリケーション	0		no	none		2.7	0.0	0.0
プロジェクトマ	0		no	none		2.7	0.0	0.0
ログイベント	0	log event	no	parts:ログ+イベント		2.7	0.0	0.0
ンテンツ	0		no	none		2.7	0.0	0.0
イースタン	0	eastern	no	jmdict		0.2	2.5	19.9
オーガナイズ	0	organize;organise	no	jmdict		0.2	2.5	0.4
カウンセル	0		no	none		0.2	2.5	0.7
コレスポンデンス	0	correspondence	no	jmdict		0.2	2.5	1.3
サブスクリプションサービス	0	subscription service	no	parts:サブスクリプション+サービス		0.2	2.5	0.9
スウェン	0		no	none		0.2	2.5	1.1
スタイリッシュ	0	stylish	no	jmdict		0.2	2.5	2.4
ソーシャルゲーム	0	mobile game	no	jmdict		0.2	2.5	2.6
ソーシャルゲーム	1	social network game	no	jmdict		0.2	2.5	2.6
データセクション	0	data section	no	parts:データ+セクション		0.2	2.5	0.0
トランスレータ	0	translator	no	jmdict		0.2	2.5	0.1
バイキング	0	viking	no	jmdict		0.2	2.5	11.3
バイキング	1	smorgasbord;buffet	no	jmdict		0.2	2.5	11.3
バイキング	2	smorgasbord;hodge-podge;wide range of something	no	jmdict		0.2	2.5	11.3
ブリーフィング	0	briefing	no	jmdict		0.2	2.5	1.9
プッシング	0	pushing	no	jmdict		0.2	2.5	0.6
プラザ	0	plaza	no	jmdict		0.2	2.5	41.5
ミュージカル	0	musical	no	jmdict		0.2	2.5	84.3
レック	0	lek;lekking	no	jmdict		0.2	2.5	9.4
レックス	0		no	none		0.2	2.5	7.8
バイオレント	0		no	none		2.5	0.2	1.8
アクシス	0	axis	no	jmdict		0.0	2.7	0.9
アスター	0	asterisk	no	jmdict		0.0	2.7	2.6
アバディーン	0		no	none		0.0	2.7	3.5
アレグロ	0	allegro	no	jmdict	ita	0.0	2.7	7.1
アレッサンドロ	0		no	none		0.0	2.7	7.8
ウィン	0	win;victory	no	jmdict		0.0	2.7	15.9
ウイット	0	wit	no	jmdict		0.0	2.7	4.4
ウイニング	0	winning	no	jmdict		0.0	2.7	6.0
ウェブスクレイピング	0	web scraping;web harvesting	yes	jmdict		0.0	2.7	0.0
エクスペディア	0		no	none		0.0	2.7	0.4
エモーション	0	emotion	no	jmdict		0.0	2.7	4.7
オマージュ	0	homage	no	jmdict	fre	0.0	2.7	7.6
オーサガナル	0		no	none		0.0	2.7	0.3
カジノ	0	casino	no	jmdict	fre	0.0	2.7	14.8
キャピタリスト	0	capitalist	no	jmdict		0.0	2.7	0.6
ギャップレス	0	gap reply	no	parts:ギャップ+レス		0.0	2.7	0.1
クロフト	0		no	none		0.0	2.7	1.5
グノーム	0		no	none		0.0	2.7	0.2
ゴジラ	0	godzilla	no	jmdict		0.0	2.7	81.4
ザウルス	0		no	none		0.0	2.7	2.9
シェーダーアーキテクチャ	0		no	none		0.0	2.7	0.0
シモニー	0		no	none		0.0	2.7	0.1
ショットガン	0	shotgun	no	jmdict		0.0	2.7	4.7
シルビオ	0		no	none		0.0	2.7	1.8
ジャガー	0	jaguar	no	jmdict		0.0	2.7	10.7
スキャッター	0		no	none		0.0	2.7	0.1
スクリーニング	0	screening	no	jmdict		0.0	2.7	2.4
スピーディー	0	speedy	no	jmdict		0.0	2.7	2.2
セイバー	0	saber	no	jmdict		0.0	2.7	10.9
セイバー	1	sabre	no	jmdict		0.0	2.7	10.9
ゼネラリスト	0	generalist	no	jmdict		0.0	2.7	0.4
チェット	0		no	none		0.0	2.7	1.7
チクレットキーボード	0		no	none		0.0	2.7	0.0
トゥー	0	two	no	jmdict		0.0	2.7	7.4
トップクラス	0	top-class	no	jmdict		0.0	2.7	5.8
ナノカーネル	0		no	none		0.0	2.7	0.0
ナノテクノロジー	0	nanotechnology	no	jmdict		0.0	2.7	1.8
ノルウェジアン	0		no	none		0.0	2.7	2.9
バートン	0		no	none		0.0	2.7	8.5
パデュー	0		no	none		0.0	2.7	0.8
パトロン	0	patron;patroness;financial supporter	no	jmdict		0.0	2.7	4.1
パトロン	1	sugar daddy;man who provides for a woman	no	jmdict		0.0	2.7	4.1
パトロン	2	patron;master;manager;boss	no	jmdict		0.0	2.7	4.1
パーナス	0		no	none		0.0	2.7	0.0
ビューワ	0	viewer	no	jmdict		0.0	2.7	0.2
ピストン	0	piston;plunger	no	jmdict		0.0	2.7	10.6
ファイステル	0		no	none		0.0	2.7	0.0
ファーミング	0	pharming	yes	jmdict		0.0	2.7	0.9
フェライトコア	0	ferrite core	yes	jmdict		0.0	2.7	0.1
フォトマスク	0	photomask	no	jmdict		0.0	2.7	0.2
フューリー	0		no	none		0.0	2.7	6.0
フール	0	fool	no	jmdict		0.0	2.7	4.8
ブライト	0		no	none		0.0	2.7	7.3
プリマス	0		no	none		0.0	2.7	3.7
ベージュ	0	beige	no	jmdict	fre	0.0	2.7	2.4
ペドル	0		no	none		0.0	2.7	0.1
ボンド	0	bond	no	jmdict		0.0	2.7	12.4
ボンド	1	adhesive;glue	no	jmdict		0.0	2.7	12.4
ボンド	2	bondo	no	jmdict		0.0	2.7	12.4
モナコイン	0		no	none		0.0	2.7	0.1
リップ	0	lip	no	jmdict		0.0	2.7	8.0
リップ	1	lip balm;lip salve;chapstick	no	jmdict		0.0	2.7	8.0
リップ	2	raster image processor;rip	yes	jmdict		0.0	2.7	8.0
リップ	3	routing information protocol;rip	yes	jmdict		0.0	2.7	8.0
リロケーション	0	relocation	no	jmdict		0.0	2.7	0.5
レオナルド	0		no	none		0.0	2.7	7.6
レッシグ	0		no	none		0.0	2.7	0.2
オリエント	0	orient	no	jmdict		2.3	0.4	8.7
コピーペースト	0	copy and paste	yes	jmdict		2.3	0.4	0.0
タイポ	0	typo;typographical error	no	jmdict		2.3	0.4	0.0
スタンザ	0	stanza	no	jmdict		2.1	0.6	0.7
スモールレター	0	small letter	no	parts:スモール+レター		2.1	0.6	0.0
プロポーザル	0	proposal	no	jmdict		2.1	0.6	1.1
オーガナイジング	0		no	none		0.5	2.2	0.7
クリアリー	0		no	none		0.5	2.2	0.7
スリランカ	0	sri lanka	no	jmdict		0.5	2.2	15.4
ドライブバイダウンロード	0	drive bye download	no	parts:ドライブ+バイ+ダウンロード		0.5	2.2	0.0
プロアクティブ	0	proactive	no	jmdict		0.5	2.2	0.2
プロセシング	0	processing	no	jmdict		0.5	2.2	0.6
メールフィルタリング	0	email filtering	no	parts:メール+フィルタリング		0.5	2.2	0.0
モディファイ	0	modify	no	jmdict		0.5	2.2	0.3
レッドウッド	0	red wood	no	parts:レッド+ウッド		0.5	2.2	0.9
ウェンズデー	0	wednesday	no	jmdict		0.2	2.4	4.5
ケルクホフス	0		no	none		0.2	2.4	0.1
コダック	0	kodak	no	jmdict		0.2	2.4	2.5
ストレンジ	0	strike range	no	parts:スト+レンジ		0.2	2.4	11.0
ネイピア	0		no	none		0.2	2.4	1.9
ヤコブス	0		no	none		0.2	2.4	2.9
ヨアヒム	0		no	none		0.2	2.4	6.3
リサ	0		no	none		0.2	2.4	11.6
レジスタンス	0	resistance	no	jmdict	fre	0.2	2.4	12.7
レジスタンス	1	popular resistance against a military invasion	no	jmdict	fre	0.2	2.4	12.7
ロッカー	0	locker	no	jmdict		0.2	2.4	7.0
ロッカー	1	rocker;rock'n'roller	no	jmdict		0.2	2.4	7.0
アプリケーションログ	0	application log	no	parts:アプリケーション+ログ		2.5	0.1	0.0
スピナ	0	spinner	no	jmdict		2.5	0.1	0.2
ソリトンシステムズ	0		no	none		2.5	0.1	0.0
リンティング	0		no	none		2.5	0.1	0.0
ルートパス	0	route passing	no	parts:ルート+パス		2.5	0.1	0.0
アルク	0		no	none		0.0	2.6	3.1
アントネッリ	0		no	none		0.0	2.6	0.5
アンドレアス	0		no	none		0.0	2.6	4.7
イリュージョン	0	illusion	no	jmdict		0.0	2.6	4.6
インペリアル	0	imperial	no	jmdict		0.0	2.6	9.2
イーサリアムクラシック	0	ethereum classical music	no	parts:イーサリアム+クラシック		0.0	2.6	0.0
ウィルキンソン	0		no	none		0.0	2.6	2.9
ウェブログ	0	weblog;blog	no	jmdict		0.0	2.6	0.2
ウッディー	0	woody;wood-like;wooden	no	jmdict		0.0	2.6	7.0
ウラル	0	url;address	no	jmdict		0.0	2.6	3.9
ウルトラベイ	0	ultra bay	no	parts:ウルトラ+ベイ		0.0	2.6	0.0
ウロボロス	0	uroboros;ouroboros	no	jmdict		0.0	2.6	1.5
エベン	0		no	none		0.0	2.6	0.2
オータム	0	autumn	no	jmdict		0.0	2.6	11.5
カテゴライズ	0	categorizing	no	jmdict		0.0	2.6	0.8
カーク	0		no	none		0.0	2.6	5.1
ガイノイド	0	gynoid;fembot;female android	no	jmdict		0.0	2.6	0.2
キッズ	0	kids;children	no	jmdict		0.0	2.6	23.0
クラスカル	0		no	none		0.0	2.6	0.0
コグニション	0		no	none		0.0	2.6	1.0
コラムニスト	0	columnist	no	jmdict		0.0	2.6	3.8
コンピュートピア	0	computopia	yes	jmdict		0.0	2.6	0.1
ゴロム	0		no	none		0.0	2.6	0.1
サツケバー	0		no	none		0.0	2.6	0.0
サーバント	0	servant	no	jmdict		0.0	2.6	0.9
シェパード	0	german shepherd;alsatian	no	jmdict		0.0	2.6	7.8
シェパード	1	shepherd	no	jmdict		0.0	2.6	7.8
システムオペレーター	0	system operator;sysop	yes	jmdict		0.0	2.6	0.1
シャロン	0		no	none		0.0	2.6	7.3
ジェファーソン	0		no	none		0.0	2.6	10.3
スケッチブック	0	sketchbook	no	jmdict		0.0	2.6	2.3
スプー	0		no	none		0.0	2.6	0.5
スレイター	0		no	none		0.0	2.6	2.2
タトゥー	0	tattoo	no	jmdict		0.0	2.6	5.7
チェックデジット	0	check digit	yes	jmdict		0.0	2.6	0.3
チュルリラ	0		no	none		0.0	2.6	0.1
ツォー	0		no	none		0.0	2.6	0.1
ツーリズム	0	tourism	no	jmdict		0.0	2.6	7.9
テトラ	0	tetra	no	jmdict		0.0	2.6	4.3
テュー	0		no	none		0.0	2.6	0.1
トランスクリプション	0	transcription	no	jmdict		0.0	2.6	2.2
トルネード	0	tornado	no	jmdict		0.0	2.6	5.0
ハイウエー	0	highway	no	jmdict		0.0	2.6	16.8
ハイスクール	0	high school	no	jmdict		0.0	2.6	21.1
ハンス	0		no	none		0.0	2.6	19.3
バイドゥ	0	baidu	no	jmdict		0.0	2.6	0.4
ビア	0	beer	no	jmdict		0.0	2.6	1.4
ピザボックス	0		no	none		0.0	2.6	0.0
ピンアサイン	0	pin assignment	no	parts:ピン+アサイン		0.0	2.6	0.1
ピー	0	producer	no	jmdict		0.0	2.6	4.3
ピー	1	parking	no	jmdict		0.0	2.6	4.3
ピー	2	pitcher	no	jmdict		0.0	2.6	4.3
ピー	3	phosphorus	no	jmdict		0.0	2.6	4.3
ピー	4	piano	no	jmdict		0.0	2.6	4.3
ピー	5	page	no	jmdict		0.0	2.6	4.3
ファイラー	0	filer	yes	jmdict		0.0	2.6	0.1
フィスカル	0	fiscal	no	jmdict		0.0	2.6	1.0
フィッティング	0	fitting	no	jmdict		0.0	2.6	0.8
フィッティング	1	fitting;installation	no	jmdict		0.0	2.6	0.8
フィラデルフィア	0	philadelphia	no	jmdict		0.0	2.6	19.5
フランシス	0		no	none		0.0	2.6	20.9
ブザー	0	buzzer;personal alarm	no	jmdict		0.0	2.6	2.9
ブックレット	0	booklet	no	jmdict		0.0	2.6	17.5
ブルックリン	0		no	none		0.0	2.6	14.3
プチ	0	small	no	jmdict	fre	0.0	2.6	10.5
プロダクトデザイン	0	product design	no	jmdict		0.0	2.6	0.9
プロリフェレーション	0		no	none		0.0	2.6	0.8
ヘキサコア	0		no	none		0.0	2.6	0.0
ヘザー	0	heather	no	jmdict		0.0	2.6	4.2
ベルク	0		no	none		0.0	2.6	18.6
ベンジャミン	0	benjamin fig;weeping fig;ficus	no	jmdict		0.0	2.6	10.0
ベーレー	0		no	none		0.0	2.6	3.1
ホフマン	0		no	none		0.0	2.6	9.0
ボルツマン	0		no	none		0.0	2.6	1.2
ポルノグラフィー	0	pornography	no	jmdict		0.0	2.6	1.4
ミニジャック	0	miniskirt jack	no	parts:ミニ+ジャック		0.0	2.6	0.1
ミニマリスト	0	minimalist	no	jmdict		0.0	2.6	0.5
モノクローム	0	monochrome	no	jmdict		0.0	2.6	2.8
モリタポ	0	moritapo	no	jmdict		0.0	2.6	0.1
ヤオ	0	yao	no	jmdict		0.0	2.6	1.7
ユニキャストアドレス	0	unicast address	no	parts:ユニキャスト+アドレス		0.0	2.6	0.0
ライナー	0	liner;line drive	no	jmdict		0.0	2.6	36.9
ライナー	1	liner;ocean liner	no	jmdict		0.0	2.6	36.9
ライナー	2	liner;lining	no	jmdict		0.0	2.6	36.9
ライブラリアン	0	librarian	no	jmdict		0.0	2.6	0.6
ランチ	0	lunch	no	jmdict		0.0	2.6	8.1
ランチ	1	single-plate lunch set;plate lunch;lunch set	no	jmdict		0.0	2.6	8.1
ランチ	2	launch	no	jmdict		0.0	2.6	8.1
ランチ	3	ranch	no	jmdict		0.0	2.6	8.1
リーズ	0		no	none		0.0	2.6	12.1
ルベーグ	0		no	none		0.0	2.6	1.5
ロン	0	winning by picking up a discarded tile	no	jmdict	chi	0.0	2.6	14.6
ローン	0	loan	no	jmdict		0.0	2.6	22.0
ローン	1	lawn	no	jmdict		0.0	2.6	22.0
サテライトオフィス	0	satellite office	no	jmdict		2.3	0.3	0.4
スキッピング	0		no	none		2.3	0.3	0.2
ドロップイン	0	drop-in	yes	jmdict		2.3	0.3	0.0
リバインディング	0		no	none		2.3	0.3	0.0
ゲーティング	0		no	none		2.1	0.5	0.0
デジタルフォレンジック	0	digital forensic	no	parts:デジタル+フォレンジック		2.1	0.5	0.0
ン	0	some	no	jmdict		2.1	0.5	1.6
オンリーワン	0	only one;sole;unique	no	jmdict		0.5	2.1	2.3
オンリーワン	1	highest;best;most outstanding	no	jmdict		0.5	2.1	2.3
オンリーワン	2	custom-made	no	jmdict		0.5	2.1	2.3
スプリッター	0	splitter	no	jmdict		0.5	2.1	0.7
ランレングス	0	run length	no	jmdict		0.5	2.1	0.0
アイク	0		no	none		0.2	2.3	2.8
インフォーマル	0	informal	no	jmdict		0.2	2.3	0.9
ウィーン	0	vienna	no	jmdict	ger	0.2	2.3	42.5
オーディオビジュアル	0	audiovisual	no	jmdict		0.2	2.3	0.4
オーディオビジュアル	1	audiovisual equipment	no	jmdict		0.2	2.3	0.4
オートフォーカス	0	autofocus	no	jmdict		0.2	2.3	1.3
シンクタンク	0	think tank	no	jmdict		0.2	2.3	4.1
ストロボ	0	stroboscope;strobe lamp;stroboscopic lamp	no	jmdict		0.2	2.3	2.2
ストロボ	1	flash	no	jmdict		0.2	2.3	2.2
スプール	0	spool	no	jmdict		0.2	2.3	0.2
スローモーション	0	slow motion	no	jmdict		0.2	2.3	1.1
スローモーション	1	moving slowly;moving leisurely	no	jmdict		0.2	2.3	1.1
テストパターン	0	test pattern	no	jmdict		0.2	2.3	0.2
デーン	0		no	none		0.2	2.3	2.4
トレーナー	0	trainer	no	jmdict		0.2	2.3	16.4
トレーナー	1	sweatshirt	no	jmdict		0.2	2.3	16.4
ナインティーンス	0		no	none		0.2	2.3	3.8
ノーザン	0		no	none		0.2	2.3	19.7
バイオレーション	0	violation	no	jmdict		0.2	2.3	0.7
ヒーター	0	heater	no	jmdict		0.2	2.3	4.1
ファクトリーオートメーション	0	factory automation;fa	no	jmdict		0.2	2.3	0.1
ブライアント	0		no	none		0.2	2.3	4.9
ブリシディース	0		no	none		0.2	2.3	0.0
プロテクター	0	protector;guard	no	jmdict		0.2	2.3	3.3
ボーレート	0	baud rate	yes	jmdict		0.2	2.3	0.1
マニピュレーター	0	manipulator	no	jmdict		0.2	2.3	3.3
マーシャ	0		no	none		0.2	2.3	2.0
ラジカル	0	radical	no	jmdict		0.2	2.3	7.0
イテレータプロトコル	0	iterator protocol	no	parts:イテレータ+プロトコル		2.5	0.0	0.0
グリッドレイアウトガイド	0	grid layout guide	no	parts:グリッド+レイアウト+ガイド		2.5	0.0	0.0
コンピュー	0		no	none		2.5	0.0	0.0
サービスマネ	0	service imitating	no	parts:サービス+マネ		2.5	0.0	0.0
ステ	0	stay;sojourn	no	jmdict		2.5	0.0	6.0
ステ	1	stay;prop;support	no	jmdict		2.5	0.0	6.0
セキュリティインシデン	0		no	none		2.5	0.0	0.0
テレミン	0	theremin	no	jmdict		2.5	0.0	0.1
トランザクショ	0		no	none		2.5	0.0	0.0
ノイジー	0	noisy	no	jmdict		2.5	0.0	0.6
ハニーポ	0		no	none		2.5	0.0	0.0
ビューポートメタタグ	0	viewport meta tag	no	parts:ビューポート+メタ+タグ		2.5	0.0	0.0
ポップオーバー	0	pop overcoat	no	parts:ポップ+オーバー		2.5	0.0	0.0
ラベルキー	0	label key	no	parts:ラベル+キー		2.5	0.0	0.0
リクエストスマグリング	0		no	none		2.5	0.0	0.0
レイアウトビューポート	0	layout viewport	no	parts:レイアウト+ビューポート		2.5	0.0	0.0
ログインフォーム	0	login form	no	parts:ログイン+フォーム		2.5	0.0	0.0
アトラ	0		no	none		0.0	2.5	0.7
アビオニクス	0	avionics	no	jmdict		0.0	2.5	1.5
アンソロジー	0	anthology	no	jmdict		0.0	2.5	20.4
アンダース	0		no	none		0.0	2.5	1.2
アンデルセン	0		no	none		0.0	2.5	5.5
アーチー	0	archie	no	jmdict		0.0	2.5	2.0
インガルス	0		no	none		0.0	2.5	0.5
インセプト	0		no	none		0.0	2.5	0.0
インフィニオン	0	infineon	no	jmdict		0.0	2.5	0.2
インフルエンサー	0	influencer	no	jmdict		0.0	2.5	3.6
エキジビション	0	exhibition	no	jmdict		0.0	2.5	9.6
エキジビション	1	exhibition game;exhibition match	no	jmdict		0.0	2.5	9.6
エコロジー	0	ecology	no	jmdict		0.0	2.5	6.6
エコロジー	1	environmental movement;environmentalism	no	jmdict		0.0	2.5	6.6
エドアルド	0		no	none		0.0	2.5	6.7
オフサイト	0	off site	no	parts:オフ+サイト		0.0	2.5	0.1
カヌー	0	canoe	no	jmdict		0.0	2.5	5.9
カントール	0		no	none		0.0	2.5	1.0
キメラ	0	chimera;chimaera	no	jmdict		0.0	2.5	3.4
キャラクタリゼーション	0		no	none		0.0	2.5	3.9
キャンドル	0	candle	no	jmdict		0.0	2.5	3.4
ギフトカード	0	gift card;gift certificate	no	jmdict		0.0	2.5	0.5
ギルティー	0	guilty	no	jmdict		0.0	2.5	5.7
ギルティー	1	guilt-inducing;decadent	no	jmdict		0.0	2.5	5.7
グリードイド	0		no	none		0.0	2.5	0.0
コミラボ	0		no	none		0.0	2.5	0.0
サニー	0	sunny	no	jmdict		0.0	2.5	10.1
シスアド	0	systems administrator	yes	jmdict		0.0	2.5	0.1
シンプレックス	0		no	none		0.0	2.5	0.2
スターク	0		no	none		0.0	2.5	4.6
スティングレー	0		no	none		0.0	2.5	1.0
スポンジ	0	sponge	no	jmdict		0.0	2.5	4.7
ズィー	0		no	none		0.0	2.5	2.4
ゼネラルマネージャー	0	general manager	no	jmdict		0.0	2.5	3.4
ソフィー	0		no	none		0.0	2.5	6.9
タイアップ	0	tie-in;collaboration;partnership;cooperation	no	jmdict		0.0	2.5	17.4
ターボリナックス	0	turbo linux	no	jmdict		0.0	2.5	0.1
チェンバー	0	chamber	no	jmdict		0.0	2.5	6.9
チェンバー	1	chamber;room	no	jmdict		0.0	2.5	6.9
チャペル	0	chapel	no	jmdict		0.0	2.5	5.8
ティーン	0	teen;teenager	no	jmdict		0.0	2.5	12.0
デット	0	dead	no	jmdict		0.0	2.5	2.3
デット	1	dead;with little reverberation	no	jmdict		0.0	2.5	2.3
トランザクションログ	0	transaction log	no	parts:トランザクション+ログ		0.0	2.5	0.0
トリートメント	0	treatment	no	jmdict		0.0	2.5	9.7
ドネーション	0	donation	yes	jmdict		0.0	2.5	0.2
ドバイ	0	dubai	no	jmdict		0.0	2.5	12.8
ナク	0	nak	no	jmdict		0.0	2.5	0.8
ナデラ	0		no	none		0.0	2.5	0.1
ナビゲーショナル	0		no	none		0.0	2.5	0.0
ハノーバー	0		no	none		0.0	2.5	12.1
ハール	0		no	none		0.0	2.5	1.4
バックマン	0		no	none		0.0	2.5	0.8
バナッハ	0		no	none		0.0	2.5	1.3
バリアブル	0	variable	no	jmdict		0.0	2.5	0.1
ビーナ	0		no	none		0.0	2.5	0.8
ピアース	0		no	none		0.0	2.5	5.3
ピクニック	0	picnic	no	jmdict		0.0	2.5	4.6
ピクニック	1	outing;hike	no	jmdict		0.0	2.5	4.6
ファクタリゼーション	0		no	none		0.0	2.5	0.2
ファンファーレ	0	fanfare;flourish of trumpets	no	jmdict	ger	0.0	2.5	5.8
ファーバー	0		no	none		0.0	2.5	0.5
フィアスコ	0		no	none		0.0	2.5	0.3
フェンリル	0		no	none		0.0	2.5	1.8
ブラット	0		no	none		0.0	2.5	1.2
ブラッド	0	blood	no	jmdict		0.0	2.5	21.1
ブラッド	1	brad	no	jmdict		0.0	2.5	21.1
ブロードウェー	0	broadway	no	jmdict		0.0	2.5	21.9
プリチャージ	0	precharge	yes	jmdict		0.0	2.5	0.1
プロレジ	0		no	none		0.0	2.5	0.1
ペタ	0		no	none		0.0	2.5	0.3
ホロ	0	hologram	no	jmdict		0.0	2.5	1.5
ホロウィッツ	0		no	none		0.0	2.5	0.5
ホームポジション	0	home position	yes	jmdict		0.0	2.5	0.1
ボワイエ	0		no	none		0.0	2.5	1.1
マイスター	0	master	no	jmdict	ger	0.0	2.5	6.9
マイルス	0		no	none		0.0	2.5	9.0
マウイ	0		no	none		0.0	2.5	2.2
マツモト	0		no	none		0.0	2.5	3.5
ムハンマド	0	muhammad;mohammad	no	jmdict		0.0	2.5	28.2
メガデモ	0	megademo	yes	jmdict		0.0	2.5	0.0
モロー	0	both	no	jmdict		0.0	2.5	3.0
モロー	1	many;various;all	no	jmdict		0.0	2.5	3.0
モロー	2	together	no	jmdict		0.0	2.5	3.0
モロー	3	conspicuously;openly	no	jmdict		0.0	2.5	3.0
モロー	4	completely;entirely;totally;perfectly;wonderfully	no	jmdict		0.0	2.5	3.0
モロー	5	moro	no	jmdict		0.0	2.5	3.0
ラモン	0		no	none		0.0	2.5	5.5
リジッド	0		no	none		0.0	2.5	0.8
リーズナブル	0	reasonable;reasonably priced;affordable;fair	no	jmdict		0.0	2.5	0.7
リーズナブル	1	reasonable;appropriate;sensible;sound	no	jmdict		0.0	2.5	0.7
レグザ	0		no	none		0.0	2.5	0.4
ロウハンマー	0		no	none		0.0	2.5	0.0
ロックウェル	0		no	none		0.0	2.5	1.2
ローラン	0	low run	no	parts:ロー+ラン		0.0	2.5	7.5
ワイス	0		no	none		0.0	2.5	4.2
ワールドワイド	0	worldwide	no	jmdict		0.0	2.5	1.9
ヴァージ	0		no	none		0.0	2.5	0.2
カスケーディングスタイルシート	0	cascading style sheets;css	yes	jmdict		2.3	0.2	0.0
グラード	0		no	none		2.3	0.2	1.1
マーキー	0		no	none		2.3	0.2	1.4
ラウド	0	loud	no	jmdict		2.3	0.2	1.9
ケーシング	0	casing	no	jmdict		2.1	0.4	0.7
サイ	0	psi	no	jmdict		2.1	0.4	5.9
サイ	1	rhinoceros	no	jmdict		2.1	0.4	5.9
ダットン	0		no	none		2.1	0.4	1.4
ウィンストン	0		no	none		0.2	2.2	6.3
ウイークエンド	0	weekend	no	jmdict		0.2	2.2	14.0
オポチュニティー	0	opportunity;chance	no	jmdict		0.2	2.2	1.3
オポチュニティー	1	opportunity	no	jmdict		0.2	2.2	1.3
オートパイロット	0	autopilot	no	jmdict		0.2	2.2	0.6
クリティック	0	critic	no	jmdict		0.2	2.2	1.8
サイオステクノロジー	0		no	none		0.2	2.2	0.0
タミル	0	tamil	no	jmdict		0.2	2.2	8.4
ハーバー	0	harbor;harbour	no	jmdict		0.2	2.2	9.2
ビジュアライズ	0	visualize;visualise	no	jmdict		0.2	2.2	0.2
ビラ	0	villa;holiday house	no	jmdict		0.2	2.2	4.1
ビラ	1	bill;handbill;flyer;flier;leaflet;poster;placard	no	jmdict		0.2	2.2	4.1
フィットネス	0	fitness	no	jmdict		0.2	2.2	4.0
プログラミン	0		no	none		0.2	2.2	0.0
リビングルーム	0	living room	no	jmdict		0.2	2.2	0.8
レーシング	0	racing	no	jmdict		0.2	2.2	24.9
アナーキー	0	anarchy	no	jmdict		0.0	2.4	2.9
アンペア	0	ampere	no	jmdict		0.0	2.4	1.1
イミテーション	0	imitation;fake;counterfeit;sham	no	jmdict		0.0	2.4	1.7
エドモンズ	0		no	none		0.0	2.4	0.8
エバーグリーン	0	evergreen	no	jmdict		0.0	2.4	2.6
エバーグリーン	1	evergreen;timeless masterpiece;immortal work	no	jmdict		0.0	2.4	2.6
エルゴ	0		no	none		0.0	2.4	0.5
カイザー	0	kaiser;emperor	no	jmdict	ger	0.0	2.4	8.5
カンザス	0	kansas	no	jmdict		0.0	2.4	5.3
カーミット	0	kermit	yes	jmdict		0.0	2.4	0.6
キャット	0	cat	no	jmdict		0.0	2.4	11.6
キャンニュ	0		no	none		0.0	2.4	1.4
キューバ	0	cuba	no	jmdict		0.0	2.4	25.6
クレードル	0	docking station;dock;cradle	no	jmdict		0.0	2.4	2.7
グラン	0	large;great;important	no	jmdict	fre	0.0	2.4	27.3
ケネス	0		no	none		0.0	2.4	7.0
ケメニー	0		no	none		0.0	2.4	0.1
ゲシキ	0		no	none		0.0	2.4	0.0
コンビニ	0	convenience store	no	jmdict		0.0	2.4	14.6
コーラス	0	chorus	no	jmdict		0.0	2.4	36.8
サクセサ	0		no	none		0.0	2.4	0.0
サポーター	0	supporter;athletic supporter;jockstrap	no	jmdict		0.0	2.4	15.5
サポーター	1	supporter;backer	no	jmdict		0.0	2.4	15.5
サンドイッチ	0	sandwich	no	jmdict		0.0	2.4	6.8
システムデザイン	0	systems design	no	jmdict		0.0	2.4	0.8
シスプレックス	0		no	none		0.0	2.4	0.0
シックスティーンス	0		no	none		0.0	2.4	2.1
シュプリンガー	0		no	none		0.0	2.4	1.3
シーゲル	0		no	none		0.0	2.4	2.8
ジオグラフィー	0	geography	no	jmdict		0.0	2.4	2.8
スティーブンソン	0		no	none		0.0	2.4	5.7
スパーク	0	spark	no	jmdict		0.0	2.4	6.8
スパーク	1	sparc	yes	jmdict		0.0	2.4	6.8
スパーク	2	scholarly publishing and academic resources coalition;sparc	no	jmdict		0.0	2.4	6.8
セオドア	0		no	none		0.0	2.4	9.1
タビュレータ	0	tabulator	no	jmdict		0.0	2.4	0.0
ダスト	0	dust	no	jmdict		0.0	2.4	7.1
ダーウェン	0		no	none		0.0	2.4	0.1
チョコレート	0	chocolate	no	jmdict		0.0	2.4	22.0
テレイグジスタンス	0		no	none		0.0	2.4	0.1
テレーン	0		no	none		0.0	2.4	0.9
デイブ	0		no	none		0.0	2.4	3.4
デスマーチ	0	death march	no	jmdict		0.0	2.4	0.6
デスマーチ	1	death march;crunch	yes	jmdict		0.0	2.4	0.6
トイ	0	toy	no	jmdict		0.0	2.4	5.0
トランスポーテーション	0	transportation	no	jmdict		0.0	2.4	8.4
ヌガー	0	nougat	no	jmdict	fre	0.0	2.4	0.2
ノーバート	0		no	none		0.0	2.4	0.3
バイブル	0	bible	no	jmdict		0.0	2.4	5.7
バスト	0	bust	no	jmdict		0.0	2.4	5.9
バスト	1	breasts;bosom	no	jmdict		0.0	2.4	5.9
バスト	2	bust;half-length portrait	no	jmdict		0.0	2.4	5.9
バレンタイン	0	valentine	no	jmdict		0.0	2.4	12.4
バート	0		no	none		0.0	2.4	15.6
パーキンソン	0	parkinson	no	jmdict		0.0	2.4	4.6
パーティクルシステム	0	particle system	yes	jmdict		0.0	2.4	0.0
ビデオテックス	0	videotex	no	jmdict		0.0	2.4	0.2
ビューティー	0	beauty	no	jmdict		0.0	2.4	19.2
ピンボール	0	pinball	no	jmdict		0.0	2.4	1.9
ブレーズ	0		no	none		0.0	2.4	1.2
プロセスコントロール	0	process control	no	jmdict		0.0	2.4	0.1
ヘルプセンター	0	help center;customer support	no	jmdict		0.0	2.4	0.1
ベイツ	0		no	none		0.0	2.4	4.0
ホストバスアダプタ	0	host bus adapter	yes	jmdict		0.0	2.4	0.0
ホモロジー	0	homology	no	jmdict		0.0	2.4	2.1
ポリュビオス	0		no	none		0.0	2.4	1.4
マルヌ	0		no	none		0.0	2.4	2.1
マロリー	0		no	none		0.0	2.4	1.7
メディテーション	0	meditation	no	jmdict		0.0	2.4	1.1
メレン	0		no	none		0.0	2.4	0.2
モントリオール	0		no	none		0.0	2.4	11.9
ラート	0	gymnastics wheel;gym wheel;german wheel	no	jmdict		0.0	2.4	0.5
リプリント	0	reprint	no	jmdict		0.0	2.4	3.1
リベンジ	0	revenge	no	jmdict		0.0	2.4	13.6
リベンジ	1	having a second go	no	jmdict		0.0	2.4	13.6
リンツ	0		no	none		0.0	2.4	2.6
ルーカス	0		no	none		0.0	2.4	11.1
レスター	0		no	none		0.0	2.4	8.5
レストレーション	0	restoration	no	jmdict		0.0	2.4	1.6
ローダブル	0	low double	no	parts:ロー+ダブル		0.0	2.4	0.0
アク	0	lye	no	jmdict		2.3	0.1	1.3
アク	1	harsh taste;bitter taste;alkaline taste;astringency	no	jmdict		2.3	0.1	1.3
アク	2	scum	no	jmdict		2.3	0.1	1.3
アク	3	self-assertiveness;strong individuality;strong idiosyncrasy	no	jmdict		2.3	0.1	1.3
イミュータビリティ	0		no	none		2.3	0.1	0.0
ホ	0		no	none		2.3	0.1	4.4
リスン	0		no	none		2.3	0.1	0.1
レスポンシブレイアウト	0	responsive layout	no	parts:レスポンシブ+レイアウト		2.3	0.1	0.0
インストールパス	0	installation passing	no	parts:インストール+パス		2.1	0.3	0.0
インカム	0	income	no	jmdict		0.2	2.1	3.2
インカム	1	intercom	no	jmdict		0.2	2.1	3.2
インカム	2	incom;microphone headset	no	jmdict		0.2	2.1	3.2
ウェッブ	0	web;world wide web	no	jmdict		0.2	2.1	4.5
ウォーター	0	water	no	jmdict		0.2	2.1	19.6
エッチ	0	indecent;lewd;sexy;dirty;obscene	no	jmdict		0.2	2.1	12.1
エッチ	1	sex	no	jmdict		0.2	2.1	12.1
エッチ	2	pervert	no	jmdict		0.2	2.1	12.1
エッチ	3	nth year in the heisei era	no	jmdict		0.2	2.1	12.1
エッチ	4	hour	no	jmdict		0.2	2.1	12.1
エッチ	5	hydrogen	no	jmdict		0.2	2.1	12.1
エッチ	6	hole	no	jmdict		0.2	2.1	12.1
オブライエン	0		no	none		0.2	2.1	6.2
オークランド	0		no	none		0.2	2.1	10.1
クロストーク	0	crosstalk	yes	jmdict		0.2	2.1	1.7
シグモイド	0		no	none		0.2	2.1	0.2
セルフサービス	0	self-service	no	jmdict		0.2	2.1	0.8
チリ	0	chile	no	jmdict		0.2	2.1	22.7
チリ	1	displacement between two surfaces	no	jmdict		0.2	2.1	22.7
チリ	2	squares	no	jmdict		0.2	2.1	22.7
チリ	3	scattering;dispersal;falling	no	jmdict		0.2	2.1	22.7
ハモンド	0		no	none		0.2	2.1	4.6
パーセプチュアル	0		no	none		0.2	2.1	0.3
ミクロ	0	micro	no	jmdict	fre,ger	0.2	2.1	5.7
メアリー	0	merely	no	jmdict		0.2	2.1	30.3
ルクセンブルク	0	luxembourg	no	jmdict	ger	0.2	2.1	9.9
レジデント	0	resident	no	jmdict		0.2	2.1	13.5
アメーバ	0	amoeba;ameba	no	jmdict		0.0	2.3	30.3
アモルファス	0	amorphous	no	jmdict		0.0	2.3	1.1
アルカリ	0	alkali	no	jmdict	dut	0.0	2.3	4.5
アレキサンドリア	0		no	none		0.0	2.3	2.2
インターネットコム	0		no	none		0.0	2.3	0.1
インダストリアルデザイン	0	industrial design	no	jmdict		0.0	2.3	0.6
ウィスコンシン	0	wisconsin	no	jmdict		0.0	2.3	5.3
ウエーブレット	0		no	none		0.0	2.3	0.1
ウルフ	0	wolf	no	jmdict		0.0	2.3	19.0
エイジング	0	aging;ageing	no	jmdict		0.0	2.3	1.9
エバンズ	0		no	none		0.0	2.3	10.0
エルミート	0	hermitian	no	jmdict		0.0	2.3	1.1
エントランス	0	entrance	no	jmdict		0.0	2.3	5.4
オネスト	0		no	none		0.0	2.3	1.4
オーディナリー	0	ordinary	no	jmdict		0.0	2.3	2.5
カルステン	0		no	none		0.0	2.3	0.9
ガーンズバック	0		no	none		0.0	2.3	0.5
キオクシア	0		no	none		0.0	2.3	0.2
キセノン	0	xenon	no	jmdict		0.0	2.3	1.9
ギッブス	0		no	none		0.0	2.3	2.9
クルーズ	0	cruise	no	jmdict		0.0	2.3	21.1
ゲルマニウム	0	germanium	no	jmdict	ger	0.0	2.3	1.2
コミックス	0	comics;comic book	no	jmdict		0.0	2.3	94.2
コモンセンス	0	common sense	no	jmdict		0.0	2.3	0.4
コンビニエンスストア	0	convenience store	no	jmdict		0.0	2.3	7.1
コンピューターズ	0		no	none		0.0	2.3	0.0
サイクリング	0	cycling;bicycling	no	jmdict		0.0	2.3	7.3
サセンラス	0		no	none		0.0	2.3	0.0
サラブレッド	0	thoroughbred	no	jmdict		0.0	2.3	10.8
サラブレッド	1	person of lineage;blue-blood	no	jmdict		0.0	2.3	10.8
サンク	0		no	none		0.0	2.3	2.1
ショウ	0	show;performance	no	jmdict		0.0	2.3	21.8
ショウ	1	show;exhibition;expo;fair;convention	no	jmdict		0.0	2.3	21.8
ショウ	2	tv show	no	jmdict		0.0	2.3	21.8
シンプレクス	0		no	none		0.0	2.3	0.7
シンメトリー	0	symmetry	no	jmdict		0.0	2.3	1.6
ジルコン	0	zircon	no	jmdict	ger	0.0	2.3	0.5
スキューモーフィズム	0		no	none		0.0	2.3	0.0
ステノ	0		no	none		0.0	2.3	0.2
スナップイン	0	snap-in	yes	jmdict		0.0	2.3	0.0
スレ	0	thread;topic;conversation;post	no	jmdict		0.0	2.3	0.9
スレ	1	chafing;sore;scrape;scratch;mark;rub;rubbing together;blister	no	jmdict		0.0	2.3	0.9
ゼリー	0	jello;jelly;gelatin dessert	no	jmdict		0.0	2.3	5.4
ゼリー	1	gel;jelly	no	jmdict		0.0	2.3	5.4
ソフトウェアデプロイメント	0	software deployment	no	parts:ソフトウェア+デプロイメント		0.0	2.3	0.0
タッチタイピング	0	touch typing	no	jmdict		0.0	2.3	0.1
ダンジョン	0	dungeon	no	jmdict		0.0	2.3	22.0
ダンジョン	1	dungeon;labyrinth	no	jmdict		0.0	2.3	22.0
ティエリー	0		no	none		0.0	2.3	2.9
ディアブロ	0	satan;the devil	no	jmdict		0.0	2.3	1.4
ディアブロ	1	diablo	no	jmdict		0.0	2.3	1.4
デスクトップパブリッシング	0	desktop publishing	yes	jmdict		0.0	2.3	0.0
トリップキー	0	trip key	no	parts:トリップ+キー		0.0	2.3	0.0
トレーダー	0	trader	no	jmdict		0.0	2.3	1.7
ドレイパー	0		no	none		0.0	2.3	0.8
ナノメートル	0	nanometre;nanometer	no	jmdict		0.0	2.3	0.7
ニート	0	neat	no	jmdict		0.0	2.3	4.3
ニート	1	neet	no	jmdict		0.0	2.3	4.3
ニール	0		no	none		0.0	2.3	14.1
ノイズキャンセリング	0	noise cancelling	no	jmdict		0.0	2.3	0.2
ハックデイ	0		no	none		0.0	2.3	0.1
ハンブル	0	humble	no	jmdict		0.0	2.3	2.6
ハンブル	1	fumble	no	jmdict		0.0	2.3	2.6
バウ	0	bow	no	jmdict		0.0	2.3	5.8
バジリスク	0	basilisk	no	jmdict		0.0	2.3	1.2
バススロット	0	bus slot	no	parts:バス+スロット		0.0	2.3	0.0
バレルシフタ	0		no	none		0.0	2.3	0.0
バージョニングファイルシステム	0	versioning file system	no	parts:バージョニング+ファイルシステム		0.0	2.3	0.0
バートランド	0		no	none		0.0	2.3	0.9
パンケーキ	0	pancake	no	jmdict		0.0	2.3	2.2
パーバシブ	0		no	none		0.0	2.3	0.1
ヒートパイプ	0	heat pipe	no	jmdict		0.0	2.3	0.1
ビジネスマン	0	businessman	no	jmdict		0.0	2.3	3.7
ビデオテープ	0	video tape	no	jmdict		0.0	2.3	2.3
ビンセント	0		no	none		0.0	2.3	8.6
ファル	0		no	none		0.0	2.3	2.5
フィーリング	0	feeling	no	jmdict		0.0	2.3	4.7
フォレンジクス	0		no	none		0.0	2.3	0.0
フランクリン	0		no	none		0.0	2.3	12.7
ブランドロゴ	0	brand logo	no	parts:ブランド+ロゴ		0.0	2.3	0.8
ブリティッシュコロンビア	0	british columbia	no	jmdict		0.0	2.3	4.3
ブリテン	0	britain;great britain	no	jmdict		0.0	2.3	12.7
プリビオ	0		no	none		0.0	2.3	0.0
プリンタドライバー	0	printer driver	yes	jmdict		0.0	2.3	0.0
ベイエリア	0	bay area;waterfront	no	jmdict		0.0	2.3	1.6
ベネット	0		no	none		0.0	2.3	6.9
ボッシュ	0		no	none		0.0	2.3	3.4
ボブキャット	0	bobcat	no	jmdict		0.0	2.3	0.4
ボルドー	0	bordeaux	no	jmdict		0.0	2.3	6.7
ボルドー	1	bordeaux;wine;vinous	no	jmdict		0.0	2.3	6.7
ボーカロイド	0	vocaloid	no	jmdict		0.0	2.3	1.1
ポケモン	0		no	none		0.0	2.3	38.3
マリン	0	marine	no	jmdict		0.0	2.3	38.7
マリン	1	marine corps;the marines;marine	no	jmdict		0.0	2.3	38.7
マルコム	0		no	none		0.0	2.3	7.1
マーキュリー	0	mercury	no	jmdict		0.0	2.3	7.2
ミッキー	0		no	none		0.0	2.3	13.5
ミード	0	mead;honey wine	no	jmdict		0.0	2.3	3.1
モーゼ	0	moses	no	jmdict		0.0	2.3	4.9
ライアンズ	0		no	none		0.0	2.3	1.2
ライフボート	0	lifeboat	no	jmdict		0.0	2.3	0.2
リスペクト	0	respect	no	jmdict		0.0	2.3	5.4
リフォーム	0	renovation;redecoration;refurbishment;makeover;alteration;re-tailoring;repair	no	jmdict		0.0	2.3	7.8
リブラ	0		no	none		0.0	2.3	1.1
ルービン	0		no	none		0.0	2.3	1.5
レジスタード	0		no	none		0.0	2.3	0.1
レジットスクリプト	0		no	none		0.0	2.3	0.0
レドックス	0		no	none		0.0	2.3	0.4
ロトスコープ	0	rotoscope	no	jmdict		0.0	2.3	0.2
ワイズ	0	wise	no	jmdict		0.0	2.3	5.8
ワンタッチ	0	single touch;one-touch operation	no	jmdict		0.0	2.3	0.9
ワンタッチ	1	touch	no	jmdict		0.0	2.3	0.9
ワンタッチ	2	one-touch play	no	jmdict		0.0	2.3	0.9
アタランス	0		no	none		2.3	0.0	0.0
イテレータアダプタ	0		no	none		2.3	0.0	0.0
エビクション	0		no	none		2.3	0.0	0.0
クトマネージャ	0		no	none		2.3	0.0	0.0
クネット	0		no	none		2.3	0.0	0.0
クホルダ	0		no	none		2.3	0.0	0.0
クラウドサ	0		no	none		2.3	0.0	0.0
サイマルキャスト	0	simulcast	no	jmdict		2.3	0.0	0.1
サブジェネレータ	0		no	none		2.3	0.0	0.0
サービスマ	0		no	none		2.3	0.0	0.0
ステークホルダステークホルダ	0	stakeholder stakeholder	no	parts:ステークホルダ+ステークホルダ		2.3	0.0	0.0
タシステム	0		no	none		2.3	0.0	0.0
ティインシデント	0	tea incident	no	parts:ティ+インシデント		2.3	0.0	0.0
ディクタフォン	0		no	none		2.3	0.0	0.0
ドサービス	0		no	none		2.3	0.0	0.0
ナイトリ	0		no	none		2.3	0.0	0.0
ネジメントプロジェクト	0		no	none		2.3	0.0	0.0
プロキシログ	0		no	none		2.3	0.0	0.0
ホス	0		no	none		2.3	0.0	0.8
ミュータビリティ	0		no	none		2.3	0.0	0.0
メソッドシグニチャ	0	method signature	no	parts:メソッド+シグニチャ		2.3	0.0	0.0
メントシステム	0		no	none		2.3	0.0	0.0
リソースフル	0	resource full	no	parts:リソース+フル		2.3	0.0	0.0
レーズ	0		no	none		2.3	0.0	0.1
ロケールタグ	0	locale tag	no	parts:ロケール+タグ		2.3	0.0	0.0
テストフィクスチャ	0	test fixture	no	parts:テスト+フィクスチャ		2.1	0.2	0.0
アイス	0	ice	no	jmdict	eng,ger	0.0	2.2	21.1
アイス	1	ice cream	no	jmdict	eng,ger	0.0	2.2	21.1
アイス	2	ice pop;ice lolly;popsicle	no	jmdict	eng,ger	0.0	2.2	21.1
アイス	3	cold;iced	no	jmdict	eng,ger	0.0	2.2	21.1
アイス	4	usurer;usury;loansharking	no	jmdict	eng,ger	0.0	2.2	21.1
アイボリー	0	ivory	no	jmdict		0.0	2.2	3.2
アカロフ	0		no	none		0.0	2.2	0.2
アクリル	0	acrylic	no	jmdict	ger	0.0	2.2	6.4
アビー	0	red-throated loon	no	jmdict		0.0	2.2	6.5
アレア	0		no	none		0.0	2.2	0.3
アレクセイ	0		no	none		0.0	2.2	7.0
アンプリファイアー	0	amplifier	no	jmdict		0.0	2.2	0.4
イメーション	0		no	none		0.0	2.2	0.1
インクリメンタルサーチ	0	incremental search	yes	jmdict		0.0	2.2	0.0
インテンショナル	0	intentional	no	jmdict		0.0	2.2	0.3
ウェスティングハウス	0		no	none		0.0	2.2	2.3
ウエット	0	wet;moist	no	jmdict		0.0	2.2	4.4
ウエット	1	soft-hearted;tender-hearted;sentimental	no	jmdict		0.0	2.2	4.4
エイティーンス	0		no	none		0.0	2.2	3.1
エムディエヌコーポレーション	0		no	none		0.0	2.2	0.5
エリオット	0		no	none		0.0	2.2	9.3
エンパシー	0	empathy	no	jmdict		0.0	2.2	0.7
オセロ	0	othello	no	jmdict		0.0	2.2	3.4
オセロ	1	oslo	no	jmdict		0.0	2.2	3.4
オフサイド	0	offside	no	jmdict		0.0	2.2	1.6
オルセン	0		no	none		0.0	2.2	1.6
オーガス	0		no	none		0.0	2.2	1.0
カシミール	0	kashmir	no	jmdict		0.0	2.2	3.1
カナン	0		no	none		0.0	2.2	2.3
カワ	0		no	none		0.0	2.2	1.7
キディー	0	kiddie;kiddy	no	jmdict		0.0	2.2	1.1
クーリング	0	cooling	no	jmdict		0.0	2.2	0.8
グレードアップ	0	upgrade;update	no	jmdict		0.0	2.2	1.4
コックピット	0	cockpit	no	jmdict		0.0	2.2	12.7
コピーアンドペースト	0	copy and paste	yes	jmdict		0.0	2.2	0.1
コンカー	0		no	none		0.0	2.2	0.7
コンテンポラリー	0	contemporary	no	jmdict		0.0	2.2	11.8
コンベックス	0	convex	no	jmdict		0.0	2.2	0.2
ゴッド	0	god	no	jmdict		0.0	2.2	14.0
サブディビジョンサーフェス	0	sub division surface	no	parts:サブ+ディビジョン+サーフェス		0.0	2.2	0.0
サンディア	0		no	none		0.0	2.2	0.2
サーティー	0	thirty	no	jmdict		0.0	2.2	2.4
シグナス	0		no	none		0.0	2.2	1.0
シーイング	0	seeing	no	jmdict		0.0	2.2	1.2
ジェイムズ	0		no	none		0.0	2.2	17.9
ジェムストーン	0	gemstone	no	jmdict		0.0	2.2	0.2
ジェーン	0		no	none		0.0	2.2	19.0
ジャグ	0	jug	no	jmdict		0.0	2.2	1.0
スタンレー	0		no	none		0.0	2.2	4.2
ステガノグラフィー	0	steganography	no	jmdict		0.0	2.2	0.0
ステファン	0		no	none		0.0	2.2	12.1
スノーホワイト	0	snow white	no	jmdict		0.0	2.2	1.6
スワン	0	swan	no	jmdict		0.0	2.2	10.8
セラー	0	seller	no	jmdict		0.0	2.2	1.9
セラー	1	cellar	no	jmdict		0.0	2.2	1.9
ゼネラルモーターズ	0	general motors;gm	no	jmdict		0.0	2.2	2.1
タイランド	0	tie land	no	parts:タイ+ランド		0.0	2.2	7.5
ダグ	0		no	none		0.0	2.2	5.5
テラデータ	0		no	none		0.0	2.2	0.0
デマルコ	0		no	none		0.0	2.2	0.4
デラウェア	0	delaware	no	jmdict		0.0	2.2	5.2
ドレイファス	0		no	none		0.0	2.2	1.0
ナショナルセミコンダクター	0	national semiconductor	no	parts:ナショナル+セミコンダクター		0.0	2.2	0.0
ニューマン	0		no	none		0.0	2.2	4.3
ニルソン	0		no	none		0.0	2.2	2.1
ヌルモデム	0	null modem	yes	jmdict		0.0	2.2	0.0
ノースキャロライナ	0		no	none		0.0	2.2	4.6
ノーテル	0		no	none		0.0	2.2	0.1
ハイニックス	0		no	none		0.0	2.2	0.2
ハンズフリー	0	hands-free	no	jmdict		0.0	2.2	0.4
ハンバーグ	0	hamburg steak;hamburger steak	no	jmdict		0.0	2.2	3.9
ハーフトーン	0	half tone	no	jmdict		0.0	2.2	0.3
バイオロジカル	0	biological	no	jmdict		0.0	2.2	8.8
バイヤー	0	buyer	no	jmdict		0.0	2.2	2.3
バローズ	0	burroughs corporation	no	jmdict		0.0	2.2	4.1
パソトラ	0		no	none		0.0	2.2	0.0
パチンコ	0	pachinko;mechanical gambling game superficially resembling pinball	no	jmdict		0.0	2.2	20.2
パチンコ	1	slingshot;catapult	no	jmdict		0.0	2.2	20.2
パチンコ	2	pistol	no	jmdict		0.0	2.2	20.2
パトナム	0		no	none		0.0	2.2	0.5
パトリオット	0	patriot	no	jmdict		0.0	2.2	5.9
パトリオット	1	the patriot	no	jmdict		0.0	2.2	5.9
ビーフ	0	beef	no	jmdict		0.0	2.2	4.1
ファインマン	0		no	none		0.0	2.2	1.2
フェインラー	0		no	none		0.0	2.2	0.0
フラッグ	0	flag	no	jmdict		0.0	2.2	5.9
フロリダ	0	florida	no	jmdict		0.0	2.2	13.4
ブレッド	0	bread	no	jmdict		0.0	2.2	4.0
プラズマディスプレー	0	plasma display	no	jmdict		0.0	2.2	0.4
プロナンシエーション	0		no	none		0.0	2.2	0.6
ペンタ	0		no	none		0.0	2.2	1.6
ホモジニアス	0	homogeneous	no	jmdict		0.0	2.2	0.4
ポアソン	0	fish	no	jmdict	fre	0.0	2.2	1.2
マッカイ	0		no	none		0.0	2.2	0.4
マーズ	0	middle east respiratory syndrome;mers	no	jmdict		0.0	2.2	7.1
マーズ	1	mars	no	jmdict		0.0	2.2	7.1
マードック	0		no	none		0.0	2.2	3.0
ミネアポリス	0		no	none		0.0	2.2	3.9
メルビン	0		no	none		0.0	2.2	2.9
モノトーン	0	monotone	no	jmdict		0.0	2.2	1.2
モバツイ	0		no	none		0.0	2.2	0.0
ライフル	0	rifle	no	jmdict		0.0	2.2	22.3
リエンジニアリング	0	re-engineering	no	jmdict		0.0	2.2	0.1
ルネサンス	0	renaissance	no	jmdict	fre	0.0	2.2	23.9
レコメンダシステム	0		no	none		0.0	2.2	0.0
レブコム	0		no	none		0.0	2.2	0.0
ロッキード	0	lockheed	no	jmdict		0.0	2.2	6.2
ロープ	0	rope	no	jmdict		0.0	2.2	14.0
ワークブック	0	workbook	no	jmdict		0.0	2.2	0.6
リバイバー	0		no	none		2.1	0.1	0.1
アドラー	0		no	none		0.0	2.1	2.8
アパートメント	0	apartment	no	jmdict		0.0	2.1	1.9
アプトン	0		no	none		0.0	2.1	1.0
アロイ	0	alloy	no	jmdict		0.0	2.1	0.9
インサイドストーリー	0	inside story	no	jmdict		0.0	2.1	0.7
インタビュアー	0	interviewer	no	jmdict		0.0	2.1	11.8
ウィンチェスター	0		no	none		0.0	2.1	4.7
ウェポンズ	0		no	none		0.0	2.1	4.7
エイシ	0		no	none		0.0	2.1	0.7
エキスパンダー	0	expander	no	jmdict		0.0	2.1	0.4
エコ	0	ecological	no	jmdict		0.0	2.1	4.5
エリスン	0		no	none		0.0	2.1	1.3
エーキューブ	0		no	none		0.0	2.1	0.0
オービット	0		no	none		0.0	2.1	3.4
カルメラウアー	0		no	none		0.0	2.1	0.0
カーオーディオ	0		no	none		0.0	2.1	0.5
ガゼル	0	gazelle	no	jmdict		0.0	2.1	1.7
キキ	0		no	none		0.0	2.1	2.2
キプロス	0	cyprus	no	jmdict	gre	0.0	2.1	8.3
キャビン	0	cabin	no	jmdict		0.0	2.1	5.4
キーピッチ	0	key pace	no	parts:キー+ピッチ		0.0	2.1	0.0
クアンタム	0	quantum	no	jmdict		0.0	2.1	0.1
クリエーティビティー	0	creativity	no	jmdict		0.0	2.1	1.6
クレンジング	0	cleansing	no	jmdict		0.0	2.1	1.0
グヌー	0	gnu	yes	jmdict		0.0	2.1	0.0
サイエントロジー	0	scientology	no	jmdict		0.0	2.1	1.6
サイクリン	0		no	none		0.0	2.1	2.6
サイレン	0	siren	no	jmdict		0.0	2.1	6.5
サブキャリア	0	sub career	no	parts:サブ+キャリア		0.0	2.1	0.1
サンド	0	sand	no	jmdict		0.0	2.1	13.1
サンド	1	sandwich	no	jmdict		0.0	2.1	13.1
サンド	2	sandbox;test environment	yes	jmdict		0.0	2.1	13.1
シビリゼーション	0	civilization;civilisation	no	jmdict		0.0	2.1	2.2
シンセ	0	synthesizer;synthesiser	no	jmdict		0.0	2.1	2.9
ジェレミー	0		no	none		0.0	2.1	6.3
ジオシティーズ	0		no	none		0.0	2.1	0.6
スタイン	0	stein	no	jmdict	ger	0.0	2.1	4.5
ストークス	0	stokes	no	jmdict		0.0	2.1	3.4
スミソニアン	0	smithsonian institution	no	jmdict		0.0	2.1	2.2
ソフトウェアトランザクショナルメモリ	0		no	none		0.0	2.1	0.0
ツールス	0		no	none		0.0	2.1	0.0
ディン	0	din;german institute for standardization	no	jmdict		0.0	2.1	3.8
デジタルペン	0	digital pen	no	jmdict		0.0	2.1	0.1
デフォルメ	0	distortion;deformation	no	jmdict	fre	0.0	2.1	3.1
デメテル	0	demeter	no	jmdict		0.0	2.1	1.0
デモプログラム	0	demonstration program	no	parts:デモ+プログラム		0.0	2.1	0.0
デリーター	0		no	none		0.0	2.1	0.1
デンソー	0	denso	no	jmdict		0.0	2.1	4.3
トミー	0		no	none		0.0	2.1	17.5
ドハティ	0		no	none		0.0	2.1	0.9
ドリコム	0		no	none		0.0	2.1	0.5
ニールス	0		no	none		0.0	2.1	1.7
ネロ	0		no	none		0.0	2.1	5.4
ハニカム	0	honeycomb	no	jmdict		0.0	2.1	1.7
ハンコック	0		no	none		0.0	2.1	3.5
ハーベスター	0	harvester	no	jmdict		0.0	2.1	0.4
バイリンガル	0	bilingual	no	jmdict		0.0	2.1	2.5
バスクロック	0	bus clock	yes	jmdict		0.0	2.1	0.0
バスクロック	1	bath clock;bathroom clock	no	jmdict		0.0	2.1	0.0
バスサイクル	0	bus cycle	no	parts:バス+サイクル		0.0	2.1	0.0
バルカン	0		no	none		0.0	2.1	12.1
バンダイ	0	bandai	no	jmdict		0.0	2.1	24.0
バーティゴ	0	vertigo	no	jmdict		0.0	2.1	0.6
パオロ	0		no	none		0.0	2.1	6.9
パベル	0		no	none		0.0	2.1	1.9
パー	0	par	no	jmdict		0.0	2.1	6.1
パー	1	equivalence;face value;parity;par	no	jmdict		0.0	2.1	6.1
パー	2	paper	no	jmdict		0.0	2.1	6.1
パー	3	disappearing completely;coming to nought;becoming worthless;losing everything	no	jmdict		0.0	2.1	6.1
パー	4	foolishness;stupidity	no	jmdict		0.0	2.1	6.1
パー	5	price-earnings ratio;per	no	jmdict		0.0	2.1	6.1
パー	6	eight	no	jmdict		0.0	2.1	6.1
パー	7	percent	no	jmdict		0.0	2.1	6.1
パー	8	apiece;each	no	jmdict		0.0	2.1	6.1
ヒンドゥー	0	hindu	no	jmdict		0.0	2.1	8.5
ビム	0		no	none		0.0	2.1	1.4
ピッツ	0		no	none		0.0	2.1	0.9
フォルカー	0		no	none		0.0	2.1	0.9
フーバー	0		no	none		0.0	2.1	4.8
ブリンカー	0	blinkers;blinders	no	jmdict		0.0	2.1	0.3
ブリーフケース	0	briefcase	no	jmdict		0.0	2.1	0.4
ブレイズ	0	braising	no	jmdict		0.0	2.1	3.6
ブレイズ	1	braids	no	jmdict		0.0	2.1	3.6
プラクティショナー	0		no	none		0.0	2.1	0.3
プロユース	0	professional youth	no	parts:プロ+ユース		0.0	2.1	0.1
ベアリング	0	bearing	no	jmdict		0.0	2.1	3.3
ベイク	0		no	none		0.0	2.1	0.2
ベルント	0		no	none		0.0	2.1	2.7
ホイーラー	0		no	none		0.0	2.1	0.7
マクロアセンブラ	0	macro assembler	yes	jmdict		0.0	2.1	0.0
マシュマロ	0	marshmallow	no	jmdict		0.0	2.1	3.2
マックストア	0		no	none		0.0	2.1	0.0
マッド	0	mud	no	jmdict		0.0	2.1	13.6
マッド	1	mad;crazy;ridiculous	no	jmdict		0.0	2.1	13.6
マッド	2	mad;mutual assured destruction	no	jmdict		0.0	2.1	13.6
マリー	0	mallee	no	jmdict		0.0	2.1	32.6
マルチバス	0	multi-post bus	no	parts:マルチ+バス		0.0	2.1	0.0
マルチメディアカード	0	multimedia card	no	parts:マルチメディア+カード		0.0	2.1	0.1
マントラ	0	mantra	no	jmdict	san	0.0	2.1	0.8
ミリネット	0	millimetre network	no	parts:ミリ+ネット		0.0	2.1	0.0
メイ	0	may	no	jmdict		0.0	2.1	14.4
メッツ	0		no	none		0.0	2.1	8.6
メディシン	0	medicine	no	jmdict		0.0	2.1	15.1
メンローパーク	0	men low park	no	parts:メン+ロー+パーク		0.0	2.1	0.1
ユニタリ	0		no	none		0.0	2.1	1.0
ユニバック	0	univac	no	jmdict		0.0	2.1	0.1
ラバ	0	mule	no	jmdict		0.0	2.1	1.9
ラバ	1	lava	no	jmdict		0.0	2.1	1.9
ラムゼイ	0		no	none		0.0	2.1	1.9
ラムバス	0	lamb bus	no	parts:ラム+バス		0.0	2.1	0.1
リデザイン	0		no	none		0.0	2.1	0.6
リュク	0		no	none		0.0	2.1	1.8
レナード	0		no	none		0.0	2.1	6.6
ロフト	0	loft	no	jmdict		0.0	2.1	7.0
ローゼン	0		no	none		0.0	2.1	6.0
ワイツマン	0		no	none		0.0	2.1	0.3
ワーノック	0		no	none		0.0	2.1	0.1
アドレ	0		no	none		2.1	0.0	0.2
アンバサダ	0	ambassador	no	jmdict		2.1	0.0	0.0
イドライン	0		no	none		2.1	0.0	0.0
イベントバブリング	0		no	none		2.1	0.0	0.0
インジェクションキー	0	injection key	no	parts:インジェクション+キー		2.1	0.0	0.0
インラインフレックスコンテナー	0		no	none		2.1	0.0	0.0
カスタムスケジューラー	0	custom scheduler	no	parts:カスタム+スケジューラー		2.1	0.0	0.0
キャリコ	0	calico	no	jmdict		2.1	0.0	0.7
キーレンジ	0	key range	no	parts:キー+レンジ		2.1	0.0	0.0
クル	0	crew	no	jmdict		2.1	0.0	1.7
コンピュートリソース	0		no	none		2.1	0.0	0.0
サイマット	0		no	none		2.1	0.0	0.0
サブテスト	0	sub test	no	parts:サブ+テスト		2.1	0.0	0.0
サブメンバー	0	sub member	no	parts:サブ+メンバー		2.1	0.0	0.3
シンボルキー	0	symbol key	no	parts:シンボル+キー		2.1	0.0	0.0
スケジューラープラグイン	0	scheduler plug-in	no	parts:スケジューラー+プラグイン		2.1	0.0	0.0
セルオブジェクト	0	cell object	no	parts:セル+オブジェクト		2.1	0.0	0.0
セーフリストレスポンスヘッダー	0	safe list response header	no	parts:セーフ+リスト+レスポンス+ヘッダー		2.1	0.0	0.0
デスクリプタメソッド	0	descriptor method	no	parts:デスクリプタ+メソッド		2.1	0.0	0.0
デタッチドモード	0		no	none		2.1	0.0	0.0
デバッグキー	0	debugging key	no	parts:デバッグ+キー		2.1	0.0	0.0
デモレポジトリー	0		no	none		2.1	0.0	0.0
ドメイ	0		no	none		2.1	0.0	0.0
ドライン	0		no	none		2.1	0.0	0.0
ハイポート	0	high port	no	parts:ハイ+ポート		2.1	0.0	0.0
バージョンスキューポリシー	0		no	none		2.1	0.0	0.0
ビューポートセグメント	0	viewport segment	no	parts:ビューポート+セグメント		2.1	0.0	0.0
フォレンジックコンテナチェックポイント	0	forensic container important point	no	parts:フォレンジック+コンテナ+チェックポイント		2.1	0.0	0.0
プルソース	0	pull sauce	no	parts:プル+ソース		2.1	0.0	0.0
プログラ	0		no	none		2.1	0.0	0.0
ヘッダーセル	0	header cell	no	parts:ヘッダー+セル		2.1	0.0	0.0
ヘッドレスモード	0	headless mode	no	parts:ヘッドレス+モード		2.1	0.0	0.0
ホワイトアウト	0	whiteout	no	jmdict		2.1	0.0	0.5
ボタンバー	0	button bar	yes	jmdict		2.1	0.0	0.0
マング	0		no	none		2.1	0.0	0.2
リファレンスサイドバー	0		no	none		2.1	0.0	0.0
リプレイサー	0		no	none		2.1	0.0	0.0
レンダーレスコンポーネント	0		no	none		2.1	0.0	0.0
ログラム	0	log lamb	no	parts:ログ+ラム		2.1	0.0	0.0
ロケールサブタグ	0	locale sub tag	no	parts:ロケール+サブ+タグ		2.1	0.0	0.0
