j	sense	english	computing	english_source	lsource	field_per_million	wiki_topic_per_million	general_per_million
オブジェクト	0	object	no	jmdict		6215.1	812.3	18.0
ファイル	0	file	no	jmdict		4392.2	2289.9	107.0
ファイル	1	file;filing;keeping on file	no	jmdict		4392.2	2289.9	107.0
データ	0	data;datum	no	jmdict		3177.9	3441.0	318.5
システム	0	system	no	jmdict		2766.2	3604.1	363.0
ユーザー	0	user	no	jmdict		3806.3	2074.3	68.2
プロパティー	0	property	no	jmdict		5722.1	99.4	6.2
ザ	0	the	no	jmdict		864.4	4393.5	3055.9
ザ	1	quintessential;definitive;representative;typical;classic	no	jmdict		864.4	4393.5	3055.9
コード	0	code;program	yes	jmdict		3590.1	1640.8	108.1
コード	1	code;regulation;rules	no	jmdict		3590.1	1640.8	108.1
コード	2	code;symbol set	no	jmdict		3590.1	1640.8	108.1
コード	3	cord;flex	no	jmdict		3590.1	1640.8	108.1
コード	4	chord	no	jmdict		3590.1	1640.8	108.1
コード	5	string	no	jmdict		3590.1	1640.8	108.1
ブラウザ	0	browser	no	jmdict		4559.6	500.0	17.5
メソッド	0	method	no	jmdict		4474.9	355.3	14.9
サービス	0	service;help;assistance;care;concern	no	jmdict		2486.0	1543.8	273.2
サービス	1	discount;discounted item	no	jmdict		2486.0	1543.8	273.2
サービス	2	free service;freebie;gift	no	jmdict		2486.0	1543.8	273.2
サービス	3	service;utility;amenity;resource	no	jmdict		2486.0	1543.8	273.2
サービス	4	service;servicing;maintenance	no	jmdict		2486.0	1543.8	273.2
サービス	5	service;serve	no	jmdict		2486.0	1543.8	273.2
サポート	0	support	no	jmdict		1751.2	2214.2	102.9
サーバー	0	server	yes	jmdict		2170.2	1738.7	37.8
サーバー	1	dispenser	no	jmdict		2170.2	1738.7	37.8
ソフトウェア	0	software	yes	jmdict		606.3	3150.5	74.0
ページ	0	page	no	jmdict		2611.5	1137.9	1901.3
ページ	1	nth page	no	jmdict		2611.5	1137.9	1901.3
イベント	0	event	no	jmdict		3424.8	276.7	276.3
バージョン	0	version	no	jmdict		1643.8	1893.8	173.2
コンテナ	0	container;skip	no	jmdict		3255.1	134.0	25.7
アプリケーション	0	application;application software	yes	jmdict		1906.9	1424.0	25.4
アプリケーション	1	application;putting into use	no	jmdict		1906.9	1424.0	25.4
アプリケーション	2	application;request;petition	no	jmdict		1906.9	1424.0	25.4
アンド	0	and	no	jmdict		405.7	2922.7	1143.3
オブ	0	of	no	jmdict		337.1	2977.1	2125.4
アクセス	0	access	no	jmdict		2230.9	958.1	60.9
ウェブ	0	web;world wide web	no	jmdict		1594.6	1430.0	646.3
ネットワーク	0	network	no	jmdict		1300.3	1588.0	134.1
インターフェース	0	interface	yes	jmdict		2025.7	838.1	17.7
セキュリティー	0	security	no	jmdict		1781.7	1077.1	39.4
リスト	0	list	no	jmdict		2179.2	612.7	132.9
リスト	1	wrist	no	jmdict		2179.2	612.7	132.9
モデル	0	model;dummy;mock-up	no	jmdict		660.6	2092.4	351.7
モデル	1	model;fashion model	no	jmdict		660.6	2092.4	351.7
モデル	2	model;version	no	jmdict		660.6	2092.4	351.7
モデル	3	model	no	jmdict		660.6	2092.4	351.7
モデル	4	model;inspiration	no	jmdict		660.6	2092.4	351.7
クラス	0	class	no	jmdict		1870.0	804.7	163.1
フォー	0	four	no	jmdict		386.7	2195.9	496.5
フォー	1	pho	no	jmdict		386.7	2195.9	496.5
コンピューター	0	computer	no	jmdict		186.8	2373.4	120.3
テキスト	0	text	no	jmdict		1959.1	571.8	50.1
テキスト	1	textbook	no	jmdict		1959.1	571.8	50.1
コンポーネント	0	component	no	jmdict		2176.9	302.4	8.8
プログラム	0	program;programme	no	jmdict		685.8	1773.3	122.2
プログラム	1	program;brochure;pamphlet	no	jmdict		685.8	1773.3	122.2
プログラム	2	program;programming	yes	jmdict		685.8	1773.3	122.2
モジュール	0	module	no	jmdict		1997.8	444.3	18.6
コンテンツ	0	contents;content	no	jmdict		2039.5	375.7	64.8
オプション	0	option;choice	no	jmdict		2050.5	342.8	38.6
オプション	1	optional extra	no	jmdict		2050.5	342.8	38.6
オプション	2	individual item;separate item	no	jmdict		2050.5	342.8	38.6
オプション	3	option	no	jmdict		2050.5	342.8	38.6
プロジェクト	0	project	no	jmdict		916.6	1341.9	256.6
ノード	0	node	no	jmdict		1721.7	500.3	8.7
ビット	0	bit	yes	jmdict		345.1	1844.9	37.0
ビット	1	bitt;bollard;mooring post	no	jmdict		345.1	1844.9	37.0
デフォルト	0	default	no	jmdict		1902.8	244.7	11.8
リクエスト	0	request	no	jmdict		1968.7	148.5	24.9
コマンド	0	command	yes	jmdict		1564.8	508.2	25.2
コマンド	1	command key	yes	jmdict		1564.8	508.2	25.2
コマンド	2	commando	no	jmdict		1564.8	508.2	25.2
リリース	0	release;publication	no	jmdict		503.7	1542.9	286.2
リリース	1	release;liberation;setting free	no	jmdict		503.7	1542.9	286.2
リリース	2	release	yes	jmdict		503.7	1542.9	286.2
エラー	0	error	no	jmdict		1648.4	331.1	60.6
エラー	1	fumble that leads to failing to put out a runner	no	jmdict		1648.4	331.1	60.6
メモリ	0	memory	yes	jmdict		506.0	1447.3	26.6
メモリ	1	memory;recollection;remembrance	no	jmdict		506.0	1447.3	26.6
サイト	0	site	no	jmdict		910.2	1002.6	696.6
サイト	1	website	no	jmdict		910.2	1002.6	696.6
サイト	2	time allowed for payment of a bill of exchange;usance	no	jmdict		910.2	1002.6	696.6
テスト	0	test;exam;examination;quiz	no	jmdict		1374.1	532.2	77.7
テスト	1	test;trial	no	jmdict		1374.1	532.2	77.7
テスト	2	rehearsal	no	jmdict		1374.1	532.2	77.7
ブロック	0	block;chunk	no	jmdict		1276.1	624.7	91.1
ブロック	1	concrete block	no	jmdict		1276.1	624.7	91.1
ブロック	2	toy blocks	no	jmdict		1276.1	624.7	91.1
ブロック	3	block	no	jmdict		1276.1	624.7	91.1
ブロック	4	blocking;obstructing	no	jmdict		1276.1	624.7	91.1
ブロック	5	blocking	no	jmdict		1276.1	624.7	91.1
ブロック	6	bloc;association;group;region	no	jmdict		1276.1	624.7	91.1
リソース	0	resource	no	jmdict		1568.9	325.5	12.1
アーカイブ	0	archive	no	jmdict		98.5	1744.9	1230.6
スタイル	0	figure;build;physique;shape	no	jmdict		1602.1	192.6	140.6
スタイル	1	style	no	jmdict		1602.1	192.6	140.6
ツール	0	tool	no	jmdict		909.9	879.8	37.0
ツール	1	tour	no	jmdict		909.9	879.8	37.0
プロセス	0	process	no	jmdict		776.2	979.6	40.6
インスタンス	0	instance	yes	jmdict		1578.8	155.1	2.2
ポッド	0	pod	no	jmdict		1664.0	37.9	13.7
モード	0	mode;setting;way;manner	no	jmdict		971.8	728.8	118.3
モード	1	state;mode;frame of mind;feeling	no	jmdict		971.8	728.8	118.3
モード	2	mode	no	jmdict		971.8	728.8	118.3
モード	3	fashion	no	jmdict		971.8	728.8	118.3
キー	0	key	no	jmdict		1238.1	410.1	21.9
キー	1	key;clue	no	jmdict		1238.1	410.1	21.9
キー	2	key;most important	no	jmdict		1238.1	410.1	21.9
キー	3	chi	no	jmdict		1238.1	410.1	21.9
キー	4	with a screech;with a squeak;with a squeal	no	jmdict		1238.1	410.1	21.9
サイズ	0	size	no	jmdict		1093.4	525.5	80.8
インストール	0	installation	yes	jmdict		1020.3	550.1	11.5
クライアント	0	client	no	jmdict		918.4	643.7	14.8
ベース	0	base;basis;theme;basic ingredient	no	jmdict		594.2	963.8	145.9
ベース	1	base;depot	no	jmdict		594.2	963.8	145.9
ベース	2	base;base bag	no	jmdict		594.2	963.8	145.9
ベース	3	bass;low register	no	jmdict		594.2	963.8	145.9
ベース	4	bass guitar;electric bass;bass	no	jmdict		594.2	963.8	145.9
ベース	5	double bass;contrabass;bass	no	jmdict		594.2	963.8	145.9
リンク	0	link;linking;linkage	no	jmdict		905.1	613.0	386.7
リンク	1	link;hyperlink	no	jmdict		905.1	613.0	386.7
リンク	2	linking;linkage	yes	jmdict		905.1	613.0	386.7
リンク	3	links	no	jmdict		905.1	613.0	386.7
リンク	4	rink	no	jmdict		905.1	613.0	386.7
メディア	0	media	no	jmdict		699.5	810.2	485.5
メッセージ	0	message	no	jmdict		920.5	569.7	68.4
ライブラリー	0	library	no	jmdict		582.7	815.7	80.6
ライブラリー	1	book series	no	jmdict		582.7	815.7	80.6
イメージ	0	image;impression;imagining;mental image;mental picture	no	jmdict		1086.9	295.1	136.7
イメージ	1	image	yes	jmdict		1086.9	295.1	136.7
イメージ	2	depiction;rendition;impression	no	jmdict		1086.9	295.1	136.7
プログラミング	0	programming;programing	yes	jmdict		215.2	1163.5	38.9
プロトコル	0	protocol	yes	jmdict		464.1	901.5	16.7
ポート	0	port;harbor	no	jmdict		922.3	442.9	36.5
ポート	1	port	yes	jmdict		922.3	442.9	36.5
ヘッダー	0	header	no	jmdict		1180.8	182.9	6.6
グループ	0	group	no	jmdict		714.4	647.2	452.3
インターネット	0	internet	yes	jmdict		281.0	1063.3	125.2
オリジナル	0	original	no	jmdict		66.6	1260.9	964.3
オリジナル	1	unique;signature;exclusive;one-of-a-kind;custom	no	jmdict		66.6	1260.9	964.3
シリーズ	0	series	no	jmdict		34.8	1276.4	783.4
ドキュメント	0	document	no	jmdict		1007.7	296.5	27.0
ドキュメント	1	documentation	yes	jmdict		1007.7	296.5	27.0
ドキュメント	2	documentary;reportage	no	jmdict		1007.7	296.5	27.0
アドレス	0	address	no	jmdict		521.6	770.1	14.5
アドレス	1	email address	no	jmdict		521.6	770.1	14.5
アドレス	2	addressing	no	jmdict		521.6	770.1	14.5
ウェブサイト	0	website;web site	no	jmdict		692.2	562.8	208.7
コンテキスト	0	context	no	jmdict		1129.8	114.7	5.0
ボックス	0	box;container;bin	no	jmdict		1063.8	151.3	123.8
ボックス	1	box;booth;pit	no	jmdict		1063.8	151.3	123.8
ボックス	2	small rectangular building	no	jmdict		1063.8	151.3	123.8
ボックス	3	rectangular field area	no	jmdict		1063.8	151.3	123.8
ボックス	4	box	no	jmdict		1063.8	151.3	123.8
レベル	0	level;standard;grade;class;rank	no	jmdict		668.6	540.1	110.7
レベル	1	level	no	jmdict		668.6	540.1	110.7
レベル	2	level;spirit level;surveyor's level	no	jmdict		668.6	540.1	110.7
レベル	3	rebel	no	jmdict		668.6	540.1	110.7
レベル	4	revell	no	jmdict		668.6	540.1	110.7
アニメーション	0	animation;animated film;animated cartoon	no	jmdict		1073.7	134.1	98.9
データベース	0	database	yes	jmdict		625.8	576.0	118.1
フィールド	0	field	no	jmdict		966.5	218.4	79.6
フィールド	1	field;meadow	no	jmdict		966.5	218.4	79.6
フィールド	2	field;blank	yes	jmdict		966.5	218.4	79.6
パッケージ	0	package	no	jmdict		580.5	601.9	48.0
ホスト	0	host	no	jmdict		872.2	308.8	25.7
ゲーム	0	game	no	jmdict		227.8	950.0	637.0
フォーム	0	form	no	jmdict		1051.5	113.1	27.8
フォーム	1	foam	no	jmdict		1051.5	113.1	27.8
ウインドー	0	window	yes	jmdict		733.9	425.1	13.4
アプリ	0	app;application	yes	jmdict		713.9	435.2	58.2
ディレクトリー	0	directory;folder	yes	jmdict		901.5	246.3	8.5
ボタン	0	button	no	jmdict		927.8	216.9	49.9
ボタン	1	push-button;button	no	jmdict		927.8	216.9	49.9
ボタン	2	tree peony;moutan	no	jmdict		927.8	216.9	49.9
ボタン	3	wild boar	no	jmdict		927.8	216.9	49.9
タイプ	0	type;kind;sort;style	no	jmdict		648.5	490.4	165.8
タイプ	1	type;one's type	no	jmdict		648.5	490.4	165.8
タイプ	2	typewriter	no	jmdict		648.5	490.4	165.8
タイプ	3	typing	no	jmdict		648.5	490.4	165.8
プラットフォーム	0	platform	no	jmdict		436.9	682.2	44.2
バグ	0	bug	yes	jmdict		942.9	172.7	7.6
パス	0	passing	no	jmdict		956.2	157.9	33.4
パス	1	pass;ticket	no	jmdict		956.2	157.9	33.4
パス	2	pass	no	jmdict		956.2	157.9	33.4
パス	3	pass;giving a pass	no	jmdict		956.2	157.9	33.4
パス	4	path	yes	jmdict		956.2	157.9	33.4
パス	5	path;vector	yes	jmdict		956.2	157.9	33.4
パス	6	calipers	no	jmdict		956.2	157.9	33.4
レンダリング	0	rendering	no	jmdict		874.7	222.2	4.4
デバイス	0	device	no	jmdict		440.8	652.7	21.4
スクリプト	0	script	no	jmdict		845.1	239.4	7.4
アルゴリズム	0	algorithm	yes	jmdict		314.2	755.3	18.1
キャッシュ	0	cache	yes	jmdict		658.5	397.8	21.4
キャッシュ	1	cash	no	jmdict		658.5	397.8	21.4
フォント	0	font	no	jmdict		713.3	337.7	13.4
ルール	0	rule	no	jmdict		853.6	189.9	84.0
アーキテクチャー	0	architecture	no	jmdict		109.0	909.3	21.3
グロッサリー	0	glossary	no	jmdict		993.8	17.9	2.2
コントロール	0	control	no	jmdict		692.6	299.4	48.8
インテル	0	lead	no	jmdict		27.0	956.6	22.0
インテル	1	intel	no	jmdict		27.0	956.6	22.0
インテル	2	inter milan	no	jmdict		27.0	956.6	22.0
デジタル	0	digital	no	jmdict		90.4	881.1	310.2
ライセンス	0	license;licence	no	jmdict		98.5	869.8	43.6
バイト	0	part-time job;side job	no	jmdict		512.7	455.5	20.8
バイト	1	part-time worker;part-timer	no	jmdict		512.7	455.5	20.8
バイト	2	byte;octet	yes	jmdict		512.7	455.5	20.8
バイト	3	cutting tool;bit	no	jmdict		512.7	455.5	20.8
プロセッサー	0	processor	yes	jmdict		47.4	910.5	14.2
ガイド	0	guide;tour guide;conductor;guiding;leading	no	jmdict		710.5	247.4	111.4
ガイド	1	guidebook	no	jmdict		710.5	247.4	111.4
ガイド	2	guide;guide ring	no	jmdict		710.5	247.4	111.4
ハードウェア	0	hardware	yes	jmdict		160.1	796.7	15.8
ソース	0	sauce	no	jmdict		632.4	322.0	47.8
ソース	1	worcestershire sauce	no	jmdict		632.4	322.0	47.8
ソース	2	source	no	jmdict		632.4	322.0	47.8
ソース	3	source code	yes	jmdict		632.4	322.0	47.8
フレームワーク	0	framework	no	jmdict		483.1	466.8	9.2
アイテム	0	item	no	jmdict		864.8	83.7	67.7
アイテム	1	must-have;must-have item	no	jmdict		864.8	83.7	67.7
アイテム	2	item;pick-up	no	jmdict		864.8	83.7	67.7
フォーマット	0	format;form	no	jmdict		344.1	603.4	19.8
フォーマット	1	format	yes	jmdict		344.1	603.4	19.8
フォーマット	2	formatting;format	yes	jmdict		344.1	603.4	19.8
ウィズ	0	with	no	jmdict		203.6	741.9	258.8
クラスター	0	cluster	no	jmdict		801.0	130.1	12.3
クラスター	1	clique;faction;fan group	no	jmdict		801.0	130.1	12.3
ストレージ	0	storage	yes	jmdict		536.9	376.5	9.4
チェック	0	check;plaid	no	jmdict		713.5	195.1	28.4
チェック	1	check;inspection;examination;looking over;scrutinizing	no	jmdict		713.5	195.1	28.4
チェック	2	check;tick;marking with a check;checking off;ticking	no	jmdict		713.5	195.1	28.4
チェック	3	checking out;following;keeping one's eye on;keeping a close watch on	no	jmdict		713.5	195.1	28.4
チェック	4	check;cheque	no	jmdict		713.5	195.1	28.4
チェック	5	bill;check	no	jmdict		713.5	195.1	28.4
チェック	6	check	no	jmdict		713.5	195.1	28.4
パターン	0	pattern	no	jmdict		624.2	283.8	42.3
パターン	1	behavioural pattern;behavioral pattern;predictability;force of habit	no	jmdict		624.2	283.8	42.3
バック	0	back;rear	no	jmdict		675.5	232.1	235.9
バック	1	background;backdrop	no	jmdict		675.5	232.1	235.9
バック	2	backing;support;backer;supporter	no	jmdict		675.5	232.1	235.9
バック	3	going backwards;reversing;backing up	no	jmdict		675.5	232.1	235.9
バック	4	reverse	no	jmdict		675.5	232.1	235.9
バック	5	refunding;returning	no	jmdict		675.5	232.1	235.9
バック	6	back	no	jmdict		675.5	232.1	235.9
バック	7	backstroke	no	jmdict		675.5	232.1	235.9
バック	8	backhand	no	jmdict		675.5	232.1	235.9
バック	9	doggy style	no	jmdict		675.5	232.1	235.9
バック	10	bag	no	jmdict		675.5	232.1	235.9
ビルド	0	build	yes	jmdict		477.4	425.6	17.0
コピー	0	copy;photocopy	no	jmdict		569.7	328.0	35.7
コピー	1	book jacket blurb	no	jmdict		569.7	328.0	35.7
コピー	2	slogan	no	jmdict		569.7	328.0	35.7
ハンドラー	0	handler	no	jmdict		848.4	42.2	1.5
テンプレート	0	template	no	jmdict		671.8	215.6	19.1
マシン	0	machine	no	jmdict		274.5	611.1	184.6
マシン	1	race car;racing motorcycle	no	jmdict		274.5	611.1	184.6
ドメイン	0	domain	no	jmdict		445.4	439.0	28.3
ドメイン	1	domain name	no	jmdict		445.4	439.0	28.3
ログ	0	log	yes	jmdict		641.1	242.4	22.7
ログ	1	log;logarithm	no	jmdict		641.1	242.4	22.7
ログ	2	logbook	no	jmdict		641.1	242.4	22.7
レスポンス	0	response	no	jmdict		807.4	60.6	16.6
ソフト	0	soft	no	jmdict		47.6	817.3	127.7
ソフト	1	software	yes	jmdict		47.6	817.3	127.7
ソフト	2	soft hat;felt hat	no	jmdict		47.6	817.3	127.7
ソフト	3	soft serve ice cream	no	jmdict		47.6	817.3	127.7
ソフト	4	softball	no	jmdict		47.6	817.3	127.7
ニュース	0	news	no	jmdict		21.8	839.6	1307.2
ローカル	0	local	no	jmdict		615.0	240.1	67.0
レイアウト	0	layout	no	jmdict		744.9	106.2	12.1
パフォーマンス	0	performance	no	jmdict		564.4	284.1	62.3
パフォーマンス	1	something done for show;theatre;theater;showy action;gesture;playing to the gallery	no	jmdict		564.4	284.1	62.3
カスタム	0	custom;custom-made;custom-built	no	jmdict		745.1	92.5	16.0
カスタム	1	customization	no	jmdict		745.1	92.5	16.0
カスタム	2	customs;customs duty	no	jmdict		745.1	92.5	16.0
チャンネル	0	channel	no	jmdict		368.0	468.4	246.0
ルート	0	route;path	no	jmdict		656.0	179.3	94.8
ルート	1	channel	no	jmdict		656.0	179.3	94.8
ルート	2	root;square root	no	jmdict		656.0	179.3	94.8
ルート	3	root	yes	jmdict		656.0	179.3	94.8
ルート	4	loot	no	jmdict		656.0	179.3	94.8
コンパイラー	0	compiler	yes	jmdict		377.6	439.7	6.2
プラグイン	0	plug-in;plugin	yes	jmdict		507.6	307.5	5.8
コール	0	call;ring	no	jmdict		615.0	193.1	53.9
コール	1	shout;call;chant	no	jmdict		615.0	193.1	53.9
コール	2	call	no	jmdict		615.0	193.1	53.9
コール	3	call loan;call money	no	jmdict		615.0	193.1	53.9
コール	4	coal	no	jmdict		615.0	193.1	53.9
コンストラクター	0	constructor	no	jmdict		728.8	54.3	5.6
コントローラー	0	controller	no	jmdict		464.4	314.9	14.8
エンジン	0	engine	no	jmdict		363.4	410.1	183.1
セット	0	set;combo	no	jmdict		398.2	372.1	87.3
セット	1	setting up;preparing;arranging;placing;positioning;configuring;setting	no	jmdict		398.2	372.1	87.3
セット	2	setting	no	jmdict		398.2	372.1	87.3
セット	3	set	no	jmdict		398.2	372.1	87.3
セット	4	set;movie set	no	jmdict		398.2	372.1	87.3
セット	5	receiver	no	jmdict		398.2	372.1	87.3
カーネル	0	kernel	yes	jmdict		191.9	575.3	11.2
キーワード	0	key word;key phrase;clue	no	jmdict		636.8	127.8	13.3
キーワード	1	keyword;search term;index term	yes	jmdict		636.8	127.8	13.3
ブログ	0	blog	no	jmdict		190.5	567.3	220.9
オープン	0	opening	no	jmdict		187.5	567.7	188.4
オープン	1	open;frank;approachable;open-hearted	no	jmdict		187.5	567.7	188.4
オープン	2	open	no	jmdict		187.5	567.7	188.4
インデックス	0	index	no	jmdict		477.6	276.8	52.5
パラメーター	0	parameter	no	jmdict		564.7	183.6	14.3
ビュー	0	view	no	jmdict		641.4	97.8	19.2
ビュー	1	with a whizz;whistling sound;whizzing by;with a howl;with a hiss	no	jmdict		641.4	97.8	19.2
ビュー	2	gushing out	no	jmdict		641.4	97.8	19.2
ダウンロード	0	download	yes	jmdict		380.1	358.4	40.4
マネージャー	0	manager	no	jmdict		393.2	344.5	45.8
マネージャー	1	person in a sports team in charge of administrative and miscellaneous duties	no	jmdict		393.2	344.5	45.8
ストリーム	0	stream	no	jmdict		518.6	212.6	15.4
クエリー	0	query	yes	jmdict		575.4	144.5	5.2
グローバル	0	global	no	jmdict		510.4	207.8	75.3
クリック	0	click	yes	jmdict		600.8	116.5	10.9
ポリシー	0	policy	no	jmdict		585.7	123.8	16.4
ループ	0	loop;band;ring	no	jmdict		476.3	232.1	25.3
ループ	1	loop	yes	jmdict		476.3	232.1	25.3
ループ	2	looping;repeating	no	jmdict		476.3	232.1	25.3
ループ	3	time loop;temporal loop	no	jmdict		476.3	232.1	25.3
ループ	4	spiral;spiral loop	no	jmdict		476.3	232.1	25.3
ループ	5	loop antenna	no	jmdict		476.3	232.1	25.3
ループ	6	loop jump	no	jmdict		476.3	232.1	25.3
インポート	0	import;imported goods	no	jmdict		621.4	82.5	2.4
インポート	1	importing	yes	jmdict		621.4	82.5	2.4
ニュー	0	new	no	jmdict		104.6	597.7	291.5
ニュー	1	nu	no	jmdict		104.6	597.7	291.5
ニュー	2	gnu	yes	jmdict		104.6	597.7	291.5
タスク	0	task	no	jmdict		433.7	259.6	9.7
スクロール	0	scroll;scrolling	yes	jmdict		641.8	48.5	8.6
スレッド	0	thread	yes	jmdict		408.3	279.9	7.4
スレッド	1	thread;topic;conversation;post	no	jmdict		408.3	279.9	7.4
デザイン	0	design	no	jmdict		132.6	549.5	312.7
メール	0	email	no	jmdict		324.9	348.4	47.8
メール	1	mail;post	no	jmdict		324.9	348.4	47.8
メール	2	message;instant message;im;text	no	jmdict		324.9	348.4	47.8
メール	3	male	no	jmdict		324.9	348.4	47.8
ボリューム	0	volume	no	jmdict		528.9	143.0	48.4
ボリューム	1	volume;bulk;mass;amount;quantity	no	jmdict		528.9	143.0	48.4
ボリューム	2	potentiometer;variable resistor	no	jmdict		528.9	143.0	48.4
フレーム	0	frame	no	jmdict		407.3	263.1	31.2
フレーム	1	flame	no	jmdict		407.3	263.1	31.2
エージェント	0	agent	no	jmdict		492.1	172.2	25.3
エージェント	1	secret agent;spy	no	jmdict		492.1	172.2	25.3
ワーカー	0	worker	no	jmdict		645.9	16.4	3.4
ラベル	0	label	no	jmdict		544.7	102.7	15.7
タグ	0	tag;label	no	jmdict		501.9	145.0	6.0
タグ	1	game of tag	no	jmdict		501.9	145.0	6.0
タグ	2	tag-team match	no	jmdict		501.9	145.0	6.0
タグ	3	working together as a team	no	jmdict		501.9	145.0	6.0
キーボード	0	keyboard	no	jmdict		272.9	372.7	35.4
ソースコード	0	source code	yes	jmdict		274.8	370.6	5.6
ディスク	0	disk;disc	no	jmdict		140.1	503.7	66.9
バッファー	0	buffer	no	jmdict		455.9	186.9	4.7
テーブル	0	table	no	jmdict		323.5	312.9	30.2
ステート	0	state	no	jmdict		506.3	122.6	57.0
コンパイル	0	compilation;compiling	yes	jmdict		368.0	259.0	5.9
コンパイル	1	compile	no	jmdict		368.0	259.0	5.9
パケット	0	packet	yes	jmdict		267.0	357.7	8.3
パケット	1	packet;parcel;package	no	jmdict		267.0	357.7	8.3
オペレーティングシステム	0	operating system;os	yes	jmdict		147.9	476.8	9.5
レイヤー	0	layer	no	jmdict		424.3	198.5	7.3
レイヤー	1	cosplayer	no	jmdict		424.3	198.5	7.3
レファレンス	0	reference	no	jmdict		408.9	209.4	75.1
グリッド	0	grid	no	jmdict		556.0	62.2	10.7
リスク	0	risk	no	jmdict		490.2	126.6	48.0
リスク	1	reduced instruction set computer;risc	yes	jmdict		490.2	126.6	48.0
アップデート	0	update	yes	jmdict		172.4	444.0	39.3
スタック	0	stack	no	jmdict		290.1	326.0	7.2
スタック	1	getting stuck	no	jmdict		290.1	326.0	7.2
フラグ	0	flag;boolean value	yes	jmdict		530.8	84.9	6.1
フラグ	1	something that foreshadows a future event or outcome	no	jmdict		530.8	84.9	6.1
ピクセル	0	pixel;picture element	yes	jmdict		352.9	260.9	7.6
パスワード	0	password	no	jmdict		395.0	216.2	7.8
アクション	0	action	no	jmdict		508.6	98.1	94.5
ケース	0	case	no	jmdict		325.8	280.7	80.7
ケース	1	computer-aided software engineering;case	yes	jmdict		325.8	280.7	80.7
セッション	0	session	no	jmdict		463.0	131.0	31.8
セッション	1	jam session;jam	no	jmdict		463.0	131.0	31.8
テクノロジー	0	technology	no	jmdict		42.6	550.7	44.8
コミュニティー	0	community	no	jmdict		223.7	361.2	65.2
オープンソース	0	open source	yes	jmdict		63.0	518.3	8.5
レコード	0	record	no	jmdict		397.3	183.5	176.3
アクティブ	0	active	no	jmdict		476.5	104.1	19.4
スコープ	0	scope;extent;range	no	jmdict		520.9	58.1	7.3
スコープ	1	scope	no	jmdict		520.9	58.1	7.3
セクション	0	section	no	jmdict		463.9	114.5	20.6
ビジネス	0	business	no	jmdict		57.5	519.1	126.4
ドライバー	0	driver;motorist	no	jmdict		316.9	258.3	57.0
ドライバー	1	screwdriver	no	jmdict		316.9	258.3	57.0
ドライバー	2	driver	no	jmdict		316.9	258.3	57.0
メイン	0	main;principal	no	jmdict		367.5	204.2	156.6
メイン	1	main dish;main course	no	jmdict		367.5	204.2	156.6
メイン	2	main part;principal part	no	jmdict		367.5	204.2	156.6
メイン	3	maine	no	jmdict		367.5	204.2	156.6
ポインター	0	pointer;english pointer	no	jmdict		370.0	200.8	4.5
ポインター	1	pointer;pointing stick	no	jmdict		370.0	200.8	4.5
ポインター	2	pointer;mouse cursor	yes	jmdict		370.0	200.8	4.5
ポインター	3	pointer	yes	jmdict		370.0	200.8	4.5
ユニコード	0	unicode	yes	jmdict		257.6	312.6	11.4
ソケット	0	socket	no	jmdict		221.2	348.7	6.2
ビデオ	0	video	no	jmdict		109.5	459.4	138.1
ビデオ	1	videotape;vhs tape;videocassette	no	jmdict		109.5	459.4	138.1
ビデオ	2	videocassette recorder;vcr	no	jmdict		109.5	459.4	138.1
パソコン	0	personal computer;pc	no	jmdict		3.7	560.9	36.8
カード	0	card	no	jmdict		100.3	459.4	188.3
カード	1	playing cards	no	jmdict		100.3	459.4	188.3
カード	2	credit card;debit card	no	jmdict		100.3	459.4	188.3
カード	3	card;program;matchup;pairing	no	jmdict		100.3	459.4	188.3
カード	4	card;hand;bargaining chip;leverage;tactic	no	jmdict		100.3	459.4	188.3
カード	5	dough scraper;spatula	no	jmdict		100.3	459.4	188.3
カード	6	curd	no	jmdict		100.3	459.4	188.3
ファイルシステム	0	file system	yes	jmdict		253.7	305.4	4.1
ストア	0	store;shop	no	jmdict		267.7	288.0	47.8
ストア	1	storing	yes	jmdict		267.7	288.0	47.8
ストア	2	stoa	no	jmdict		267.7	288.0	47.8
ストア	3	stoic	no	jmdict		267.7	288.0	47.8
ツリー	0	tree	no	jmdict		434.4	117.8	21.0
ツリー	1	thread	no	jmdict		434.4	117.8	21.0
カラー	0	color;colour	no	jmdict		276.4	273.5	107.2
カラー	1	color;character;characteristics;atmosphere	no	jmdict		276.4	273.5	107.2
カラー	2	coloring;dyeing	no	jmdict		276.4	273.5	107.2
カラー	3	collar	no	jmdict		276.4	273.5	107.2
カラー	4	calla	no	jmdict		276.4	273.5	107.2
オーディオ	0	audio	no	jmdict		217.5	331.9	33.1
オーディオ	1	audio equipment	no	jmdict		217.5	331.9	33.1
ハッシュ	0	hash	yes	jmdict		310.0	238.3	4.4
ハッシュ	1	hush;hushing;suppressing	no	jmdict		310.0	238.3	4.4
セレクター	0	selector	no	jmdict		499.4	46.6	3.5
プロ	0	professional;pro	no	jmdict		24.5	518.8	278.0
プロ	1	program	no	jmdict		24.5	518.8	278.0
プロ	2	production	no	jmdict		24.5	518.8	278.0
プロ	3	proletarian;proletariat	no	jmdict		24.5	518.8	278.0
プロ	4	propaganda	no	jmdict		24.5	518.8	278.0
プロ	5	percent	no	jmdict		24.5	518.8	278.0
レポート	0	report;paper	no	jmdict		297.7	242.3	155.6
レポート	1	reportage	no	jmdict		297.7	242.3	155.6
デスクトップ	0	desktop	no	jmdict		95.3	444.1	7.6
デスクトップ	1	desktop computer	no	jmdict		95.3	444.1	7.6
チーム	0	team	no	jmdict		223.5	315.7	693.2
レジスター	0	register	no	jmdict		49.7	484.0	25.0
レジスター	1	checkout;cashier	no	jmdict		49.7	484.0	25.0
ディスプレー	0	display	no	jmdict		138.1	394.9	24.5
ディスプレー	1	display;monitor	no	jmdict		138.1	394.9	24.5
チップ	0	tip;gratuity	no	jmdict		83.6	447.1	26.2
チップ	1	foul tip	no	jmdict		83.6	447.1	26.2
チップ	2	tip	no	jmdict		83.6	447.1	26.2
チップ	3	chip;microchip	no	jmdict		83.6	447.1	26.2
チップ	4	chip;casino token	no	jmdict		83.6	447.1	26.2
チップ	5	chip	no	jmdict		83.6	447.1	26.2
チップ	6	chip;crisp	no	jmdict		83.6	447.1	26.2
フォーカス	0	focus	no	jmdict		486.8	37.5	16.6
フォーカス	1	photographing secretly	no	jmdict		486.8	37.5	16.6
フォーカス	2	forecast	no	jmdict		486.8	37.5	16.6
フィルター	0	filter	no	jmdict		368.2	153.6	13.7
オンライン	0	online	no	jmdict		98.5	421.2	264.6
オンライン	1	on the line	no	jmdict		98.5	421.2	264.6
ロール	0	roll;rolling up	no	jmdict		461.6	49.0	47.0
ロール	1	roll	no	jmdict		461.6	49.0	47.0
ロール	2	roller	no	jmdict		461.6	49.0	47.0
ロール	3	roll film	no	jmdict		461.6	49.0	47.0
ロール	4	role	no	jmdict		461.6	49.0	47.0
コア	0	core	no	jmdict		86.3	422.5	21.9
コア	1	core;hardcore;all-out;passionate	no	jmdict		86.3	422.5	21.9
トラック	0	truck;lorry	no	jmdict		378.5	123.6	109.5
トラック	1	track	no	jmdict		378.5	123.6	109.5
トラック	2	track event	no	jmdict		378.5	123.6	109.5
オリジン	0	origin	no	jmdict		491.4	8.5	3.0
ロック	0	lock	no	jmdict		302.7	195.8	210.5
ロック	1	lock;lock forward	no	jmdict		302.7	195.8	210.5
ロック	2	roc	no	jmdict		302.7	195.8	210.5
ロック	3	rock	no	jmdict		302.7	195.8	210.5
ロック	4	rock;boulder;stone	no	jmdict		302.7	195.8	210.5
ロック	5	on the rocks	no	jmdict		302.7	195.8	210.5
ロード	0	road	no	jmdict		288.1	207.9	64.5
ロード	1	load	no	jmdict		288.1	207.9	64.5
ロード	2	loading	yes	jmdict		288.1	207.9	64.5
ロード	3	lord	no	jmdict		288.1	207.9	64.5
ウォッチ	0	watch	no	jmdict		21.5	471.2	95.3
ウォッチ	1	watching;observing	no	jmdict		21.5	471.2	95.3
ウォッチ	2	watch;watchkeeping	no	jmdict		21.5	471.2	95.3
ウォッチ	3	watch cap	no	jmdict		21.5	471.2	95.3
ネーティブ	0	native	no	jmdict		293.8	195.4	22.6
ネーティブ	1	native speaker	no	jmdict		293.8	195.4	22.6
メンバー	0	member;participant;attendee;lineup	no	jmdict		280.3	205.1	380.3
リポジトリー	0	repository	no	jmdict		328.8	156.2	5.3
ネーム	0	name	no	jmdict		283.9	200.5	35.1
ネーム	1	nameplate	no	jmdict		283.9	200.5	35.1
ネーム	2	caption	no	jmdict		283.9	200.5	35.1
ネーム	3	storyboard;rough draft	no	jmdict		283.9	200.5	35.1
アカウント	0	account	no	jmdict		296.1	186.1	35.0
ターゲット	0	target	no	jmdict		349.6	128.0	24.3
タイム	0	time	no	jmdict		195.8	281.8	180.1
タイム	1	time-out	no	jmdict		195.8	281.8	180.1
タイム	2	thyme	no	jmdict		195.8	281.8	180.1
マネージメント	0	management	no	jmdict		185.0	290.3	55.9
メモリー	0	memory	yes	jmdict		229.7	245.2	24.9
メモリー	1	memory;recollection;remembrance	no	jmdict		229.7	245.2	24.9
マイクロ	0	micro	no	jmdict		72.1	396.2	23.1
マイクロ	1	minibus	no	jmdict		72.1	396.2	23.1
マイクロ	2	microfilm	no	jmdict		72.1	396.2	23.1
ポイント	0	point;key point;important part	no	jmdict		243.9	223.6	131.5
ポイント	1	point;site;spot	no	jmdict		243.9	223.6	131.5
ポイント	2	point	no	jmdict		243.9	223.6	131.5
ポイント	3	point;points	no	jmdict		243.9	223.6	131.5
ポイント	4	switch;points	no	jmdict		243.9	223.6	131.5
ポイント	5	place where many fish gather	no	jmdict		243.9	223.6	131.5
ポイント	6	ace	no	jmdict		243.9	223.6	131.5
ポイント	7	to point	yes	jmdict		243.9	223.6	131.5
オフィス	0	office	no	jmdict		28.4	433.1	101.3
アスキー	0	american standard code for information interchange;ascii	yes	jmdict		115.9	340.0	28.0
バイナリー	0	binary	no	jmdict		232.2	223.0	5.9
マップ	0	map	no	jmdict		251.9	203.3	64.5
ウィキ	0	wiki	yes	jmdict		18.3	436.0	281.5
ウィキ	1	wikipedia	no	jmdict		18.3	436.0	281.5
ライト	0	light	no	jmdict		138.8	314.5	179.3
ライト	1	right	no	jmdict		138.8	314.5	179.3
ライト	2	right field;right fielder	no	jmdict		138.8	314.5	179.3
センター	0	centre;center	no	jmdict		123.2	328.0	510.6
センター	1	center fielder	no	jmdict		123.2	328.0	510.6
アップ	0	rise;increase;raising;lifting;going up	no	jmdict		209.7	239.8	175.9
アップ	1	upload;posting online	no	jmdict		209.7	239.8	175.9
アップ	2	close-up	no	jmdict		209.7	239.8	175.9
アップ	3	completion of filming	no	jmdict		209.7	239.8	175.9
アップ	4	upswept hairstyle	no	jmdict		209.7	239.8	175.9
アップ	5	being up;being ahead;leading	no	jmdict		209.7	239.8	175.9
アップ	6	warm-up	no	jmdict		209.7	239.8	175.9
アップ	7	finishing;completion;being over	no	jmdict		209.7	239.8	175.9
アップ	8	upstairs	no	jmdict		209.7	239.8	175.9
トークン	0	token;authentication token	yes	jmdict		312.3	136.2	3.6
フリー	0	free	no	jmdict		61.8	385.2	130.8
フリー	1	freelance;independent	no	jmdict		61.8	385.2	130.8
フリー	2	freelancer	no	jmdict		61.8	385.2	130.8
フリー	3	one-size-fits-all	no	jmdict		61.8	385.2	130.8
フリー	4	free skating;long program	no	jmdict		61.8	385.2	130.8
マウス	0	mouse	no	jmdict		239.0	206.5	24.1
マウス	1	mouth	no	jmdict		239.0	206.5	24.1
プレーヤー	0	player	no	jmdict		67.8	377.1	130.0
タブ	0	tab	no	jmdict		369.1	75.1	2.7
タブ	1	tub	no	jmdict		369.1	75.1	2.7
サンプル	0	sample;example;specimen	no	jmdict		335.9	106.9	15.7
サンプル	1	display model	no	jmdict		335.9	106.9	15.7
コンピューティング	0	computing	no	jmdict		15.1	423.2	9.1
コメント	0	comment	no	jmdict		286.2	151.1	86.7
シェル	0	shell	yes	jmdict		190.0	247.1	14.4
コンソール	0	console	yes	jmdict		305.2	123.5	10.8
スロット	0	slot	no	jmdict		199.2	229.2	11.8
スロット	1	slot machine	no	jmdict		199.2	229.2	11.8
エディター	0	text editor	yes	jmdict		161.9	262.8	13.2
エディター	1	editor	no	jmdict		161.9	262.8	13.2
クラウドサービス	0	cloud service	yes	jmdict		387.4	34.8	1.2
パブリック	0	public	no	jmdict		104.2	315.0	40.3
エンコード	0	encoding	no	jmdict		318.7	94.9	2.0
ナンバー	0	number	no	jmdict		164.9	243.7	245.2
ナンバー	1	number plate;license plate	no	jmdict		164.9	243.7	245.2
リーダー	0	leader	no	jmdict		264.9	142.6	80.7
リーダー	1	leaders;dotted line;ellipsis	no	jmdict		264.9	142.6	80.7
リーダー	2	reader	no	jmdict		264.9	142.6	80.7
リーダー	3	microreader	no	jmdict		264.9	142.6	80.7
メーカー	0	manufacturer;producer;maker	no	jmdict		27.2	378.7	113.9
メーカー	1	maker	no	jmdict		27.2	378.7	113.9
ホーム	0	platform	no	jmdict		83.8	320.4	219.2
ホーム	1	home	no	jmdict		83.8	320.4	219.2
ホーム	2	home base;home plate	no	jmdict		83.8	320.4	219.2
マスク	0	mask	no	jmdict		317.6	86.6	38.1
マスク	1	features;looks	no	jmdict		317.6	86.6	38.1
プロトタイプ	0	prototype	no	jmdict		325.4	78.7	11.8
インライン	0	in-line;inline	yes	jmdict		372.8	31.0	1.2
ライブ	0	live	no	jmdict		191.9	211.4	579.6
ライブ	1	live performance;live concert	no	jmdict		191.9	211.4	579.6
ライブ	2	resonant;reverberating;echoey	no	jmdict		191.9	211.4	579.6
ディレクティブ	0	directive	yes	jmdict		384.2	18.0	1.3
ドライブ	0	drive;trip by car;driving	no	jmdict		33.9	362.9	48.1
ドライブ	1	to drive;to go on a trip by car	no	jmdict		33.9	362.9	48.1
ドライブ	2	to drive	no	jmdict		33.9	362.9	48.1
ドライブ	3	to drive;to propel	no	jmdict		33.9	362.9	48.1
ドライブ	4	drive	yes	jmdict		33.9	362.9	48.1
インフォメーション	0	information	no	jmdict		71.0	324.3	56.5
プロキシー	0	proxy	yes	jmdict		326.3	68.8	1.6
モジラ	0	mozilla	no	jmdict		122.7	271.8	3.9
リテラル	0	literal	yes	jmdict		344.8	46.8	0.8
コンテント	0	content	no	jmdict		260.3	128.5	29.7
メニュー	0	menu	no	jmdict		244.3	144.3	32.4
メニュー	1	schedule;program;programme;course;services	no	jmdict		244.3	144.3	32.4
ジャパン	0	japan	no	jmdict		14.4	373.0	395.7
グラフィックス	0	graphics	no	jmdict		20.8	363.5	10.1
エディション	0	edition	no	jmdict		29.3	349.2	70.3
プロミス	0	promise	no	jmdict		377.4	0.8	1.6
プロバイダー	0	internet service provider;isp	no	jmdict		230.3	147.5	6.0
オーバー	0	overcoat	no	jmdict		207.7	168.5	74.4
オーバー	1	exceeding;going over;going beyond	no	jmdict		207.7	168.5	74.4
オーバー	2	exaggerated;overdone;over the top	no	jmdict		207.7	168.5	74.4
オーバー	3	over par	no	jmdict		207.7	168.5	74.4
オーバー	4	overexposure	no	jmdict		207.7	168.5	74.4
オーバー	5	over	no	jmdict		207.7	168.5	74.4
クラウド	0	cloud	no	jmdict		193.9	180.5	12.3
クラウド	1	cloud computing;cloud service	yes	jmdict		193.9	180.5	12.3
クラウド	2	crowd	no	jmdict		193.9	180.5	12.3
シンプル	0	simple;plain	no	jmdict		207.2	165.5	22.1
ジェネレーター	0	generator	no	jmdict		310.3	62.3	4.3
カテゴリー	0	category	no	jmdict	ger	110.4	261.3	351.8
エフェクト	0	effect	no	jmdict		308.9	62.0	18.1
ランゲージ	0	language	no	jmdict		57.5	312.3	24.5
アップグレード	0	upgrade	no	jmdict		225.3	144.0	6.0
シート	0	seat	no	jmdict		307.7	60.9	47.4
シート	1	sheet	no	jmdict		307.7	60.9	47.4
シート	2	spreadsheet	yes	jmdict		307.7	60.9	47.4
キュー	0	cue;cue stick	no	jmdict		275.2	92.0	23.4
キュー	1	cue	no	jmdict		275.2	92.0	23.4
キュー	2	queue	yes	jmdict		275.2	92.0	23.4
ログイン	0	login	yes	jmdict		269.7	95.6	6.0
エントリー	0	entry;applying for entry;registering to participate	no	jmdict		222.1	142.2	40.5
エントリー	1	entry;post	no	jmdict		222.1	142.2	40.5
ストリング	0	string	no	jmdict		229.7	134.4	7.8
アクセシビリティー	0	accessibility	no	jmdict		328.8	34.7	1.5
シークエンス	0	sequence	no	jmdict		240.9	121.4	9.3
アンギュラー	0	angular	no	jmdict		349.6	9.6	0.5
マルウェア	0	malware	yes	jmdict		230.1	127.3	2.0
スペース	0	space;room	no	jmdict		172.6	184.7	109.2
スペース	1	space	no	jmdict		172.6	184.7	109.2
マッチ	0	match	no	jmdict		296.1	59.4	61.8
マッチ	1	matching;going well	no	jmdict		296.1	59.4	61.8
スタジオ	0	studio	no	jmdict		14.7	340.5	211.5
レビュー	0	review	no	jmdict		92.7	262.1	122.2
レビュー	1	revue	no	jmdict		92.7	262.1	122.2
シグナル	0	signal	no	jmdict		252.8	101.8	16.3
ウェブページ	0	web page;webpage	no	jmdict		269.5	84.1	3.7
マウント	0	mount;stand;fixture	no	jmdict		283.5	67.7	20.3
マウント	1	lens mount	no	jmdict		283.5	67.7	20.3
マウント	2	mounting	yes	jmdict		283.5	67.7	20.3
マウント	3	asserting dominance	no	jmdict		283.5	67.7	20.3
アレイ	0	array	no	jmdict		250.5	100.1	7.6
アレイ	1	dumbbell	no	jmdict		250.5	100.1	7.6
アレイ	2	alley;lane;alleyway	no	jmdict		250.5	100.1	7.6
アレイ	3	lane	no	jmdict		250.5	100.1	7.6
アレイ	4	alley	no	jmdict		250.5	100.1	7.6
モバイル	0	mobile	no	jmdict		93.9	253.8	24.3
エンタープライズ	0	enterprise	no	jmdict		26.6	320.7	19.6
エンタープライズ	1	uss enterprise	no	jmdict		26.6	320.7	19.6
エンタープライズ	2	starship enterprise	no	jmdict		26.6	320.7	19.6
ロジック	0	logic	no	jmdict		189.1	157.0	9.1
コスト	0	cost	no	jmdict		113.3	231.8	32.1
ステータス	0	status	no	jmdict		254.8	89.7	41.7
アイコン	0	icon	yes	jmdict		231.7	112.8	16.8
ドル	0	dollar	no	jmdict	dut	11.0	333.5	126.5
ドル	1	money;cash	no	jmdict	dut	11.0	333.5	126.5
グラフ	0	graph;chart;diagram	no	jmdict		82.2	261.4	25.3
ステップ	0	step;running board	no	jmdict		246.8	95.1	27.5
ステップ	1	step;pace	no	jmdict		246.8	95.1	27.5
ステップ	2	step	no	jmdict		246.8	95.1	27.5
ステップ	3	step;stage	no	jmdict		246.8	95.1	27.5
ステップ	4	steppe	no	jmdict		246.8	95.1	27.5
インプット	0	input	no	jmdict		265.6	76.1	2.9
ビジュアル	0	visual	no	jmdict		28.9	311.5	54.5
デバッグ	0	debugging	yes	jmdict		252.8	87.4	1.9
バリュー	0	value	no	jmdict		194.9	140.9	12.2
トランザクション	0	transaction	no	jmdict		194.6	140.9	2.2
ファンデーション	0	foundation	no	jmdict		26.3	307.9	23.1
ファンデーション	1	foundation garment	no	jmdict		26.3	307.9	23.1
ファンデーション	2	underpainting	no	jmdict		26.3	307.9	23.1
リモート	0	remote	no	jmdict		218.7	114.8	8.8
ルーティング	0	routing	yes	jmdict		230.6	102.6	1.5
ユニット	0	unit	no	jmdict		60.9	270.7	134.3
ユニット	1	group;band	no	jmdict		60.9	270.7	134.3
カスタマイズ	0	customization;customisation	no	jmdict		208.8	122.0	7.1
インシデント	0	incident	no	jmdict		299.7	28.6	3.9
セットアップ	0	setup;installation	no	jmdict		275.9	52.2	2.2
セットアップ	1	matching two-piece clothes;matching top and bottom	no	jmdict		275.9	52.2	2.2
サードパーティー	0	third party	no	jmdict		192.1	134.8	3.3
クロス	0	cross	no	jmdict		182.7	144.0	75.4
クロス	1	crossing;intersecting	no	jmdict		182.7	144.0	75.4
クロス	2	cloth	no	jmdict		182.7	144.0	75.4
クロス	3	tablecloth	no	jmdict		182.7	144.0	75.4
クロス	4	wallpaper;wall fabric	no	jmdict		182.7	144.0	75.4
ノット	0	knot	no	jmdict		142.7	180.5	59.1
ノット	1	not	no	jmdict		142.7	180.5	59.1
ワールド	0	world	no	jmdict		45.3	276.3	381.0
カウンター	0	counter;counting device	no	jmdict		232.2	89.4	18.5
カウンター	1	counter	no	jmdict		232.2	89.4	18.5
カウンター	2	counter;bar	no	jmdict		232.2	89.4	18.5
カウンター	3	counter-attack	no	jmdict		232.2	89.4	18.5
カウンター	4	counter;counterpunch	no	jmdict		232.2	89.4	18.5
カウンター	5	automatically responding with an upload slot to someone who allows you to download	no	jmdict		232.2	89.4	18.5
ナビゲーション	0	navigation	no	jmdict		292.2	28.8	6.1
ファンクション	0	function	no	jmdict		170.8	147.0	9.5
マクロ	0	macro	no	jmdict		195.8	121.9	7.7
アンカー	0	anchor	no	jmdict		306.4	7.3	11.3
アンカー	1	anchor;anchorman	no	jmdict		306.4	7.3	11.3
アンカー	2	link to a previous post	no	jmdict		306.4	7.3	11.3
アンカー	3	anchor bolt	no	jmdict		306.4	7.3	11.3
パワー	0	power	no	jmdict		8.9	303.3	106.1
セル	0	cell	no	jmdict		204.9	107.2	12.1
セル	1	serge	no	jmdict		204.9	107.2	12.1
セル	2	cel	no	jmdict		204.9	107.2	12.1
セル	3	starter motor	no	jmdict		204.9	107.2	12.1
コマンドライン	0	command line	yes	jmdict		225.3	86.5	1.3
レジストリー	0	registry	yes	jmdict		239.0	72.5	2.9
レジストリー	1	registry;register;collection of records	no	jmdict		239.0	72.5	2.9
ジョブ	0	job	no	jmdict		231.7	79.7	11.5
インチ	0	inch	no	jmdict		6.6	304.6	46.7
スタンダード	0	standard	no	jmdict		32.7	277.5	37.0
リターン	0	return;restoring	no	jmdict		83.6	225.4	21.1
リターン	1	return	no	jmdict		83.6	225.4	21.1
リターン	2	return;profit;gains	no	jmdict		83.6	225.4	21.1
リターン	3	reward	no	jmdict		83.6	225.4	21.1
クロック	0	clock	no	jmdict		18.3	290.7	14.1
マニュアル	0	manual	no	jmdict		74.0	234.0	27.6
マニュアル	1	operations manual;basic rules;standards	no	jmdict		74.0	234.0	27.6
マニュアル	2	manual transmission	no	jmdict		74.0	234.0	27.6
フレックス	0	flexible-hours system;flextime;flexitime	no	jmdict		303.2	3.6	2.2
フレックス	1	flex	no	jmdict		303.2	3.6	2.2
サイド	0	side	no	jmdict		215.7	90.2	79.9
フォルダー	0	folder	no	jmdict		186.8	118.8	3.7
チェーン	0	chain	no	jmdict		170.6	134.9	31.7
エスケープ	0	escape	no	jmdict		261.0	40.0	7.6
エスケープ	1	skipping;cutting class;cutting school;playing truant	no	jmdict		261.0	40.0	7.6
エスケープ	2	escapement	no	jmdict		261.0	40.0	7.6
マルチ	0	multi-post	no	jmdict		93.0	207.8	28.2
マルチ	1	multi-level marketing;pyramid selling;chain referral	no	jmdict		93.0	207.8	28.2
マルチ	2	mulch;mulching	no	jmdict		93.0	207.8	28.2
フロー	0	flow	no	jmdict		181.6	118.2	7.2
アプローチ	0	approach	no	jmdict		150.7	148.8	30.1
アプローチ	1	approach;inrun	no	jmdict		150.7	148.8	30.1
アプローチ	2	approach shot	no	jmdict		150.7	148.8	30.1
メタデータ	0	metadata	yes	jmdict		173.8	124.5	2.0
オフセット	0	offset	no	jmdict		259.2	38.8	3.3
オフセット	1	offset printing	no	jmdict		259.2	38.8	3.3
ベンダー	0	vendor	no	jmdict		111.1	186.6	6.0
ベンダー	1	vending machine	no	jmdict		111.1	186.6	6.0
カメラ	0	camera	no	jmdict		107.2	189.4	81.8
プログラマー	0	programmer	no	jmdict		55.9	240.0	9.3
グラフィック	0	graphics;graphic	no	jmdict		74.4	219.9	26.9
グラフィック	1	graphic magazine;pictorial magazine	no	jmdict		74.4	219.9	26.9
プライベート	0	private	no	jmdict		176.5	117.4	27.8
プライベート	1	personal life;privacy	no	jmdict		176.5	117.4	27.8
フック	0	hook	no	jmdict		278.9	14.4	10.9
ディストリビューション	0	distribution	no	jmdict		60.9	232.2	9.5
ディストリビューション	1	distribution;distro	yes	jmdict		60.9	232.2	9.5
ネット	0	network	no	jmdict		57.0	236.1	198.4
ネット	1	internet	no	jmdict		57.0	236.1	198.4
ネット	2	net	no	jmdict		57.0	236.1	198.4
ネット	3	net;nett	no	jmdict		57.0	236.1	198.4
シンボル	0	symbol	no	jmdict		189.6	103.1	27.0
ルーター	0	router	yes	jmdict		124.8	166.2	3.8
プレーン	0	plain	no	jmdict		220.7	70.0	6.7
プレーン	1	plane	no	jmdict		220.7	70.0	6.7
チュートリアル	0	tutorial	no	jmdict		266.1	23.0	3.7
アウト	0	out;outside the line	no	jmdict		96.4	192.4	85.0
アウト	1	out;putout	no	jmdict		96.4	192.4	85.0
アウト	2	outer;external;outside	no	jmdict		96.4	192.4	85.0
アウト	3	exit;exit here	no	jmdict		96.4	192.4	85.0
アウト	4	front nine	no	jmdict		96.4	192.4	85.0
アウト	5	no good;unacceptable;out of line;over;finished;disqualified	no	jmdict		96.4	192.4	85.0
アウト	6	check-out time	no	jmdict		96.4	192.4	85.0
アメリカ	0	america;united states;us;usa	no	jmdict		16.9	271.1	597.1
アメリカ	1	america;the americas	no	jmdict		16.9	271.1	597.1
ガイドライン	0	guideline	no	jmdict		221.6	66.0	18.5
ジョン	0	jeon	no	jmdict	kor	8.2	278.2	287.6
インタープリター	0	interpreter	no	jmdict		156.4	128.9	2.2
タプル	0	tuple	yes	jmdict		251.2	33.0	0.6
セキュア	0	secure	no	jmdict		144.0	139.9	3.9
スイッチ	0	switch	no	jmdict		58.4	223.4	60.9
スイッチ	1	switch;points	no	jmdict		58.4	223.4	60.9
スイッチ	2	switch;change	no	jmdict		58.4	223.4	60.9
トランジション	0	transition	no	jmdict		264.9	16.9	3.8
ルビー	0	ruby	no	jmdict		155.9	125.0	15.1
ルビー	1	ruby character;small hiragana or katakana readings of kanji usually above or to the side of the kanji	no	jmdict		155.9	125.0	15.1
スタート	0	start;beginning	no	jmdict		139.2	141.3	148.0
スタート	1	starting;departing;starting point;starting line	no	jmdict		139.2	141.3	148.0
バス	0	bus	no	jmdict		8.9	271.5	380.0
バス	1	bath	no	jmdict		8.9	271.5	380.0
バス	2	bass	no	jmdict		8.9	271.5	380.0
バス	3	double bass	no	jmdict		8.9	271.5	380.0
ディス	0	diss;dissing;disrespect	no	jmdict		87.2	192.6	56.1
ヒストリー	0	history	no	jmdict		27.9	249.1	153.0
タイトル	0	title	no	jmdict		166.0	110.9	254.7
マッピング	0	mapping	no	jmdict		134.9	140.2	6.7
マッピング	1	mapping;cartography	no	jmdict		134.9	140.2	6.7
マッキントッシュ	0	macintosh;mac	no	jmdict		2.7	272.2	7.5
マッキントッシュ	1	mackintosh	no	jmdict		2.7	272.2	7.5
マッキントッシュ	2	mcintosh	no	jmdict		2.7	272.2	7.5
コミット	0	committing;commitment;involvement;participation	no	jmdict		211.6	61.5	1.9
コミット	1	commit	yes	jmdict		211.6	61.5	1.9
バックアップ	0	backing;support	no	jmdict		121.8	150.6	10.3
バックアップ	1	backing up;covering	no	jmdict		121.8	150.6	10.3
バックアップ	2	backup	yes	jmdict		121.8	150.6	10.3
ランタイム	0	runtime	yes	jmdict		203.1	69.2	1.0
スマートフォン	0	smartphone;smart phone	no	jmdict		58.4	212.8	28.2
リアルタイム	0	real time	no	jmdict		63.0	208.1	17.0
スキャン	0	scan	no	jmdict		156.4	113.8	8.7
ユーザーインターフェース	0	user interface;ui	yes	jmdict		95.9	173.5	3.2
タイミング	0	timing	no	jmdict		197.8	70.2	21.4
スクリーン	0	screen	no	jmdict		191.0	76.2	22.2
スクリーン	1	curtain	no	jmdict		191.0	76.2	22.2
スクリーン	2	raster	no	jmdict		191.0	76.2	22.2
スクリーン	3	room divider;partition wall	no	jmdict		191.0	76.2	22.2
コレクション	0	collection;collecting	no	jmdict		162.1	105.1	184.1
コレクション	1	collection;fashion show	no	jmdict		162.1	105.1	184.1
ヌル	0	null	yes	jmdict		131.2	135.2	3.9
キャラクター	0	character;personality;disposition	no	jmdict		63.7	202.6	373.1
キャラクター	1	character	no	jmdict		63.7	202.6	373.1
パッチ	0	patch	no	jmdict		136.0	128.4	8.6
パッチ	1	close-fitting trousers;long underwear	no	jmdict		136.0	128.4	8.6
ネクスト	0	next	no	jmdict		69.8	193.7	64.4
アマゾン	0	amazon	no	jmdict		23.4	239.6	46.7
レート	0	rate	no	jmdict		87.0	175.8	13.8
レート	1	rating;ranking	no	jmdict		87.0	175.8	13.8
エクスポート	0	export;exported goods	no	jmdict		203.1	59.6	2.1
エクスポート	1	exporting	yes	jmdict		203.1	59.6	2.1
タッチ	0	touch;touching	no	jmdict		185.2	77.3	20.7
タッチ	1	being involved in	no	jmdict		185.2	77.3	20.7
タッチ	2	touch;style;feel	no	jmdict		185.2	77.3	20.7
タッチ	3	tag	no	jmdict		185.2	77.3	20.7
タッチ	4	high five;touching palms	no	jmdict		185.2	77.3	20.7
デプロイ	0	deployment;deploying	no	jmdict		240.4	22.0	0.3
デーモン	0	demon	no	jmdict		221.4	39.7	9.5
デーモン	1	daemon	yes	jmdict		221.4	39.7	9.5
ロケール	0	locale	no	jmdict		253.0	8.1	0.2
コーデック	0	codec	no	jmdict		127.8	130.7	2.2
バックグラウンド	0	background	no	jmdict		223.3	35.0	9.4
バックグラウンド	1	background;circumstances	no	jmdict		223.3	35.0	9.4
バックグラウンド	2	background music	no	jmdict		223.3	35.0	9.4
アパッチ	0	apache	no	jmdict		45.3	212.6	7.7
エッジ	0	edge	no	jmdict		88.8	165.9	24.8
イテレーター	0	iterator	yes	jmdict		245.9	8.5	0.1
ソート	0	sorting;categorization	no	jmdict		110.6	143.1	5.8
スケジュール	0	schedule;program;calendar	no	jmdict		188.0	65.1	33.1
リサーチ	0	research	no	jmdict		5.5	245.2	64.9
ランダム	0	random	no	jmdict		111.5	138.2	19.3
ランダム	1	random sampling	no	jmdict		111.5	138.2	19.3
ファミリー	0	family	no	jmdict		67.5	181.9	79.7
ジャーナル	0	journal;log	yes	jmdict		6.6	242.1	171.5
プリミティブ	0	primitive;crude;archaic	no	jmdict		200.1	47.0	2.1
ブランド	0	brand	no	jmdict		25.9	219.3	127.6
デコード	0	decoding	no	jmdict		179.1	66.0	1.6
キャプチャー	0	capture;screenshot	yes	jmdict		201.0	43.5	3.8
アバウト	0	approximate;rough	no	jmdict		26.6	217.0	60.0
アバウト	1	sloppy;lackadaisical;crude	no	jmdict		26.6	217.0	60.0
エンドポイント	0	endpoint	yes	jmdict		215.5	26.4	0.6
シャドー	0	shadow	no	jmdict		211.8	29.5	22.5
ターム	0	term	no	jmdict		180.7	60.2	11.3
ボード	0	board	no	jmdict		12.6	226.7	37.2
ベクトル	0	vector	no	jmdict	ger	62.3	176.1	20.0
ベクトル	1	direction;focus	no	jmdict	ger	62.3	176.1	20.0
センサー	0	sensor	no	jmdict		136.0	102.0	22.5
キャンバス	0	canvas	no	jmdict		231.0	6.9	8.6
キャンバス	1	base	no	jmdict		231.0	6.9	8.6
ワン	0	one	no	jmdict		36.9	200.1	133.4
ワン	1	wide area network;wan	yes	jmdict		36.9	200.1	133.4
ワン	2	counter for character tiles	no	jmdict		36.9	200.1	133.4
ワン	3	woof;arf;bow-wow	no	jmdict		36.9	200.1	133.4
シークレット	0	secret	no	jmdict		212.9	23.0	28.1
デモ	0	demonstration;protest	no	jmdict		182.3	53.3	40.7
デモ	1	demo;demonstration;presentation	no	jmdict		182.3	53.3	40.7
リスナー	0	listener;audience	no	jmdict		222.6	12.0	41.3
ダウン	0	fall;decrease;drop;going down	no	jmdict		123.9	108.0	65.9
ダウン	1	knocking down;flooring;being knocked down;being floored	no	jmdict		123.9	108.0	65.9
ダウン	2	being out of action;being down;being knocked out;being out of it;collapsing	no	jmdict		123.9	108.0	65.9
ダウン	3	going down;crashing	yes	jmdict		123.9	108.0	65.9
ダウン	4	outs	no	jmdict		123.9	108.0	65.9
ダウン	5	being down;being behind;trailing	no	jmdict		123.9	108.0	65.9
ダウン	6	down	no	jmdict		123.9	108.0	65.9
ダウン	7	down jacket	no	jmdict		123.9	108.0	65.9
プライバシー	0	privacy	no	jmdict		86.6	144.0	7.4
プレー	0	play;recreation	no	jmdict		62.3	167.9	197.1
プレー	1	playing;play;game	no	jmdict		62.3	167.9	197.1
プレー	2	playing;musical performance	no	jmdict		62.3	167.9	197.1
プレー	3	play	no	jmdict		62.3	167.9	197.1
プレー	4	play ball;starting a match	no	jmdict		62.3	167.9	197.1
プレー	5	praying;prayer	no	jmdict		62.3	167.9	197.1
エクスプレス	0	express	no	jmdict		59.5	170.2	46.2
プレス	0	pressing;stamping;printing	no	jmdict		6.0	221.2	258.6
プレス	1	press	no	jmdict		6.0	221.2	258.6
プレス	2	the press;news media	no	jmdict		6.0	221.2	258.6
プレス	3	military press	no	jmdict		6.0	221.2	258.6
ユーティリティー	0	utility	no	jmdict		91.1	135.9	4.8
マークアップ	0	markup	no	jmdict		177.2	49.6	0.9
インターナショナル	0	international	no	jmdict		6.9	219.8	144.9
ソリューション	0	solution	no	jmdict		78.8	147.9	13.8
マーク	0	mark;sign;symbol;emblem;logo;label;brand	no	jmdict		136.0	90.5	100.3
マーク	1	to mark;to put a mark on	no	jmdict		136.0	90.5	100.3
マーク	2	trademark	no	jmdict		136.0	90.5	100.3
マーク	3	paying attention to;keeping one's eye on;watching;marking;guarding	no	jmdict		136.0	90.5	100.3
マーク	4	setting;posting;recording	no	jmdict		136.0	90.5	100.3
マーク	5	mach	yes	jmdict		136.0	90.5	100.3
ドラッグ	0	drug;medicine	no	jmdict		169.7	56.3	24.8
ドラッグ	1	drug;narcotics	no	jmdict		169.7	56.3	24.8
ドラッグ	2	dragging	yes	jmdict		169.7	56.3	24.8
ドラッグ	3	drag	no	jmdict		169.7	56.3	24.8
カウント	0	count;counting	no	jmdict		146.1	78.9	29.0
カウント	1	count of balls and strikes	no	jmdict		146.1	78.9	29.0
カウント	2	count	no	jmdict		146.1	78.9	29.0
ディベロップメント	0	development	no	jmdict		46.7	178.2	26.5
インフラ	0	infrastructure	no	jmdict		174.3	49.7	12.9
リダイレクト	0	redirect;redirection	yes	jmdict		184.6	38.7	1.4
ウェブアプリケーション	0	web application	yes	jmdict		183.0	40.1	0.6
ヒント	0	hint;clue	no	jmdict		202.0	21.0	15.3
コンファレンス	0	conference	no	jmdict		23.1	199.3	30.5
コラム	0	column;stand-alone feature article framed by a box	no	jmdict		154.1	68.2	38.5
モデリング	0	modelling;modeling	no	jmdict		6.2	215.1	8.7
アダプター	0	adapter	no	jmdict		101.4	119.8	6.6
トラフィック	0	traffic	no	jmdict		109.7	110.0	15.6
ペンティアム	0	pentium	no	jmdict		0.0	219.5	3.1
ケーブル	0	cable	no	jmdict		24.0	195.1	38.7
ケーブル	1	cable railway	no	jmdict		24.0	195.1	38.7
クッキー	0	cookie;biscuit	no	jmdict		198.3	20.6	6.9
クッキー	1	cookie;browser cookie	yes	jmdict		198.3	20.6	6.9
メモ	0	note;memo;memorandum	no	jmdict		165.8	53.0	12.6
ポスト	0	postbox;mailbox;mail box;pillar box	no	jmdict		95.5	123.1	117.5
ポスト	1	post;position	no	jmdict		95.5	123.1	117.5
ポスト	2	post	no	jmdict		95.5	123.1	117.5
ウェブサーバー	0	web server	yes	jmdict		138.3	80.2	1.2
トゥルー	0	true	no	jmdict		138.5	79.7	25.7
デベロッパー	0	developer	no	jmdict		41.9	175.5	6.0
ペア	0	pair;set of two	no	jmdict		158.9	57.6	29.1
ペア	1	pair-oared boat	no	jmdict		158.9	57.6	29.1
ペア	2	pair;two of a kind	no	jmdict		158.9	57.6	29.1
ペア	3	european pear	no	jmdict		158.9	57.6	29.1
スイート	0	sweet	no	jmdict		54.7	161.5	22.3
スイート	1	sweet;pleasant;pleasing;delightful	no	jmdict		54.7	161.5	22.3
スイート	2	suite	no	jmdict		54.7	161.5	22.3
コンマ	0	comma	no	jmdict		191.7	23.7	1.8
コンマ	1	decimal point;radix point	no	jmdict		191.7	23.7	1.8
プリンター	0	printer	no	jmdict		13.5	201.4	7.7
パート	0	part	no	jmdict		60.4	153.5	120.4
パート	1	part-timer	no	jmdict		60.4	153.5	120.4
パート	2	part-time	no	jmdict		60.4	153.5	120.4
ドロップ	0	drop	no	jmdict		175.4	38.3	11.1
ドロップ	1	curve ball with a vertical drop	no	jmdict		175.4	38.3	11.1
ドロップ	2	dropping	no	jmdict		175.4	38.3	11.1
バインド	0	binding	no	jmdict		204.0	9.4	0.9
ウィキペディア	0	wikipedia	no	jmdict		85.2	127.6	24.1
コネクション	0	connection	no	jmdict		141.5	69.6	10.2
メンテナンス	0	maintenance	no	jmdict		93.0	117.4	90.6
アーティクル	0	article	no	jmdict		21.1	189.3	182.5
ドキュメンテーション	0	documentation	no	jmdict		48.5	161.6	3.5
インターラクティブ	0	interactive	no	jmdict		106.0	102.6	12.9
マニフェスト	0	manifesto	no	jmdict		192.3	16.2	4.7
パイプライン	0	pipeline	no	jmdict		73.5	134.8	6.9
ブリッジ	0	bridge	no	jmdict		80.6	127.2	33.0
ブリッジ	1	seven bridge	no	jmdict		80.6	127.2	33.0
サブクラス	0	subclass	yes	jmdict		191.2	16.5	0.7
エラーメッセージ	0	error message	yes	jmdict		186.2	21.3	0.4
ダイアローグ	0	dialogue;dialog	no	jmdict		165.1	41.8	4.0
パーセント	0	percent;per cent;percentage	no	jmdict		181.1	25.0	21.1
コーディング	0	coding;programming	yes	jmdict		78.3	127.6	3.3
コーディング	1	coding	no	jmdict		78.3	127.6	3.3
テープ	0	tape	no	jmdict		2.1	203.0	23.4
アップロード	0	upload	yes	jmdict		109.9	94.8	6.0
レッド	0	red	no	jmdict		25.2	179.4	153.4
セグメント	0	segment	no	jmdict		87.9	116.5	7.0
エンコーディング	0	encoding	no	jmdict		170.8	33.1	0.6
タイムライン	0	timeline;timetable	no	jmdict		171.3	32.0	5.3
タイムライン	1	timeline	no	jmdict		171.3	32.0	5.3
アドオン	0	add-on	no	jmdict		126.2	76.6	1.7
レフト	0	left	no	jmdict		52.0	150.8	38.6
レフト	1	left field;left fielder	no	jmdict		52.0	150.8	38.6
ヘルプ	0	help	no	jmdict		66.2	135.7	15.0
イシュー	0	issue	no	jmdict		139.0	62.4	15.6
イシュー	1	issue;matter;problem	no	jmdict		139.0	62.4	15.6
カーソル	0	cursor	yes	jmdict		156.6	44.7	1.9
レングス	0	length	no	jmdict		152.7	48.6	2.7
ブート	0	boot;bootstrap;booting	yes	jmdict		14.2	186.9	5.2
ブート	1	bootleg	no	jmdict		14.2	186.9	5.2
グラデーション	0	gradation	no	jmdict		194.2	6.8	2.1
グラデーション	1	gradation haircut;taper	no	jmdict		194.2	6.8	2.1
エンジニアリング	0	engineering	no	jmdict		22.7	177.4	25.4
バインディング	0	binding	no	jmdict		142.4	57.6	5.4
プロファイル	0	profile	yes	jmdict		120.4	78.8	4.6
シェア	0	sharing;share	no	jmdict		17.4	181.4	32.1
シェア	1	market share	no	jmdict		17.4	181.4	32.1
ヘルパー	0	helper	no	jmdict		188.9	9.6	3.5
マイム	0	mime	no	jmdict		163.3	34.9	1.7
マイム	1	multipurpose internet mail extension;mime	yes	jmdict		163.3	34.9	1.7
リング	0	ring	no	jmdict		74.6	123.0	65.8
リング	1	arena;ring	no	jmdict		74.6	123.0	65.8
ネスト	0	nest;hive;rookery	no	jmdict		182.5	14.4	2.1
ネスト	1	hideout;refuge;retreat	no	jmdict		182.5	14.4	2.1
ネスト	2	nesting	yes	jmdict		182.5	14.4	2.1
スキーム	0	scheme	no	jmdict		106.0	90.8	5.9
ストリーミング	0	streaming	no	jmdict		93.4	102.9	16.2
モニター	0	monitor;monitoring	no	jmdict		38.0	158.1	23.9
モニター	1	customer panel participant	no	jmdict		38.0	158.1	23.9
モニター	2	monitor;display	no	jmdict		38.0	158.1	23.9
コーポレーション	0	corporation	no	jmdict		10.3	185.4	43.7
ゴー	0	go	no	jmdict		68.7	126.9	96.6
ゴー	1	going	no	jmdict		68.7	126.9	96.6
セレクト	0	selection	no	jmdict		141.3	53.3	22.6
シングル	0	single	no	jmdict		58.2	136.2	418.6
シングル	1	single bed;hotel room with a single bed	no	jmdict		58.2	136.2	418.6
シングル	2	single-breasted	no	jmdict		58.2	136.2	418.6
シングル	3	single-cuffed	no	jmdict		58.2	136.2	418.6
シングル	4	single width	no	jmdict		58.2	136.2	418.6
シングル	5	singles	no	jmdict		58.2	136.2	418.6
シングル	6	single-figure handicap	no	jmdict		58.2	136.2	418.6
シングル	7	shingle	no	jmdict		58.2	136.2	418.6
バーチャル	0	virtual	no	jmdict		19.0	174.1	27.2
ワーク	0	work	no	jmdict		67.5	124.6	42.1
インジェクション	0	injection	no	jmdict		163.7	28.1	1.6
ドット	0	dot;point	no	jmdict		68.7	122.7	18.4
ドット	1	polka dots	no	jmdict		68.7	122.7	18.4
ドット	2	dot;pixel	yes	jmdict		68.7	122.7	18.4
ビスタ	0	vista	no	jmdict		2.5	188.5	10.6
クリエート	0	create	no	jmdict		142.0	47.7	20.8
ラップ	0	plastic wrap;cling film;cling wrap;food wrap	no	jmdict		167.4	22.3	33.3
ラップ	1	to wrap in plastic wrap	no	jmdict		167.4	22.3	33.3
ラップ	2	link access protocol;lap	yes	jmdict		167.4	22.3	33.3
ラップ	3	rap;rap music	no	jmdict		167.4	22.3	33.3
ラップ	4	lap	no	jmdict		167.4	22.3	33.3
ラップ	5	lap time	no	jmdict		167.4	22.3	33.3
ラップ	6	lap;finishing tool	no	jmdict		167.4	22.3	33.3
バックエンド	0	backend;back end	yes	jmdict		128.7	60.7	1.0
バックエンド	1	back end	no	jmdict		128.7	60.7	1.0
ワード	0	word	no	jmdict		7.1	181.7	12.0
ワード	1	ward	no	jmdict		7.1	181.7	12.0
デ	0	of	no	jmdict	fre	14.0	174.2	491.5
マスター	0	to master	no	jmdict		45.3	142.7	89.3
マスター	1	proprietor;manager;owner;barkeeper	no	jmdict		45.3	142.7	89.3
マスター	2	leader;chief;head	no	jmdict		45.3	142.7	89.3
マスター	3	master	no	jmdict		45.3	142.7	89.3
スマート	0	smart;stylish	no	jmdict		29.3	158.5	34.7
スマート	1	slim;slender	no	jmdict		29.3	158.5	34.7
スマート	2	skilful;slick;clever;adroit	no	jmdict		29.3	158.5	34.7
フラッシュ	0	flash;flashlight;flashbulb	no	jmdict		45.1	142.4	18.8
フラッシュ	1	very short scene in a film or tv show	no	jmdict		45.1	142.4	18.8
フラッシュ	2	newsflash	no	jmdict		45.1	142.4	18.8
フラッシュ	3	flush	no	jmdict		45.1	142.4	18.8
フラッシュ	4	flush;joined without gaps	no	jmdict		45.1	142.4	18.8
フラッシュ	5	flash	no	jmdict		45.1	142.4	18.8
ユニバーシティー	0	university	no	jmdict		0.5	186.9	157.8
コミュニケーション	0	communication	no	jmdict		60.7	126.4	41.3
シミュレーション	0	simulation	no	jmdict		21.1	165.4	21.3
シミュレーション	1	simulation;diving;flopping	no	jmdict		21.1	165.4	21.3
プラス	0	plus;addition	no	jmdict		19.9	166.4	109.9
プラス	1	positive	no	jmdict		19.9	166.4	109.9
プラス	2	plus sign;positive symbol	no	jmdict		19.9	166.4	109.9
プラス	3	advantage;plus;asset;positive factor;positive effect	no	jmdict		19.9	166.4	109.9
プラス	4	profit;gain	no	jmdict		19.9	166.4	109.9
プラス	5	anode;plus terminal;positive pole	no	jmdict		19.9	166.4	109.9
デート	0	date;outing;date night	no	jmdict		113.1	72.9	52.3
デート	1	date	no	jmdict		113.1	72.9	52.3
テーマ	0	theme;topic;subject matter;motif;project;slogan	no	jmdict	ger	98.9	86.7	243.7
サーチ	0	search	no	jmdict		52.0	133.4	76.0
キャンセル	0	cancellation	no	jmdict		162.6	22.6	11.4
キャンセル	1	cancelling;cancel culture	no	jmdict		162.6	22.6	11.4
サイクル	0	cycle	no	jmdict		57.0	128.0	25.5
メカニズム	0	mechanism	no	jmdict		125.0	59.8	15.4
タブレット	0	tablet;pill	no	jmdict		28.9	155.3	10.2
タブレット	1	tablet;tablet computer	no	jmdict		28.9	155.3	10.2
タブレット	2	tablet;slab	no	jmdict		28.9	155.3	10.2
タブレット	3	drawing tablet;graphics tablet	no	jmdict		28.9	155.3	10.2
チャット	0	chat	no	jmdict		68.9	114.7	9.8
ライフサイクル	0	life cycle	no	jmdict		135.1	47.7	2.3
ダイレクト	0	direct	no	jmdict		12.6	169.3	17.3
インサイダー	0	insider	no	jmdict		0.7	181.2	8.6
ブック	0	book	no	jmdict		25.2	156.5	135.1
イーサーネット	0	ethernet	yes	jmdict		6.4	174.8	2.9
ウィジェット	0	widget	yes	jmdict		118.4	62.8	1.3
ターミナル	0	terminal	no	jmdict		112.9	67.5	33.4
トリガー	0	trigger	no	jmdict		159.4	20.7	10.3
オーバーフロー	0	overflow	no	jmdict		134.4	45.6	1.1
オーバーフロー	1	overflow hole	no	jmdict		134.4	45.6	1.1
クリーン	0	clean	no	jmdict		148.1	31.6	12.2
ポップ	0	pop;popular;fashionable	no	jmdict		167.2	12.5	34.8
ポップ	1	pop-art-style	no	jmdict		167.2	12.5	34.8
ポップ	2	pop	no	jmdict		167.2	12.5	34.8
ポップ	3	point of purchase	no	jmdict		167.2	12.5	34.8
ポップ	4	point-of-purchase advertising	no	jmdict		167.2	12.5	34.8
ポップ	5	post office protocol;pop	yes	jmdict		167.2	12.5	34.8
ア	0	second-rate;inferior	no	jmdict		176.5	2.4	37.8
ア	1	asia	no	jmdict		176.5	2.4	37.8
ア	2	argentina	no	jmdict		176.5	2.4	37.8
ア	3	arabia	no	jmdict		176.5	2.4	37.8
ア	4	america;american person	no	jmdict		176.5	2.4	37.8
ア	5	ah;oh	no	jmdict		176.5	2.4	37.8
インフォ	0	information	no	jmdict		82.7	96.2	65.3
エイリアス	0	alias	no	jmdict		140.1	38.7	1.0
ナウ	0	trendy;in;now	no	jmdict		20.1	158.2	39.5
プロフェッショナル	0	professional	no	jmdict		9.4	168.5	20.1
ウイルス	0	virus	no	jmdict	lat	15.3	162.0	45.5
スタティック	0	static	no	jmdict		104.2	72.7	2.6
サムスン	0	samsung	no	jmdict		1.4	174.5	8.4
サムスン	1	samsun	no	jmdict		1.4	174.5	8.4
マイクロプロセッサー	0	microprocessor;mpu	yes	jmdict		0.2	175.4	2.9
パネル	0	panel	no	jmdict		95.9	79.4	30.7
フォーラム	0	forum	no	jmdict		22.2	152.8	37.4
ライフ	0	life	no	jmdict		85.9	87.7	152.9
ライフ	1	raif;reif	no	jmdict		85.9	87.7	152.9
リセット	0	reset	no	jmdict		137.6	35.5	6.8
リセット	1	fresh start;new beginning	no	jmdict		137.6	35.5	6.8
ポータル	0	portal	no	jmdict		14.4	158.6	54.6
スキップ	0	skip	no	jmdict		135.6	37.3	7.4
スキップ	1	skipping	no	jmdict		135.6	37.3	7.4
スキップ	2	skip;skipper	no	jmdict		135.6	37.3	7.4
テクノロジーズ	0	technologies	no	jmdict		6.4	166.0	7.8
イ	0	indonesia	no	jmdict		169.4	2.8	42.1
イ	1	soft rush;common rush	no	jmdict		169.4	2.8	42.1
スケジューリング	0	scheduling	no	jmdict		125.9	46.2	0.9
スーパー	0	supermarket	no	jmdict		39.8	132.2	260.2
スーパー	1	subtitles;telop	no	jmdict		39.8	132.2	260.2
スーパー	2	superheterodyne	no	jmdict		39.8	132.2	260.2
スーパー	3	super	no	jmdict		39.8	132.2	260.2
ウェブブラウザ	0	web browser	no	jmdict		12.1	159.4	2.8
シリアル	0	serial	no	jmdict		38.5	132.0	8.5
シリアル	1	cereal;breakfast cereal	no	jmdict		38.5	132.0	8.5
ワーニング	0	warning	no	jmdict		164.6	5.5	2.8
プリント	0	print;printing;copy	no	jmdict		51.7	118.1	17.6
プリント	1	handout;flyer	no	jmdict		51.7	118.1	17.6
エグザンプル	0	example	no	jmdict		73.0	96.6	3.2
ハウ	0	how	no	jmdict		31.6	137.5	38.7
ハウ	1	batons	no	jmdict		31.6	137.5	38.7
パック	0	pack;packet;carton	no	jmdict		41.2	127.5	36.8
パック	1	to pack;to package;to wrap	no	jmdict		41.2	127.5	36.8
パック	2	face pack;face mask;facial mask;facial	no	jmdict		41.2	127.5	36.8
パック	3	package	no	jmdict		41.2	127.5	36.8
パック	4	puck	no	jmdict		41.2	127.5	36.8
バンドル	0	bundle;bundling	no	jmdict		94.3	73.9	4.4
テクニカル	0	technical	no	jmdict		19.0	149.1	17.0
マガジン	0	magazine	no	jmdict		2.1	163.6	157.4
マガジン	1	film cassette;film canister;magazine	no	jmdict		2.1	163.6	157.4
フォールス	0	false	no	jmdict		93.2	72.3	14.4
オペランド	0	operand	yes	jmdict		107.8	57.7	0.8
マージン	0	margin	no	jmdict		159.6	5.3	0.9
ハードディスク	0	hard disk;hard drive	yes	jmdict		22.7	141.7	3.6
プル	0	pull	no	jmdict		151.1	12.8	2.3
ワークロード	0	workload	no	jmdict		150.9	12.4	0.2
ベクター	0	vector	no	jmdict		87.5	75.6	4.4
スキーマ	0	schema	no	jmdict		97.3	65.5	1.3
クリア	0	clear;transparent	no	jmdict		116.8	45.9	56.3
クリア	1	clearing	no	jmdict		116.8	45.9	56.3
クリア	2	overcoming;getting through;getting past;completing;solving;settling;meeting	no	jmdict		116.8	45.9	56.3
クリア	3	completing;beating;finishing	no	jmdict		116.8	45.9	56.3
コネクター	0	connector	yes	jmdict		9.2	153.5	5.3
ハロー	0	hello	no	jmdict		51.5	110.9	43.1
ハロー	1	halo	no	jmdict		51.5	110.9	43.1
ハロー	2	harrow	no	jmdict		51.5	110.9	43.1
ボーダー	0	border;boundary	no	jmdict		151.4	9.1	10.4
ボーダー	1	border;edge;rim	no	jmdict		151.4	9.1	10.4
ボーダー	2	horizontal stripes	no	jmdict		151.4	9.1	10.4
ボーダー	3	boarder	no	jmdict		151.4	9.1	10.4
ローダー	0	loader	no	jmdict		93.2	67.2	4.6
ホームページ	0	home page;homepage	no	jmdict		33.9	125.9	123.4
ホームページ	1	web page	no	jmdict		33.9	125.9	123.4
ホームページ	2	website	no	jmdict		33.9	125.9	123.4
キット	0	kit	no	jmdict		10.5	149.3	19.4
パーソナルコンピューター	0	personal computer;pc	no	jmdict		0.5	157.9	3.8
チップセット	0	chip set	yes	jmdict		0.5	157.8	2.3
フィードバック	0	feedback	no	jmdict		105.3	52.9	5.5
ハード	0	hard;tough	no	jmdict		64.6	93.4	35.2
ハード	1	hardware	yes	jmdict		64.6	93.4	35.2
ハード	2	hard disk	yes	jmdict		64.6	93.4	35.2
ハッカー	0	hacker	yes	jmdict		6.0	151.7	6.7
ゲート	0	gate	no	jmdict		74.6	82.7	54.8
ゲート	1	logic element	no	jmdict		74.6	82.7	54.8
フィルタリング	0	filtering	no	jmdict		102.6	54.7	1.6
ミリ	0	millimetre;millimeter	no	jmdict	fre	127.3	29.0	12.7
ソニー	0	sony	no	jmdict		0.0	155.6	64.9
プレスリリース	0	press release	no	jmdict		1.1	154.0	175.1
サイエンス	0	science	no	jmdict		4.1	150.7	88.6
アドバンスト	0	advanced	no	jmdict		20.6	133.9	12.7
アセット	0	asset	no	jmdict		127.8	26.5	2.2
プロダクション	0	production	no	jmdict		104.9	49.3	77.8
プロダクト	0	product	no	jmdict		21.5	132.5	13.3
テクスチャー	0	texture	no	jmdict		75.3	78.4	3.1
テレビ	0	television;tv	no	jmdict		10.5	142.8	687.4
テレビ	1	tv program;tv programme;tv broadcast	no	jmdict		10.5	142.8	687.4
シフト	0	shift;move	no	jmdict		54.3	98.9	17.0
シフト	1	shift;work schedule	no	jmdict		54.3	98.9	17.0
シフト	2	gearshift;changing gears	no	jmdict		54.3	98.9	17.0
アルファ	0	alpha	no	jmdict		21.5	131.4	21.7
ベースライン	0	baseline	no	jmdict		141.5	11.4	2.0
サウンド	0	sound	no	jmdict		13.7	138.2	110.2
メジャー	0	major;large;important;famous;mainstream	no	jmdict		79.7	72.2	94.2
メジャー	1	the major leagues;major league baseball	no	jmdict		79.7	72.2	94.2
メジャー	2	major	no	jmdict		79.7	72.2	94.2
メジャー	3	major record label	no	jmdict		79.7	72.2	94.2
メジャー	4	measure;measuring tape;measuring	no	jmdict		79.7	72.2	94.2
リアル	0	real;realistic;true to life	no	jmdict		18.5	133.1	89.9
リアル	1	serious;non-joking;earnest	no	jmdict		18.5	133.1	89.9
リアル	2	realtime blog	no	jmdict		18.5	133.1	89.9
リアル	3	real world	no	jmdict		18.5	133.1	89.9
リアル	4	riyal	no	jmdict		18.5	133.1	89.9
リアル	5	rial	no	jmdict		18.5	133.1	89.9
コモン	0	common	no	jmdict		28.4	122.5	15.0
ライン	0	line	no	jmdict		28.4	122.1	101.3
ライン	1	to contact using line;to send a message using line	no	jmdict		28.4	122.1	101.3
マージ	0	merge;merging	yes	jmdict		79.5	70.9	2.8
メールアドレス	0	email address	no	jmdict		100.7	49.6	2.7
ハット	0	hat	no	jmdict		13.7	136.6	19.1
ハット	1	hut	no	jmdict		13.7	136.6	19.1
ダブル	0	double	no	jmdict		43.3	106.7	64.1
ダブル	1	double bed;hotel room with a double bed	no	jmdict		43.3	106.7	64.1
ダブル	2	double-breasted	no	jmdict		43.3	106.7	64.1
ダブル	3	double-cuffed	no	jmdict		43.3	106.7	64.1
ダブル	4	double width	no	jmdict		43.3	106.7	64.1
ダブル	5	doubles	no	jmdict		43.3	106.7	64.1
ダブル	6	biracial person;person of mixed parentage	no	jmdict		43.3	106.7	64.1
フラグメント	0	fragment	no	jmdict		134.6	14.3	1.2
オフ	0	off	no	jmdict		66.2	82.1	65.0
オフ	1	off-season	no	jmdict		66.2	82.1	65.0
オフ	2	offset	no	jmdict		66.2	82.1	65.0
オフ	3	off-road	no	jmdict		66.2	82.1	65.0
オフ	4	offline	no	jmdict		66.2	82.1	65.0
オフ	5	offline get-together	no	jmdict		66.2	82.1	65.0
オフ	6	offside	no	jmdict		66.2	82.1	65.0
オフ	7	day off	no	jmdict		66.2	82.1	65.0
オフ	8	reduced	no	jmdict		66.2	82.1	65.0
ピン	0	pin	no	jmdict		5.3	143.0	11.8
ピン	1	pin;flagstick	no	jmdict		5.3	143.0	11.8
ピン	2	ping	yes	jmdict		5.3	143.0	11.8
ピン	3	counter for dot tiles	no	jmdict		5.3	143.0	11.8
ピン	4	one	no	jmdict		5.3	143.0	11.8
ピン	5	first;top;best;number one	no	jmdict		5.3	143.0	11.8
ピン	6	rake-off;cut;kickback	no	jmdict		5.3	143.0	11.8
コンソーシアム	0	consortium	no	jmdict		7.6	140.5	8.7
アット	0	at sign	no	jmdict		143.1	4.6	10.5
ハンドル	0	handle	no	jmdict		93.2	54.4	18.1
ハンドル	1	steering wheel	no	jmdict		93.2	54.4	18.1
ハンドル	2	handlebar;handlebars	no	jmdict		93.2	54.4	18.1
ハンドル	3	handle;screen name;username	no	jmdict		93.2	54.4	18.1
フィーチャー	0	feature	no	jmdict		89.1	58.4	18.1
クローズ	0	close;closing	no	jmdict		90.9	56.3	14.4
クローズ	1	clause	no	jmdict		90.9	56.3	14.4
クローズ	2	clothes	no	jmdict		90.9	56.3	14.4
スペック	0	specifications;specs	no	jmdict		66.6	80.5	15.3
プレースホルダー	0	placeholder	no	jmdict		142.0	4.8	0.1
アサーション	0	assertion	no	jmdict		131.4	14.9	0.3
プレビュー	0	preview	no	jmdict		66.6	78.7	3.8
タイムスタンプ	0	time-stamp	no	jmdict		114.5	30.7	0.5
タイムスタンプ	1	time-stamping machine	no	jmdict		114.5	30.7	0.5
スケール	0	scale;rule;ruler	no	jmdict		68.5	76.7	21.3
スケール	1	scale;scope;magnitude	no	jmdict		68.5	76.7	21.3
スケール	2	scale	no	jmdict		68.5	76.7	21.3
スケール	3	weighing scale;balance	no	jmdict		68.5	76.7	21.3
スケール	4	scale;limescale	no	jmdict		68.5	76.7	21.3
トレース	0	tracing	no	jmdict		117.2	27.9	4.8
トレース	1	trail left in the snow;following	no	jmdict		117.2	27.9	4.8
トレース	2	trace	no	jmdict		117.2	27.9	4.8
コモンズ	0	commons;common land	no	jmdict		5.3	139.8	228.2
フェーズ	0	phase	no	jmdict		85.9	59.1	17.2
スナップショット	0	snapshot	no	jmdict		109.9	34.7	1.1
ハイ	0	high;euphoric;intoxicated	no	jmdict		16.3	126.4	43.5
ハイ	1	high	no	jmdict		16.3	126.4	43.5
エクスペリエンス	0	experience	no	jmdict		35.9	106.3	9.2
インテグレーション	0	integration	no	jmdict		90.2	52.0	3.0
ソーシャル	0	social	no	jmdict		22.2	119.8	30.5
ビルダー	0	builder	no	jmdict		75.6	66.4	5.3
インタビュー	0	interview	no	jmdict		6.4	135.3	218.5
アノテーション	0	annotation	no	jmdict		124.6	16.9	0.4
モア	0	moa	no	jmdict		22.7	118.7	46.2
チャンク	0	chunk	no	jmdict		98.9	42.4	1.0
ウ	0	cormorant	no	jmdict		140.4	0.8	5.2
ウ	1	ukraine	no	jmdict		140.4	0.8	5.2
ステートメント	0	statement	no	jmdict		76.9	64.0	7.9
ウイル	0	will;intent;desire;ambition	no	jmdict		33.2	107.5	40.0
ウイル	1	will;testament	no	jmdict		33.2	107.5	40.0
シナリオ	0	script;screenplay	no	jmdict		108.3	32.3	51.9
シナリオ	1	scenario	no	jmdict		108.3	32.3	51.9
スプリング	0	spring	no	jmdict		104.9	35.7	34.1
スプリング	1	light overcoat;topcoat	no	jmdict		104.9	35.7	34.1
メトリクス	0	metrics	no	jmdict		125.5	15.1	1.1
フューチャー	0	future	no	jmdict		42.6	97.6	39.1
ライク	0	like;liking	no	jmdict		69.6	70.5	31.1
スコア	0	score	no	jmdict		93.4	46.6	36.2
スコア	1	full score	no	jmdict		93.4	46.6	36.2
トップレベル	0	top-level;top-ranking	no	jmdict		104.4	35.4	3.1
シーン	0	scene;sight	no	jmdict		86.1	53.5	133.3
シーン	1	scenario;setting	no	jmdict		86.1	53.5	133.3
シーン	2	silently;quietly	no	jmdict		86.1	53.5	133.3
ボイド	0	void	no	jmdict		16.3	122.8	7.2
トピック	0	topic	no	jmdict		99.8	39.2	7.9
フロントエンド	0	frontend;front end	yes	jmdict		75.6	63.5	1.1
マーカー	0	marker	no	jmdict		124.1	14.4	7.6
マーカー	1	scorekeeper;marker	no	jmdict		124.1	14.4	7.6
ミドルウェア	0	middleware	yes	jmdict		89.8	48.4	0.9
クロージャー	0	closure	no	jmdict		111.7	25.8	1.2
エンティティー	0	entity	no	jmdict		71.9	65.6	2.0
フォール	0	fall	no	jmdict		106.2	30.7	25.1
トランスポート	0	transport	no	jmdict		65.0	71.7	10.1
ダイナミック	0	dynamic	no	jmdict		35.0	101.7	11.9
プロンプト	0	prompt	yes	jmdict		90.7	46.0	1.2
オペレーター	0	operator	no	jmdict		62.3	74.1	11.6
ニューラル	0	neural	no	jmdict		3.2	132.3	4.6
マルチメディア	0	multimedia	no	jmdict		17.2	117.8	8.0
プレフィックス	0	prefix	no	jmdict		97.8	37.2	0.7
トップ	0	top	no	jmdict		55.6	79.3	155.9
トップ	1	top position	no	jmdict		55.6	79.3	155.9
トップ	2	senior management;senior bureaucrat	no	jmdict		55.6	79.3	155.9
トップ	3	home page	no	jmdict		55.6	79.3	155.9
アフター	0	after	no	jmdict		57.9	76.8	59.9
アフター	1	socializing outside the club	no	jmdict		57.9	76.8	59.9
オート	0	auto;automatic	no	jmdict		64.1	70.5	42.3
オート	1	auto;automobile;car	no	jmdict		64.1	70.5	42.3
オート	2	three-wheeler truck	no	jmdict		64.1	70.5	42.3
オート	3	oat;oats	no	jmdict		64.1	70.5	42.3
オペレーション	0	operation	no	jmdict		54.5	79.8	21.7
ゲートウェー	0	gateway	yes	jmdict		62.7	71.3	4.8
シリアライズ	0	serialize;serialise	no	jmdict		123.6	10.3	0.1
カンパニー	0	company	no	jmdict		3.4	130.0	88.0
チェックボックス	0	checkbox	yes	jmdict		123.6	9.7	0.2
ステージ	0	stage	no	jmdict		66.6	66.5	278.1
ステージ	1	performance;show	no	jmdict		66.6	66.5	278.1
ステージ	2	stage;part	no	jmdict		66.6	66.5	278.1
ステージ	3	stage;level	no	jmdict		66.6	66.5	278.1
プレゼンテーション	0	presentation	no	jmdict		58.4	74.4	6.5
クラシック	0	classical music	no	jmdict		34.8	97.7	83.8
クラシック	1	classic;classical	no	jmdict		34.8	97.7	83.8
クラシック	2	classic;the classics	no	jmdict		34.8	97.7	83.8
パーティション	0	partition;room divider	no	jmdict		26.3	106.1	2.4
パーティション	1	partition	yes	jmdict		26.3	106.1	2.4
ロー	0	low	no	jmdict		12.1	120.1	51.5
ロー	1	low gear	no	jmdict		12.1	120.1	51.5
ロー	2	rho	no	jmdict		12.1	120.1	51.5
ロー	3	raw	no	jmdict		12.1	120.1	51.5
ロー	4	law	no	jmdict		12.1	120.1	51.5
ロー	5	row	no	jmdict		12.1	120.1	51.5
スーパーコンピューター	0	supercomputer	yes	jmdict		0.2	131.9	3.2
ファイアーウォール	0	firewall	yes	jmdict		51.3	80.7	1.7
アセンブリー	0	assembly	no	jmdict		18.1	113.9	7.6
デュアル	0	dual	no	jmdict		19.0	112.9	11.1
メインフレーム	0	mainframe	yes	jmdict		0.9	130.6	2.4
エリア	0	area	no	jmdict		54.0	77.2	111.7
スナップ	0	snap	no	jmdict		125.2	6.0	3.1
スナップ	1	snapshot	no	jmdict		125.2	6.0	3.1
スナップ	2	snap fastener;press stud	no	jmdict		125.2	6.0	3.1
スナップ	3	systems for nuclear auxiliary power;snap	no	jmdict		125.2	6.0	3.1
ポップアップ	0	pop-up	no	jmdict		106.0	24.1	2.7
スキル	0	skill	no	jmdict		76.2	53.8	37.7
ワークステーション	0	workstation	yes	jmdict		5.5	124.5	2.3
ウィー	0	wii	no	jmdict		18.8	110.1	54.9
パイプ	0	pipe;tube	no	jmdict		83.6	45.1	15.6
パイプ	1	pipe	no	jmdict		83.6	45.1	15.6
パイプ	2	cigarette holder	no	jmdict		83.6	45.1	15.6
パイプ	3	go-between;intermediary;mediator;connections;channel	no	jmdict		83.6	45.1	15.6
シグネチャー	0	signature	no	jmdict		84.5	44.0	3.9
プッシュ	0	push	no	jmdict		101.0	27.3	4.2
プッシュ	1	pushing;pressuring	no	jmdict		101.0	27.3	4.2
プッシュ	2	pushing	yes	jmdict		101.0	27.3	4.2
イニット	0	init	yes	jmdict		86.8	41.5	0.6
セルフ	0	self-service	no	jmdict		51.7	76.0	32.9
ロガー	0	logger	yes	jmdict		120.9	6.7	0.5
オーダー	0	order	no	jmdict		48.3	78.6	33.2
パッド	0	pad;padding	no	jmdict		71.9	54.9	6.2
パッド	1	pad	no	jmdict		71.9	54.9	6.2
パッド	2	gamepad	no	jmdict		71.9	54.9	6.2
ラジオ	0	radio	no	jmdict		21.5	104.2	390.7
マザーボード	0	motherboard	yes	jmdict		0.0	125.4	1.9
ホスティング	0	hosting	yes	jmdict		55.9	69.5	1.9
クリップ	0	clip	no	jmdict		74.0	50.7	16.2
クリップ	1	hairpin;hair slide;curler	no	jmdict		74.0	50.7	16.2
シェーダー	0	shader	yes	jmdict		53.8	70.5	1.1
フル	0	full	no	jmdict		23.4	100.9	84.6
ペイント	0	paint	no	jmdict		23.1	100.8	8.3
ショートカット	0	shortcut;taking a shortcut	no	jmdict		89.1	34.4	4.6
ショートカット	1	shortcut	yes	jmdict		89.1	34.4	4.6
ショートカット	2	short-cut hairstyle for women	no	jmdict		89.1	34.4	4.6
フロート	0	float;pontoon	no	jmdict		79.2	44.0	5.9
フロート	1	float	no	jmdict		79.2	44.0	5.9
ビッグ	0	big	no	jmdict		26.8	96.2	99.7
パーソナル	0	personal	no	jmdict		9.6	113.1	14.2
ロング	0	long	no	jmdict		32.5	89.7	60.0
フェッチ	0	fetch	yes	jmdict		101.7	19.2	0.3
ラン	0	run	no	jmdict		69.2	51.5	39.9
ラン	1	orchid	no	jmdict		69.2	51.5	39.9
ラン	2	netherlands;holland	no	jmdict		69.2	51.5	39.9
ラン	3	local area network;lan	yes	jmdict		69.2	51.5	39.9
エミュレーター	0	emulator	yes	jmdict		8.5	112.1	2.5
バッテリー	0	battery	no	jmdict		19.7	100.7	21.1
パディング	0	padding	no	jmdict		105.6	14.7	0.2
ポータブル	0	portable	no	jmdict		10.3	109.7	14.2
タイムアウト	0	time-out;timeout	no	jmdict		102.8	16.8	1.3
タイムアウト	1	timeout	yes	jmdict		102.8	16.8	1.3
ポジション	0	position	no	jmdict		93.7	25.6	83.6
オフィシャル	0	official	no	jmdict		7.1	112.2	304.4
ロボット	0	robot	no	jmdict		11.4	107.4	100.5
ロボット	1	puppet;pawn;figurehead	no	jmdict		11.4	107.4	100.5
コンセプト	0	concept;general idea;notion	no	jmdict		28.2	90.6	51.7
コンセプト	1	intention;aim;design;philosophy;plan;plot;theme	no	jmdict		28.2	90.6	51.7
スライス	0	slice	no	jmdict		99.1	19.6	3.0
スライス	1	slice;backspin shot	no	jmdict		99.1	19.6	3.0
イテレータ	0	iterator	yes	jmdict		104.9	13.1	0.2
コイン	0	coin	no	jmdict		4.6	113.4	19.8
コイン	1	token;slug	no	jmdict		4.6	113.4	19.8
ファームウェア	0	firmware	yes	jmdict		25.9	92.0	1.9
インフラストラクチャー	0	infrastructure	no	jmdict		41.9	75.9	4.3
ベスト	0	best	no	jmdict		27.0	90.6	305.3
ベスト	1	vest;waistcoat	no	jmdict		27.0	90.6	305.3
ホワイト	0	white	no	jmdict		27.9	89.3	93.2
ホワイト	1	correction fluid;white-out	no	jmdict		27.9	89.3	93.2
カバー	0	cover;covering;dust jacket;wrapper	no	jmdict		49.9	67.3	120.5
カバー	1	covering;cover;cover version	no	jmdict		49.9	67.3	120.5
カバー	2	coverage	no	jmdict		49.9	67.3	120.5
カバー	3	to cover;to offset;to compensate for;to make up for;to cover for	no	jmdict		49.9	67.3	120.5
ユースケース	0	use case	yes	jmdict		85.2	31.9	0.5
オーバーライド	0	override	no	jmdict		98.9	18.2	0.6
ニーズ	0	needs;demands;requests	no	jmdict		60.9	56.0	12.7
エイプリル	0	april	no	jmdict		2.1	114.6	54.4
フォーク	0	fork	no	jmdict		21.8	94.6	22.4
フォーク	1	forkball	no	jmdict		21.8	94.6	22.4
フォーク	2	folk;folk song	no	jmdict		21.8	94.6	22.4
アイデア	0	idea	no	jmdict		43.5	72.4	33.7
パスカル	0	pascal	no	jmdict		6.2	109.8	8.8
ミュージック	0	music	no	jmdict		3.2	112.4	313.8
ゾーン	0	zone	no	jmdict		70.8	44.8	58.3
カスケード	0	cascade	no	jmdict		101.2	14.0	3.3
オクトーバー	0	october	no	jmdict		0.9	114.1	52.4
ペイロード	0	payload	yes	jmdict		70.3	44.0	4.3
アナログ	0	analog;analogue	no	jmdict		3.9	110.4	33.4
ウェイ	0	way	no	jmdict		1.8	112.4	144.7
クローン	0	clone	no	jmdict		55.0	59.2	16.1
クローン	1	kroon	no	jmdict		55.0	59.2	16.1
アナリシス	0	analysis	no	jmdict		6.2	106.2	23.6
ブレンダー	0	stick blender;hand blender;immersion blender	no	jmdict		1.1	110.2	2.2
ブレンダー	1	blender	no	jmdict		1.1	110.2	2.2
クラッシュ	0	crash	no	jmdict		66.2	44.6	15.7
クラッシュ	1	kurash	no	jmdict		66.2	44.6	15.7
トラッキング	0	tracking	no	jmdict		61.8	48.9	2.8
プラン	0	plan;scheme	no	jmdict		15.8	94.7	38.3
プラン	1	plan;package;deal;offer	no	jmdict		15.8	94.7	38.3
スワップ	0	swap	no	jmdict		70.8	39.3	2.5
スワップ	1	swapping	yes	jmdict		70.8	39.3	2.5
スワップ	2	wife-swapping;swinging	no	jmdict		70.8	39.3	2.5
イントロダクション	0	introduction	no	jmdict		8.2	101.7	17.3
ロゴ	0	logo	no	jmdict		32.3	77.4	33.7
ハイライト	0	highlight	no	jmdict		87.7	22.0	7.6
ナショナル	0	national	no	jmdict		11.2	98.4	145.8
ノート	0	notebook;copy-book;exercise book	no	jmdict		11.7	97.8	41.8
ノート	1	note;noting down	no	jmdict		11.7	97.8	41.8
ノート	2	note	no	jmdict		11.7	97.8	41.8
ノート	3	laptop;notebook	no	jmdict		11.7	97.8	41.8
マーケティング	0	marketing	no	jmdict		15.6	93.8	30.1
サン	0	sun	no	jmdict		0.2	108.3	76.2
サン	1	three	no	jmdict		0.2	108.3	76.2
サン	2	saint;st	no	jmdict		0.2	108.3	76.2
サン	3	san	no	jmdict		0.2	108.3	76.2
サン	4	son	no	jmdict		0.2	108.3	76.2
チェンジ	0	change;changing	no	jmdict		40.5	67.5	37.9
チェンジ	1	exchange	no	jmdict		40.5	67.5	37.9
チェンジ	2	change of sides	no	jmdict		40.5	67.5	37.9
チェンジ	3	switching ends	no	jmdict		40.5	67.5	37.9
ユニバーサル	0	universal	no	jmdict		18.3	89.6	43.3
ナビゲーター	0	navigator	no	jmdict		97.8	10.0	14.3
ナビゲーター	1	host;hostess;mc	no	jmdict		97.8	10.0	14.3
プール	0	pool	no	jmdict		65.0	42.6	64.4
プール	1	pooling	no	jmdict		65.0	42.6	64.4
オンリー	0	only;just;solely	no	jmdict		57.9	49.7	23.5
オンリー	1	prostitute attached to a single member of the post-wwii occupation forces	no	jmdict		57.9	49.7	23.5
アクセシブル	0	accessible	no	jmdict		101.0	6.6	0.6
ガード	0	guarding;guard	no	jmdict		65.9	41.6	32.8
ガード	1	railway bridge;overpass;flyover;elevated railway;girder bridge	no	jmdict		65.9	41.6	32.8
アンダー	0	under	no	jmdict		53.1	54.0	43.5
アンダー	1	underexposure;underdevelopment	no	jmdict		53.1	54.0	43.5
アンダー	2	under par	no	jmdict		53.1	54.0	43.5
ワークフロー	0	workflow;business flow;operation flow	no	jmdict		56.1	50.7	1.1
ラッパー	0	wrapper	no	jmdict		75.8	30.9	10.6
ラッパー	1	rapper	no	jmdict		75.8	30.9	10.6
インクルード	0	include	yes	jmdict		35.7	70.9	2.3
ノイズ	0	noise	no	jmdict		23.1	83.5	15.2
アザー	0	birthmark;nevus	no	jmdict		35.0	71.4	27.2
アザー	1	bruise	no	jmdict		35.0	71.4	27.2
マイグレーション	0	migration	no	jmdict		101.0	5.1	0.2
エンジニア	0	engineer	no	jmdict		9.8	96.2	29.3
ボール	0	ball	no	jmdict		61.6	43.7	104.9
ボール	1	bowl	no	jmdict		61.6	43.7	104.9
ボール	2	board	no	jmdict		61.6	43.7	104.9
ビジョン	0	vision;foresight;prospect	no	jmdict		10.5	94.7	35.9
ビジョン	1	large display screen	no	jmdict		10.5	94.7	35.9
ビジョン	2	imagination;insight	no	jmdict		10.5	94.7	35.9
ビジョン	3	sight;eyesight;vision	no	jmdict		10.5	94.7	35.9
ビジョン	4	phantom;vision;illusion	no	jmdict		10.5	94.7	35.9
オフライン	0	offline	no	jmdict		52.7	52.5	4.5
ワイヤレス	0	wireless	no	jmdict		6.2	98.5	7.1
ワイヤレス	1	wireless microphone	no	jmdict		6.2	98.5	7.1
サブセット	0	subset	no	jmdict		42.8	61.5	2.2
オーバーヘッド	0	overhead	yes	jmdict		48.5	55.7	1.5
オーバーヘッド	1	overhead kick;bicycle kick	no	jmdict		48.5	55.7	1.5
アンチ	0	hater	no	jmdict		26.8	77.2	20.5
テクニック	0	technique	no	jmdict		67.1	36.7	15.2
アイデンティティー	0	identity	no	jmdict		49.0	54.6	15.6
ミニ	0	miniskirt	no	jmdict		7.1	95.6	38.0
レガシー	0	legacy;inheritance;bequest	no	jmdict		51.5	51.1	12.4
レガシー	1	legacy	yes	jmdict		51.5	51.1	12.4
エクステンション	0	extension	no	jmdict		32.5	70.0	6.2
アスペクト	0	aspect	no	jmdict		80.8	21.7	5.3
ブーリアン	0	boolean	no	jmdict		65.5	36.9	0.6
ジュライ	0	july	no	jmdict		0.7	101.6	50.0
インストーラー	0	installer	yes	jmdict		30.5	71.6	1.1
ショー	0	show;performance	no	jmdict		30.7	71.1	144.3
ショー	1	show;exhibition;expo;fair;convention	no	jmdict		30.7	71.1	144.3
ショー	2	tv show	no	jmdict		30.7	71.1	144.3
ビューアー	0	viewer	no	jmdict		32.7	69.0	3.8
アルファベット	0	alphabet	no	jmdict		34.8	67.0	13.3
デバッガー	0	debugger	yes	jmdict		50.4	51.1	0.8
グラフィカル	0	graphical	no	jmdict		12.1	88.9	1.6
アップル	0	apple	no	jmdict		2.1	98.7	12.4
ブルー	0	blue	no	jmdict		10.3	90.2	146.2
ブルー	1	sad;down	no	jmdict		10.3	90.2	146.2
ディスカバリー	0	discovery	no	jmdict		67.5	32.9	15.7
ダーク	0	dark	no	jmdict		49.9	50.0	47.1
ディセンバー	0	december	no	jmdict		1.1	98.7	48.7
タイムゾーン	0	time zone	no	jmdict		92.5	7.3	0.5
パーツ	0	part;component	no	jmdict		20.8	78.7	37.0
ベストプラクティス	0	best practice	no	jmdict		89.1	10.5	0.4
ブックマーク	0	bookmark	no	jmdict		56.8	42.6	1.5
エコー	0	echo	no	jmdict		17.9	81.5	13.0
エコー	1	ultrasound	no	jmdict		17.9	81.5	13.0
エクスチェンジ	0	exchange	no	jmdict		4.1	94.8	8.8
エクスチェンジ	1	currency exchange;bureau de change	no	jmdict		4.1	94.8	8.8
エクスチェンジ	2	exchange rate	no	jmdict		4.1	94.8	8.8
メーク	0	make-up;makeup	no	jmdict		22.0	76.9	39.4
メーク	1	making food;cooking	no	jmdict		22.0	76.9	39.4
ソサエティー	0	society	no	jmdict		12.8	85.9	65.9
タイマー	0	timer;time switch	no	jmdict		70.3	28.4	3.9
タイマー	1	stopwatch	no	jmdict		70.3	28.4	3.9
タイマー	2	time keeper	no	jmdict		70.3	28.4	3.9
タイマー	3	self-timer;timer	no	jmdict		70.3	28.4	3.9
ライティング	0	lighting	no	jmdict		46.3	52.0	9.1
ライティング	1	writing	no	jmdict		46.3	52.0	9.1
モダン	0	modern	no	jmdict		33.2	64.9	32.2
モダン	1	lug arm tips;temple tips	no	jmdict		33.2	64.9	32.2
ストーリー	0	story;tale;legend	no	jmdict		16.3	81.7	170.0
ストーリー	1	plot;storyline	no	jmdict		16.3	81.7	170.0
アロー	0	arrow	no	jmdict		80.4	17.4	14.1
エンバイロメント	0	environment	no	jmdict		37.3	60.4	7.5
ラウンド	0	round	no	jmdict		25.4	72.1	66.0
ジェネリック	0	generic	no	jmdict		71.2	26.0	1.2
ジェネリック	1	generic drug	no	jmdict		71.2	26.0	1.2
アナウンス	0	announcement	no	jmdict		27.0	70.1	34.0
アナウンス	1	official announcement;formal information release	no	jmdict		27.0	70.1	34.0
カレンダー	0	calendar	no	jmdict		35.9	60.7	22.9
カレンダー	1	calender	no	jmdict		35.9	60.7	22.9
オラクル	0	oracle	no	jmdict		23.1	73.3	3.1
パーシャル	0	partial	no	jmdict		77.6	18.8	20.3
アウトプット	0	output	no	jmdict		47.9	48.3	2.3
キャリア	0	career;occupation	no	jmdict		42.1	53.9	62.4
キャリア	1	personal history;professional experience	no	jmdict		42.1	53.9	62.4
キャリア	2	government employee who has passed the highest national civil service exam	no	jmdict		42.1	53.9	62.4
キャリア	3	carrier	no	jmdict		42.1	53.9	62.4
キャリア	4	carrier;mobile network operator	no	jmdict		42.1	53.9	62.4
キャリア	5	pannier rack;roof rack;carrier	no	jmdict		42.1	53.9	62.4
キャリア	6	hand truck;platform truck;trolley;dolly	no	jmdict		42.1	53.9	62.4
サム	0	sum	no	jmdict		4.8	91.0	37.6
サム	1	thumb	no	jmdict		4.8	91.0	37.6
サム	2	sam;surface-to-air missile	no	jmdict		4.8	91.0	37.6
アソシエーション	0	association	no	jmdict		3.9	91.6	53.3
マーケット	0	market	no	jmdict		12.8	82.6	30.0
シグマ	0	sigma	no	jmdict		8.0	87.3	12.1
ファイア	0	fire	no	jmdict		1.8	93.4	52.4
ファイア	1	to become financially independent and retire early	no	jmdict		1.8	93.4	52.4
ツールバー	0	toolbar	yes	jmdict		57.2	37.2	0.6
インスティチュート	0	institute	no	jmdict		3.9	90.5	42.3
ニューヨーク	0	new york	no	jmdict		2.7	91.4	187.2
スケーリング	0	scaling	no	jmdict		64.6	29.4	1.3
メリット	0	advantage;benefit;merit;good point;plus	no	jmdict		38.0	56.0	13.3
イギリス	0	united kingdom;uk;britain;great britain	no	jmdict	por	6.0	87.7	355.3
イギリス	1	england	no	jmdict	por	6.0	87.7	355.3
ダッシュ	0	dash	no	jmdict		50.6	43.0	19.8
コンシューマー	0	consumer	no	jmdict		31.1	62.4	8.1
オープンソースソフトウェア	0	open-source software	yes	jmdict		9.4	84.0	1.3
セオリー	0	theory	no	jmdict		1.8	91.4	25.5
セオリー	1	standard procedure;common strategy;established tactics	no	jmdict		1.8	91.4	25.5
ダイジェスト	0	digest;summary;abridgment	no	jmdict		73.3	19.9	21.9
ベル	0	bell	no	jmdict		2.3	90.8	40.9
ベル	1	bel	no	jmdict		2.3	90.8	40.9
コードネーム	0	chord name;chord symbol	no	jmdict		0.2	92.8	9.5
コードネーム	1	code name	no	jmdict		0.2	92.8	9.5
クイック	0	quick	no	jmdict		21.3	71.6	11.3
クイック	1	quickstep	no	jmdict		21.3	71.6	11.3
クイック	2	kwic;keyword in context	yes	jmdict		21.3	71.6	11.3
レプリカ	0	replica	no	jmdict		83.8	8.8	7.5
パーセンテージ	0	percentage	no	jmdict		89.1	3.3	1.0
ウルトラ	0	ultra	no	jmdict		0.5	91.9	58.9
ハイト	0	height	no	jmdict		76.9	15.3	3.6
クオータ	0	quarter	no	jmdict		88.4	3.8	0.6
クオータ	1	person with one non-japanese grandparent	no	jmdict		88.4	3.8	0.6
クオータ	2	quota	no	jmdict		88.4	3.8	0.6
スケジューラー	0	scheduler	no	jmdict		88.2	4.0	0.1
クリエーティブ	0	creative	no	jmdict		11.4	80.0	34.8
キャスト	0	cast;cast member;role	no	jmdict		22.9	68.5	154.8
キャスト	1	casting	no	jmdict		22.9	68.5	154.8
ホール	0	hall	no	jmdict		3.2	87.9	231.6
ホール	1	dining area of a restaurant	no	jmdict		3.2	87.9	231.6
ホール	2	hole	no	jmdict		3.2	87.9	231.6
ホール	3	hole;cup	no	jmdict		3.2	87.9	231.6
ホール	4	whole;entire;complete	no	jmdict		3.2	87.9	231.6
ハウツー	0	how-to	no	jmdict		16.9	74.0	8.8
ビル	0	multi-floor building;multi-storey building	no	jmdict		4.8	86.1	145.9
ビル	1	bill;check;invoice	no	jmdict		4.8	86.1	145.9
ビル	2	bill;promissory note	no	jmdict		4.8	86.1	145.9
ビル	3	bill;measure	no	jmdict		4.8	86.1	145.9
インプリメンテーション	0	implementation	no	jmdict		19.9	70.9	2.1
シェープ	0	shape	no	jmdict		80.8	9.9	1.8
ワープロ	0	word processor	yes	jmdict		0.7	89.8	2.9
ドイツ	0	germany	no	jmdict	dut	3.4	86.9	360.4
サンドボックス	0	sandbox;test environment	yes	jmdict		67.8	22.4	0.6
アワード	0	award	no	jmdict		1.6	88.5	64.7
ヘッド	0	head	no	jmdict		11.9	78.1	36.5
モデム	0	modem	yes	jmdict		6.2	83.5	2.2
ミディ	0	midi	no	jmdict		18.3	71.2	7.1
ミディ	1	midi;musical instrument digital interface	yes	jmdict		18.3	71.2	7.1
フィッシング	0	fishing	no	jmdict		55.9	33.5	4.5
フィッシング	1	phishing	yes	jmdict		55.9	33.5	4.5
トランジスタ	0	transistor	no	jmdict		0.0	89.2	6.5
アラート	0	alert;warning	no	jmdict		61.4	27.8	3.4
ブラック	0	black	no	jmdict		8.0	81.1	142.6
ブラック	1	exploitative;overly harsh;abusive;oppressive;unethical	no	jmdict		8.0	81.1	142.6
ブラック	2	boldface;blackface;heavy-faced type	no	jmdict		8.0	81.1	142.6
スクロールバー	0	scroll bar	yes	jmdict		80.8	7.9	0.2
レンダラー	0	renderer	yes	jmdict		29.8	58.4	0.9
シンボリック	0	symbolic	no	jmdict		60.4	27.3	1.4
ブランチ	0	branch	no	jmdict		60.2	27.5	6.9
ブランチ	1	brunch	no	jmdict		60.2	27.5	6.9
サブ	0	sub;substitute;reserve;backup	no	jmdict		36.2	51.1	15.9
オン	0	on	no	jmdict		55.6	31.1	27.9
オン	1	being on the green	no	jmdict		55.6	31.1	27.9
スター	0	star;celebrity	no	jmdict		11.2	75.5	206.6
スター	1	star;asterisk	no	jmdict		11.2	75.5	206.6
スター	2	star	no	jmdict		11.2	75.5	206.6
ゲーミング	0	gaming	no	jmdict		0.2	86.5	7.9
パートナー	0	partner	no	jmdict		22.7	63.8	56.5
パートナー	1	partner;spouse	no	jmdict		22.7	63.8	56.5
グリーン	0	green	no	jmdict		12.4	73.8	108.3
グリーン	1	green;environmentally friendly	no	jmdict		12.4	73.8	108.3
グリーン	2	greenland;green space;lawn	no	jmdict		12.4	73.8	108.3
グリーン	3	green;putting green	no	jmdict		12.4	73.8	108.3
ノートパソコン	0	laptop;notebook	no	jmdict		5.5	80.6	2.6
ファクトリー	0	factory	no	jmdict		55.9	30.2	30.3
リリースノート	0	release notes	yes	jmdict		37.8	48.3	0.7
フロッピーディスク	0	floppy disk	yes	jmdict		1.1	84.9	2.1
フェブラリー	0	february	no	jmdict		0.9	85.0	44.1
ユニーク	0	unique;original;individual;unusual	no	jmdict		46.7	39.2	12.6
スルー	0	ignoring;looking the other way;letting pass	no	jmdict		34.6	51.3	21.8
スルー	1	passing through;going through	no	jmdict		34.6	51.3	21.8
スルー	2	leaving a passing ball for a teammate;letting the ball go past;dummy	no	jmdict		34.6	51.3	21.8
スルー	3	ball going through the net and landing in the opponent's half	no	jmdict		34.6	51.3	21.8
エンドユーザー	0	end user	no	jmdict		27.5	58.3	1.2
ファスト	0	fast	no	jmdict		11.9	73.7	11.6
スペシャリスト	0	specialist	no	jmdict		60.7	24.9	7.4
ボブ	0	bob	no	jmdict		13.1	72.5	36.7
ボイス	0	voice	no	jmdict		8.9	76.5	61.6
オーナー	0	owner	no	jmdict		46.5	38.9	34.3
マイナー	0	minor;small;unimportant;obscure	no	jmdict		51.3	34.0	30.2
マイナー	1	minor	no	jmdict		51.3	34.0	30.2
マイナー	2	the minor leagues	no	jmdict		51.3	34.0	30.2
マイナー	3	miner	no	jmdict		51.3	34.0	30.2
ユニオン	0	union	no	jmdict		66.4	18.5	50.6
パーサ	0	parser	yes	jmdict		57.2	27.5	0.5
ラインアップ	0	line-up;lineup	no	jmdict		0.5	84.3	24.1
ラジオボタン	0	radio button;option button	yes	jmdict		79.7	4.8	0.1
ラーニング	0	learning	no	jmdict		4.6	79.8	9.1
リフレッシュ	0	refreshment;refreshing oneself;refreshing one's spirit	no	jmdict		22.2	62.1	4.0
リフレッシュ	1	refresh	yes	jmdict		22.2	62.1	4.0
ディープ	0	deep	no	jmdict		30.7	53.6	34.3
テックス	0	fiberboard;fibreboard;wallboard	no	jmdict		9.6	74.4	3.5
テックス	1	cloth;fabric;material	no	jmdict		9.6	74.4	3.5
テックス	2	tex	no	jmdict		9.6	74.4	3.5
リード	0	lied	no	jmdict		19.7	64.2	55.9
リード	1	lead;leading;taking the lead	no	jmdict		19.7	64.2	55.9
リード	2	leading;getting ahead	no	jmdict		19.7	64.2	55.9
リード	3	lead	no	jmdict		19.7	64.2	55.9
リード	4	lead;lede	no	jmdict		19.7	64.2	55.9
リード	5	leash;lead	no	jmdict		19.7	64.2	55.9
リード	6	lead;prospective client	no	jmdict		19.7	64.2	55.9
リード	7	reed	no	jmdict		19.7	64.2	55.9
リード	8	reading	no	jmdict		19.7	64.2	55.9
サブルーチン	0	subroutine	yes	jmdict		3.7	79.8	1.1
コンフィギュレーション	0	configuration	no	jmdict		30.7	52.8	1.2
ノン	0	no	no	jmdict		27.5	56.0	27.4
ユーズド	0	used	no	jmdict		27.7	55.7	7.0
シンク	0	sink	no	jmdict		34.1	49.2	10.4
シンク	1	synchronization	no	jmdict		34.1	49.2	10.4
シンク	2	synchronous	no	jmdict		34.1	49.2	10.4
シンク	3	think	no	jmdict		34.1	49.2	10.4
スクリプティング	0	scripting	yes	jmdict		68.7	14.5	0.2
シンタックス	0	syntax	no	jmdict		38.7	44.3	1.2
モーション	0	motion	no	jmdict		18.3	64.6	20.4
メッシュ	0	mesh;grid	no	jmdict		18.1	64.8	5.1
メッシュ	1	highlight in the hair;streaked hair	no	jmdict		18.1	64.8	5.1
ハイブリッド	0	hybrid	no	jmdict		14.2	68.6	22.8
タール	0	tar	no	jmdict		54.0	28.4	7.0
ジャスト	0	just;exactly;precisely;perfectly;sharp	no	jmdict		11.9	70.5	25.6
フォト	0	photo	no	jmdict		3.0	79.3	42.1
トポロジー	0	topology	no	jmdict		51.1	31.2	2.8
ロケーション	0	location	no	jmdict		48.8	33.3	8.9
ハイパー	0	hyper	no	jmdict		21.1	61.0	20.0
プロシージャー	0	procedure	no	jmdict		13.1	68.5	2.1
スクリーンショット	0	screenshot;screen capture;screengrab	yes	jmdict		51.1	30.4	1.3
ガベージコレクション	0	garbage collection	yes	jmdict		52.7	28.7	0.4
ストップ	0	stop	no	jmdict		51.3	30.0	25.3
エネルギー	0	energy	no	jmdict	ger	4.8	76.4	128.9
エネルギー	1	energy;strength;power;stamina;get-up-and-go	no	jmdict	ger	4.8	76.4	128.9
エネルギー	2	energy source;energy resource	no	jmdict	ger	4.8	76.4	128.9
エネルギー	3	food energy;calories	no	jmdict	ger	4.8	76.4	128.9
コンパクト	0	compact	no	jmdict		16.7	64.5	17.8
コンパクト	1	compact;portable powder case	no	jmdict		16.7	64.5	17.8
コンパクト	2	compact car	no	jmdict		16.7	64.5	17.8
サイドバー	0	sidebar	yes	jmdict		65.7	15.0	0.3
パーミッション	0	permission	no	jmdict		57.2	23.2	0.9
シャープ	0	sharp	no	jmdict		5.0	75.4	16.6
シャープ	1	number sign;hash sign;pound sign	no	jmdict		5.0	75.4	16.6
シャープ	2	mechanical pencil	no	jmdict		5.0	75.4	16.6
シャープ	3	sharp;sharpe;schaap;scherp	no	jmdict		5.0	75.4	16.6
チャレンジ	0	taking on;attempt;try;tackling;challenging	no	jmdict		35.0	45.4	51.2
チャレンジ	1	requesting a video review	no	jmdict		35.0	45.4	51.2
スペシャル	0	special	no	jmdict		23.4	57.1	303.9
スペシャル	1	tv special	no	jmdict		23.4	57.1	303.9
プロダクツ	0	products	no	jmdict		12.1	68.2	12.5
スロー	0	slow	no	jmdict		63.7	16.4	13.7
スロー	1	slow motion	no	jmdict		63.7	16.4	13.7
スロー	2	throw	no	jmdict		63.7	16.4	13.7
セーフ	0	safe	no	jmdict		42.6	37.4	5.5
セーフ	1	in	no	jmdict		42.6	37.4	5.5
セーフ	2	all right;ok;acceptable;fine;in time	no	jmdict		42.6	37.4	5.5
マッチング	0	matching	no	jmdict		41.7	38.3	6.3
マッチング	1	networking	no	jmdict		41.7	38.3	6.3
リファラー	0	referrer;referer	no	jmdict		76.5	3.3	0.4
バー	0	bar;tavern;barroom;pub	no	jmdict		51.3	28.2	22.8
バー	1	bar	no	jmdict		51.3	28.2	22.8
バー	2	bar;crossbar;barre	no	jmdict		51.3	28.2	22.8
アタック	0	attack	no	jmdict		20.4	58.8	35.5
アタック	1	attack;tackling;confronting;attempt;try	no	jmdict		20.4	58.8	35.5
アタック	2	making an assault	no	jmdict		20.4	58.8	35.5
ポリゴン	0	polygon	no	jmdict		16.0	63.1	5.3
スピード	0	speed	no	jmdict		15.1	64.0	50.2
ボット	0	bot	yes	jmdict		41.9	37.0	4.7
メッセンジャー	0	messenger	no	jmdict		1.4	77.4	6.0
デザイナー	0	designer	no	jmdict		14.4	64.4	41.6
エンコーダー	0	encoder	no	jmdict		28.4	50.4	1.2
プレミアム	0	premium	no	jmdict		0.7	78.0	80.5
プレミアム	1	premium;high-class;deluxe;luxurious;superior	no	jmdict		0.7	78.0	80.5
コントラスト	0	contrast	no	jmdict		69.2	9.5	2.9
クリップボード	0	clipboard	no	jmdict		61.1	17.5	0.3
ペン	0	pen	no	jmdict		29.1	49.3	16.6
ペーパー	0	paper	no	jmdict		8.9	69.3	19.7
リザルト	0	result	no	jmdict		42.6	35.6	14.3
ヒューマン	0	human	no	jmdict		5.5	72.4	50.9
バイトコード	0	byte-code	yes	jmdict		40.3	37.6	0.5
オブザーバー	0	observer	no	jmdict		66.2	11.7	7.4
フィード	0	feed	no	jmdict		39.6	38.2	1.8
エアー	0	air	no	jmdict		0.7	77.1	62.7
ドラフト	0	draft	no	jmdict		10.1	67.6	67.1
ドラフト	1	draft;rough copy;rough sketch	no	jmdict		10.1	67.6	67.1
ドラフト	2	draught;draft	no	jmdict		10.1	67.6	67.1
ドラフト	3	draft;draught	no	jmdict		10.1	67.6	67.1
ジェネレーション	0	generation	no	jmdict		8.7	68.8	23.8
シリコン	0	silicon	no	jmdict		6.2	71.0	6.6
シリコン	1	silicone	no	jmdict		6.2	71.0	6.6
ビットマップ	0	bitmap	yes	jmdict		13.7	63.5	1.1
ブレーク	0	break	no	jmdict		35.3	41.9	41.2
ブレーク	1	becoming popular;becoming a hit	no	jmdict		35.3	41.9	41.2
デリート	0	delete	no	jmdict		42.8	34.3	1.3
サプライチェーン	0	supply chain	no	jmdict		64.3	12.7	1.2
クリティカル	0	critical	no	jmdict		24.3	52.6	10.2
クリティカル	1	critical hit	no	jmdict		24.3	52.6	10.2
ワイド	0	wide	no	jmdict		7.8	69.0	72.8
データセット	0	data set;data-set	yes	jmdict		11.4	65.4	7.8
フォース	0	force	no	jmdict		16.0	60.8	74.7
フォース	1	the force	no	jmdict		16.0	60.8	74.7
フォース	2	forth	no	jmdict		16.0	60.8	74.7
セカンド	0	second	no	jmdict		3.0	73.7	108.2
セカンド	1	second base;second baseman	no	jmdict		3.0	73.7	108.2
セカンド	2	second;assistant	no	jmdict		3.0	73.7	108.2
セクター	0	sector	no	jmdict		7.1	69.5	6.7
サブスクリプション	0	subscription	no	jmdict		46.7	29.8	3.1
カレント	0	current	no	jmdict		27.0	49.4	13.3
デバイスドライバー	0	device driver	yes	jmdict		6.6	69.7	0.9
プルリクエスト	0	pull request	yes	jmdict		74.0	2.4	0.0
イヤー	0	ear	no	jmdict		7.6	68.8	85.0
イヤー	1	oh;oh my;oh dear;wow	no	jmdict		7.6	68.8	85.0
イヤー	2	year	no	jmdict		7.6	68.8	85.0
ファースト	0	first	no	jmdict		22.2	54.1	138.1
ファースト	1	first base;first baseman	no	jmdict		22.2	54.1	138.1
ファースト	2	fast	no	jmdict		22.2	54.1	138.1
トーク	0	talk;banter;chat	no	jmdict		8.9	67.4	98.0
トーク	1	talk show	no	jmdict		8.9	67.4	98.0
トーク	2	toque	no	jmdict		8.9	67.4	98.0
ホワイトスペース	0	white space	no	jmdict		74.0	2.3	0.2
スタンドアローン	0	standalone;stand-alone	yes	jmdict		41.2	35.0	0.8
カタログ	0	catalog;catalogue	no	jmdict		19.5	56.8	36.4
ストローク	0	stroke	no	jmdict		67.8	8.4	11.2
プロプライエタリ	0	proprietary	yes	jmdict		1.1	74.8	1.0
スラッシュ	0	slash	no	jmdict		58.2	17.6	4.8
スラッシュ	1	slash;slit	no	jmdict		58.2	17.6	4.8
スラッシュ	2	slush;waste oil	no	jmdict		58.2	17.6	4.8
スラッシュ	3	waste materials	no	jmdict		58.2	17.6	4.8
アクロバット	0	acrobat	no	jmdict		54.5	21.1	2.7
アクロバット	1	acrobatics	no	jmdict		54.5	21.1	2.7
イングリッシュ	0	english	no	jmdict		2.7	72.7	45.5
デコーダー	0	decoder	no	jmdict		30.7	44.8	1.2
キャッチ	0	catch;catching;obtaining;receiving	no	jmdict		58.6	16.8	17.6
キャッチ	1	catch	no	jmdict		58.6	16.8	17.6
キャッチ	2	shop tout;puller-in	no	jmdict		58.6	16.8	17.6
キャッチ	3	catching;catching the water	no	jmdict		58.6	16.8	17.6
キャッチ	4	catcher	no	jmdict		58.6	16.8	17.6
キャッチ	5	call waiting	no	jmdict		58.6	16.8	17.6
リージョン	0	region	no	jmdict		51.5	23.8	12.9
リーク	0	leek	no	jmdict		38.5	36.8	6.6
リーク	1	leak	no	jmdict		38.5	36.8	6.6
リーク	2	leakage	no	jmdict		38.5	36.8	6.6
ハッキング	0	hacking	yes	jmdict		1.4	73.8	5.1
ハッキング	1	hacking;fouling	no	jmdict		1.4	73.8	5.1
シミュレーター	0	simulator	no	jmdict		11.7	63.1	6.7
ナレッジ	0	knowledge	no	jmdict		3.7	71.0	8.3
バリエーション	0	variation	no	jmdict		26.1	48.4	18.8
タイル	0	tile	no	jmdict		36.2	38.3	7.4
ジャンプ	0	jump	no	jmdict		26.8	47.7	83.4
ジャンプ	1	jumping event	no	jmdict		26.8	47.7	83.4
ジャンプ	2	jumping	no	jmdict		26.8	47.7	83.4
ジャンプ	3	jump;sudden rise	no	jmdict		26.8	47.7	83.4
ワイルド	0	wild	no	jmdict		54.7	19.8	47.3
トレーニング	0	training;practice	no	jmdict		20.4	54.1	36.5
トレーニング	1	working out;workout;training	no	jmdict		20.4	54.1	36.5
ヒープ	0	heap	no	jmdict		35.0	39.2	0.9
ランド	0	land	no	jmdict		4.1	69.6	109.7
ランド	1	rand	no	jmdict		4.1	69.6	109.7
スタッフ	0	staff;staff member	no	jmdict		9.8	63.7	179.7
スタッフ	1	stuffing;filling	no	jmdict		9.8	63.7	179.7
スタッフ	2	stuff;materials	no	jmdict		9.8	63.7	179.7
フロント	0	front	no	jmdict		43.7	29.6	53.9
フロント	1	reception;front desk	no	jmdict		43.7	29.6	53.9
フロント	2	front office;team management	no	jmdict		43.7	29.6	53.9
エクスプローラー	0	explorer	no	jmdict		12.1	61.1	4.8
ラップトップ	0	laptop	no	jmdict		4.4	68.9	1.4
インテリジェンス	0	intelligence	no	jmdict		2.7	70.4	10.1
プロビジョニング	0	provisioning	no	jmdict		61.6	11.3	0.1
テキストファイル	0	text file	yes	jmdict		26.8	46.0	0.7
ルーチン	0	routine;routine duties;routine work	no	jmdict		16.0	56.7	3.4
ルーチン	1	routine	yes	jmdict		16.0	56.7	3.4
ミリオン	0	million	no	jmdict		0.9	71.6	34.7
ミリオン	1	million seller	no	jmdict		0.9	71.6	34.7
スピーカー	0	speaker	no	jmdict		12.8	59.4	13.4
アクティビティー	0	activity	no	jmdict		36.9	35.1	9.4
ファイナル	0	final	no	jmdict		7.3	64.6	115.4
ミラー	0	mirror	no	jmdict		14.7	57.2	44.1
フランス	0	france	no	jmdict		2.5	69.2	414.3
スムーズ	0	smooth	no	jmdict		47.2	24.5	8.3
イニシアチブ	0	initiative	no	jmdict		6.9	64.8	6.9
チャプター	0	chapter	no	jmdict		11.7	59.7	23.0
バックスラッシュ	0	backslash	no	jmdict		60.4	10.7	0.2
ニューヨークタイムズ	0	the new york times	no	jmdict		1.1	69.9	48.0
ワーキンググループ	0	working group	no	jmdict		16.5	54.6	4.3
サブシステム	0	subsystem;sub-system	yes	jmdict		9.2	61.7	1.5
テキストエディタ	0	text editor	yes	jmdict		8.5	62.3	0.9
マトリックス	0	matrix	no	jmdict		20.8	49.8	11.0
マトリックス	1	the matrix	no	jmdict		20.8	49.8	11.0
オートメーション	0	automation	no	jmdict		3.9	66.7	2.7
ローディング	0	loading	no	jmdict		53.8	16.5	1.7
コロン	0	colon	no	jmdict		51.3	19.0	6.5
コロン	1	eau de cologne	no	jmdict		51.3	19.0	6.5
コロン	2	colonist	no	jmdict		51.3	19.0	6.5
クオート	0	quart	no	jmdict		54.7	15.5	4.7
クオート	1	quote	no	jmdict		54.7	15.5	4.7
クオート	2	quarto	no	jmdict		54.7	15.5	4.7
アライアンス	0	alliance	no	jmdict		2.5	67.6	12.7
サード	0	third	no	jmdict		11.0	58.9	56.2
サード	1	third base;third baseman	no	jmdict		11.0	58.9	56.2
サード	2	third gear	no	jmdict		11.0	58.9	56.2
プルリク	0	pull request	yes	jmdict		69.8	0.0	0.0
スキャナー	0	scanner	no	jmdict		25.9	43.8	2.9
マジック	0	magic	no	jmdict		13.3	56.4	48.0
マジック	1	magic marker;felt-tip pen;permanent marker	no	jmdict		13.3	56.4	48.0
マジック	2	magic number	no	jmdict		13.3	56.4	48.0
トランスファー	0	transfer	no	jmdict		20.1	49.5	6.8
リニア	0	linear	no	jmdict		19.5	50.1	9.7
リニア	1	linear motor train;linear induction motor train;magnetic levitation train;maglev train	no	jmdict		19.5	50.1	9.7
バルネラビリティー	0	vulnerability	no	jmdict		49.9	19.5	0.6
バルネラビリティー	1	vulnerability;security hole	yes	jmdict		49.9	19.5	0.6
ディスクドライブ	0	disk drive	yes	jmdict		0.0	69.3	1.3
ライター	0	lighter	no	jmdict		30.2	39.1	31.6
ライター	1	writer	no	jmdict		30.2	39.1	31.6
エミュレート	0	emulation	yes	jmdict		27.5	41.5	0.8
フロッピー	0	floppy	yes	jmdict		0.0	68.9	1.5
プレース	0	place	no	jmdict		34.1	34.7	25.0
プレース	1	placing	no	jmdict		34.1	34.7	25.0
プレース	2	european plaice;plaice	no	jmdict		34.1	34.7	25.0
オーバーレイ	0	overlay	no	jmdict		43.0	25.7	0.9
アスロン	0	athlon	yes	jmdict		0.0	68.8	1.2
コース	0	course;route;trail	no	jmdict		34.3	34.2	150.8
コース	1	course;program	no	jmdict		34.3	34.2	150.8
コース	2	lane	no	jmdict		34.3	34.2	150.8
コース	3	course;policy;track;path	no	jmdict		34.3	34.2	150.8
コース	4	course	no	jmdict		34.3	34.2	150.8
コース	5	full-course meal;multi-course meal	no	jmdict		34.3	34.2	150.8
コース	6	plan;course;option	no	jmdict		34.3	34.2	150.8
コース	7	flying path of a pitch	no	jmdict		34.3	34.2	150.8
ルック	0	look	no	jmdict		10.8	57.7	18.3
デスクリプション	0	description	no	jmdict		16.9	51.3	6.5
インクリメント	0	increment	no	jmdict		36.6	31.3	0.6
ベンチマーク	0	benchmark	no	jmdict		11.2	56.7	1.5
スカイプ	0	skype	no	jmdict		1.6	66.3	1.6
アクセラレーター	0	accelerator	yes	jmdict		2.3	65.6	1.7
アクセラレーター	1	accelerator pedal;gas pedal	no	jmdict		2.3	65.6	1.7
カット	0	cut;cutting	no	jmdict		9.2	58.5	63.2
カット	1	omission;cutting;reduction	no	jmdict		9.2	58.5	63.2
カット	2	haircut	no	jmdict		9.2	58.5	63.2
カット	3	shot	no	jmdict		9.2	58.5	63.2
カット	4	illustration;cut	no	jmdict		9.2	58.5	63.2
カット	5	cut;chop	no	jmdict		9.2	58.5	63.2
カット	6	cutting	no	jmdict		9.2	58.5	63.2
カット	7	cutting off	no	jmdict		9.2	58.5	63.2
カット	8	cut	no	jmdict		9.2	58.5	63.2
ラボ	0	lab	no	jmdict		11.0	56.6	30.6
ラボ	1	language lab	no	jmdict		11.0	56.6	30.6
カナダ	0	canada	no	jmdict		2.3	65.2	131.2
エミュレーション	0	emulation	yes	jmdict		12.8	54.3	1.1
アイドル	0	performer with an image cultivated to foster a dedicated fan following;japanese idol	no	jmdict		43.7	23.3	191.6
アイドル	1	icon;idol;star;celebrity;person who is greatly admired	no	jmdict		43.7	23.3	191.6
アイドル	2	idol;image	no	jmdict		43.7	23.3	191.6
アイドル	3	idle	no	jmdict		43.7	23.3	191.6
ビルトイン	0	built-in	no	jmdict		52.7	14.2	0.5
エレクトロニック	0	electronic	no	jmdict		0.2	66.6	11.2
バランサー	0	balancer	no	jmdict		61.1	5.3	0.8
セッター	0	setter	no	jmdict		61.8	4.6	3.0
カートリッジ	0	cartridge	no	jmdict		0.9	65.5	6.6
パレット	0	palette	no	jmdict		32.1	34.2	7.7
パレット	1	pallet	no	jmdict		32.1	34.2	7.7
ファイバー	0	fiber;fibre	no	jmdict		2.1	64.2	7.4
リレー	0	relay	no	jmdict		9.2	57.0	28.2
エコシステム	0	ecosystem	no	jmdict		48.5	17.6	1.1
モニタリング	0	monitoring	no	jmdict		35.9	30.0	7.2
バージョンアップ	0	update;upgrade	yes	jmdict		8.9	57.0	4.5
バージョンアップ	1	upgrade;improvement	no	jmdict		8.9	57.0	4.5
ディスパッチ	0	dispatch;despatch	no	jmdict		38.5	27.3	1.6
イノベーション	0	innovation	no	jmdict		16.7	49.1	17.3
ランキング	0	ranking	no	jmdict		5.0	60.5	148.6
ランキング	1	toplist	no	jmdict		5.0	60.5	148.6
レスト	0	rest	no	jmdict		34.3	31.1	4.9
セミコロン	0	semicolon	no	jmdict		54.7	10.5	0.3
ウエー	0	way	no	jmdict		12.4	52.6	28.7
ビルディング	0	multi-floor building;multi-storey building;tall building	no	jmdict		10.5	54.4	18.6
デー	0	day	no	jmdict		19.0	45.8	87.4
デー	1	daytime	no	jmdict		19.0	45.8	87.4
ウェブサービス	0	web service;web services	no	jmdict		9.4	55.3	1.8
アドミッション	0	admission	no	jmdict		63.9	0.7	0.6
シンポジウム	0	symposium	no	jmdict		1.6	62.9	16.8
パーサー	0	purser	no	jmdict		58.2	6.2	0.7
パーサー	1	parser	yes	jmdict		58.2	6.2	0.7
ハイドレーション	0	hydration	no	jmdict		63.9	0.4	0.0
ミュージアム	0	museum	no	jmdict		2.1	62.2	65.4
ハンド	0	hand	no	jmdict		26.6	37.6	22.6
ハンド	1	handball	no	jmdict		26.6	37.6	22.6
キャンペーン	0	promotion;campaign	no	jmdict		18.3	45.8	66.0
キャンペーン	1	campaign;movement;drive	no	jmdict		18.3	45.8	66.0
キャンペーン	2	campaign	no	jmdict		18.3	45.8	66.0
アペンディックス	0	appendix	no	jmdict		55.4	8.7	2.5
セマンティック	0	semantic	no	jmdict		28.2	35.8	1.0
スパム	0	spam	no	jmdict		13.3	50.6	2.0
インダストリー	0	industry	no	jmdict		4.1	59.7	17.3
パース	0	perspective drawing;perspective view	no	jmdict		52.7	11.1	7.1
パース	1	perspective	no	jmdict		52.7	11.1	7.1
パース	2	purse;change purse;wallet	no	jmdict		52.7	11.1	7.1
パース	3	parsing	yes	jmdict		52.7	11.1	7.1
パース	4	platform as a service;paas	yes	jmdict		52.7	11.1	7.1
パブリッシング	0	publishing	no	jmdict		1.1	62.6	58.1
ウェア	0	wear;clothing;dress	no	jmdict		11.2	52.5	10.7
ウェア	1	ware;goods	no	jmdict		11.2	52.5	10.7
ウェア	2	software	yes	jmdict		11.2	52.5	10.7
アフィニティー	0	affinity	yes	jmdict		47.9	15.7	1.2
フリーソフトウェア	0	free software;libre software	yes	jmdict		1.1	62.4	0.9
アプリケーションソフトウェア	0	application software	yes	jmdict		1.6	61.6	1.1
ジャック	0	jack;knave	no	jmdict		4.6	58.6	94.0
ジャック	1	jack	no	jmdict		4.6	58.6	94.0
ジャック	2	hijack;hijacking;takeover;seizure	no	jmdict		4.6	58.6	94.0
エデュケーション	0	education	no	jmdict		0.9	62.2	19.5
ラスト	0	last;final	no	jmdict		17.4	45.6	89.5
ラスト	1	end;conclusion;last one	no	jmdict		17.4	45.6	89.5
ラスト	2	rust	no	jmdict		17.4	45.6	89.5
スタディー	0	study	no	jmdict		18.8	44.2	56.4
スニペット	0	snippet	yes	jmdict		54.5	8.5	0.1
ファインダー	0	viewfinder;finder	no	jmdict		31.8	30.9	4.7
ジャパニーズ	0	japanese	no	jmdict		21.5	41.2	44.2
ノキア	0	nokia	no	jmdict		0.2	62.5	2.6
ルーム	0	room	no	jmdict		30.0	32.6	42.7
プロテクション	0	protection	no	jmdict		11.0	51.6	5.7
キーフレーム	0	key frame	yes	jmdict		57.9	4.3	0.1
コンピューターグラフィックス	0	computer graphics	yes	jmdict		2.3	59.9	2.0
ショップ	0	shop	no	jmdict		2.1	60.1	62.7
バイパス	0	bypass	no	jmdict		49.9	12.1	55.8
レコーダー	0	recorder;recording device	no	jmdict		4.8	56.9	6.3
レコーダー	1	recorder;english flute	no	jmdict		4.8	56.9	6.3
インデント	0	indent	no	jmdict		48.8	12.9	0.2
テーク	0	take	no	jmdict		15.6	46.0	44.9
ワーキング	0	working	no	jmdict		7.6	54.0	8.9
パスポート	0	passport	no	jmdict		47.9	13.6	10.4
マルチプル	0	multiple	no	jmdict		24.0	37.3	5.5
コンピューターシステム	0	computer system	no	jmdict		3.0	58.4	2.1
サブドメイン	0	subdomain	yes	jmdict		52.0	9.3	0.3
マイクロコンピューター	0	microcomputer	yes	jmdict		0.2	60.9	1.2
ランサムウェア	0	ransomware	no	jmdict		18.5	42.5	0.7
フォールト	0	fault	no	jmdict		13.1	48.0	2.8
ボディー	0	body	no	jmdict		27.7	33.3	54.4
ボディー	1	body blow	no	jmdict		27.7	33.3	54.4
レット	0	red	no	jmdict		28.4	32.4	8.0
レット	1	let	no	jmdict		28.4	32.4	8.0
バンク	0	bank	no	jmdict		0.2	60.6	41.4
バンク	1	bank;embankment	no	jmdict		0.2	60.6	41.4
バンク	2	anime scene where previously used character movements are reused	no	jmdict		0.2	60.6	41.4
ディスカッション	0	discussion	no	jmdict		37.8	23.0	3.9
ピアー	0	pier	no	jmdict		21.8	38.9	3.2
レース	0	race	no	jmdict		35.7	24.9	200.2
レース	1	lace	no	jmdict		35.7	24.9	200.2
レース	2	lathe	no	jmdict		35.7	24.9	200.2
マテリアル	0	material	no	jmdict		17.6	43.0	9.7
ソースファイル	0	source file	yes	jmdict		37.6	23.0	0.3
モック	0	posing;pretending	no	jmdict		56.1	4.4	2.1
モック	1	mock-up	no	jmdict		56.1	4.4	2.1
ハンドブック	0	handbook	no	jmdict		8.9	51.5	25.0
プライマリー	0	primary	no	jmdict		36.4	23.9	6.3
プライマリー	1	primary glider;simple training glider	no	jmdict		36.4	23.9	6.3
スピーチ	0	speech	no	jmdict		11.4	48.9	13.1
ワイヤ	0	wire	no	jmdict		3.4	56.8	16.8
ワイヤ	1	wire rope	no	jmdict		3.4	56.8	16.8
トラップ	0	trap	no	jmdict		41.4	18.8	12.1
オートマトン	0	automaton	no	jmdict		2.5	57.7	3.5
シェアード	0	shared	no	jmdict		13.3	46.9	2.6
プロテクト	0	protection	no	jmdict		6.0	54.2	3.9
プロテクト	1	copy protection	yes	jmdict		6.0	54.2	3.9
プロテクト	2	write protection	yes	jmdict		6.0	54.2	3.9
インスタント	0	instant	no	jmdict		10.3	49.8	5.9
プリインストール	0	preinstallation;preloading	yes	jmdict		3.2	56.9	1.8
ローカライズ	0	localization;localisation	no	jmdict		45.6	14.5	1.7
ダンプ	0	dump	no	jmdict		38.5	21.6	3.8
ダンプ	1	dump truck	no	jmdict		38.5	21.6	3.8
バランス	0	balance	no	jmdict		27.2	32.7	31.8
インク	0	ink	no	jmdict		22.9	37.0	11.9
ファン	0	fan;enthusiast;lover	no	jmdict		1.8	58.0	242.7
ファン	1	fan	no	jmdict		1.8	58.0	242.7
ファン	2	han;fan;unit that doubles the score of a hand	no	jmdict		1.8	58.0	242.7
ファン	3	fun	no	jmdict		1.8	58.0	242.7
アーティフィシャルインテリジェンス	0	artificial intelligence	no	jmdict		0.2	59.6	1.7
エンター	0	enter	no	jmdict		41.2	18.6	17.1
ピープル	0	people	no	jmdict		2.3	57.5	39.6
ブートストラップ	0	bootstrap;boot	yes	jmdict		34.1	25.4	0.5
ブートストラップ	1	bootstrapping	no	jmdict		34.1	25.4	0.5
バリアント	0	variant	no	jmdict		41.7	17.9	4.9
ヒット	0	hit;base hit;safe hit;single	no	jmdict		18.1	41.2	81.0
ヒット	1	hit;success	no	jmdict		18.1	41.2	81.0
ヒット	2	hit;blow	no	jmdict		18.1	41.2	81.0
ヒット	3	hit	yes	jmdict		18.1	41.2	81.0
ヒット	4	hiit;high-intensity interval training	no	jmdict		18.1	41.2	81.0
マイコン	0	microcomputer;personal computer;home computer	yes	jmdict		0.0	59.3	3.4
マイコン	1	micro-controller;micro-processor;mcu	no	jmdict		0.0	59.3	3.4
マイコン	2	moving icon	no	jmdict		0.0	59.3	3.4
ソリッド	0	solid	no	jmdict		25.4	33.6	8.0
ストラテジー	0	strategy	no	jmdict		31.6	27.4	6.3
ムーブ	0	move;movement	no	jmdict		28.9	30.1	13.2
ムーブ	1	movement;transfer;migration	yes	jmdict		28.9	30.1	13.2
アシスタント	0	assistant	no	jmdict		3.0	55.8	57.4
リサイズ	0	resizing	no	jmdict		51.7	6.8	0.2
ケンブリッジ	0	cambridge	no	jmdict		0.0	58.5	43.8
グッド	0	good	no	jmdict		16.7	41.6	48.3
コラボレーション	0	collaboration	no	jmdict		7.8	50.5	35.9
プロブレム	0	problem	no	jmdict		8.2	50.0	7.7
ショート	0	short	no	jmdict		18.3	39.9	47.5
ショート	1	shortstop	no	jmdict		18.3	39.9	47.5
ショート	2	short hair	no	jmdict		18.3	39.9	47.5
ショート	3	short selling	no	jmdict		18.3	39.9	47.5
アート	0	art	no	jmdict		9.4	48.7	83.1
アート	1	assisted reproductive technologies;art	no	jmdict		9.4	48.7	83.1
オールド	0	old	no	jmdict		11.2	46.8	36.1
エレクトロニクス	0	electronics	no	jmdict		0.2	57.8	9.0
プローブ	0	probe;inquiry;investigation;close examination	no	jmdict		49.0	9.0	4.0
プローブ	1	probe	no	jmdict		49.0	9.0	4.0
プローブ	2	probe;sound	no	jmdict		49.0	9.0	4.0
プローブ	3	probe;probing molecule	no	jmdict		49.0	9.0	4.0
コールド	0	cold	no	jmdict		20.1	37.5	21.5
コールド	1	cold cream	no	jmdict		20.1	37.5	21.5
コールド	2	cold wave;cold permanent wave	no	jmdict		20.1	37.5	21.5
ビデオカード	0	video card;graphics card	yes	jmdict		0.5	57.1	1.0
ビデオカード	1	video capture card	yes	jmdict		0.5	57.1	1.0
データセンター	0	data center;data centre	yes	jmdict		12.6	44.9	2.6
ホット	0	hot	no	jmdict		10.1	47.3	57.8
ホット	1	coffee	no	jmdict		10.1	47.3	57.8
ゲッター	0	getter	no	jmdict		56.8	0.3	3.2
アーリー	0	early	no	jmdict		6.6	50.4	27.5
スパン	0	span	no	jmdict		42.4	14.7	4.8
スパン	1	spun	no	jmdict		42.4	14.7	4.8
ハイフン	0	hyphen	no	jmdict		41.7	15.3	1.9
リーディング	0	reading	no	jmdict		22.2	34.6	19.9
リーディング	1	leading	no	jmdict		22.2	34.6	19.9
クリエーター	0	creator;inventor	no	jmdict		3.0	53.7	22.3
クリエーター	1	creative;content creator;developer	no	jmdict		3.0	53.7	22.3
アセンブラ	0	assembler	yes	jmdict		3.9	52.7	0.9
デフィニション	0	definition	no	jmdict		7.1	49.3	4.2
サブディレクトリー	0	subdirectory	yes	jmdict		46.5	9.9	0.1
ハンドリング	0	handball	no	jmdict		37.6	18.8	2.7
ハンドリング	1	handling	no	jmdict		37.6	18.8	2.7
ハンドリング	2	handling;managing;dealing with;taking care of	no	jmdict		37.6	18.8	2.7
ヘルス	0	health	no	jmdict		28.9	27.4	27.5
インター	0	interchange	no	jmdict		12.4	43.9	31.2
インター	1	international	no	jmdict		12.4	43.9	31.2
インター	2	interview	no	jmdict		12.4	43.9	31.2
インター	3	international school	no	jmdict		12.4	43.9	31.2
スループット	0	throughput	no	jmdict		8.2	48.0	1.0
ラージ	0	large	no	jmdict		7.1	49.1	10.0
ウイークリー	0	weekly	no	jmdict		21.5	34.6	19.6
ブレークポイント	0	breakpoint	yes	jmdict		47.4	8.7	0.2
キャプション	0	caption;headline;legend;cutline	no	jmdict		47.9	7.9	1.4
キャプション	1	subtitles	no	jmdict		47.9	7.9	1.4
ヨーロッパ	0	europe	no	jmdict	por	3.4	52.3	170.6
フッター	0	footer	no	jmdict		50.4	5.2	0.4
メーリングリスト	0	mailing list	no	jmdict		13.3	42.2	0.9
ロシア	0	russia	no	jmdict	rus	5.3	50.2	246.9
ノベル	0	novel	no	jmdict		0.0	55.4	35.4
ノベル	1	novell	no	jmdict		0.0	55.4	35.4
フラット	0	flat;level;even	no	jmdict		15.3	40.0	11.8
フラット	1	flat;exactly	no	jmdict		15.3	40.0	11.8
フラット	2	flat	no	jmdict		15.3	40.0	11.8
フラット	3	flat;apartment	no	jmdict		15.3	40.0	11.8
ホイール	0	wheel	no	jmdict		24.5	30.7	21.6
マルチタスク	0	multitasking	yes	jmdict		1.1	54.1	0.9
マルチタスク	1	multitasking;simultaneous;concurrent	no	jmdict		1.1	54.1	0.9
シェアリング	0	sharing	no	jmdict		7.1	48.0	2.9
スモール	0	small	no	jmdict		3.0	52.0	19.4
アウトルック	0	outlook	no	jmdict		0.5	54.5	2.6
メールサーバー	0	mail server	yes	jmdict		26.3	28.5	0.5
ラズベリー	0	raspberry	no	jmdict		0.9	53.9	3.7
ヘッドセット	0	headset	no	jmdict		21.3	33.3	1.5
アーチ	0	arch	no	jmdict		4.8	49.8	16.9
アーチ	1	home run	no	jmdict		4.8	49.8	16.9
モトローラ	0	motorola	no	jmdict		0.0	54.6	1.7
キンドル	0	kindle	no	jmdict		0.9	53.6	8.2
キンドル	1	kinder	no	jmdict		0.9	53.6	8.2
モーダル	0	modal	no	jmdict		47.2	7.3	0.7
コンバーター	0	converter	no	jmdict		11.2	43.0	3.1
リミット	0	limit	no	jmdict		38.2	15.9	8.1
アニメ	0	animation;animated film;animated cartoon;anime	no	jmdict		2.3	51.8	517.8
ニード	0	need	no	jmdict		15.3	38.7	10.2
ラング	0	language	no	jmdict	fre	11.4	42.5	14.0
ラング	1	lung	no	jmdict	fre	11.4	42.5	14.0
ピア	0	peer	yes	jmdict		25.4	28.5	3.0
フュージョン	0	fusion	no	jmdict		2.1	51.8	9.7
トラブルシューティング	0	trouble-shooting	no	jmdict		45.3	8.4	0.2
リファクタリング	0	refactoring	yes	jmdict		33.2	20.5	0.3
エクスプレッション	0	expression	no	jmdict		14.9	38.5	5.4
マルチスレッド	0	multithreading	yes	jmdict		11.2	42.1	0.6
ディクショナリー	0	dictionary	no	jmdict		8.5	44.6	31.0
ウォール	0	wall	no	jmdict		1.4	51.7	25.5
メード	0	maid	no	jmdict		3.7	49.4	42.1
ツールチップ	0	tooltip	yes	jmdict		46.0	7.0	0.1
ハードディスクドライブ	0	hard disk drive;hdd	yes	jmdict		0.7	52.3	1.0
エフェメラル	0	ephemeral	no	jmdict		49.0	3.8	0.4
マルチキャスト	0	multicast	no	jmdict		3.7	49.0	0.8
グレー	0	grey;gray	no	jmdict		10.5	42.1	47.8
セーブ	0	saving;cutting down on;going easy on;checking;curbing;restraining	no	jmdict		13.3	39.2	33.9
セーブ	1	save	no	jmdict		13.3	39.2	33.9
ディレクション	0	direction	no	jmdict		44.0	8.5	10.7
アメリカン	0	american	no	jmdict		0.5	52.0	121.9
アメリカン	1	american-style drip coffee	no	jmdict		0.5	52.0	121.9
スライド	0	slide;transparency	no	jmdict		19.9	32.3	11.3
スライド	1	slide	no	jmdict		19.9	32.3	11.3
スライド	2	to slide;to slip	no	jmdict		19.9	32.3	11.3
スライド	3	to shift;to move	no	jmdict		19.9	32.3	11.3
スライド	4	to change;to index;to peg	no	jmdict		19.9	32.3	11.3
バッジ	0	badge	no	jmdict		42.4	9.9	9.0
ダッシュボード	0	dashboard;dash	no	jmdict		39.8	12.3	1.7
ランク	0	rank;standing	no	jmdict		21.5	30.5	33.8
デスク	0	desk	no	jmdict		15.3	36.5	14.3
デスク	1	copy editor	no	jmdict		15.3	36.5	14.3
マイク	0	mike;mic;microphone	no	jmdict		21.3	30.4	44.8
グラディエント	0	gradient	no	jmdict		45.3	6.4	0.6
ワークスペース	0	workspace	no	jmdict		38.9	12.8	0.4
ズーム	0	zoom	no	jmdict		35.7	16.0	4.5
トゥデー	0	today	no	jmdict		0.7	50.9	69.5
ユーザビリティー	0	usability	no	jmdict		13.1	38.5	0.8
ミス	0	mistake;error;blunder	no	jmdict		22.2	29.3	68.0
ミス	1	management information system;mis	no	jmdict		22.2	29.3	68.0
ミス	2	minimally invasive surgery	no	jmdict		22.2	29.3	68.0
ミス	3	military intelligence service	no	jmdict		22.2	29.3	68.0
ミス	4	miss	no	jmdict		22.2	29.3	68.0
ミス	5	unmarried woman	no	jmdict		22.2	29.3	68.0
ミス	6	myth	no	jmdict		22.2	29.3	68.0
テストケース	0	test case	no	jmdict		28.9	22.7	0.5
サマリー	0	summary	no	jmdict		20.8	30.6	9.0
ディレクター	0	director	no	jmdict		6.4	45.0	88.8
ジェネリクス	0	generics	yes	jmdict		41.2	10.1	0.1
ネゴシエーション	0	negotiation	no	jmdict		36.2	15.0	0.5
コモドール	0	commodore	yes	jmdict		0.2	50.8	1.2
レッスン	0	lesson	no	jmdict		46.0	5.0	19.9
ビーン	0	bean	no	jmdict		7.1	43.9	14.4
シミュレート	0	simulation	no	jmdict		23.8	27.1	1.4
アンインストール	0	uninstallation	yes	jmdict		33.2	17.7	0.4
バナー	0	banner	no	jmdict		37.3	13.5	2.4
コンディション	0	condition	no	jmdict		35.9	14.6	5.8
オプショナル	0	optional	no	jmdict		38.9	11.6	0.4
マルチコア	0	multicore	yes	jmdict		6.4	44.0	0.7
ソーシャルメディア	0	social media	no	jmdict		30.9	19.5	3.9
サンプリング	0	sampling;taking a sample	no	jmdict		10.3	39.9	7.8
サンプリング	1	sampling	no	jmdict		10.3	39.9	7.8
サンプリング	2	distributing free samples	no	jmdict		10.3	39.9	7.8
コンポーザー	0	composer	no	jmdict		26.3	23.8	4.7
パラダイム	0	paradigm	no	jmdict		8.0	42.1	4.5
ブール	0	boule	no	jmdict		28.2	22.0	3.9
ブール	1	boules	no	jmdict		28.2	22.0	3.9
ブール	2	boer	no	jmdict		28.2	22.0	3.9
クオリティー	0	quality	no	jmdict		6.9	43.2	9.4
パーティー	0	party	no	jmdict		19.9	30.1	96.0
アタッチ	0	attach	yes	jmdict		46.9	2.8	0.1
ブラウジング	0	browsing	no	jmdict		31.1	18.6	0.8
ビフォー	0	before	no	jmdict		27.2	22.5	14.3
ハブ	0	habu;yellow-spotted pit viper	no	jmdict		2.3	47.4	6.4
ハブ	1	hub	no	jmdict		2.3	47.4	6.4
ハブ	2	being left out;being excluded;being ostracized	no	jmdict		2.3	47.4	6.4
スマホ	0	smartphone;smart phone	no	jmdict		2.1	47.6	16.9
ブロードキャスト	0	broadcast	no	jmdict		16.3	33.3	1.5
ミニコンピューター	0	mini-computer	yes	jmdict		0.2	49.2	0.8
プロフィール	0	profile	no	jmdict	fre	30.5	19.0	122.3
サスペンス	0	suspense	no	jmdict		49.0	0.4	23.3
プラクティス	0	practice	no	jmdict		15.3	33.9	10.4
スリープ	0	sleep	no	jmdict		23.4	25.8	8.0
リトル	0	little	no	jmdict		12.8	36.3	62.4
メールボックス	0	mailbox;letter box	no	jmdict		33.7	15.5	0.4
メールボックス	1	mailbox;inbox	yes	jmdict		33.7	15.5	0.4
ワーム	0	worm	no	jmdict		9.8	39.2	4.3
ワーム	1	worm;soft plastic lure	no	jmdict		9.8	39.2	4.3
フォワード	0	forward;attacker	no	jmdict		22.2	26.8	18.9
フォワード	1	forwarding	yes	jmdict		22.2	26.8	18.9
フォワード	2	forward	no	jmdict		22.2	26.8	18.9
リムーブ	0	removing	no	jmdict		32.1	16.8	0.8
リムーブ	1	unfollowing	no	jmdict		32.1	16.8	0.8
バイオ	0	biotechnology	no	jmdict		6.0	42.7	27.1
バイオ	1	vaio	no	jmdict		6.0	42.7	27.1
フィル	0	philharmonic	no	jmdict		33.9	14.8	17.1
フィル	1	fill	no	jmdict		33.9	14.8	17.1
サブネット	0	subnet	no	jmdict		28.4	20.2	0.3
リック	0	lick	no	jmdict		0.9	47.6	22.5
ストリート	0	street	no	jmdict		1.1	47.3	88.8
ゴールド	0	gold	no	jmdict		2.7	45.6	73.0
インサイド	0	inside	no	jmdict		8.5	39.8	17.6
ベジェ	0	bezier	yes	jmdict		24.0	24.1	0.4
ブロッキング	0	blocking	no	jmdict		32.5	15.7	1.3
メッセージング	0	messaging	yes	jmdict		20.8	27.3	0.6
ロンドン	0	london	no	jmdict		0.7	47.4	202.0
トリガ	0	trigger	no	jmdict		37.1	11.0	0.3
リバース	0	reverse;moving in reverse	no	jmdict		22.7	25.3	14.6
リバース	1	rewinding	no	jmdict		22.7	25.3	14.6
リバース	2	vomit	no	jmdict		22.7	25.3	14.6
リバース	3	rebirth	no	jmdict		22.7	25.3	14.6
ファクター	0	factor	no	jmdict		7.8	40.2	11.6
ストラクチャー	0	structure	no	jmdict		8.0	39.9	13.9
ステレオ	0	stereo	no	jmdict		9.4	38.5	15.0
ステレオ	1	stereo;stereophonic;stereoscopic	no	jmdict		9.4	38.5	15.0
ジェスチャー	0	gesture	no	jmdict		32.5	15.4	3.1
ジェスチャー	1	charades	no	jmdict		32.5	15.4	3.1
ロールバック	0	rollback	no	jmdict		36.6	11.2	0.3
メーンメモリー	0	main memory	no	jmdict		0.0	47.8	0.8
リモートアクセス	0	remote access	yes	jmdict		39.4	8.4	0.2
プロジェクトマネージメント	0	project management	no	jmdict		23.4	24.3	1.3
コーディネーション	0	coordination	no	jmdict		39.6	8.1	1.7
サブタイプ	0	subtype	yes	jmdict		38.9	8.6	1.0
ブロードバンド	0	broadband	no	jmdict		6.4	40.9	3.7
アトリビュート	0	attribute	no	jmdict		24.3	23.0	1.0
チューナー	0	tuner	no	jmdict		0.0	47.3	7.8
フリーウェア	0	freeware	yes	jmdict		0.0	47.3	1.1
アクセラレーション	0	acceleration	yes	jmdict		8.5	38.8	1.1
コンカレント	0	concurrent	no	jmdict		11.9	35.2	0.7
ソフトバンク	0	softbank	no	jmdict		0.2	46.8	32.8
クローズド	0	closed	no	jmdict		11.0	36.0	5.0
フィックス	0	fixing;securing in place	no	jmdict		17.9	28.8	3.3
フィックス	1	getting agreement	no	jmdict		17.9	28.8	3.3
フィックス	2	repairing;fixing	no	jmdict		17.9	28.8	3.3
フィックス	3	fixed window	no	jmdict		17.9	28.8	3.3
デルタ	0	delta	no	jmdict		3.7	43.0	20.1
コンポジション	0	composition	no	jmdict		33.4	13.2	3.5
プット	0	put	no	jmdict		27.0	19.6	4.7
ラック	0	rack	no	jmdict		8.2	38.3	14.5
ラック	1	ruck	no	jmdict		8.2	38.3	14.5
ラック	2	lac	no	jmdict		8.2	38.3	14.5
ラック	3	luck	no	jmdict		8.2	38.3	14.5
ポケット	0	pocket	no	jmdict		0.5	46.1	52.4
インスペクター	0	inspector	no	jmdict		39.6	6.9	1.9
フォン	0	phon	no	jmdict		10.8	35.7	105.0
フォン	1	phone;telephone	no	jmdict		10.8	35.7	105.0
フォン	2	fond;stock	no	jmdict		10.8	35.7	105.0
オーガニゼーション	0	organization;organisation	no	jmdict		13.1	33.4	8.8
ポピュラー	0	popular;well-liked	no	jmdict		4.4	42.1	11.9
ポピュラー	1	common;frequent;popular	no	jmdict		4.4	42.1	11.9
ポピュラー	2	popular music;pop music	no	jmdict		4.4	42.1	11.9
ハイエンド	0	high-end;high end;high level	no	jmdict		0.9	45.5	1.5
セレクション	0	selection	no	jmdict		31.1	15.3	30.2
ノース	0	north	no	jmdict		1.6	44.8	51.2
クエスチョン	0	question	no	jmdict		1.1	45.2	9.5
アジア	0	asia	no	jmdict		11.7	34.5	258.0
チャイナ	0	china	no	jmdict		0.7	45.5	49.8
チャイナ	1	china;porcelain	no	jmdict		0.7	45.5	49.8
アトミック	0	atomic	no	jmdict		12.4	33.5	6.5
フェロー	0	fellow	no	jmdict		0.5	45.4	14.9
コルーチン	0	coroutine	yes	jmdict		38.2	7.6	0.1
ウエート	0	weight;body weight	no	jmdict		15.3	30.3	8.5
ウエート	1	importance;weight;emphasis;priority	no	jmdict		15.3	30.3	8.5
パルス	0	pulse	no	jmdict		7.8	37.8	10.4
ムービー	0	movie;film	no	jmdict		2.3	43.3	137.8
ムービー	1	video;video clip	no	jmdict		2.3	43.3	137.8
データグラム	0	datagram	yes	jmdict		12.1	33.4	0.4
オーストラリア	0	australia	no	jmdict		2.5	43.0	115.7
ボランティア	0	volunteer	no	jmdict		8.7	36.8	18.8
システムズ	0	systems	no	jmdict		0.9	44.6	7.6
プログレス	0	progress	no	jmdict		30.2	15.3	9.8
イールド	0	yield	no	jmdict		35.0	10.4	0.7
オーバーロード	0	overload	no	jmdict		27.0	18.2	2.8
オクテット	0	octet	no	jmdict		6.4	38.7	0.9
サフィックス	0	suffix	no	jmdict		28.6	16.5	0.4
プロジェクトマネージャー	0	project manager	no	jmdict		33.2	11.9	1.0
コンピュテーション	0	computation	no	jmdict		0.5	44.5	1.5
アウトライン	0	outline	no	jmdict		22.0	23.0	2.3
シャットダウン	0	shutdown	no	jmdict		25.6	19.3	0.7
ミーティング	0	meeting	no	jmdict		13.7	31.1	17.5
レプリケーション	0	replication	yes	jmdict		12.1	32.6	1.5
ピクチャー	0	picture	no	jmdict		16.3	28.4	13.1
ガバナンス	0	governance	no	jmdict		19.2	25.4	4.7
インジケーター	0	indicator	no	jmdict		33.2	11.5	1.7
セールス	0	sales;selling	no	jmdict		7.1	37.5	26.2
セールス	1	salesman	no	jmdict		7.1	37.5	26.2
サーベイ	0	survey	no	jmdict		3.0	41.4	15.4
バウンダリー	0	boundary	no	jmdict		41.0	3.4	2.2
ジオメトリー	0	geometry	no	jmdict		13.3	31.0	4.2
テイント	0	tainted	yes	jmdict		44.0	0.2	0.1
ウイーク	0	week	no	jmdict		6.6	37.4	30.6
ウイーク	1	weak	no	jmdict		6.6	37.4	30.6
サイエンティフィック	0	scientific	no	jmdict		0.9	43.0	11.4
ランニング	0	running	no	jmdict		18.8	25.1	13.2
ランニング	1	tank top;vest;singlet	no	jmdict		18.8	25.1	13.2
スプレッド	0	spread	no	jmdict		43.5	0.4	1.0
カセット	0	cassette	no	jmdict		0.0	43.9	9.8
カセット	1	game cartridge	no	jmdict		0.0	43.9	9.8
パラレル	0	parallel	no	jmdict		0.2	43.6	4.4
パラレル	1	parallel skiing	no	jmdict		0.2	43.6	4.4
カスタマー	0	customer	no	jmdict		7.1	36.7	4.4
アゲンスト	0	head wind;adverse wind	no	jmdict		13.3	30.4	16.8
アゲンスト	1	opposition;objection;dissension	no	jmdict		13.3	30.4	16.8
エントロピー	0	entropy	no	jmdict		15.1	28.5	3.0
サークル	0	group with a common interest;club;circle	no	jmdict		16.3	27.3	40.7
サークル	1	circle	no	jmdict		16.3	27.3	40.7
ノウ	0	know;knowing;understanding	no	jmdict		5.0	38.5	17.7
ノウ	1	no	no	jmdict		5.0	38.5	17.7
ノウ	2	no;without;not needed;not allowed	no	jmdict		5.0	38.5	17.7
アクター	0	actor	no	jmdict		17.2	26.3	17.8
ルックアップ	0	look up	yes	jmdict		24.7	18.8	1.6
ベター	0	better;preferable	no	jmdict		4.1	39.3	9.2
プログレッシブ	0	progressive	no	jmdict		24.0	19.3	8.1
プログレッシブ	1	progressive scan;non-interlaced scan	no	jmdict		24.0	19.3	8.1
チャイルド	0	child	no	jmdict		14.7	28.6	23.0
ゴール	0	goal;basket	no	jmdict		5.3	38.0	95.0
ゴール	1	finish line;finishing line;winning post	no	jmdict		5.3	38.0	95.0
ゴール	2	reaching the finish line;finishing	no	jmdict		5.3	38.0	95.0
ゴール	3	goal;objective	no	jmdict		5.3	38.0	95.0
ゴール	4	gaul	no	jmdict		5.3	38.0	95.0
フェア	0	fair	no	jmdict		6.6	36.6	41.7
フェア	1	fair ball	no	jmdict		6.6	36.6	41.7
イニシャル	0	initials;first letter	no	jmdict		14.9	28.3	6.2
イニシャル	1	initial;first	no	jmdict		14.9	28.3	6.2
コンパイルエラー	0	compilation error;compile error;compiler error	yes	jmdict		33.7	9.4	0.1
セマンティクス	0	semantics	no	jmdict		33.7	9.4	0.1
トレードオフ	0	trade-off	no	jmdict		24.5	18.5	0.8
スタンフォード	0	stanford	no	jmdict		0.2	42.6	9.2
センド	0	send	no	jmdict		24.3	18.6	2.4
スカラー	0	scalar	no	jmdict		8.7	34.0	5.1
スカラー	1	scholar	no	jmdict		8.7	34.0	5.1
スタートアップ	0	startup;booting;launching	yes	jmdict		10.1	32.6	4.6
スタートアップ	1	startup	no	jmdict		10.1	32.6	4.6
ハイパーリンク	0	hyperlink	yes	jmdict		28.6	14.1	0.4
テキサス	0	texas	no	jmdict		0.5	42.2	34.2
イラスト	0	illustration;picture;sketch;drawing;figure	no	jmdict		3.4	39.2	82.7
パンチカード	0	punch card	yes	jmdict		0.0	42.6	0.7
スライダー	0	slider	no	jmdict		35.7	6.9	8.2
スライダー	1	slide	no	jmdict		35.7	6.9	8.2
サイン	0	autograph;signature	no	jmdict		18.5	24.0	45.8
サイン	1	sign;signal;indication	no	jmdict		18.5	24.0	45.8
サイン	2	sine	no	jmdict		18.5	24.0	45.8
アーチスト	0	artist;musician	no	jmdict		3.0	39.6	113.6
コンプリート	0	complete	no	jmdict		11.7	30.8	39.6
コンプリート	1	completion	no	jmdict		11.7	30.8	39.6
フェイス	0	face	no	jmdict		36.4	6.1	15.2
フェイス	1	faith;belief	no	jmdict		36.4	6.1	15.2
アラインメント	0	alignment	no	jmdict		15.6	26.8	1.5
ボトム	0	bottom	no	jmdict		35.0	7.3	5.0
ボトム	1	lower garment	no	jmdict		35.0	7.3	5.0
ボトム	2	hem	no	jmdict		35.0	7.3	5.0
トラスト	0	trust	no	jmdict		17.9	24.4	16.9
ランドマーク	0	landmark	no	jmdict		40.3	2.0	5.0
コーナー	0	corner;bend;turn	no	jmdict		26.1	16.2	184.6
コーナー	1	segment;session;column	no	jmdict		26.1	16.2	184.6
コーナー	2	area;department;section	no	jmdict		26.1	16.2	184.6
ワシントン	0	washington	no	jmdict		0.5	41.8	73.5
ファブリック	0	fabric	no	jmdict		27.9	14.3	1.8
チェッカー	0	checkers;draughts	no	jmdict		27.0	15.2	2.8
チェッカー	1	check	no	jmdict		27.0	15.2	2.8
チェッカー	2	checker	no	jmdict		27.0	15.2	2.8
ワイン	0	wine	no	jmdict		0.2	41.8	41.8
スケーラビリティ	0	scalability	yes	jmdict		8.9	33.0	0.5
リピート	0	repeat;repeating;repetition	no	jmdict		25.2	16.7	5.7
リピート	1	repeat;rerun;repeat performance	no	jmdict		25.2	16.7	5.7
リピート	2	repeat sign	no	jmdict		25.2	16.7	5.7
リピート	3	repeat consumption;consumer loyalty	no	jmdict		25.2	16.7	5.7
メーキング	0	making-of;behind-the-scenes	no	jmdict		3.7	38.1	29.5
メーキング	1	making;creating	no	jmdict		3.7	38.1	29.5
ユニホーム	0	uniform	no	jmdict		19.7	22.1	18.7
オンデマンド	0	on-demand	no	jmdict		27.7	14.0	9.3
アナザー	0	another	no	jmdict		5.7	35.9	26.5
パイオニア	0	pioneer	no	jmdict		0.2	41.4	16.4
ガイダンス	0	guidance	no	jmdict		26.8	14.7	3.7
トータル	0	total;totalling;adding up	no	jmdict		7.3	34.1	23.5
トータル	1	comprehensive;all-inclusive;all-encompassing;overall;general	no	jmdict		7.3	34.1	23.5
ステーション	0	station	no	jmdict		0.9	40.4	77.1
タッチパネル	0	touch panel	no	jmdict		3.2	38.1	3.3
オリエンテッド	0	oriented	no	jmdict		0.9	40.3	1.2
サイドカー	0	sidecar	no	jmdict		39.6	1.6	1.6
アカデミー	0	academy	no	jmdict		5.5	35.6	103.3
アカデミー	1	academia	no	jmdict		5.5	35.6	103.3
リプレース	0	replacement;replacing	no	jmdict		25.9	15.2	2.2
グレード	0	grade	no	jmdict		10.5	30.4	27.1
チェックサム	0	checksum	yes	jmdict		8.7	32.2	0.4
クラブ	0	nightclub	no	jmdict		0.5	40.4	422.2
クラブ	1	sports club;team	no	jmdict		0.5	40.4	422.2
クラブ	2	club	no	jmdict		0.5	40.4	422.2
クラブ	3	clubs	no	jmdict		0.5	40.4	422.2
クラブ	4	club;fraternity;sorority;clubhouse	no	jmdict		0.5	40.4	422.2
クラブ	5	crab	no	jmdict		0.5	40.4	422.2
デュオ	0	duo	no	jmdict	ita	1.8	39.0	17.1
ラスター	0	raster	no	jmdict		11.0	29.8	1.8
ラスター	1	luster;lustre	no	jmdict		11.0	29.8	1.8
クレイ	0	clay	no	jmdict		0.0	40.8	8.6
クレイ	1	clay pigeon shooting;clay target	no	jmdict		0.0	40.8	8.6
タップ	0	tap;faucet	no	jmdict		26.3	14.4	5.5
タップ	1	tap	no	jmdict		26.3	14.4	5.5
タップ	2	tap dance	no	jmdict		26.3	14.4	5.5
スターター	0	starter	no	jmdict		22.9	17.8	5.2
スチーム	0	steam	no	jmdict		0.2	40.4	14.6
エキスパート	0	expert	no	jmdict		4.6	36.0	9.9
サンフランシスコ	0	san francisco	no	jmdict		1.4	39.2	34.1
ストラテジスト	0	strategist	no	jmdict		37.1	3.5	0.3
シンセサイザー	0	synthesizer;synthesiser	no	jmdict		0.9	39.5	16.2
トラッカー	0	tracker	no	jmdict		12.8	27.5	1.3
レシピ	0	recipe	no	jmdict		30.7	9.7	20.2
レシピ	1	prescription	no	jmdict		30.7	9.7	20.2
レシピ	2	how-to guide	no	jmdict		30.7	9.7	20.2
インド	0	india	no	jmdict		5.7	34.6	137.4
フィジカル	0	physical	no	jmdict		4.8	35.5	14.3
コンプレッション	0	compression	yes	jmdict		7.6	32.6	0.9
エンターテインメント	0	entertainment	no	jmdict		1.1	38.9	171.2
ギャラリー	0	gallery;corridor	no	jmdict		9.6	30.4	49.0
ギャラリー	1	art gallery	no	jmdict		9.6	30.4	49.0
ギャラリー	2	upper gallery	no	jmdict		9.6	30.4	49.0
ギャラリー	3	spectators	no	jmdict		9.6	30.4	49.0
エンハンスド	0	enhanced	no	jmdict		3.7	36.3	2.4
ピーク	0	peak	no	jmdict		9.8	30.1	22.5
ピーク	1	peek	no	jmdict		9.8	30.1	22.5
パテント	0	patent	no	jmdict		0.2	39.7	4.4
マルチプロセッサー	0	multiprocessor	yes	jmdict		0.9	39.0	0.5
パニック	0	panic	no	jmdict		28.6	11.2	21.1
カインド	0	kind;sort;type	no	jmdict		27.0	12.8	5.0
カインド	1	kind	no	jmdict		27.0	12.8	5.0
アナウンスメント	0	announcement	no	jmdict		1.1	38.6	3.4
リミテッド	0	limited	no	jmdict		7.3	32.4	25.7
オーサー	0	author	no	jmdict		6.2	33.5	18.3
アクイジション	0	acquisition	no	jmdict		2.1	37.6	2.9
ウォレット	0	wallet	no	jmdict		0.5	39.2	1.7
ウォレット	1	digital wallet;e-wallet	no	jmdict		0.5	39.2	1.7
ウォレット	2	cryptocurrency wallet	no	jmdict		0.5	39.2	1.7
ボラティリティー	0	volatility	no	jmdict		38.5	1.2	0.5
ペースト	0	paste	no	jmdict		19.0	20.7	2.4
メートル	0	metre;meter	no	jmdict	fre	26.3	13.3	140.2
メートル	1	meter;gauge	no	jmdict	fre	26.3	13.3	140.2
クレジットカード	0	credit card	no	jmdict		12.1	27.3	9.2
アーム	0	arm	no	jmdict		30.7	8.8	15.6
アーム	1	automated retroactive minimal moderation;armm	no	jmdict		30.7	8.8	15.6
アングル	0	angle	no	jmdict		28.2	11.3	9.1
リビジョン	0	revision	no	jmdict		18.1	21.3	0.4
パリティー	0	parity	yes	jmdict		0.9	38.4	1.5
タートル	0	turtle	no	jmdict		30.2	9.1	3.5
タートル	1	turtleneck sweater	no	jmdict		30.2	9.1	3.5
インポータント	0	important	no	jmdict		26.3	13.0	2.8
セパレーター	0	separator;sorter;extractor	no	jmdict		32.5	6.8	0.5
セパレーター	1	delimiter;separator	no	jmdict		32.5	6.8	0.5
セパレーター	2	separator	no	jmdict		32.5	6.8	0.5
セパレーター	3	release paper;release liner	no	jmdict		32.5	6.8	0.5
スケジューラ	0	scheduler	no	jmdict		15.3	23.9	0.4
メタル	0	metal	no	jmdict		1.6	37.6	41.5
ヒューリスティック	0	heuristic	no	jmdict		10.1	29.1	0.8
ローリング	0	rolling	no	jmdict		18.5	20.7	24.7
ローリング	1	illegal street racing	no	jmdict		18.5	20.7	24.7
リッスン	0	listen	yes	jmdict		38.5	0.7	0.7
エボリューション	0	evolution	no	jmdict		0.7	38.4	23.9
ピリオド	0	period;full stop	no	jmdict		27.7	11.4	9.8
ピリオド	1	period;era	no	jmdict		27.7	11.4	9.8
ピリオド	2	period	no	jmdict		27.7	11.4	9.8
リゾルバー	0	resolver	yes	jmdict		22.0	17.1	0.4
サミット	0	summit	no	jmdict		8.7	30.3	19.1
シームレス	0	seamless	no	jmdict		20.1	18.9	1.5
シームレス	1	seamless stockings	no	jmdict		20.1	18.9	1.5
サブジェクト	0	subject	no	jmdict		17.4	21.6	2.5
ゲスト	0	guest	no	jmdict		14.9	24.0	193.3
タイプライター	0	typewriter	no	jmdict		1.6	37.3	2.7
バッチ	0	badge	no	jmdict		16.9	22.0	2.2
バッチ	1	batch	no	jmdict		16.9	22.0	2.2
ナビゲート	0	navigation	no	jmdict		34.8	4.1	1.6
ジェミニ	0	gemini	no	jmdict		4.4	34.5	4.4
ポインティングデバイス	0	pointing device	yes	jmdict		24.3	14.6	0.3
ピュア	0	pure	no	jmdict		15.8	23.0	16.3
ユーザーアカウント	0	user account	yes	jmdict		24.3	14.5	0.2
ウエスタン	0	western	no	jmdict		0.0	38.7	32.5
ウエスタン	1	country and western music	no	jmdict		0.0	38.7	32.5
シーク	0	seek	yes	jmdict		23.4	15.3	2.8
シーク	1	sikh	no	jmdict		23.4	15.3	2.8
クローラー	0	crawler;spider	no	jmdict		24.3	14.3	1.6
クローラー	1	continuous track;caterpillar track	no	jmdict		24.3	14.3	1.6
ディフェンス	0	defense;defence	no	jmdict		10.8	27.7	24.7
フィルム	0	film	no	jmdict		3.4	35.0	137.5
アプリケーションサーバー	0	application server	yes	jmdict		14.2	24.2	0.3
アブストラクト	0	abstract	no	jmdict		6.4	31.9	7.9
アブストラクト	1	abstract art	no	jmdict		6.4	31.9	7.9
アブストラクト	2	abstract;summary;extract	no	jmdict		6.4	31.9	7.9
ビヘイビア	0	behaviour;behavior	no	jmdict		18.8	19.6	5.1
コンピューターウイルス	0	computer virus	yes	jmdict		6.2	32.0	1.1
モジュラー	0	modular	no	jmdict		4.4	33.8	3.1
コンテスト	0	contest	no	jmdict		0.2	37.9	43.4
ニュースルーム	0	newsroom	no	jmdict		0.2	37.8	4.8
オペレーティング	0	operating	no	jmdict		2.1	35.9	2.0
ダイヤル	0	dial	no	jmdict		4.1	33.8	8.1
グリフ	0	glyph	yes	jmdict		20.6	17.3	1.4
リアリティー	0	reality	no	jmdict		2.1	35.7	12.0
パナソニック	0	panasonic	no	jmdict		0.5	37.3	22.8
ディープラーニング	0	deep learning	yes	jmdict		2.5	35.2	0.9
インフィニティ	0	infinity	no	jmdict		26.1	11.6	13.9
コンサルティング	0	consulting	no	jmdict		5.7	31.9	13.4
チェックポイント	0	important point;point to check;point not to miss	no	jmdict		31.8	5.8	3.1
チェックポイント	1	checkpoint	no	jmdict		31.8	5.8	3.1
ディレー	0	delay	no	jmdict		21.3	16.2	2.7
ファンダメンタル	0	fundamental	no	jmdict		17.4	20.1	3.4
ホバー	0	hover;hovering	no	jmdict		35.9	1.5	1.7
オートマチック	0	automatic	no	jmdict		7.8	29.6	4.0
オートマチック	1	automatic firearm	no	jmdict		7.8	29.6	4.0
オートマチック	2	automatic transmission	no	jmdict		7.8	29.6	4.0
トラブル	0	trouble;difficulty;problem;quarrel;conflict;dispute;fight	no	jmdict		6.6	30.7	41.8
トラブル	1	failure;breakdown;malfunction	no	jmdict		6.6	30.7	41.8
トラブル	2	condition;disorder;problem	no	jmdict		6.6	30.7	41.8
ネーチャー	0	nature	no	jmdict		1.1	36.1	41.1
アニュアル	0	annual	no	jmdict		0.2	37.0	17.1
トグル	0	toggle	no	jmdict		26.6	10.7	0.4
オランダ	0	netherlands;holland	no	jmdict	por	4.8	32.4	101.9
インパクト	0	impact;impression;effect;influence	no	jmdict		9.4	27.8	27.2
インパクト	1	impact	no	jmdict		9.4	27.8	27.2
フォロー	0	follow	no	jmdict		18.1	19.1	8.7
フォロー	1	following	no	jmdict		18.1	19.1	8.7
フォロー	2	follow-up;following up	no	jmdict		18.1	19.1	8.7
フォロー	3	backing-up;covering for;patching things up;support	no	jmdict		18.1	19.1	8.7
フォロー	4	follow-up shot	no	jmdict		18.1	19.1	8.7
フォロー	5	tailwind;following wind	no	jmdict		18.1	19.1	8.7
ガジェット	0	gadget	no	jmdict		10.3	26.8	5.9
スピン	0	spin;rotation	no	jmdict		13.1	24.0	18.8
スピン	1	spin	no	jmdict		13.1	24.0	18.8
スピン	2	ribbon bookmark	no	jmdict		13.1	24.0	18.8
エクセプション	0	exception	no	jmdict		21.5	15.6	0.6
ドラム	0	drum;drums;drum kit	no	jmdict		0.7	36.3	66.0
ドラム	1	dram;drachm	no	jmdict		0.7	36.3	66.0
ドラム	2	dram	no	jmdict		0.7	36.3	66.0
デッド	0	dead	no	jmdict		7.3	29.6	41.2
デッド	1	dead;with little reverberation	no	jmdict		7.3	29.6	41.2
バブル	0	bubble	no	jmdict		10.3	26.6	17.0
バブル	1	bubble economy	no	jmdict		10.3	26.6	17.0
マター	0	matter;affair;issue;situation	no	jmdict		35.7	1.2	2.1
マター	1	matter;material;substance	no	jmdict		35.7	1.2	2.1
インターバル	0	interval	no	jmdict		24.7	12.2	2.4
シティー	0	city	no	jmdict		2.1	34.8	204.4
メート	0	mate	no	jmdict		0.0	36.8	12.2
メート	1	navigation officer	no	jmdict		0.0	36.8	12.2
ラボラトリー	0	laboratory	no	jmdict		0.0	36.8	9.3
ハウス	0	house	no	jmdict		6.2	30.5	129.5
ハウス	1	greenhouse	no	jmdict		6.2	30.5	129.5
ハウス	2	house music	no	jmdict		6.2	30.5	129.5
チャート	0	chart	no	jmdict		9.8	26.8	105.2
チャート	1	chert	no	jmdict		9.8	26.8	105.2
メーラー	0	email software;mailer	yes	jmdict		30.7	6.0	0.6
リレーション	0	relation	no	jmdict		23.6	13.1	3.1
ラリー	0	rally	no	jmdict		1.4	35.2	38.6
マスト	0	mast	no	jmdict		12.8	23.7	13.2
マスト	1	necessary;indispensable;must-have;required;mandatory	no	jmdict		12.8	23.7	13.2
マスト	2	must	no	jmdict		12.8	23.7	13.2
クレーム	0	claim;customer complaint seeking compensation	no	jmdict		25.9	10.7	9.6
クレーム	1	complaint;objection	no	jmdict		25.9	10.7	9.6
クレーム	2	creme	no	jmdict		25.9	10.7	9.6
デリバリー	0	delivery	no	jmdict		5.7	30.5	7.2
アイ	0	dyer's knotweed	no	jmdict		2.5	33.7	44.5
アイ	1	indigo	no	jmdict		2.5	33.7	44.5
アイ	2	eye	no	jmdict		2.5	33.7	44.5
ログファイル	0	logfile	yes	jmdict		26.6	9.7	0.2
アキュムレーター	0	accumulator	no	jmdict		1.4	34.7	0.7
シネマ	0	cinema	no	jmdict	fre	0.2	35.8	92.4
ガーディアン	0	guardian	no	jmdict		0.0	36.0	34.6
レンジ	0	range;stove;cooker	no	jmdict		5.7	30.2	6.1
レンジ	1	microwave oven	no	jmdict		5.7	30.2	6.1
カール	0	curl;ringlet	no	jmdict		0.7	35.2	81.3
カール	1	cirque;corrie;cwm	no	jmdict		0.7	35.2	81.3
リレーションシップ	0	relationship	no	jmdict		16.0	19.9	3.6
ヒル	0	hill	no	jmdict		0.2	35.6	34.6
ヒル	1	leech	no	jmdict		0.2	35.6	34.6
テクニクス	0	technics	no	jmdict		3.9	31.9	2.8
ディテクション	0	detection	no	jmdict		9.8	25.9	2.8
クラウドコンピューティング	0	cloud computing	yes	jmdict		6.6	29.1	0.7
レクチャー	0	lecture	no	jmdict		0.0	35.7	6.4
コピーライト	0	copyright	no	jmdict		3.0	32.7	4.8
レーン	0	lane	no	jmdict		3.0	32.7	21.1
レーン	1	rain	no	jmdict		3.0	32.7	21.1
トランス	0	transformer	no	jmdict		16.9	18.8	22.4
トランス	1	trance	no	jmdict		16.9	18.8	22.4
トランス	2	trance;trance music	no	jmdict		16.9	18.8	22.4
トランス	3	trans	no	jmdict		16.9	18.8	22.4
トランス	4	transgender	no	jmdict		16.9	18.8	22.4
オンボード	0	on-board	yes	jmdict		0.5	35.2	0.9
オンプレミス	0	on-premises	yes	jmdict		19.0	16.7	0.3
オンプレミス	1	single location manufacture and sales	no	jmdict		19.0	16.7	0.3
イタリック	0	italics;italic typeface	no	jmdict		26.6	9.1	3.9
コーション	0	caution	no	jmdict		35.0	0.6	0.9
キャレット	0	caret;circumflex	no	jmdict		30.9	4.7	0.1
パートナーシップ	0	partnership	no	jmdict		11.2	24.3	11.3
ランナー	0	runner	no	jmdict		29.8	5.8	18.7
レシーバー	0	receiver	no	jmdict		19.9	15.6	4.8
ピッチ	0	pace;speed;rate	no	jmdict		11.2	24.2	15.5
ピッチ	1	pitch;spacing;interval	no	jmdict		11.2	24.2	15.5
ピッチ	2	pitch	no	jmdict		11.2	24.2	15.5
ピッチ	3	pitch;pitching	no	jmdict		11.2	24.2	15.5
ピッチ	4	stroke rate	no	jmdict		11.2	24.2	15.5
ピッチ	5	pitch;section between rest stops	no	jmdict		11.2	24.2	15.5
ピッチ	6	pitch;field	no	jmdict		11.2	24.2	15.5
ピッチ	7	personal handy-phone system;phs	no	jmdict		11.2	24.2	15.5
ネットワーキング	0	networking	no	jmdict		16.9	18.5	0.7
ノーマル	0	normal	no	jmdict		7.6	27.8	13.3
ブラウン	0	brown	no	jmdict		1.1	34.1	60.4
ベーシック	0	basic	no	jmdict		6.2	29.0	4.9
インストラクション	0	instruction	no	jmdict		3.7	31.5	1.7
ロードマップ	0	road map	no	jmdict		11.9	23.2	1.7
スプライト	0	sprite	yes	jmdict		11.7	23.4	1.8
レンズ	0	lens	no	jmdict	dut	5.0	30.0	30.4
テック	0	tech;technology	no	jmdict		1.4	33.6	16.2
テック	1	driver training center	no	jmdict		1.4	33.6	16.2
テック	2	tex	yes	jmdict		1.4	33.6	16.2
スレーブ	0	slave	no	jmdict		9.8	25.1	3.1
トンネル	0	tunnel	no	jmdict		10.3	24.6	81.0
トンネル	1	to tunnel	no	jmdict		10.3	24.6	81.0
トンネル	2	letting a grounder go through one's legs	no	jmdict		10.3	24.6	81.0
スクール	0	school	no	jmdict		0.7	34.2	102.3
アクセスポイント	0	access point	no	jmdict		5.3	29.6	1.3
キル	0	kill	no	jmdict		21.5	13.3	10.9
キル	1	kill;smash;spike	no	jmdict		21.5	13.3	10.9
カリフォルニア	0	california	no	jmdict		0.7	34.0	38.3
レスポンシブ	0	responsive	no	jmdict		33.2	1.5	0.0
ドロー	0	draw;tie	no	jmdict		3.9	30.7	9.7
ドロー	1	draw	no	jmdict		3.9	30.7	9.7
ドロー	2	drawing	no	jmdict		3.9	30.7	9.7
アトリビューション	0	attribution	yes	jmdict		28.6	6.0	0.5
インストルメント	0	instrument	no	jmdict		1.8	32.6	3.2
スイッチング	0	switching	no	jmdict		0.9	33.5	2.4
メタ	0	meta	no	jmdict		9.4	25.0	3.8
セントラル	0	central	no	jmdict		2.1	32.3	39.6
フィギュア	0	figure;form;shape	no	jmdict		17.6	16.7	21.8
フィギュア	1	figurine;model figure	no	jmdict		17.6	16.7	21.8
フィギュア	2	figure skating	no	jmdict		17.6	16.7	21.8
デモンストレーション	0	demonstration;protest	no	jmdict		8.9	25.3	4.5
デモンストレーション	1	demo;demonstration;presentation	no	jmdict		8.9	25.3	4.5
デモンストレーション	2	exhibition game;exhibition match	no	jmdict		8.9	25.3	4.5
チェックリスト	0	checklist	no	jmdict		31.4	2.9	2.3
ロス	0	loss;waste	no	jmdict		2.5	31.7	34.3
ロス	1	feeling of loss	no	jmdict		2.5	31.7	34.3
ロス	2	los angeles	no	jmdict		2.5	31.7	34.3
アドバイス	0	advice	no	jmdict		23.1	11.1	16.6
リカバリー	0	recovery	no	jmdict		10.1	24.0	1.2
ファックス	0	fax;facsimile	no	jmdict		6.9	27.2	7.1
ファックス	1	fax machine	no	jmdict		6.9	27.2	7.1
モノクロ	0	monochrome	no	jmdict		3.4	30.6	7.3
オアシス	0	oasis	no	jmdict		0.0	34.0	12.9
スパコン	0	supercomputer	yes	jmdict		0.0	34.0	0.9
テナント	0	tenant	no	jmdict		32.3	1.7	12.9
バイ	0	bye	no	jmdict		6.0	27.9	17.0
バイ	1	japanese babylon;japanese ivory shell	no	jmdict		6.0	27.9	17.0
バイ	2	spinning top	no	jmdict		6.0	27.9	17.0
バイ	3	bisexual	no	jmdict		6.0	27.9	17.0
クロノス	0	cronus;kronos	no	jmdict		3.4	30.3	4.7
ダイヤグラム	0	diagram	no	jmdict		4.1	29.6	2.7
スパイウェア	0	spyware	yes	jmdict		3.9	29.6	0.5
ベルリン	0	berlin	no	jmdict		0.5	32.9	73.7
サムネイル	0	thumbnail	yes	jmdict		11.2	22.2	1.0
スタイラス	0	stylus	no	jmdict		22.7	10.6	0.4
チューリングマシン	0	turing machine	yes	jmdict		0.0	33.2	0.7
ハイパーバイザー	0	hypervisor;virtual machine monitor	yes	jmdict		7.6	25.6	0.3
レコグニション	0	recognition	no	jmdict		2.7	30.3	3.0
レーザー	0	laser	no	jmdict		0.9	32.1	31.7
レーザー	1	leather	no	jmdict		0.9	32.1	31.7
レーザー	2	leathercloth	no	jmdict		0.9	32.1	31.7
レーザー	3	razor	no	jmdict		0.9	32.1	31.7
スプライン	0	spline	no	jmdict		0.7	32.3	0.8
イベントログ	0	event log;event logging	yes	jmdict		29.3	3.7	0.1
ティ	0	tea	no	jmdict		32.1	0.9	4.1
プラグ	0	plug;connector	no	jmdict		2.5	30.4	4.3
プラグ	1	spark plug	no	jmdict		2.5	30.4	4.3
ハーフ	0	half	no	jmdict		4.6	28.3	32.4
ハーフ	1	biracial person;person of mixed parentage	no	jmdict		4.6	28.3	32.4
ハーフ	2	halfback	no	jmdict		4.6	28.3	32.4
ランダムアクセス	0	random access	yes	jmdict		2.1	30.8	0.6
バイアス	0	bias	no	jmdict		2.7	30.1	6.1
ガバメント	0	government	no	jmdict		5.0	27.8	21.4
ル	0	roux	no	jmdict	fre	31.4	1.5	31.8
ル	1	curry sauce	no	jmdict	fre	31.4	1.5	31.8
ライバル	0	rival;competitor;competition	no	jmdict		0.2	32.6	44.6
アーティファクト	0	artifact;artefact	no	jmdict		15.6	17.2	1.6
ウォッチャー	0	watcher	no	jmdict		30.2	2.5	1.9
ディテール	0	detail	no	jmdict		8.2	24.3	48.0
ログアウト	0	logout	yes	jmdict		25.6	6.9	0.7
ウィッシュ	0	wish	no	jmdict		28.6	3.9	12.7
アダプティブ	0	adaptive	no	jmdict		5.0	27.4	2.1
セーフティー	0	safety	no	jmdict		5.0	27.4	16.4
ミュート	0	mute;damper	no	jmdict		29.8	2.7	2.0
ミュート	1	muting	no	jmdict		29.8	2.7	2.0
コンプライアンス	0	compliance	no	jmdict		9.6	22.8	3.8
プラズマ	0	plasma	no	jmdict		0.2	32.1	12.8
ボトルネック	0	bottleneck	no	jmdict		8.7	23.6	1.3
デジタルカメラ	0	digital camera	no	jmdict		0.7	31.6	3.9
ビジネスモデル	0	business model	no	jmdict		11.9	20.4	2.8
スペクトル	0	spectrum	no	jmdict	fre	5.5	26.7	14.1
ワードプロセッサー	0	word processor	yes	jmdict		0.5	31.7	0.7
ハーネス	0	harness	no	jmdict		29.1	3.1	1.4
リスクマネージメント	0	risk management	no	jmdict		23.1	9.0	1.4
リース	0	lease	no	jmdict		18.3	13.8	19.0
リース	1	wreath	no	jmdict		18.3	13.8	19.0
スウェーデン	0	sweden	no	jmdict		1.4	30.6	77.1
ブレーン	0	brains;advisor;brain trust	no	jmdict		0.5	31.4	36.5
ブレーン	1	brain	no	jmdict		0.5	31.4	36.5
バンド	0	band	no	jmdict		5.7	26.1	216.0
バンド	1	band;strap;bracelet	no	jmdict		5.7	26.1	216.0
バンド	2	belt	no	jmdict		5.7	26.1	216.0
スペル	0	spelling	no	jmdict		19.9	11.9	4.8
テキストボックス	0	text box	yes	jmdict		24.5	7.3	0.1
シルバー	0	silver	no	jmdict		0.9	30.8	47.8
シルバー	1	senior citizen;pensioner	no	jmdict		0.9	30.8	47.8
マネー	0	money	no	jmdict		0.7	30.9	22.8
トランスミッション	0	transmission	no	jmdict		3.4	28.1	9.8
スポンサー	0	sponsor	no	jmdict		9.4	22.2	49.7
テレワーク	0	telework;telecommuting;remote work	no	jmdict		26.3	5.2	2.1
アラビア	0	arabia	no	jmdict		16.7	14.8	34.3
マイニング	0	mining	no	jmdict		0.2	31.2	1.1
マイニング	1	data mining	yes	jmdict		0.2	31.2	1.1
マイニング	2	cryptocurrency mining	yes	jmdict		0.2	31.2	1.1
インジェクター	0	injector	no	jmdict		31.1	0.3	0.8
デコレータ	0	decorator	no	jmdict		30.9	0.5	0.0
ジャンル	0	genre;category;kind	no	jmdict	fre	8.7	22.6	43.5
オレンジ	0	orange	no	jmdict		12.4	18.9	44.9
プライス	0	price	no	jmdict		0.7	30.5	15.2
サーティフィケート	0	certificate	no	jmdict		10.8	20.4	1.7
ランディング	0	landing	no	jmdict		26.8	4.3	3.8
トレンド	0	trend	no	jmdict		4.4	26.6	14.3
ラショナル	0	rational	no	jmdict		1.6	29.3	1.4
ペイン	0	pane	yes	jmdict		22.4	8.5	6.1
ペイン	1	pain	no	jmdict		22.4	8.5	6.1
ビーコン	0	beacon	no	jmdict		18.5	12.4	3.0
スレット	0	thread	yes	jmdict		9.8	21.1	3.5
スレット	1	thread;topic;conversation;post	no	jmdict		9.8	21.1	3.5
アカデミック	0	academic	no	jmdict		0.5	30.4	11.3
アルバム	0	album	no	jmdict		5.0	25.8	564.5
プランニング	0	planning	no	jmdict		0.9	29.9	11.0
チケット	0	ticket	no	jmdict		13.3	17.6	31.7
キング	0	king	no	jmdict		1.1	29.6	139.1
ゲイン	0	gain	no	jmdict		19.0	11.8	3.2
クレジット	0	credit	no	jmdict		11.9	18.9	51.6
クレジット	1	credit sale;selling on a installment plan	no	jmdict		11.9	18.9	51.6
クレジット	2	credit card	no	jmdict		11.9	18.9	51.6
クレジット	3	credit titles;credits	no	jmdict		11.9	18.9	51.6
クレジット	4	credits	no	jmdict		11.9	18.9	51.6
クレジット	5	emission credit;carbon credit	no	jmdict		11.9	18.9	51.6
クレジット	6	credit token;credit	no	jmdict		11.9	18.9	51.6
ノートブック	0	notebook	no	jmdict		4.1	26.6	1.5
デパートメント	0	department	no	jmdict		0.7	29.9	24.2
リスタート	0	restart	no	jmdict		27.9	2.6	1.9
リスタート	1	restart;reboot	yes	jmdict		27.9	2.6	1.9
ポートフォリオ	0	portfolio	no	jmdict		10.5	20.0	3.8
カルーセル	0	carousel	no	jmdict		28.4	2.1	0.9
アタッカー	0	attacker	no	jmdict		29.1	1.4	3.1
キープ	0	to keep;to maintain	no	jmdict		11.0	19.5	13.6
キープ	1	to put aside;to save	no	jmdict		11.0	19.5	13.6
キープ	2	to keep;to retain possession	no	jmdict		11.0	19.5	13.6
キープ	3	to hold service	no	jmdict		11.0	19.5	13.6
キープ	4	person one is dating while hoping for someone better	no	jmdict		11.0	19.5	13.6
キープ	5	kip	no	jmdict		11.0	19.5	13.6
キープ	6	quipu;khipu	no	jmdict		11.0	19.5	13.6
オークション	0	auction	no	jmdict		3.2	27.2	10.6
オーソリティー	0	authority	no	jmdict		11.4	19.0	9.5
サインイン	0	sign-in	no	jmdict		21.3	9.1	0.3
ホビー	0	hobby	no	jmdict		0.2	30.1	11.4
ダイナミクス	0	dynamics	no	jmdict		0.2	30.0	8.3
コトバンク	0	kotobank	no	jmdict		0.0	30.2	66.7
スプレッドシート	0	spreadsheet	yes	jmdict		4.6	25.6	0.4
コンパチブル	0	compatible	no	jmdict		3.0	27.2	0.8
シーケンシャル	0	sequential	no	jmdict		2.7	27.4	1.5
エリック	0	educational resources information center;eric	no	jmdict		0.0	30.1	26.6
スプリット	0	split	no	jmdict		12.4	17.8	7.7
ソープ	0	soap	no	jmdict		3.0	27.1	10.7
ソープ	1	soapland;brothel where one can bathe with prostitutes	no	jmdict		3.0	27.1	10.7
オルターナティブ	0	alternative	no	jmdict		3.7	26.4	13.1
ミックス	0	mix;mixture;mixing	no	jmdict		9.2	20.8	59.2
ミックス	1	mix;cake mix	no	jmdict		9.2	20.8	59.2
ミックス	2	mixed	no	jmdict		9.2	20.8	59.2
ミックス	3	mixed doubles team	no	jmdict		9.2	20.8	59.2
ミックス	4	mixed race;mixed-race person	no	jmdict		9.2	20.8	59.2
シード	0	seed	no	jmdict		9.8	20.1	23.6
ベイ	0	bay	no	jmdict		0.5	29.4	26.9
オーム	0	ohm	no	jmdict		0.2	29.6	4.3
オーム	1	om;aum	no	jmdict		0.2	29.6	4.3
フォーマッター	0	formatter	no	jmdict		28.2	1.7	0.0
オーバレイ	0	overlay	no	jmdict		28.9	0.9	0.0
グラウンド	0	ground;field;playground;stadium	no	jmdict		16.3	13.5	33.1
イーブン	0	even	no	jmdict		8.7	21.0	5.1
ハニー	0	honey	no	jmdict		19.5	10.2	19.9
タイピング	0	typing	no	jmdict		10.5	19.1	1.5
ターン	0	turn	no	jmdict		7.8	21.8	27.5
スタブ	0	stub	no	jmdict		14.0	15.6	0.7
アプライアンス	0	appliance	no	jmdict		5.0	24.4	0.9
フレーズ	0	phrase	no	jmdict		11.9	17.6	15.8
フレーズ	1	strawberry	no	jmdict		11.9	17.6	15.8
リンカー	0	linker;linkage editor	yes	jmdict		11.7	17.8	1.7
デファクトスタンダード	0	de facto standard	no	jmdict		0.9	28.4	0.8
シェアウェア	0	shareware	yes	jmdict		0.0	29.3	0.6
ヨーロピアン	0	european	no	jmdict		0.5	28.8	32.0
タスクフォース	0	task force;taskforce	no	jmdict		1.1	28.1	3.2
コントラクト	0	contract	no	jmdict		3.9	25.3	10.2
カオス	0	chaos	no	jmdict	gre	0.7	28.5	18.4
ミディアム	0	medium;middle degree	no	jmdict		3.9	25.2	7.4
ミディアム	1	medium;intermediary substance;media;base	no	jmdict		3.9	25.2	7.4
ゼロックス	0	xerox	no	jmdict		0.0	29.1	1.3
アバター	0	avatar	no	jmdict		10.8	18.4	9.3
デコレーター	0	decorator	no	jmdict		28.6	0.5	0.2
データリンク	0	datalink	yes	jmdict		1.8	27.2	0.9
グレート	0	great	no	jmdict		0.7	28.3	55.3
グレート	1	grate	no	jmdict		0.7	28.3	55.3
ミート	0	meat	no	jmdict		2.1	26.9	15.6
ミート	1	hitting the ball squarely	no	jmdict		2.1	26.9	15.6
ミート	2	matching correctly	no	jmdict		2.1	26.9	15.6
リーダーシップ	0	leadership	no	jmdict		10.1	18.9	9.0
アーキテクト	0	architect	no	jmdict		4.6	24.3	3.9
パン	0	bread;pastry	no	jmdict		21.5	7.4	35.3
パン	1	staff of life;one's bread	no	jmdict		21.5	7.4	35.3
パン	2	pan	no	jmdict		21.5	7.4	35.3
パン	3	pan;frying pan	no	jmdict		21.5	7.4	35.3
パン	4	panning	no	jmdict		21.5	7.4	35.3
ファイナンシャル	0	financial	no	jmdict		0.5	28.4	14.0
オックスフォード	0	oxford	no	jmdict		1.6	27.2	51.7
コンパチビリティー	0	compatibility	no	jmdict		3.9	24.9	0.6
セミコンダクタ	0	semiconductor	no	jmdict		0.0	28.8	1.8
ポーランド	0	poland	no	jmdict		3.0	25.8	91.3
パーソン	0	person	no	jmdict		5.3	23.5	9.5
ビハインド	0	being behind;trailing;deficit	no	jmdict		1.6	27.1	13.4
ビハインド	1	being behind schedule	no	jmdict		1.6	27.1	13.4
リモコン	0	remote control	no	jmdict		1.6	27.1	8.8
エプソン	0	epson	no	jmdict		1.4	27.3	1.7
アラン	0	alan	no	jmdict		0.2	28.4	34.1
ビッグデータ	0	big data	yes	jmdict		10.3	18.4	1.3
デッドロック	0	deadlock	yes	jmdict		12.6	16.1	0.8
パブ	0	pub	no	jmdict		3.9	24.7	10.8
ファウンドリー	0	foundry;fab;semiconductor fabrication plant	no	jmdict		0.0	28.6	1.0
ローテーション	0	rotation	no	jmdict		24.0	4.6	8.9
ソルト	0	strategic arms limitation talks;salt	no	jmdict		12.8	15.8	2.4
ソルト	1	salt	no	jmdict		12.8	15.8	2.4
リロード	0	reloading	yes	jmdict		25.2	3.4	1.6
インクリメンタル	0	incremental	no	jmdict		15.8	12.8	0.3
カバレッジ	0	coverage	no	jmdict		17.9	10.7	2.0
コマンドプロンプト	0	command prompt	yes	jmdict		13.1	15.5	0.2
フォールド	0	folding;bending;doubling up	no	jmdict		4.4	24.1	2.8
フォールド	1	wrapping;packing;tying up	no	jmdict		4.4	24.1	2.8
フォールド	2	folding	no	jmdict		4.4	24.1	2.8
マネージ	0	manage	no	jmdict		6.4	22.1	0.9
ペインター	0	painter	no	jmdict		3.9	24.5	2.0
ウェアハウス	0	warehouse	no	jmdict		3.7	24.7	1.4
ウェルカム	0	welcome	no	jmdict		8.0	20.4	12.5
アーギュメント	0	argument;discussion;dispute	no	jmdict		21.1	7.3	1.1
アーギュメント	1	argument	yes	jmdict		21.1	7.3	1.1
オーソリゼーション	0	authorization;authorisation	no	jmdict		19.5	8.9	0.4
フリーズ	0	freezing;turning into ice	no	jmdict		11.7	16.7	4.4
フリーズ	1	freezing;locking up	yes	jmdict		11.7	16.7	4.4
フリーズ	2	freezing	no	jmdict		11.7	16.7	4.4
フリーズ	3	frieze	no	jmdict		11.7	16.7	4.4
ボストン	0	boston	no	jmdict		0.0	28.3	41.9
レボリューション	0	revolution	no	jmdict		0.0	28.3	22.7
アプレット	0	applet	yes	jmdict		2.3	26.0	0.4
ブラジル	0	brazil	no	jmdict		8.2	20.1	91.2
トロイ	0	troy	no	jmdict		1.4	26.8	6.7
サックス	0	saxophone;sax	no	jmdict		22.7	5.5	13.7
カルキュレーター	0	calculator	no	jmdict		1.6	26.5	1.0
カーボン	0	carbon	no	jmdict		1.1	26.9	12.2
レンタル	0	rental	no	jmdict		4.8	23.2	34.5
コミッティー	0	committee	no	jmdict		0.9	27.1	11.9
サウス	0	south	no	jmdict		0.7	27.2	48.9
スペシフィック	0	specific	no	jmdict		11.2	16.7	3.9
オプティカル	0	optical	no	jmdict		2.5	25.3	3.8
アグリーメント	0	agreement	no	jmdict		3.2	24.6	5.1
アプライ	0	apply	no	jmdict		18.5	9.3	0.5
シェーディング	0	shading	no	jmdict		2.7	25.0	0.7
ロケット	0	rocket	no	jmdict		0.9	26.8	69.9
ロケット	1	locket	no	jmdict		0.9	26.8	69.9
パースペクティブ	0	perspective	no	jmdict		9.2	18.6	5.1
バックドア	0	back door;tailgate	no	jmdict		6.6	21.0	1.1
バックドア	1	back door	yes	jmdict		6.6	21.0	1.1
メニューバー	0	menu bar	no	jmdict		17.2	10.4	0.2
シェイク	0	shaking	no	jmdict		21.8	5.8	4.1
シェイク	1	milkshake;shake	no	jmdict		21.8	5.8	4.1
ミント	0	mint;peppermint	no	jmdict		0.7	26.8	10.0
プロキシサーバー	0	proxy server	yes	jmdict		14.2	13.3	0.2
エンドツーエンド	0	end-to-end	no	jmdict		7.1	20.4	0.3
ケーパビリティ	0	capability	no	jmdict		25.0	2.5	0.0
ツー	0	two	no	jmdict		13.3	14.2	6.3
ツー	1	dash	no	jmdict		13.3	14.2	6.3
アペンド	0	append	yes	jmdict		19.7	7.7	1.0
アソシエーツ	0	associates	no	jmdict		0.2	27.1	31.7
ネガティブ	0	negative	no	jmdict		14.2	13.2	7.7
コンタクト	0	contact;touch	no	jmdict		9.4	18.0	9.6
コンタクト	1	contact lens	no	jmdict		9.4	18.0	9.6
ミッション	0	mission;delegation	no	jmdict		3.7	23.6	60.9
ミッション	1	mission	no	jmdict		3.7	23.6	60.9
ミッション	2	mission school	no	jmdict		3.7	23.6	60.9
ミッション	3	transmission	no	jmdict		3.7	23.6	60.9
コンティニュー	0	continue	no	jmdict		14.4	12.9	6.1
ポット	0	pot	no	jmdict		19.7	7.6	9.2
ポット	1	vacuum bottle;thermos flask	no	jmdict		19.7	7.6	9.2
プラスチック	0	plastic	no	jmdict		0.2	27.0	23.5
サブスクライブ	0	subscribing;subscription	yes	jmdict		24.3	3.0	0.2
アンケート	0	questionnaire;survey;poll	no	jmdict	fre	10.8	16.5	26.8
チューニング	0	tuning	no	jmdict		5.3	22.0	6.3
ホップ	0	hop;hopping;jumping on one foot	no	jmdict		5.0	22.2	8.9
ホップ	1	hop;hops	no	jmdict		5.0	22.2	8.9
ジョイント	0	joint	no	jmdict		1.1	26.0	11.3
ブリーフ	0	briefs	no	jmdict		1.1	26.0	7.8
インディペンデント	0	independent	no	jmdict		0.7	26.4	24.6
キューブ	0	cube	no	jmdict		3.2	23.8	11.8
エバリュエーション	0	evaluation	no	jmdict		1.6	25.4	4.3
ヤマハ	0	yamaha	no	jmdict		0.0	27.0	22.5
エラーコード	0	error code	yes	jmdict		20.1	6.9	0.1
リデュース	0	reducing	no	jmdict		13.5	13.5	1.2
ファンクショナル	0	functional	no	jmdict		2.3	24.6	4.1
イントラネット	0	intranet	yes	jmdict		10.5	16.4	0.4
アテンション	0	attention	no	jmdict		2.7	24.1	2.4
オントロジー	0	ontology	no	jmdict		0.9	25.9	1.0
プライオリティー	0	priority	no	jmdict		10.5	16.3	1.3
センス	0	taste;sense;flair	no	jmdict		6.6	20.2	17.3
コマーシャル	0	commercial	no	jmdict		1.8	24.9	15.4
ラジアン	0	radian	no	jmdict		24.3	2.5	0.5
アナライザー	0	analyzer	no	jmdict		6.2	20.6	1.2
ジョイスティック	0	joy stick	no	jmdict		1.1	25.5	1.4
ウクライナ	0	ukraine	no	jmdict		4.1	22.6	110.3
ゴシック	0	gothic	no	jmdict		0.2	26.4	12.4
ゴシック	1	sans serif;gothic	no	jmdict		0.2	26.4	12.4
スケーラブル	0	scalable	no	jmdict		11.0	15.7	0.3
セキュリティーホール	0	security hole;vulnerability	yes	jmdict		4.6	22.1	0.3
ページング	0	paging	yes	jmdict		1.1	25.4	0.4
アルト	0	alto	no	jmdict	ita	0.2	26.3	15.1
リプレゼンテーション	0	representation	no	jmdict		7.1	19.5	1.9
ベンチャー	0	venture	no	jmdict		0.0	26.5	8.0
ラテン	0	latin	no	jmdict		14.0	12.6	19.4
ラテン	1	latin-american;latin;latino	no	jmdict		14.0	12.6	19.4
ラテン	2	latin;roman	no	jmdict		14.0	12.6	19.4
デコレーション	0	decoration	no	jmdict		22.4	4.1	2.1
フローティング	0	floating	no	jmdict		3.7	22.9	2.4
レイズ	0	raising	no	jmdict		21.5	5.0	9.4
レイズ	1	raising;lifting	no	jmdict		21.5	5.0	9.4
レイズ	2	raising;bringing up	no	jmdict		21.5	5.0	9.4
レイズ	3	raising;rearing	no	jmdict		21.5	5.0	9.4
レイズ	4	raising;erecting	no	jmdict		21.5	5.0	9.4
ユナイテッド	0	united	no	jmdict		0.5	26.0	93.1
インドネシア	0	indonesia	no	jmdict		18.3	8.2	50.9
エグゼクティブ	0	executive	no	jmdict		1.1	25.3	10.5
フランク	0	frank;candid	no	jmdict		0.0	26.4	59.7
フランク	1	frunk;front trunk	no	jmdict		0.0	26.4	59.7
フランク	2	frankfurter;frank	no	jmdict		0.0	26.4	59.7
データファイル	0	data-file	yes	jmdict		10.1	16.4	2.5
イージー	0	easy	no	jmdict		1.8	24.5	10.2
スティック	0	stick	no	jmdict		1.8	24.5	9.1
マス	0	mass	no	jmdict		1.8	24.5	24.7
マス	1	measuring container;measuring box;measure	no	jmdict		1.8	24.5	24.7
マス	2	box	no	jmdict		1.8	24.5	24.7
マス	3	square on a grid;cell of a grid	no	jmdict		1.8	24.5	24.7
マス	4	square bearing block	no	jmdict		1.8	24.5	24.7
マス	5	trout;sea trout	no	jmdict		1.8	24.5	24.7
マス	6	masturbation	no	jmdict		1.8	24.5	24.7
ピンク	0	pink	no	jmdict		7.1	19.3	45.1
ピンク	1	erotic;blue;pornographic	no	jmdict		7.1	19.3	45.1
キャピタル	0	capital	no	jmdict		1.6	24.7	14.9
リストアップ	0	listing	no	jmdict		19.5	6.9	1.5
キャパシティー	0	capacity	no	jmdict		14.0	12.4	2.6
ギリシャ	0	greece	no	jmdict	por	3.7	22.7	97.2
ロジカル	0	logical	no	jmdict		5.5	20.8	1.5
ワンタイムパスワード	0	one-time password	yes	jmdict		10.1	16.2	0.3
ポータルサイト	0	portal site;web portal	no	jmdict		0.7	25.5	13.2
バースト	0	burst;rupture;blowout	no	jmdict		2.1	24.1	11.6
バースト	1	burst	no	jmdict		2.1	24.1	11.6
リーブ	0	leave	no	jmdict		9.6	16.5	8.4
アプリケーションプログラム	0	application program;application software	yes	jmdict		11.9	14.2	0.2
アダルト	0	adult	no	jmdict		0.9	25.1	30.1
アダルト	1	adult;pornographic;explicit	no	jmdict		0.9	25.1	30.1
バーコード	0	barcode;bar code	no	jmdict		10.1	16.0	2.8
バーコード	1	comb-over	no	jmdict		10.1	16.0	2.8
サブプロセス	0	sub-process	no	jmdict		23.8	2.2	0.0
イメージング	0	imaging	no	jmdict		0.5	25.5	6.0
セマンティックス	0	semantics	no	jmdict		6.6	19.4	0.7
パブリッシャー	0	publisher	no	jmdict		2.7	23.2	7.2
アクト	0	act	no	jmdict		2.5	23.4	40.3
チェス	0	chess	no	jmdict		1.6	24.3	10.7
アロケーション	0	allocation	no	jmdict		8.5	17.5	0.8
リビング	0	living;lifestyle	no	jmdict		5.7	20.2	17.8
リビング	1	living room	no	jmdict		5.7	20.2	17.8
タスクバー	0	task bar	yes	jmdict		4.1	21.8	0.3
コンポジット	0	composite	no	jmdict		0.0	25.8	2.2
サイエンティスト	0	scientist	no	jmdict		0.0	25.8	8.7
コンバート	0	conversion	no	jmdict		11.4	14.4	4.5
コンバート	1	moving	no	jmdict		11.4	14.4	4.5
ブラケット	0	bracket	no	jmdict		21.5	4.3	1.9
ツイート	0	tweet;twitter post	no	jmdict		2.7	23.0	76.3
ヒーロー	0	hero	no	jmdict		14.9	10.9	86.9
フィクスチャ	0	fixture	no	jmdict		25.0	0.8	0.0
アンロック	0	unlocking	no	jmdict		15.6	10.2	1.7
リトライ	0	retry	no	jmdict		20.1	5.6	0.9
フォーチュン	0	fortune	no	jmdict		0.7	25.0	10.8
ドコモ	0	docomo	no	jmdict		0.7	24.9	14.5
イスラエル	0	israel	no	jmdict		3.7	22.0	73.1
プラクティカル	0	practical	no	jmdict		0.5	25.1	2.9
ウェーブ	0	wave	no	jmdict		0.2	25.3	16.4
ウェーブ	1	wave;mexican wave	no	jmdict		0.2	25.3	16.4
トレー	0	tray	no	jmdict		6.4	19.2	4.1
ポール	0	pole	no	jmdict		0.2	25.2	77.1
ポール	1	trolley pole	no	jmdict		0.2	25.2	77.1
ポール	2	pole;rod;perch	no	jmdict		0.2	25.2	77.1
ポール	3	poll	no	jmdict		0.2	25.2	77.1
マイナス	0	minus;subtraction;taking away	no	jmdict		13.3	12.2	11.0
マイナス	1	negative	no	jmdict		13.3	12.2	11.0
マイナス	2	deficit;loss	no	jmdict		13.3	12.2	11.0
マイナス	3	disadvantage;drawback;handicap	no	jmdict		13.3	12.2	11.0
マイナス	4	negative charge;cathode;negative terminal;negative pole	no	jmdict		13.3	12.2	11.0
マイナス	5	minus sign;negative sign	no	jmdict		13.3	12.2	11.0
マイナス	6	negative;bad	no	jmdict		13.3	12.2	11.0
アイランド	0	island	no	jmdict		20.1	5.3	43.2
ウォーク	0	walk	no	jmdict		12.4	13.1	17.4
ウォーク	1	woke	no	jmdict		12.4	13.1	17.4
ブラックボックス	0	black box;flight recorder	no	jmdict		5.7	19.7	2.1
ブラックボックス	1	black box	no	jmdict		5.7	19.7	2.1
ミキシング	0	mixing	no	jmdict		16.5	8.9	6.5
クリッピング	0	clipping	no	jmdict		20.1	5.2	0.5
サスペンド	0	suspension;standby;sleep	yes	jmdict		19.2	6.1	0.1
テンソル	0	tensor	no	jmdict		1.1	24.1	4.9
インタレスト	0	interest	no	jmdict		9.6	15.7	4.0
カート	0	cart	no	jmdict		9.4	15.9	17.1
カート	1	kart;go-kart	no	jmdict		9.4	15.9	17.1
カート	2	khat;qat	no	jmdict		9.4	15.9	17.1
パイレート	0	pirate	no	jmdict		0.0	25.2	2.4
サイプレス	0	cypress	no	jmdict		19.2	6.0	1.5
デクリメント	0	decrement	no	jmdict		15.3	9.9	0.1
ブース	0	booth	no	jmdict		20.6	4.6	18.2
サマー	0	summer	no	jmdict		0.7	24.4	69.2
ハイパーテキスト	0	hypertext	yes	jmdict		6.9	18.3	0.3
フォレスト	0	forest	no	jmdict		0.7	24.3	22.0
ダック	0	duck	no	jmdict		8.2	16.8	7.3
ダック	1	digital-to-analog converter;dac	no	jmdict		8.2	16.8	7.3
ダック	2	development assistance committee;dac	no	jmdict		8.2	16.8	7.3
パッケージング	0	packaging	no	jmdict		8.0	17.0	1.6
ウィザード	0	wizard	no	jmdict		6.2	18.8	10.0
ウィザード	1	wizard;setup assistant	yes	jmdict		6.2	18.8	10.0
アンマウント	0	unmounting	yes	jmdict		23.8	1.1	0.0
トリップ	0	trip;excursion	no	jmdict		8.0	16.9	11.2
トリップ	1	trip	no	jmdict		8.0	16.9	11.2
トリップ	2	entering another world	no	jmdict		8.0	16.9	11.2
トリップ	3	tripcode	no	jmdict		8.0	16.9	11.2
デーリー	0	daily	no	jmdict		0.7	24.1	42.5
デーリー	1	perishable foods delivered daily to retailers;perishables	no	jmdict		0.7	24.1	42.5
スキン	0	skin	no	jmdict		1.1	23.6	8.1
スキン	1	condom	no	jmdict		1.1	23.6	8.1
パワフル	0	powerful	no	jmdict		3.4	21.4	6.8
ブレード	0	blade	no	jmdict		0.2	24.5	22.7
ブレード	1	braid	no	jmdict		0.2	24.5	22.7
リッチ	0	rich;wealthy;affluent	no	jmdict		10.3	14.5	12.4
リッチ	1	rich	no	jmdict		10.3	14.5	12.4
ログオン	0	logon	yes	jmdict		12.6	12.2	0.2
リムーバブル	0	removable	yes	jmdict		0.9	23.8	0.4
インダストリアル	0	industrial	no	jmdict		1.6	23.1	7.9
ダミー	0	dummy	no	jmdict		13.5	11.2	4.0
リバースエンジニアリング	0	reverse engineering	yes	jmdict		4.1	20.6	0.6
オリエンテーション	0	orientation	no	jmdict		22.7	2.0	1.9
デメリット	0	disadvantage;drawback;demerit;bad point;minus	no	jmdict		7.1	17.6	4.0
アタリ	0	hit	no	jmdict		0.0	24.6	2.7
アタリ	1	success	no	jmdict		0.0	24.6	2.7
アタリ	2	guess;prediction	no	jmdict		0.0	24.6	2.7
アタリ	3	affability;friendliness	no	jmdict		0.0	24.6	2.7
アタリ	4	sensation;touch	no	jmdict		0.0	24.6	2.7
アタリ	5	bruise	no	jmdict		0.0	24.6	2.7
アタリ	6	atari;situation in which a stone or chain of stones may be captured on the next move	no	jmdict		0.0	24.6	2.7
アタリ	7	bite;strike	no	jmdict		0.0	24.6	2.7
アタリ	8	per;each	no	jmdict		0.0	24.6	2.7
アタリ	9	collision;overlapping	no	jmdict		0.0	24.6	2.7
アタリ	10	construction lines	no	jmdict		0.0	24.6	2.7
アタリ	11	atari	no	jmdict		0.0	24.6	2.7
アーティフィシャル	0	artificial	no	jmdict		0.0	24.6	1.9
トップページ	0	home page	no	jmdict		10.1	14.6	5.7
トリプル	0	triple	no	jmdict		3.0	21.7	19.3
バリア	0	barrier;protective wall;bulwark	no	jmdict		11.2	13.4	10.7
バリア	1	obstacle;hindrance	no	jmdict		11.2	13.4	10.7
バリア	2	imaginary shield that gives one invincibility or immunity	no	jmdict		11.2	13.4	10.7
ストリングス	0	strings;stringed instrument;string ensemble	no	jmdict		17.4	7.2	18.7
セマフォ	0	semaphore	no	jmdict		9.6	15.0	0.2
トンネリング	0	tunneling	yes	jmdict		5.7	18.9	0.6
エラスティック	0	elastic	no	jmdict		13.7	10.8	0.7
メンバーズ	0	members	no	jmdict		4.4	20.2	9.8
オーケストレーション	0	orchestration	no	jmdict		14.4	10.1	2.1
マンチェスター	0	manchester	no	jmdict		0.2	24.1	21.6
イラストレーター	0	illustrator	no	jmdict		1.6	22.8	18.7
ブラシ	0	brush	no	jmdict		0.0	24.2	3.0
ロータス	0	lotus	no	jmdict		0.0	24.2	8.2
シグニチャ	0	signature	no	jmdict		23.1	1.1	0.0
テイラー	0	tailor	no	jmdict		2.1	22.2	25.0
オプトイン	0	opt-in;opt in	no	jmdict		19.9	4.3	0.2
カレントディレクトリ	0	current directory	yes	jmdict		12.8	11.4	0.1
サーブ	0	serve	no	jmdict		4.1	20.1	6.9
サーブ	1	serving	no	jmdict		4.1	20.1	6.9
サーブ	2	saab;svenska aeroplan ab	no	jmdict		4.1	20.1	6.9
ロビン	0	robin;european robin	no	jmdict		4.8	19.4	20.2
スノー	0	snow	no	jmdict		0.9	23.2	29.9
アンロード	0	unloading	yes	jmdict		18.8	5.4	0.1
マンス	0	month	no	jmdict		7.1	17.1	10.7
コーヒー	0	coffee	no	jmdict	dut,eng	5.5	18.7	37.4
アナリスト	0	analyst	no	jmdict		3.7	20.5	4.5
アノニマス	0	anonymous	no	jmdict		1.8	22.3	1.2
ディビジョン	0	division	no	jmdict		2.5	21.6	39.0
ティア	0	tier	no	jmdict		8.5	15.6	10.0
ティア	1	tear;teardrop shape	no	jmdict		8.5	15.6	10.0
アイソレーション	0	isolation	no	jmdict		11.4	12.6	2.1
スポーツ	0	sport;sports	no	jmdict		3.7	20.4	516.2
シンクライアント	0	thin client	yes	jmdict		9.6	14.4	0.3
インサート	0	insertion	no	jmdict		8.0	16.0	1.5
インサート	1	insert	no	jmdict		8.0	16.0	1.5
ディスクリプター	0	descriptor	no	jmdict		18.1	5.9	0.1
ヒアリング	0	listening;listening comprehension	no	jmdict		20.8	3.1	3.0
ヒアリング	1	interview;survey;confirming details;meeting where someone presents their case	no	jmdict		20.8	3.1	3.0
ヒアリング	2	hearing	no	jmdict		20.8	3.1	3.0
プロファイリング	0	profiling	no	jmdict		13.5	10.4	1.3
フレンドリー	0	friendly	no	jmdict		8.0	15.9	4.3
リネーム	0	rename	no	jmdict		14.7	9.2	0.2
バケット	0	baguette	no	jmdict		9.8	14.0	1.9
バケット	1	bucket;pail	no	jmdict		9.8	14.0	1.9
バケット	2	bucket;scoop	no	jmdict		9.8	14.0	1.9
フレキシブル	0	flexible	no	jmdict		6.4	17.4	2.1
マインド	0	mind;mindset;mentality;sentiment	no	jmdict		0.9	22.9	21.0
ファイナンス	0	finance	no	jmdict		1.6	22.2	11.3
サブメニュー	0	sub-menu	yes	jmdict		22.2	1.5	0.1
エアロ	0	aerobics	no	jmdict		0.5	23.2	10.8
クリスチャン	0	christian	no	jmdict		7.3	16.4	34.2
テレグラム	0	telegram	no	jmdict		1.8	21.9	2.5
テレグラム	1	telegram messenger	no	jmdict		1.8	21.9	2.5
ジーン	0	gene	no	jmdict		0.0	23.6	27.5
ジーン	1	zine	no	jmdict		0.0	23.6	27.5
ジーン	2	jeans	no	jmdict		0.0	23.6	27.5
ポシブル	0	possible	no	jmdict		9.8	13.8	4.6
プロット	0	plot	no	jmdict		2.7	20.9	9.4
プロット	1	plotting	no	jmdict		2.7	20.9	9.4
ビス	0	screw	no	jmdict		22.9	0.7	2.2
ビス	1	bank for international settlements;bis	no	jmdict		22.9	0.7	2.2
フォーマル	0	formal	no	jmdict		0.9	22.7	2.3
レシオ	0	ratio	no	jmdict		19.2	4.3	2.3
ガス	0	gas	no	jmdict	dut,eng	4.4	19.2	74.3
ガス	1	poison gas	no	jmdict	dut,eng	4.4	19.2	74.3
ガス	2	dense fog;thick fog	no	jmdict	dut,eng	4.4	19.2	74.3
ガス	3	gas stove;gas cooker;gas range	no	jmdict	dut,eng	4.4	19.2	74.3
ガス	4	gasoline;gas;petrol	no	jmdict	dut,eng	4.4	19.2	74.3
ガス	5	flatulence;gas;wind;fart	no	jmdict	dut,eng	4.4	19.2	74.3
ガス	6	gassed yarn	no	jmdict	dut,eng	4.4	19.2	74.3
スクラム	0	scrum;scrummage	no	jmdict		0.2	23.2	3.0
スクラム	1	huddle	no	jmdict		0.2	23.2	3.0
スクラム	2	scram	no	jmdict		0.2	23.2	3.0
スリム	0	slim	no	jmdict		2.5	21.0	6.4
ソング	0	song	no	jmdict		0.9	22.6	138.7
ソング	1	thong	no	jmdict		0.9	22.6	138.7
ボーン	0	bone	no	jmdict		0.7	22.8	20.5
ボーン	1	bourne	yes	jmdict		0.7	22.8	20.5
レギュラー	0	regular;standard	no	jmdict		6.9	16.6	141.4
レギュラー	1	regular player;regular guest;regular	no	jmdict		6.9	16.6	141.4
レギュラー	2	regular	no	jmdict		6.9	16.6	141.4
リサイクル	0	recycling	no	jmdict		17.2	6.2	10.1
モデラー	0	modeller;modeler	no	jmdict		0.0	23.3	1.3
コーポレート	0	corporate	no	jmdict		1.4	22.0	12.0
モチーフ	0	motif	no	jmdict	fre	1.1	22.2	49.0
ステム	0	stem	no	jmdict		17.6	5.6	4.5
ステム	1	stem;axle;shaft	no	jmdict		17.6	5.6	4.5
チョイス	0	choice;selection	no	jmdict		2.7	20.5	12.4
ポンド	0	pound	no	jmdict		3.4	19.8	35.4
ポンド	1	pound;pound sterling	no	jmdict		3.4	19.8	35.4
ポンド	2	pond	no	jmdict		3.4	19.8	35.4
フロア	0	floor	no	jmdict		5.7	17.5	25.4
フロア	1	dance floor	no	jmdict		5.7	17.5	25.4
フロア	2	sales floor	no	jmdict		5.7	17.5	25.4
フロア	3	floor;storey;story	no	jmdict		5.7	17.5	25.4
ビデオゲーム	0	video game	no	jmdict		1.8	21.4	7.7
テキストデータ	0	text data;character data	yes	jmdict		13.1	10.1	0.3
パーフェクト	0	perfect	no	jmdict		1.4	21.8	30.1
パーフェクト	1	perfect game	no	jmdict		1.4	21.8	30.1
テンキー	0	numeric keypad;number pad;numpad	no	jmdict		2.7	20.4	0.8
テンキー	1	numeric key	no	jmdict		2.7	20.4	0.8
エンサイクロペディア	0	encyclopedia	no	jmdict		1.1	22.0	34.1
ノウハウ	0	know-how;expertise;the ropes;the knack	no	jmdict		9.6	13.5	6.9
チーフ	0	chief;head	no	jmdict		0.9	22.2	26.1
フリップ	0	flip chart	no	jmdict		0.0	23.0	5.3
フリップ	1	flip	no	jmdict		0.0	23.0	5.3
タワー	0	tower	no	jmdict		0.7	22.4	88.1
スポット	0	spot;dot;mark	no	jmdict		5.3	17.8	36.1
スポット	1	place;location;site	no	jmdict		5.3	17.8	36.1
スポット	2	apron	no	jmdict		5.3	17.8	36.1
スポット	3	spot advertisement;spot advertising	no	jmdict		5.3	17.8	36.1
スポット	4	spot news	no	jmdict		5.3	17.8	36.1
スポット	5	spotlight	no	jmdict		5.3	17.8	36.1
キャメル	0	camel	no	jmdict		19.5	3.5	2.3
レコーディング	0	recording	no	jmdict		2.3	20.7	61.6
ファイルサーバー	0	file server	yes	jmdict		7.6	15.4	0.2
ケーパビリティー	0	capability	no	jmdict		5.5	17.4	1.0
アドレッシング	0	addressing	yes	jmdict		2.1	20.8	0.3
テレタイプ	0	teletype	no	jmdict		0.5	22.4	0.7
ロイヤリティー	0	royalty	no	jmdict		3.4	19.4	2.7
ロイヤリティー	1	loyalty	no	jmdict		3.4	19.4	2.7
アンテナ	0	antenna	no	jmdict		0.2	22.6	20.1
アンテナ	1	thing or method used to collect information or opinions	no	jmdict		0.2	22.6	20.1
フェンス	0	fence	no	jmdict		20.4	2.4	8.1
ステートレス	0	stateless	yes	jmdict		11.9	10.8	0.2
ドック	0	dock	no	jmdict		4.1	18.6	12.2
ドック	1	thorough physical examination	no	jmdict		4.1	18.6	12.2
ドック	2	dog	no	jmdict		4.1	18.6	12.2
ドック	3	hotdog	no	jmdict		4.1	18.6	12.2
ドック	4	firedog;andiron	no	jmdict		4.1	18.6	12.2
ライセンシング	0	licensing	no	jmdict		0.2	22.5	1.1
マネジメントシステム	0	management system	no	jmdict		14.9	7.8	1.4
ストロング	0	strong;powerful	no	jmdict		11.0	11.7	11.8
ストロング	1	strong	no	jmdict		11.0	11.7	11.8
テンプ	0	temporary	no	jmdict		11.0	11.7	0.8
テンプ	1	balance wheel;balance	no	jmdict		11.0	11.7	0.8
カセットテープ	0	cassette tape	no	jmdict		0.0	22.7	5.8
ポジティブ	0	positive	no	jmdict		12.1	10.5	9.7
ポジティブ	1	positive;anode	no	jmdict		12.1	10.5	9.7
プリプロセッサ	0	preprocessor	yes	jmdict		7.3	15.3	0.2
ファシリティー	0	facility	no	jmdict		3.2	19.4	2.4
シェード	0	sunshade;window shade;awning;lamp shade	no	jmdict		0.7	21.9	3.8
モビリティー	0	mobility	no	jmdict		0.7	21.9	6.4
アウェア	0	aware	no	jmdict		14.0	8.5	0.7
セッティング	0	setting;installing;mounting;arranging	no	jmdict		12.1	10.3	5.4
セッティング	1	setting up	no	jmdict		12.1	10.3	5.4
セッティング	2	stage setting	no	jmdict		12.1	10.3	5.4
セッティング	3	setting	no	jmdict		12.1	10.3	5.4
カスタムメイド	0	custom-made;made-to-order	no	jmdict		0.5	22.0	0.7
プロトン	0	proton	no	jmdict		1.1	21.3	5.6
ブレーブ	0	brave	no	jmdict		1.8	20.6	15.7
ポリス	0	police;police officer	no	jmdict		0.5	21.9	24.9
ポリス	1	polis	no	jmdict		0.5	21.9	24.9
テール	0	tail	no	jmdict		9.4	12.9	23.8
テール	1	tailcoat;tails	no	jmdict		9.4	12.9	23.8
テール	2	tael	no	jmdict		9.4	12.9	23.8
キヤノン	0	canon	no	jmdict		0.7	21.6	8.8
リンタ	0	linter	no	jmdict		22.2	0.0	0.0
フレンド	0	friend	no	jmdict		2.7	19.5	45.2
ハイジャック	0	hijack;highjack	no	jmdict		14.2	8.0	5.0
カレッジ	0	college	no	jmdict		0.2	21.9	62.9
カレッジ	1	courage	no	jmdict		0.2	21.9	62.9
リプレー	0	replay	no	jmdict		14.2	7.9	11.4
アドベンチャー	0	adventure	no	jmdict		0.9	21.2	41.8
カップ	0	cup	no	jmdict		0.9	21.2	176.6
バトル	0	battle	no	jmdict		0.9	21.2	122.1
ヒート	0	heat	no	jmdict		0.7	21.4	20.0
ヒート	1	heating up;becoming more exciting	no	jmdict		0.7	21.4	20.0
ヒート	2	hiit;high-intensity interval training	no	jmdict		0.7	21.4	20.0
モナド	0	monad	no	jmdict		0.5	21.6	0.9
マウスカーソル	0	mouse cursor	yes	jmdict		12.8	9.2	0.2
ローエンド	0	low end;low level	yes	jmdict		1.1	20.9	0.4
コプロセッサ	0	coprocessor	yes	jmdict		0.0	22.0	0.3
リテール	0	retail	no	jmdict		0.7	21.3	3.7
ステートフル	0	stateful	yes	jmdict		16.9	5.0	0.1
アスタリスク	0	asterisk	no	jmdict		16.5	5.4	1.5
ダイナブック	0	dynabook	no	jmdict		0.0	21.9	0.7
ワークショップ	0	workshop	no	jmdict		8.5	13.4	11.0
デジット	0	digit	yes	jmdict		6.9	15.0	1.2
エルフ	0	elf	no	jmdict		6.0	15.9	17.4
ルートディレクトリ	0	root directory	yes	jmdict		12.1	9.7	0.1
サーキット	0	circuit	no	jmdict		0.9	20.9	28.5
サーキット	1	circuit;race track	no	jmdict		0.9	20.9	28.5
インテリジェント	0	intelligent	no	jmdict		3.2	18.6	2.7
サイテーション	0	citation	no	jmdict		0.0	21.8	2.6
ショット	0	shot	no	jmdict		6.2	15.6	35.2
ショット	1	shot;hit;strike	no	jmdict		6.2	15.6	35.2
ショット	2	shooting	no	jmdict		6.2	15.6	35.2
フローチャート	0	flowchart;flow chart	no	jmdict		3.4	18.3	0.6
セレニウム	0	selenium	no	jmdict		11.9	9.8	0.3
ラスタ	0	raster	no	jmdict		3.9	17.8	0.9
ラスタ	1	rasta;rastafarian	no	jmdict		3.9	17.8	0.9
プレゼント	0	present;gift	no	jmdict		3.4	18.2	48.3
ユーロ	0	euro	no	jmdict		1.6	20.0	44.4
ユーロ	1	european	no	jmdict		1.6	20.0	44.4
リニューアル	0	renewal;renovation;overhaul;update;repair;improvement	no	jmdict		0.7	20.9	63.8
スポットライト	0	spotlight	no	jmdict		9.2	12.4	5.3
スポットライト	1	close observation	no	jmdict		9.2	12.4	5.3
ディール	0	deal	no	jmdict		0.5	21.1	17.8
ストーン	0	stone	no	jmdict		1.1	20.4	47.2
ストーン	1	bijou;trinket;gemstone	no	jmdict		1.1	20.4	47.2
ストーン	2	curling stone;curling rock	no	jmdict		1.1	20.4	47.2
セール	0	sale	no	jmdict		1.1	20.4	15.7
チャイニーズ	0	chinese	no	jmdict		1.1	20.4	18.4
ドレーン	0	drain	no	jmdict		19.0	2.5	2.1
ス	0	sioux	no	jmdict	chi,fre	21.3	0.2	3.1
ス	1	sou	no	jmdict	chi,fre	21.3	0.2	3.1
ス	2	four	no	jmdict	chi,fre	21.3	0.2	3.1
インターセプター	0	interceptor	no	jmdict		20.4	1.1	0.6
セリフ	0	serif	no	jmdict		8.7	12.8	20.3
セリフ	1	line;one's lines	no	jmdict		8.7	12.8	20.3
セリフ	2	comment;remark;phrase;words	no	jmdict		8.7	12.8	20.3
セリフ	3	stock phrase;set phrase;platitude	no	jmdict		8.7	12.8	20.3
ハック	0	hack	yes	jmdict		5.3	16.2	6.7
ナチュラル	0	natural	no	jmdict		0.2	21.2	17.8
イーサリアム	0	ethereum;eth	no	jmdict		0.0	21.4	0.5
エピック	0	epic	no	jmdict		0.0	21.4	11.9
データバス	0	data bus	yes	jmdict		0.0	21.4	0.4
フィリップス	0	philips;phillips	no	jmdict		0.0	21.4	16.2
アクセサー	0	accessor	yes	jmdict		20.8	0.5	0.0
ラボラトリーズ	0	laboratories	no	jmdict		0.5	20.9	1.7
セガ	0	sega	no	jmdict		0.2	21.1	20.1
ネバー	0	never	no	jmdict		8.7	12.6	24.2
クライアントサーバー	0	client-server	yes	jmdict		4.8	16.5	0.2
オニオン	0	onion	no	jmdict		0.7	20.6	2.3
バイナリファイル	0	binary file	yes	jmdict		5.3	16.0	0.2
ディメンション	0	dimension	no	jmdict		4.4	16.9	5.5
エレクトリック	0	electric	no	jmdict		0.5	20.8	21.6
ギャップ	0	gap	no	jmdict		11.2	10.0	9.0
ギャップ	1	difference;disparity;discrepancy;disconnect	no	jmdict		11.2	10.0	9.0
ミドル	0	middle	no	jmdict		4.1	17.1	20.2
ミドル	1	middle age	no	jmdict		4.1	17.1	20.2
アドミニストレーター	0	administrator	no	jmdict		8.7	12.5	1.0
アラウンド	0	around	no	jmdict		3.9	17.3	14.1
ミレニアム	0	millennium	no	jmdict		0.0	21.2	9.5
キラー	0	killer;destroyer;annihilator;defeater	no	jmdict		4.6	16.6	19.9
キラー	1	seducer;seductress;tempter;temptress	no	jmdict		4.6	16.6	19.9
キロバイト	0	kilobyte;kb	yes	jmdict		3.0	18.2	0.4
スパイ	0	spy;spying	no	jmdict		3.0	18.2	38.5
パーパス	0	purpose;business purpose;corporate purpose	no	jmdict		3.0	18.2	2.3
ユース	0	youth	no	jmdict		1.4	19.8	54.7
ユース	1	use	no	jmdict		1.4	19.8	54.7
センシティブ	0	sensitive	no	jmdict		9.8	11.3	1.6
サーブレット	0	servlet	no	jmdict		2.1	19.1	0.7
デスクリプタ	0	descriptor	no	jmdict		20.6	0.5	0.0
プロトタイピング	0	prototyping	no	jmdict		1.8	19.3	0.5
ガラス	0	glass;pane	no	jmdict	dut	0.2	20.9	47.2
ナイト	0	knight	no	jmdict		2.5	18.6	151.1
ナイト	1	night	no	jmdict		2.5	18.6	151.1
ランチャー	0	launcher	no	jmdict		7.1	14.0	7.5
ポーリング	0	polling	no	jmdict		11.7	9.4	1.2
ギヤ	0	gear	no	jmdict		1.4	19.7	11.1
リレーショナルデータベース	0	relational database;rdb	yes	jmdict		4.4	16.7	0.2
フリーソフト	0	freeware	yes	jmdict		0.9	20.1	0.6
フリーソフト	1	free software;libre software	yes	jmdict		0.9	20.1	0.6
クーラー	0	air conditioner	no	jmdict		0.0	21.0	2.6
クーラー	1	cooler	no	jmdict		0.0	21.0	2.6
モーター	0	motor;engine	no	jmdict		0.0	21.0	35.9
モノリシック	0	monolithic	yes	jmdict		1.4	19.6	0.4
ダブルクリック	0	double click	yes	jmdict		11.4	9.5	0.3
プログラマブル	0	programmable	yes	jmdict		0.5	20.5	0.5
ポルノ	0	pornography;porn;porno	no	jmdict		0.2	20.7	21.9
プロップ	0	prop	no	jmdict		20.6	0.2	5.3
ユビキタス	0	ubiquitous computing	yes	jmdict		1.1	19.7	1.3
ユビキタス	1	ubiquitous	no	jmdict		1.1	19.7	1.3
デストラクター	0	destructor	yes	jmdict		8.0	12.8	0.3
コントロールパネル	0	control panel	yes	jmdict		4.1	16.7	0.5
トランスレーター	0	translator	no	jmdict		8.5	12.3	1.1
アイビー	0	ivy	no	jmdict		3.0	17.8	4.3
アイビー	1	ivy league	no	jmdict		3.0	17.8	4.3
ビクター	0	victor	no	jmdict		8.2	12.5	39.5
サニタイザー	0	hand sanitizer;disinfectant;antiseptic;germicide	no	jmdict		20.6	0.1	0.0
サニタイザー	1	disinfectant dispenser	no	jmdict		20.6	0.1	0.0
ジャスティファイ	0	justify	no	jmdict		20.4	0.3	0.3
グループウェア	0	groupware;collaborative software	yes	jmdict		1.6	19.1	0.5
フェデラル	0	federal	no	jmdict		0.7	20.0	10.1
ストレス	0	stress	no	jmdict		9.6	11.0	17.4
ダイヤモンド	0	diamond	no	jmdict		4.1	16.5	64.4
ダイヤモンド	1	diamond;infield	no	jmdict		4.1	16.5	64.4
ダイヤモンド	2	diamonds	no	jmdict		4.1	16.5	64.4
ファイブ	0	five	no	jmdict		0.2	20.4	36.9
トレーシング	0	tracing	no	jmdict		7.6	13.0	0.7
ブレンド	0	blend	no	jmdict		9.8	10.7	7.0
コンビ	0	combination;pair;duo	no	jmdict		2.1	18.5	66.0
カウンシル	0	council	no	jmdict		6.6	13.9	20.2
クイーン	0	queen	no	jmdict		1.8	18.7	61.7
メガバイト	0	megabyte;mb	yes	jmdict		6.4	14.1	0.4
リント	0	lint	no	jmdict		12.6	7.9	1.5
ミラーリング	0	mirroring	yes	jmdict		5.5	15.0	0.4
コンパック	0	compaq	no	jmdict		0.0	20.5	0.5
ジャストシステム	0	justsystems corporation	no	jmdict		0.0	20.5	0.8
トレント	0	torrent;torrenting	yes	jmdict		0.0	20.5	6.6
ジョーク	0	joke	no	jmdict		2.3	18.2	7.0
ピボット	0	pivot	no	jmdict		0.7	19.8	1.5
エッセンシャル	0	essential	no	jmdict		3.0	17.5	5.9
アーケード	0	arcade	no	jmdict		1.4	19.1	35.3
ジャーゴン	0	jargon	no	jmdict		0.2	20.2	0.5
プレゼンス	0	presence	no	jmdict		0.2	20.2	3.4
オペコード	0	operation code;op-code	yes	jmdict		1.6	18.8	0.2
イン	0	in;inside the line	no	jmdict		8.5	11.9	53.1
イン	1	in;inside;internal;interior	no	jmdict		8.5	11.9	53.1
イン	2	enter here;enter;entrance;entry	no	jmdict		8.5	11.9	53.1
イン	3	back nine	no	jmdict		8.5	11.9	53.1
イン	4	inside lane	no	jmdict		8.5	11.9	53.1
イン	5	check-in time	no	jmdict		8.5	11.9	53.1
イン	6	inn;hotel	no	jmdict		8.5	11.9	53.1
エキストラ	0	extra;supernumerary	no	jmdict		8.5	11.9	22.5
エキストラ	1	extra;surplus;excess;additional;special;extraordinary	no	jmdict		8.5	11.9	22.5
リフレクション	0	reflection	no	jmdict		6.0	14.4	1.0
スタンプ	0	stamp	no	jmdict		1.8	18.5	12.9
スタンプ	1	sticker;emoji	no	jmdict		1.8	18.5	12.9
スタンプ	2	stump	no	jmdict		1.8	18.5	12.9
エキスポ	0	expo;exposition	no	jmdict		6.4	13.9	16.0
シーケンサー	0	sequencer	no	jmdict		1.6	18.7	1.5
シーケンサー	1	programmable logic controller;plc	no	jmdict		1.6	18.7	1.5
アラーム	0	alarm	no	jmdict		14.0	6.3	1.8
プルーン	0	prune	no	jmdict		20.1	0.1	0.4
アピール	0	appeal;plea;request	no	jmdict		2.1	18.2	20.5
アピール	1	appeal;attractiveness;allure	no	jmdict		2.1	18.2	20.5
アピール	2	appeal	no	jmdict		2.1	18.2	20.5
アピール	3	emphasizing;calling attention to;making a display of;showing off;playing up;touting;using as a selling point;pitch	no	jmdict		2.1	18.2	20.5
スタイリング	0	styling	no	jmdict		18.8	1.4	3.3
メインページ	0	main page;home page	no	jmdict		17.2	3.0	0.3
スカイ	0	sky	no	jmdict		1.6	18.6	71.2
インフォマティクス	0	informatics	no	jmdict		0.0	20.2	1.5
インプ	0	impressions	no	jmdict		17.9	2.3	0.5
インプ	1	imp	no	jmdict		17.9	2.3	0.5
プレシジョン	0	precision	no	jmdict		3.7	16.5	2.3
ベリファイ	0	verify	no	jmdict		14.4	5.7	0.2
オーラル	0	oral	no	jmdict		0.0	20.1	6.6
リュー	0	six	no	jmdict	chi	6.2	13.9	8.0
ビジュアライゼーション	0	visualization;visualisation	no	jmdict		2.3	17.8	0.8
オファー	0	offer	no	jmdict		7.6	12.5	19.6
コンボボックス	0	combo box	yes	jmdict		17.6	2.4	0.0
アンサー	0	answer	no	jmdict		4.8	15.2	9.4
チャットボット	0	chatbot	yes	jmdict		3.2	16.8	0.5
スタンド	0	stands;bleachers	no	jmdict		5.5	14.5	35.6
スタンド	1	stand;counter	no	jmdict		5.5	14.5	35.6
スタンド	2	stand	no	jmdict		5.5	14.5	35.6
スタンド	3	desk lamp;floor lamp;standard lamp	no	jmdict		5.5	14.5	35.6
スタンド	4	station	no	jmdict		5.5	14.5	35.6
スイング	0	swing	no	jmdict		0.0	20.0	14.1
リーズン	0	reason	no	jmdict		11.4	8.5	4.6
アクセント	0	accent;stress;pitch accent	no	jmdict		9.8	10.1	12.6
アクセント	1	intonation;inflection;cadence	no	jmdict		9.8	10.1	12.6
アクセント	2	accent	no	jmdict		9.8	10.1	12.6
アクセント	3	accent;highlight;emphasis	no	jmdict		9.8	10.1	12.6
ペネトレーションテスト	0	penetration test	yes	jmdict		12.8	7.1	0.1
シンガポール	0	singapore	no	jmdict		0.2	19.7	49.3
サブコマンド	0	subcommand	yes	jmdict		18.1	1.8	0.1
マニュファクチャリング	0	manufacturing	no	jmdict		3.2	16.7	3.8
トピックス	0	topics	no	jmdict		5.5	14.4	22.3
トピックス	1	tokyo stock price index;topix	no	jmdict		5.5	14.4	22.3
クエーサー	0	quasar;quasi-stellar object;qso	no	jmdict		19.0	0.8	1.4
ブラックリスト	0	blacklist	no	jmdict		7.3	12.5	2.7
リスクアセスメント	0	risk assessment	no	jmdict		17.4	2.4	0.3
ミックスト	0	mixed	no	jmdict		3.2	16.6	7.0
プロジェクトチーム	0	project team	no	jmdict		15.3	4.4	2.2
パーク	0	park	no	jmdict		0.5	19.3	129.2
パーク	1	parking	no	jmdict		0.5	19.3	129.2
パーク	2	perk;special ability	no	jmdict		0.5	19.3	129.2
ショートカットキー	0	shortcut key	yes	jmdict		7.1	12.6	0.2
ネットワークアドレス	0	network address	yes	jmdict		7.1	12.6	0.2
プリセット	0	preset	no	jmdict		7.8	11.9	1.4
レイト	0	rate	no	jmdict		0.2	19.4	12.9
レイト	1	rating;ranking	no	jmdict		0.2	19.4	12.9
レイト	2	late	no	jmdict		0.2	19.4	12.9
エージェンシー	0	agency	no	jmdict		4.8	14.8	26.4
ショッピング	0	shopping	no	jmdict		5.5	14.1	15.8
プロモーション	0	promotion	no	jmdict		4.6	15.0	33.7
コンペティション	0	competition	no	jmdict		0.7	18.9	15.7
ペンギン	0	penguin	no	jmdict		0.7	18.9	19.1
アンノウン	0	unknown	no	jmdict		13.3	6.2	5.8
スペイン	0	spain	no	jmdict		0.7	18.8	136.9
エンド	0	and	no	jmdict		5.0	14.4	31.2
エンド	1	end;ending	no	jmdict		5.0	14.4	31.2
セミコンダクター	0	semiconductor	no	jmdict		0.0	19.4	0.7
タイムシェアリングシステム	0	time-sharing system	yes	jmdict		0.0	19.4	0.3
シックス	0	six	no	jmdict		0.7	18.7	19.9
シックス	1	sixth	no	jmdict		0.7	18.7	19.9
システムソフトウェア	0	system software	yes	jmdict		1.4	18.0	0.6
トライ	0	try;attempt	no	jmdict		5.7	13.6	14.9
トライ	1	try	no	jmdict		5.7	13.6	14.9
ヤング	0	young	no	jmdict		0.2	19.1	90.6
ヤング	1	youth;young person	no	jmdict		0.2	19.1	90.6
サクセス	0	success	no	jmdict		3.2	16.1	9.5
シナモン	0	cinnamon	no	jmdict		0.0	19.3	3.7
エクスクルーシブ	0	exclusive	no	jmdict		3.0	16.3	11.2
トレード	0	trade;trading	no	jmdict		2.1	17.2	52.7
ハッカソン	0	hackathon	no	jmdict		0.5	18.8	0.5
バグフィックス	0	bug fix	yes	jmdict		11.9	7.3	0.1
ブーム	0	boom;craze;fad	no	jmdict		0.2	19.0	30.5
ブーム	1	boom	no	jmdict		0.2	19.0	30.5
パーソナライズ	0	personalization	no	jmdict		11.0	8.2	0.3
メダル	0	medal	no	jmdict		0.0	19.2	111.4
チェックアウト	0	checking out;check-out	no	jmdict		12.1	7.0	0.7
ケイ	0	kelvin	no	jmdict		1.8	17.3	14.7
ケイ	1	karat;carat	no	jmdict		1.8	17.3	14.7
ケイ	2	potassium	no	jmdict		1.8	17.3	14.7
ケイ	3	king	no	jmdict		1.8	17.3	14.7
ケイ	4	key;black	no	jmdict		1.8	17.3	14.7
ケイ	5	kitchen	no	jmdict		1.8	17.3	14.7
プリンティング	0	printing	no	jmdict		3.2	15.9	3.6
ゲームソフト	0	video game;computer game;console game	no	jmdict		0.0	19.1	18.0
リストア	0	restoration	no	jmdict		10.8	8.3	0.3
リストア	1	restore;recovery	yes	jmdict		10.8	8.3	0.3
ガイ	0	guy	no	jmdict		2.1	17.0	16.4
カルチャー	0	culture	no	jmdict		0.5	18.6	41.9
ロット	0	lot;batch	no	jmdict		2.7	16.3	7.8
ロット	1	lot;plot	no	jmdict		2.7	16.3	7.8
ロット	2	lottery;lotto	no	jmdict		2.7	16.3	7.8
キャッスル	0	castle	no	jmdict		12.8	6.2	15.4
キャッスル	1	compact application solution language;casl	yes	jmdict		12.8	6.2	15.4
キャリー	0	carry;carrying	no	jmdict		1.1	17.9	11.0
フォワーディング	0	forwarding	no	jmdict		8.0	11.0	0.2
タイ	0	tie;necktie	no	jmdict		4.1	14.9	94.2
タイ	1	tie;draw;tied score	no	jmdict		4.1	14.9	94.2
タイ	2	tie	no	jmdict		4.1	14.9	94.2
タイ	3	sea bream;porgy	no	jmdict		4.1	14.9	94.2
タイ	4	thailand	no	jmdict		4.1	14.9	94.2
ペイ	0	pay;salary	no	jmdict		4.1	14.9	8.8
ペイ	1	to pay;to be profitable	no	jmdict		4.1	14.9	8.8
ペイ	2	heroin	no	jmdict		4.1	14.9	8.8
マルチユーザー	0	multi-user;multiuser	yes	jmdict		0.9	18.1	0.3
アフィリエイト	0	affiliate;affiliation	no	jmdict		1.6	17.4	1.3
フライト	0	flight	no	jmdict		3.9	15.1	26.8
ローカライゼーション	0	localization;localisation	yes	jmdict		8.2	10.7	1.3
ファンド	0	fund	no	jmdict		0.5	18.5	15.5
フレッツ	0	flet's	no	jmdict		0.0	18.9	2.2
スクラッチ	0	scratch	no	jmdict		8.5	10.4	2.9
エピソード	0	episode;anecdote;vignette	no	jmdict		2.1	16.8	104.1
エピソード	1	episode	no	jmdict		2.1	16.8	104.1
プレイリスト	0	playlist	no	jmdict		3.4	15.4	5.3
サムシング	0	something	no	jmdict		2.5	16.3	7.1
コンサルタント	0	consultant	no	jmdict		1.6	17.2	14.0
ロボティクス	0	robotics	no	jmdict		0.0	18.8	4.2
ビック	0	big	no	jmdict		0.5	18.3	8.7
キーストローク	0	key-stroke	yes	jmdict		10.3	8.4	0.1
エグザミネーション	0	examination	no	jmdict		14.9	3.8	1.4
アサイン	0	assignment	no	jmdict		12.4	6.3	0.4
フィジックス	0	physics	no	jmdict		1.4	17.3	12.3
フォレンジック	0	forensic	no	jmdict		5.0	13.6	0.4
スケールアップ	0	scale-up	no	jmdict		14.9	3.7	0.5
ビーム	0	beam	no	jmdict		1.6	17.0	36.0
ハッピー	0	happy	no	jmdict		3.9	14.7	55.3
メガ	0	mega;enormous;huge	no	jmdict		0.0	18.6	13.6
ハイヤー	0	hired car with driver;chauffeur-driven vehicle for hire	no	jmdict		2.7	15.8	10.4
シールド	0	shield	no	jmdict		0.0	18.5	20.0
フロップ	0	flop;failure	no	jmdict		0.0	18.5	1.0
フロップ	1	flop	no	jmdict		0.0	18.5	1.0
ワークス	0	works	no	jmdict		0.0	18.5	41.6
コンストラクション	0	construction	no	jmdict		0.7	17.8	6.5
スイス	0	switzerland	no	jmdict	fre	1.4	17.1	58.9
ロシアン	0	russian	no	jmdict		2.1	16.4	22.9
アドバイザリ	0	advisory	no	jmdict		16.0	2.4	0.1
レディネス	0	readiness	no	jmdict		17.4	1.0	0.3
ヘンリー	0	henry	no	jmdict		0.0	18.4	79.2
トーン	0	tone	no	jmdict		4.6	13.8	10.0
ワープ	0	warp	no	jmdict		0.7	17.7	14.3
セ	0	central league;cl	no	jmdict		18.1	0.2	8.5
アドレッシングモード	0	addressing mode	yes	jmdict		0.0	18.3	0.2
ヘッドホン	0	headphone;headphones	no	jmdict		3.0	15.3	4.2
スケルトン	0	skeleton	no	jmdict		13.7	4.5	4.1
スケルトン	1	transparency;translucency;see-through body	no	jmdict		13.7	4.5	4.1
イテレーション	0	iteration	yes	jmdict		14.4	3.8	0.1
プレファレンス	0	preference	no	jmdict		12.8	5.4	1.0
リンター	0	linter	no	jmdict		15.8	2.4	0.1
テレコム	0	telecommunication	no	jmdict		0.2	18.0	6.4
インセット	0	inset	no	jmdict		18.1	0.1	0.0
エバー	0	ever	no	jmdict		0.9	17.3	15.3
フィンガープリント	0	fingerprint	no	jmdict		14.0	4.2	0.1
レジストレーション	0	registration	yes	jmdict		6.2	12.0	1.9
アセンブル	0	assemble	no	jmdict		3.7	14.5	1.2
クロード	0	claude	no	jmdict		2.1	16.1	17.4
レーダー	0	radar	no	jmdict		0.5	17.7	35.9
データマイニング	0	data mining	yes	jmdict		1.1	17.0	0.5
アドバイザリー	0	advisory	no	jmdict		5.7	12.4	3.8
キャンパス	0	campus	no	jmdict		0.9	17.2	57.7
スワイプ	0	swipe	no	jmdict		11.7	6.4	0.5
チート	0	cheating	no	jmdict		4.6	13.5	4.3
インターチェンジ	0	interchange;service interchange	no	jmdict		1.4	16.7	45.0
フルパス	0	full path	no	jmdict		15.3	2.7	0.0
パッシブ	0	passive	no	jmdict		6.0	12.1	2.1
プレミア	0	premium	no	jmdict		0.5	17.6	48.3
プレミア	1	premiere	no	jmdict		0.5	17.6	48.3
アース	0	earth;ground;earthing;grounding	no	jmdict		1.1	16.9	42.9
アース	1	earth	no	jmdict		1.1	16.9	42.9
レビュアー	0	reviewer	no	jmdict		13.5	4.5	1.9
ミニマム	0	minimum	no	jmdict		3.2	14.8	6.3
ファンクションキー	0	function key	yes	jmdict		1.6	16.4	0.3
ニフティー	0	nifty corporation	no	jmdict		0.0	18.0	2.0
バウンド	0	bounce;bound	no	jmdict		6.2	11.8	5.7
クラッキング	0	cracking	yes	jmdict		0.7	17.3	1.1
バックポート	0	backport;backporting	yes	jmdict		11.4	6.5	0.1
ポーズ	0	pose	no	jmdict		12.1	5.8	15.8
ポーズ	1	pose;posturing;pretence;act	no	jmdict		12.1	5.8	15.8
ポーズ	2	baozi	no	jmdict		12.1	5.8	15.8
ポーズ	3	pause	no	jmdict		12.1	5.8	15.8
ポーズ	4	rest	no	jmdict		12.1	5.8	15.8
ルビ	0	ruby	no	jmdict		14.4	3.5	2.3
ルビ	1	ruby character;small hiragana or katakana readings of kanji usually above or to the side of the kanji	no	jmdict		14.4	3.5	2.3
コレクター	0	collector	no	jmdict		10.5	7.4	9.4
コレクター	1	corrector	no	jmdict		10.5	7.4	9.4
デシリアライズ	0	deserialization;deserialize	yes	jmdict		16.7	1.2	0.0
ト	0	vii	no	jmdict		16.7	1.2	4.6
ト	1	turkey	no	jmdict		16.7	1.2	4.6
アゲイン	0	repeat of a deuce	no	jmdict		1.8	16.1	23.4
アゲイン	1	again	no	jmdict		1.8	16.1	23.4
バーチカル	0	vertical	no	jmdict		14.9	3.0	1.7
ジ	0	the	no	jmdict		15.6	2.3	22.8
ジ	1	quintessential;definitive;representative;typical;classic	no	jmdict		15.6	2.3	22.8
リーフ	0	reef	no	jmdict		5.3	12.6	12.3
リーフ	1	leaf	no	jmdict		5.3	12.6	12.3
プライズ	0	prize	no	jmdict		0.2	17.6	13.7
グラフィックスカード	0	graphics card;video card	yes	jmdict		0.9	16.9	0.3
アルミニウム	0	aluminium;aluminum	no	jmdict		0.0	17.8	12.8
クラスタリング	0	clustering	yes	jmdict		2.7	15.0	0.4
クラスタリング	1	clustering;cluster analysis	no	jmdict		2.7	15.0	0.4
シュール	0	surreal	no	jmdict		2.5	15.2	16.4
シュール	1	surrealism	no	jmdict		2.5	15.2	16.4
シュール	2	shul;schul;synagogue	no	jmdict		2.5	15.2	16.4
ヘッディング	0	heading	no	jmdict		16.5	1.2	2.8
ヘッディング	1	header;heading	no	jmdict		16.5	1.2	2.8
ヘッディング	2	headbutt	no	jmdict		16.5	1.2	2.8
アニバーサリー	0	anniversary	no	jmdict		0.0	17.7	49.2
マイクロプログラム	0	microprogram;microprogramme	yes	jmdict		0.0	17.7	0.2
イコール	0	equal;equivalent	no	jmdict		10.1	7.6	2.7
イコール	1	equals sign;equality sign	no	jmdict		10.1	7.6	2.7
イコール	2	equals	no	jmdict		10.1	7.6	2.7
リカーシブ	0	recursive	yes	jmdict		2.3	15.4	0.4
コントリビューション	0	contribution	no	jmdict		11.4	6.2	2.0
バックライト	0	backlight;backlighting	no	jmdict		0.5	17.2	1.3
バックライト	1	backlight	no	jmdict		0.5	17.2	1.3
バックライト	2	backup light;reversing light	no	jmdict		0.5	17.2	1.3
ムーア	0	moor;moorland	no	jmdict		0.2	17.4	17.0
グルービー	0	groovy	no	jmdict		0.0	17.6	1.7
ゼネラル	0	general	no	jmdict		0.0	17.6	12.3
サーフェス	0	surface	no	jmdict		3.7	13.9	1.1
ダメージ	0	damage	no	jmdict		5.0	12.5	41.1
ギャング	0	gang	no	jmdict		5.7	11.8	21.3
ギャング	1	gangster	no	jmdict		5.7	11.8	21.3
クオーツ	0	quartz	no	jmdict		0.0	17.5	2.7
コミットメント	0	commitment	no	jmdict		4.1	13.3	1.7
ハミング	0	humming	no	jmdict		0.2	17.2	2.4
アクセサリー	0	accessory;jewelry	no	jmdict		0.9	16.5	8.7
アクセサリー	1	accessory	no	jmdict		0.9	16.5	8.7
イタリア	0	italy	no	jmdict	ita	0.9	16.5	207.5
インターオペラビリティー	0	interoperability	yes	jmdict		0.0	17.4	0.3
デンマーク	0	denmark	no	jmdict		0.7	16.7	49.8
スプリント	0	sprint	no	jmdict		1.6	15.7	16.8
スプリント	1	splint	no	jmdict		1.6	15.7	16.8
ペース	0	pace	no	jmdict		6.9	10.4	15.2
セミナー	0	seminar	no	jmdict		3.0	14.3	19.0
エディティング	0	editing	no	jmdict		1.4	15.9	1.4
シン	0	thin	no	jmdict		14.4	2.8	25.8
シン	1	shin	no	jmdict		14.4	2.8	25.8
バルク	0	bulk	no	jmdict		4.8	12.4	3.5
ノルウェー	0	norway	no	jmdict		0.9	16.3	44.0
パイル	0	pile	no	jmdict		14.9	2.3	2.8
ジェリー	0	jello;jelly;gelatin dessert	no	jmdict		13.3	3.9	21.6
ジェリー	1	gel;jelly	no	jmdict		13.3	3.9	21.6
ディザー	0	dither;dithering	yes	jmdict		0.7	16.5	0.5
ストック	0	stock;inventory	no	jmdict		0.5	16.7	15.4
ストック	1	stocking up	no	jmdict		0.5	16.7	15.4
ストック	2	stock	no	jmdict		0.5	16.7	15.4
ストック	3	stock;share	no	jmdict		0.5	16.7	15.4
ストック	4	garden stock;gillyflower	no	jmdict		0.5	16.7	15.4
ストック	5	ski pole;ski stick	no	jmdict		0.5	16.7	15.4
ストック	6	trekking pole;hiking staff;walking stick	no	jmdict		0.5	16.7	15.4
シスコシステムズ	0	cisco systems	no	jmdict		0.9	16.2	0.5
ナッシング	0	nothing	no	jmdict		1.6	15.5	6.7
ナッシング	1	no balls;count of zero	no	jmdict		1.6	15.5	6.7
ナッシング	2	without;none at all	no	jmdict		1.6	15.5	6.7
メンバーシップ	0	membership	no	jmdict		6.4	10.6	2.4
ロスト	0	lost;loss	no	jmdict		4.8	12.2	29.8
ロスト	1	to lose	no	jmdict		4.8	12.2	29.8
ロスト	2	lost	no	jmdict		4.8	12.2	29.8
ランプ	0	lamp;light	no	jmdict		1.6	15.4	21.3
ランプ	1	lamp	no	jmdict		1.6	15.4	21.3
ランプ	2	ramp	no	jmdict		1.6	15.4	21.3
ランプ	3	rump	no	jmdict		1.6	15.4	21.3
サロゲート	0	surrogate	no	jmdict		15.6	1.4	0.2
スレート	0	slate	no	jmdict		0.0	17.0	3.8
フラクタル	0	fractal	no	jmdict		0.0	17.0	2.0
アサート	0	assert	no	jmdict		12.4	4.6	0.1
アルパイン	0	alpine	no	jmdict		6.9	10.1	2.6
サブパス	0	subpath	yes	jmdict		16.9	0.0	0.0
フィンランド	0	finland	no	jmdict		1.1	15.8	41.7
セグメンテーション	0	segmentation	no	jmdict		3.4	13.5	0.7
フィッシュ	0	fish	no	jmdict		4.1	12.8	22.6
ギガバイト	0	gigabyte;gb	yes	jmdict		3.2	13.7	0.3
コンピューターサイエンス	0	computer science	no	jmdict		3.2	13.7	1.0
ソナー	0	sonar	no	jmdict		0.0	16.9	5.7
テレグラフ	0	telegraph	no	jmdict		0.0	16.9	16.2
アンパック	0	unpacking	yes	jmdict		16.3	0.6	0.0
フェーク	0	fake	no	jmdict		3.7	13.2	9.8
フェーク	1	improvisation;ad-lib;vocal run;vocal riff	no	jmdict		3.7	13.2	9.8
フェーク	2	feint	no	jmdict		3.7	13.2	9.8
アニマル	0	animal	no	jmdict		3.4	13.4	19.3
トリアージ	0	triage	no	jmdict	fre	14.7	2.1	0.8
アドバンテージ	0	advantage	no	jmdict		1.8	14.9	4.0
アドバンテージ	1	advantage;advantage rule	no	jmdict		1.8	14.9	4.0
マニア	0	enthusiast	no	jmdict		0.0	16.7	20.5
マニア	1	mania;enthusiasm	no	jmdict		0.0	16.7	20.5
ネーミング	0	naming;branding	no	jmdict		2.3	14.4	8.4
ホテル	0	hotel	no	jmdict		4.6	12.1	156.8
バックボーン	0	backbone;support	no	jmdict		1.1	15.5	1.8
バックボーン	1	backbone	yes	jmdict		1.1	15.5	1.8
ムービング	0	moving	no	jmdict		1.1	15.5	4.5
ソリッドステート	0	solid-state	no	jmdict		1.8	14.8	0.7
ドッグ	0	dock	no	jmdict		2.5	14.1	36.3
ドッグ	1	thorough physical examination	no	jmdict		2.5	14.1	36.3
ドッグ	2	dog	no	jmdict		2.5	14.1	36.3
ドッグ	3	hotdog	no	jmdict		2.5	14.1	36.3
ドッグ	4	firedog;andiron	no	jmdict		2.5	14.1	36.3
テスター	0	multimeter;multitester;volt-ohm-milliammeter	no	jmdict		3.9	12.7	2.0
ルネサス	0	renesas	no	jmdict		0.0	16.6	1.0
パズル	0	puzzle	no	jmdict		2.3	14.3	18.5
ミニマル	0	minimal	no	jmdict		6.0	10.6	1.7
サーフ	0	surf	no	jmdict		0.2	16.3	4.7
グラフィックカード	0	graphics card;video card	yes	jmdict		0.9	15.6	0.3
オープナー	0	opener	no	jmdict		16.0	0.4	1.3
シカゴ	0	chicago	no	jmdict		0.5	16.0	59.9
シップ	0	ship	no	jmdict		3.9	12.5	23.2
レノボ	0	lenovo	no	jmdict		0.0	16.4	0.7
ターゲッティング	0	targeting	no	jmdict		4.6	11.8	1.9
バイザー	0	visor	no	jmdict		1.4	15.0	2.2
ペンディング	0	pending	no	jmdict		13.7	2.6	0.6
タイトルバー	0	title bar	yes	jmdict		6.0	10.4	0.1
フェイル	0	failure	no	jmdict		4.1	12.2	1.2
スタンバイ	0	standby	no	jmdict		2.5	13.7	2.0
エコノミスト	0	economist	no	jmdict		0.0	16.2	7.4
エコノミスト	1	the economist	no	jmdict		0.0	16.2	7.4
メサ	0	mesa	no	jmdict	spa	0.0	16.2	2.8
アピアランス	0	appearance	no	jmdict		12.1	4.0	1.5
インデクス	0	index	no	jmdict		13.5	2.6	0.0
アドレスバス	0	address bus	yes	jmdict		0.0	16.1	0.2
アマチュア	0	amateur	no	jmdict		0.0	16.1	41.1
プロッター	0	plotter	yes	jmdict		0.0	16.1	0.5
パックス	0	pax;peace	no	jmdict	lat	4.4	11.7	2.6
アヘッド	0	ahead	no	jmdict		2.7	13.3	5.3
レイトレーシング	0	ray-tracing	yes	jmdict		0.2	15.8	0.3
スナップドラゴン	0	snapdragon	no	jmdict		0.0	16.0	1.0
パッシング	0	headlight flashing;high beaming	no	jmdict		0.7	15.3	0.9
パッシング	1	passing shot	no	jmdict		0.7	15.3	0.9
パッシング	2	passing	no	jmdict		0.7	15.3	0.9
シス	0	cis	no	jmdict		14.7	1.3	3.6
シス	1	commonwealth of independent states;cis	no	jmdict		14.7	1.3	3.6
シス	2	critical incident stress;cis	no	jmdict		14.7	1.3	3.6
シス	3	strategic information system	no	jmdict		14.7	1.3	3.6
シス	4	sister	no	jmdict		14.7	1.3	3.6
シス	5	sith	no	jmdict		14.7	1.3	3.6
エフェクティブ	0	effective	no	jmdict		3.9	12.0	2.8
コングレス	0	congress	no	jmdict		0.0	15.9	12.0
シスコ	0	san francisco	no	jmdict		0.0	15.9	1.9
シスコ	1	cisco systems;sysco	no	jmdict		0.0	15.9	1.9
グルー	0	glue	no	jmdict		4.4	11.5	3.7
グルー	1	grue	no	jmdict		4.4	11.5	3.7
ツイン	0	twin	no	jmdict		1.1	14.7	27.8
ツイン	1	twin room;double room	no	jmdict		1.1	14.7	27.8
サー	0	sir	no	jmdict		11.9	3.9	26.9
コミュニケーター	0	communicator;operator in a telemarketing business	no	jmdict		0.0	15.8	0.8
デビュー	0	debut;doing something for the first time	no	jmdict	fre	0.0	15.8	321.2
デビュー	1	starting anew;starting afresh	no	jmdict	fre	0.0	15.8	321.2
ミキサー	0	mixer	no	jmdict		0.7	15.1	4.4
ミキサー	1	blender	no	jmdict		0.7	15.1	4.4
ブリティッシュ	0	british	no	jmdict		0.2	15.5	40.6
マスコット	0	mascot	no	jmdict		0.2	15.5	23.6
ニンテンドー	0	nintendo	no	jmdict		0.0	15.7	18.6
フォローアップ	0	follow-up	no	jmdict		13.1	2.6	1.7
ハンドシェイク	0	handshake	yes	jmdict		11.4	4.2	0.1
ファーム	0	farm	no	jmdict		1.1	14.5	17.5
ファーム	1	farm team	no	jmdict		1.1	14.5	17.5
ファーム	2	firm	no	jmdict		1.1	14.5	17.5
コンバージョン	0	conversion	no	jmdict		13.3	2.3	1.2
クリスタル	0	crystal	no	jmdict		0.0	15.6	35.0
パラドックス	0	paradox	no	jmdict		0.0	15.6	8.7
ビジター	0	visitor	no	jmdict		4.4	11.2	8.9
ビジター	1	visiting team	no	jmdict		4.4	11.2	8.9
アドミニストレーション	0	administration	yes	jmdict		2.7	12.8	9.3
レポーター	0	reporter	no	jmdict		11.2	4.3	58.1
ケルベロス	0	cerberus	no	jmdict	gre	1.8	13.7	2.9
ホールディングス	0	holdings	no	jmdict		0.2	15.3	23.3
パラメトリック	0	parametric	no	jmdict		0.9	14.6	0.8
エキスパートシステム	0	expert system	yes	jmdict		0.0	15.5	0.3
ボールド	0	bold;boldface	no	jmdict		4.6	10.9	5.4
ボールド	1	blackboard	no	jmdict		4.6	10.9	5.4
ロサンゼルス	0	los angeles	no	jmdict		0.2	15.2	72.0
ピース	0	peace	no	jmdict		3.2	12.2	19.7
ピース	1	peace sign;v sign	no	jmdict		3.2	12.2	19.7
ピース	2	piece	no	jmdict		3.2	12.2	19.7
カシオ	0	casio	no	jmdict		0.0	15.4	1.9
カシオ	1	cascio	no	jmdict		0.0	15.4	1.9
ダイナミックレンジ	0	dynamic range	yes	jmdict		2.3	13.1	0.8
ファジー	0	fuzzy	no	jmdict		2.3	13.1	3.0
デマンド	0	demand	no	jmdict		1.4	14.0	6.0
イメージファイル	0	image file	no	jmdict		2.1	13.3	0.2
ポリ	0	polyethylene	no	jmdict		1.8	13.5	4.0
ポリ	1	polyphony	no	jmdict		1.8	13.5	4.0
ポリ	2	police;police officer;cop	no	jmdict		1.8	13.5	4.0
ペリフェラル	0	peripheral	yes	jmdict		0.0	15.3	1.0
リッピング	0	ripping	yes	jmdict		0.0	15.3	0.4
フラグメンテーション	0	fragmentation	no	jmdict		3.7	11.6	0.5
オクターブ	0	octave	no	jmdict	fre	2.1	13.2	2.9
コサイン	0	cosine	no	jmdict		2.7	12.5	0.4
エドガー	0	edgar	no	jmdict		0.2	15.0	12.8
プラネット	0	planet	no	jmdict		0.2	15.0	33.2
リボン	0	ribbon	no	jmdict		0.2	15.0	28.4
オールインワン	0	all-in-one	no	jmdict		2.5	12.7	0.5
ソックス	0	socks	no	jmdict		4.6	10.6	16.1
ソックス	1	sulfur oxide;sulphur oxide	no	jmdict		4.6	10.6	16.1
シリア	0	syria	no	jmdict		13.1	2.1	31.8
ドア	0	door	no	jmdict		5.0	10.1	35.7
セコイア	0	sequoia;redwood	no	jmdict	lat	0.2	14.9	1.2
トップダウン	0	top down	yes	jmdict		2.5	12.6	0.7
アセスメント	0	assessment	no	jmdict		4.8	10.3	7.4
リーチ	0	reach	no	jmdict		4.8	10.3	24.5
リーチ	1	riichi;declaring that one is one tile away from winning while one's hand is completely concealed	no	jmdict		4.8	10.3	24.5
リーチ	2	being one step away from victory	no	jmdict		4.8	10.3	24.5
リーチ	3	leech	no	jmdict		4.8	10.3	24.5
ジム	0	gym;gymnasium	no	jmdict		0.0	15.1	41.8
パージング	0	parsing	no	jmdict		4.6	10.5	0.2
クラッカー	0	cracker	no	jmdict		0.7	14.4	2.8
クラッカー	1	party popper;cracker	no	jmdict		0.7	14.4	2.8
アッパー	0	upper;upward	no	jmdict		4.4	10.7	13.1
アッパー	1	upper	no	jmdict		4.4	10.7	13.1
アッパー	2	uppercut	no	jmdict		4.4	10.7	13.1
アッパー	3	upper;stimulant	no	jmdict		4.4	10.7	13.1
バイブレーション	0	vibration	no	jmdict		13.5	1.5	1.5
バイブレーション	1	vibrato;trill	no	jmdict		13.5	1.5	1.5
アウトソーシング	0	out-sourcing;outsourcing	no	jmdict		3.9	11.1	1.8
メカニカル	0	mechanical	no	jmdict		0.0	15.0	4.5
ハリス	0	leader;trace;cast;snell	no	jmdict		2.3	12.7	20.5
ヒエラルキー	0	hierarchy	no	jmdict	ger	0.7	14.3	2.0
シュリンク	0	shrink wrap;shrinkwrap	no	jmdict		4.4	10.6	0.7
シュリンク	1	shrink;shrinking	no	jmdict		4.4	10.6	0.7
エクストリーム	0	extreme	no	jmdict		0.5	14.5	5.7
デス	0	death	no	jmdict		0.5	14.5	34.3
デス	1	death metal	no	jmdict		0.5	14.5	34.3
ドラゴン	0	dragon	no	jmdict		0.5	14.5	113.1
ランタイムライブラリ	0	run-time library	yes	jmdict		0.5	14.5	0.2
トラベル	0	travel	no	jmdict		1.8	13.1	21.5
ブラザー	0	brother	no	jmdict		0.2	14.7	10.0
アセンブラー	0	assembler	yes	jmdict		0.9	14.0	0.3
アドウェア	0	adware	yes	jmdict		0.0	14.9	0.2
シンセシス	0	synthesis	no	jmdict		2.3	12.6	6.2
グラント	0	grant	no	jmdict		2.1	12.8	18.0
ピンチ	0	pinch;tough spot;bind;crisis;predicament	no	jmdict		11.9	2.9	9.3
ピンチ	1	clothespin;clothes peg	no	jmdict		11.9	2.9	9.3
アクティベーション	0	activation	no	jmdict		4.1	10.7	0.3
アクティベーション	1	product activation	yes	jmdict		4.1	10.7	0.3
デッキ	0	deck	no	jmdict		0.9	13.9	22.9
デッキ	1	platform;vestibule	no	jmdict		0.9	13.9	22.9
デッキ	2	observation deck	no	jmdict		0.9	13.9	22.9
デッキ	3	tape deck	no	jmdict		0.9	13.9	22.9
ビューロー	0	bureau	no	jmdict		0.0	14.8	19.3
フォード	0	ford	no	jmdict		0.0	14.8	44.8
プレジデント	0	president	no	jmdict		0.2	14.5	28.0
アプリケーションソフト	0	application software	yes	jmdict		0.9	13.8	0.3
トムキャット	0	tomcat	no	jmdict		3.2	11.5	0.7
アーカイバー	0	archiver	yes	jmdict		1.1	13.5	0.4
リカレント	0	recurrent	no	jmdict		0.2	14.4	0.8
リッチー	0	rich;wealthy;affluent	no	jmdict		0.2	14.4	6.5
リッチー	1	rich	no	jmdict		0.2	14.4	6.5
クオーター	0	quarter	no	jmdict		1.6	13.0	7.4
クオーター	1	person with one non-japanese grandparent	no	jmdict		1.6	13.0	7.4
ドルビー	0	dolby;dolbey	no	jmdict		0.0	14.6	2.8
ドルビー	1	dolby laboratories	no	jmdict		0.0	14.6	2.8
プランナー	0	planner	no	jmdict		0.0	14.6	5.6
プランナー	1	game designer	no	jmdict		0.0	14.6	5.6
アドホック	0	ad hoc;temporary;special	no	jmdict	lat	2.3	12.3	0.7
レディー	0	lady	no	jmdict		0.7	13.9	29.7
レディー	1	ready	no	jmdict		0.7	13.9	29.7
デプロイメント	0	deployment	no	jmdict		10.8	3.8	0.1
コーダー	0	coda	no	jmdict	ita	2.1	12.5	0.9
アップデーター	0	updater	yes	jmdict		3.4	11.1	0.3
ガウス	0	gauss	no	jmdict		3.4	11.1	4.6
バッファロー	0	buffalo	no	jmdict		2.5	12.0	12.0
ファクシミリ	0	facsimile	no	jmdict		2.5	12.0	1.8
ファクシミリ	1	fax;fax machine	no	jmdict		2.5	12.0	1.8
デリゲート	0	delegate	yes	jmdict		1.6	12.9	0.2
コードブック	0	code book	no	jmdict		0.0	14.5	0.3
コードブック	1	chord book	no	jmdict		0.0	14.5	0.3
マクスウェル	0	maxwell	no	jmdict		0.0	14.5	6.7
ムーン	0	moon	no	jmdict		0.0	14.5	59.8
アクセスキー	0	access key	yes	jmdict		12.8	1.6	0.1
マルチプロセッシング	0	multiprocessing	yes	jmdict		0.0	14.4	0.2
パドル	0	paddle	no	jmdict		12.8	1.5	2.4
セルラー	0	cellular	no	jmdict		1.6	12.7	3.9
アドビシステムズ	0	adobe systems	no	jmdict		0.0	14.3	0.3
クリプトン	0	krypton	no	jmdict		0.0	14.3	2.3
チャーチ	0	church	no	jmdict		0.0	14.3	15.4
ファミコン	0	famicom;family computer;nintendo entertainment system;nes	no	jmdict		0.0	14.3	21.9
マック	0	mcdonald's	no	jmdict		0.0	14.3	13.4
マック	1	mac;macintosh	no	jmdict		0.0	14.3	13.4
イオン	0	ion	no	jmdict		0.5	13.8	68.8
イオン	1	aeon	no	jmdict		0.5	13.8	68.8
グラマー	0	voluptuous;full-breasted;buxom;busty	no	jmdict		2.7	11.5	6.9
グラマー	1	voluptuous woman;big-breasted woman;glamour girl;glamor girl	no	jmdict		2.7	11.5	6.9
グラマー	2	grammar	no	jmdict		2.7	11.5	6.9
アンプ	0	amp;ampere	no	jmdict		1.1	13.1	5.6
アンプ	1	amplifier	no	jmdict		1.1	13.1	5.6
ストール	0	short take-off and landing;stol	no	jmdict		4.1	10.1	3.0
ストール	1	stole	no	jmdict		4.1	10.1	3.0
ストール	2	stall	no	jmdict		4.1	10.1	3.0
カーン	0	kern	no	jmdict		0.2	14.0	18.4
カーン	1	kahn	no	jmdict		0.2	14.0	18.4
ハイビジョン	0	high-definition television;hdtv	no	jmdict		0.2	14.0	11.2
アイルランド	0	ireland;republic of ireland	no	jmdict		0.9	13.3	79.8
アイルランド	1	ireland	no	jmdict		0.9	13.3	79.8
アディショナル	0	additional	no	jmdict		3.9	10.3	6.6
パンチ	0	punch	no	jmdict		0.0	14.2	26.8
パンチ	1	punching;hole punch	no	jmdict		0.0	14.2	26.8
パンチ	2	punch;impact	no	jmdict		0.0	14.2	26.8
フット	0	foot	no	jmdict		3.0	11.2	11.8
オーバーラップ	0	overlap	no	jmdict		1.1	13.0	4.0
オーバーラップ	1	overwrap	no	jmdict		1.1	13.0	4.0
パーザ	0	parser	yes	jmdict		13.5	0.6	0.0
デイジー	0	daisy	no	jmdict		0.9	13.2	4.5
リキッド	0	liquid	no	jmdict		0.9	13.2	5.3
リキッド	1	liquid hair product	no	jmdict		0.9	13.2	5.3
ウエハー	0	wafer	no	jmdict		0.0	14.1	1.2
シャッフル	0	shuffle;rearranging	no	jmdict		2.1	12.0	8.2
シャッフル	1	shaking	no	jmdict		2.1	12.0	8.2
ドロイド	0	droid	no	jmdict		0.5	13.6	2.2
プロデューサー	0	producer	no	jmdict		2.7	11.3	197.8
リッジ	0	ridge	no	jmdict		1.1	12.9	8.9
ソルバー	0	solver	yes	jmdict		0.2	13.8	0.4
ナビ	0	navigation;navigation system	no	jmdict		0.2	13.8	21.4
ナビ	1	navigator	no	jmdict		0.2	13.8	21.4
ナビ	2	prophet of islam	no	jmdict		0.2	13.8	21.4
ポテンシャル	0	potential	no	jmdict		1.4	12.6	11.6
デフラグ	0	defragmentation	yes	jmdict		0.5	13.5	0.2
バスター	0	fake bunt;slash bunt	no	jmdict		0.5	13.5	13.8
バスター	1	buster;destroyer;exterminator	no	jmdict		0.5	13.5	13.8
ラブ	0	love	no	jmdict		0.5	13.5	196.1
ストーム	0	storm	no	jmdict		1.1	12.8	17.5
コーパス	0	corpus;corpora	no	jmdict		3.4	10.5	3.0
コンピレーション	0	compilation	no	jmdict		1.8	12.1	15.3
トランシーバー	0	transceiver	no	jmdict		2.5	11.4	1.0
トランスフォーメーション	0	transformation	no	jmdict		2.5	11.4	3.0
ウェアラブル	0	wearable	no	jmdict		0.0	13.9	0.8
ジレンマ	0	dilemma	no	jmdict		0.0	13.9	4.2
スピンドル	0	spindle	yes	jmdict		0.0	13.9	1.3
ディズニー	0	disney	no	jmdict		0.0	13.9	64.3
リバー	0	liver	no	jmdict		1.4	12.5	33.1
リバー	1	river	no	jmdict		1.4	12.5	33.1
ディーン	0	dean	no	jmdict		0.5	13.4	17.6
クローム	0	chromium	no	jmdict	fre,ger	10.5	3.3	2.2
スチール	0	steel	no	jmdict		1.1	12.7	23.1
スチール	1	steal	no	jmdict		1.1	12.7	23.1
スチール	2	still	no	jmdict		1.1	12.7	23.1
グロース	0	gross	no	jmdict		0.2	13.6	12.6
グロース	1	gross;total;sum	no	jmdict		0.2	13.6	12.6
グロース	2	gross score	no	jmdict		0.2	13.6	12.6
グロース	3	growth	no	jmdict		0.2	13.6	12.6
シンガー	0	singer	no	jmdict		0.0	13.8	21.0
ムスク	0	musk	no	jmdict		0.0	13.8	2.3
モンキー	0	monkey	no	jmdict		3.0	10.8	17.5
ハングル	0	hangul	no	jmdict	kor	0.5	13.3	6.4
パーティクル	0	particle	yes	jmdict		0.5	13.3	0.3
ショートハンド	0	shorthand	no	jmdict		13.5	0.2	0.1
プリエンプティブ	0	preemptive	yes	jmdict		0.2	13.5	0.2
クラーク	0	clerk;office worker	no	jmdict		0.0	13.7	22.1
クラーク	1	kulak	no	jmdict		0.0	13.7	22.1
ハイレゾ	0	high-res;high resolution	yes	jmdict		0.0	13.7	2.1
マイナビ	0	mynavi corporation	no	jmdict		0.0	13.7	19.2
リブート	0	reboot	yes	jmdict		0.7	13.0	5.2
テレビジョン	0	television	no	jmdict		0.5	13.2	34.0
ギブ	0	give	no	jmdict		3.4	10.2	7.6
ギブ	1	i give up	no	jmdict		3.4	10.2	7.6
ハードル	0	hurdle	no	jmdict		3.4	10.2	7.0
ハードル	1	hurdle race;hurdles	no	jmdict		3.4	10.2	7.0
ハードル	2	hurdle;obstacle	no	jmdict		3.4	10.2	7.0
クック	0	cook	no	jmdict		0.2	13.4	14.6
パーム	0	palm	no	jmdict		0.2	13.4	4.2
パーム	1	palm tree	no	jmdict		0.2	13.4	4.2
ヒューズ	0	fuse	no	jmdict		0.2	13.4	11.7
フライ	0	deep-fried food	no	jmdict		0.9	12.7	45.7
フライ	1	fly	no	jmdict		0.9	12.7	45.7
トランプ	0	playing cards	no	jmdict		0.0	13.6	32.1
トグルボタン	0	toggle button	yes	jmdict		11.4	2.1	0.0
オンラインゲーム	0	online game	no	jmdict		1.1	12.4	5.1
キャラ	0	character	no	jmdict		0.0	13.5	68.6
キャラ	1	character;personality;persona	no	jmdict		0.0	13.5	68.6
プルーフ	0	proof	no	jmdict		0.0	13.5	1.3
プルーフ	1	proof;evidence	no	jmdict		0.0	13.5	1.3
マウンテン	0	mountain	no	jmdict		0.7	12.8	17.3
フェデレーション	0	federation	no	jmdict		2.1	11.4	9.3
マキシマム	0	maximum	no	jmdict		1.8	11.6	5.9
ボーイ	0	boy	no	jmdict		0.0	13.4	60.5
ボーイ	1	bellboy;porter;waiter	no	jmdict		0.0	13.4	60.5
フィン	0	fin;swim fin;flipper	no	jmdict		2.3	11.1	14.2
フィン	1	fin	no	jmdict		2.3	11.1	14.2
フィン	2	finn	no	jmdict		2.3	11.1	14.2
ペルソナ	0	persona	no	jmdict	lat	0.5	12.9	7.4
エレクトロン	0	electron	no	jmdict		2.7	10.6	3.0
コミック	0	comic;comics;comic book;manga	no	jmdict		0.2	13.1	202.3
コミック	1	comic opera	no	jmdict		0.2	13.1	202.3
コミック	2	comic;comical	no	jmdict		0.2	13.1	202.3
パリ	0	paris	no	jmdict		0.2	13.1	125.4
エコノミック	0	economic	no	jmdict		0.0	13.3	15.3
プラッター	0	platter	no	jmdict		0.0	13.3	0.5
グレップ	0	grep	yes	jmdict		1.4	11.9	0.2
メタファー	0	metaphor	no	jmdict		2.1	11.2	1.8
ノンストップ	0	nonstop	no	jmdict		0.5	12.8	7.5
ローンチ	0	launch	no	jmdict		1.1	12.1	3.1
マイナーチェンジ	0	minor change	no	jmdict		0.0	13.2	10.6
マグネチック	0	magnetic	no	jmdict		0.0	13.2	3.1
ペナルティー	0	penalty	no	jmdict		2.3	10.9	11.0
レーザープリンター	0	laser printer	no	jmdict		0.7	12.5	0.5
パシフィック	0	pacific	no	jmdict		1.4	11.8	33.7
シニア	0	senior	no	jmdict		2.1	11.1	26.9
トレーディング	0	trading	no	jmdict		2.7	10.4	3.9
スカラ	0	scala	yes	jmdict		0.2	12.9	3.6
ロイター	0	reuter;reutter	no	jmdict		0.2	12.9	21.5
ロイター	1	reuters	no	jmdict		0.2	12.9	21.5
トランスペアレンシー	0	transparency	no	jmdict		2.5	10.6	0.8
リプライ	0	reply	no	jmdict		2.5	10.6	1.3
ジョイ	0	joy	no	jmdict		0.0	13.1	11.5
ソニック	0	sonic	no	jmdict		0.0	13.1	25.3
ディファレンシャル	0	differential	no	jmdict		0.0	13.1	3.3
マックス	0	max;maximum	no	jmdict		0.0	13.1	36.6
マックス	1	to the max	no	jmdict		0.0	13.1	36.6
マックス	2	mux;multiplexer	no	jmdict		0.0	13.1	36.6
チェックマーク	0	check mark;tick	no	jmdict		10.8	2.3	0.1
シール	0	seal	no	jmdict		1.8	11.2	13.1
シール	1	sticker	no	jmdict		1.8	11.2	13.1
グランド	0	ground;field;playground;stadium	no	jmdict		0.2	12.8	70.9
グランド	1	grand;large	no	jmdict		0.2	12.8	70.9
クーリエ	0	courier	no	jmdict		1.6	11.4	3.5
ニュアンス	0	nuance	no	jmdict	fre	2.3	10.7	4.1
マジックナンバー	0	magic number	no	jmdict		2.3	10.7	0.4
バッチファイル	0	batch file	yes	jmdict		2.1	10.9	0.1
ステー	0	stay;sojourn	no	jmdict		2.5	10.4	16.9
ステー	1	stay;prop;support	no	jmdict		2.5	10.4	16.9
ウォークマン	0	walkman	no	jmdict		0.0	12.9	1.6
バロース	0	browse	yes	jmdict		0.0	12.9	0.3
コンセンサス	0	consensus	no	jmdict		1.4	11.5	2.8
バレー	0	volleyball	no	jmdict		0.5	12.4	34.8
バレー	1	ballet	no	jmdict		0.5	12.4	34.8
バレー	2	valley	no	jmdict		0.5	12.4	34.8
ユニフィケーション	0	unification	no	jmdict		0.5	12.4	0.7
インディビジュアル	0	individual	no	jmdict		1.1	11.7	3.2
ウィクショナリー	0	wiktionary	no	jmdict		0.0	12.8	13.6
ジャーナリスト	0	journalist	no	jmdict		0.0	12.8	38.6
ツイストペアケーブル	0	twisted pair cable	yes	jmdict		0.0	12.8	0.2
バズ	0	buzz	no	jmdict		0.0	12.8	7.6
ブルドーザー	0	bulldozer	no	jmdict		0.5	12.3	1.7
サプライ	0	supply	no	jmdict		1.1	11.6	4.7
コメット	0	comet	no	jmdict		0.2	12.5	7.0
ホリゾンタル	0	horizontal	no	jmdict		10.3	2.4	0.6
レーティング	0	rating;classification;grading	no	jmdict		0.9	11.8	7.1
チモシー	0	timothy;timothy grass	no	jmdict		0.0	12.7	4.5
ベンチャーキャピタル	0	venture capital	no	jmdict		0.0	12.7	1.4
ペンタブレット	0	pen tablet;graphics tablet;drawing tablet	yes	jmdict		0.0	12.7	0.4
モンテカルロ	0	monte carlo	no	jmdict		0.0	12.7	3.7
カントリー	0	country;countryside	no	jmdict		1.8	10.8	32.1
カントリー	1	country;country and western	no	jmdict		1.8	10.8	32.1
カントリー	2	country;nation	no	jmdict		1.8	10.8	32.1
テレコミュニケーション	0	telecommunication	no	jmdict		0.2	12.4	1.2
スケッチ	0	sketch;sketching	no	jmdict		1.6	11.0	10.7
フィロソフィー	0	philosophy	no	jmdict		0.0	12.6	11.3
ストライプ	0	stripe	no	jmdict		1.6	10.9	4.3
マルチプレクサー	0	multiplexer;multiplexor;mux	no	jmdict		0.0	12.5	0.2
スラッグ	0	slug	no	jmdict		12.4	0.1	0.8
ストーリーズ	0	instagram stories	no	jmdict		0.5	12.0	19.7
ハザード	0	hazard	no	jmdict		1.1	11.3	4.3
ハザード	1	hazard flashers;hazard warning lights	no	jmdict		1.1	11.3	4.3
コンパニオン	0	promotional model;female guide;booth babe	no	jmdict		0.9	11.5	9.9
コンパニオン	1	hostess	no	jmdict		0.9	11.5	9.9
コンパニオン	2	companion	no	jmdict		0.9	11.5	9.9
ベトナム	0	vietnam	no	jmdict		0.9	11.5	64.5
ウェイン	0	wane	no	jmdict		0.0	12.4	14.6
ウインド	0	wind	no	jmdict		0.5	11.9	20.3
ウインド	1	wind instrument	no	jmdict		0.5	11.9	20.3
ウインド	2	window	yes	jmdict		0.5	11.9	20.3
ブッシュ	0	bush;thicket;shrub;copse	no	jmdict		0.5	11.9	18.3
ブッシュ	1	bushing;bush	no	jmdict		0.5	11.9	18.3
レイ	0	lei	no	jmdict	haw,rum	1.1	11.2	40.4
ドッキング	0	docking	no	jmdict		0.2	12.1	5.9
ホストコンピューター	0	host computer	yes	jmdict		0.9	11.4	0.3
モンスター	0	monster;monstrosity	no	jmdict		1.6	10.7	94.3
モンスター	1	giant;influential figure;colossus	no	jmdict		1.6	10.7	94.3
モンスター	2	monsterlike;over-demanding;bullying;overbearing;bossy	no	jmdict		1.6	10.7	94.3
センチュリー	0	century	no	jmdict		0.7	11.6	28.9
センチュリー	1	centuri	no	jmdict		0.7	11.6	28.9
ステークホルダ	0	stakeholder;stakeholders	no	jmdict		12.1	0.1	0.0
アウェー	0	away;opponents' ground	no	jmdict		0.9	11.3	27.2
アウェー	1	unfamiliar surroundings;feeling out of place;enemy territory	no	jmdict		0.9	11.3	27.2
シーメンス	0	siemens	no	jmdict		0.0	12.2	3.0
ブルース	0	blues	no	jmdict		0.0	12.2	58.6
ホーン	0	phon	no	jmdict		0.0	12.2	15.7
ホーン	1	horn	no	jmdict		0.0	12.2	15.7
ホーン	2	phone;telephone	no	jmdict		0.0	12.2	15.7
ホーン	3	hone;whetstone	no	jmdict		0.0	12.2	15.7
ロイヤル	0	royal	no	jmdict		0.0	12.2	63.3
フェニックス	0	phoenix	no	jmdict	lat	1.4	10.8	25.6
パンダ	0	panda	no	jmdict		0.5	11.7	12.8
フレンチ	0	french	no	jmdict		0.2	11.9	25.7
フレンチ	1	french food;french cuisine	no	jmdict		0.2	11.9	25.7
ケリー	0	gray-headed lapwing;grey-headed lapwing	no	jmdict		0.0	12.1	24.3
ゲーマー	0	gamer	no	jmdict		0.0	12.1	4.4
ジョージア	0	georgia	no	jmdict		0.5	11.6	30.8
ハイテク	0	high-tech	no	jmdict		0.5	11.6	5.5
ポリモーフィズム	0	polymorphism	no	jmdict		1.1	10.9	0.1
アルバ	0	alvar;biological environment based on a limestone plain with thin or no soil	no	jmdict		11.9	0.1	5.3
カリー	0	curry	no	jmdict		0.9	11.1	3.8
カリー	1	rice and curry	no	jmdict		0.9	11.1	3.8
バリ	0	burr	no	jmdict		10.1	1.9	8.1
バリ	1	very;extremely;awfully;immensely	no	jmdict		10.1	1.9	8.1
アクロス	0	across	no	jmdict		1.4	10.6	8.1
ケバブ	0	kebab	no	jmdict	tur	11.4	0.5	0.6
ディフェンダー	0	defender	no	jmdict		0.5	11.5	11.6
ハイスペック	0	high-spec	no	jmdict		0.2	11.7	0.8
ハイスペック	1	highly competitive;ticking all the boxes	no	jmdict		0.2	11.7	0.8
メンタル	0	mental	no	jmdict		0.2	11.7	6.6
メンタル	1	mental health;mental state;mental resolve;mentality	no	jmdict		0.2	11.7	6.6
ポーティング	0	porting	yes	jmdict		0.9	11.0	0.2
シンクロナイゼーション	0	synchronization;synchronisation	no	jmdict		1.6	10.3	0.3
システムアドミニストレーター	0	system administrator	yes	jmdict		0.0	11.9	0.3
ユニシス	0	unisys	no	jmdict		0.0	11.9	0.2
ジュークボックス	0	juke-box	no	jmdict		0.5	11.4	1.8
コンスル	0	consul	no	jmdict	lat	11.2	0.6	1.1
セブンス	0	seventh	no	jmdict		0.2	11.6	22.3
ファイリング	0	filing	no	jmdict		0.0	11.8	0.8
ブロケード	0	brocade	no	jmdict		0.0	11.8	0.4
エフィシェンシー	0	efficiency	no	jmdict		0.9	10.8	1.5
アポロン	0	apollo	no	jmdict	grc	0.0	11.7	15.9
オフコン	0	office computer	yes	jmdict		0.0	11.7	0.2
ダール	0	indian split pulse;indian pulse stew;dal;daal	no	jmdict	ara,hin	0.0	11.7	5.3
フィッシャー	0	fisher;fisherman	no	jmdict		0.0	11.7	14.6
フィッシャー	1	fisher;pekan	no	jmdict		0.0	11.7	14.6
プリンシプル	0	principle	no	jmdict		0.0	11.7	2.1
コミッション	0	commission	no	jmdict		0.0	11.6	16.1
マット	0	mat	no	jmdict		0.7	10.9	24.4
マット	1	canvas	no	jmdict		0.7	10.9	24.4
マット	2	matte;matt;mat	no	jmdict		0.7	10.9	24.4
マット	3	matte	no	jmdict		0.7	10.9	24.4
エレベーター	0	elevator;lift	no	jmdict		0.5	11.1	23.9
エレベーター	1	elevator	no	jmdict		0.5	11.1	23.9
レ	0	re;ray	no	jmdict		0.2	11.3	40.9
レ	1	real	no	jmdict		0.2	11.3	40.9
レ	2	check mark;tick mark	no	jmdict		0.2	11.3	40.9
コンデンサー	0	capacitor;condenser	no	jmdict		0.0	11.5	3.2
マージャン	0	mahjong;mah-jongg	no	jmdict	chi	0.0	11.5	36.0
ハイフネーション	0	hyphenation	no	jmdict		10.1	1.4	0.1
ルックス	0	lux	no	jmdict		1.1	10.3	5.6
ルックス	1	looks	no	jmdict		1.1	10.3	5.6
タンク	0	tank;cistern;vat	no	jmdict		0.9	10.5	36.9
タンク	1	tank	no	jmdict		0.9	10.5	36.9
エキサイト	0	excitement	no	jmdict		0.0	11.4	15.7
ナップザック	0	knapsack;rucksack;backpack	no	jmdict	ger	0.0	11.4	0.2
アムステルダム	0	amsterdam	no	jmdict		0.5	10.9	18.5
ジュニア	0	junior	no	jmdict		0.5	10.9	96.8
エビデンス	0	evidence	no	jmdict		1.1	10.2	12.2
ウーマン	0	woman	no	jmdict		0.2	11.1	51.4
ポップコーン	0	popcorn	no	jmdict		0.2	11.1	2.5
サーチエンジン	0	search engine	yes	jmdict		0.7	10.6	0.2
シェーピング	0	shaping	yes	jmdict		0.7	10.6	0.8
ヨルダン	0	jordan	no	jmdict		0.5	10.8	18.3
パンク	0	puncture;flat tyre;blowout	no	jmdict		1.1	10.1	17.1
パンク	1	bursting;overflowing;being jammed;reaching breaking point;collapse;breakdown;going bankrupt	no	jmdict		1.1	10.1	17.1
パンク	2	punk	no	jmdict		1.1	10.1	17.1
エイト	0	eight	no	jmdict		0.2	11.0	19.8
クリッパー	0	clipper	no	jmdict		0.0	11.2	1.9
メープル	0	maple	no	jmdict		0.0	11.2	6.7
メープル	1	maple syrup	no	jmdict		0.0	11.2	6.7
ワット	0	watt	no	jmdict		0.0	11.2	7.9
ファクトリアル	0	factorial	no	jmdict		0.5	10.7	0.3
デタッチ	0	detach	yes	jmdict		10.5	0.6	0.0
シドニー	0	sydney	no	jmdict		0.9	10.2	30.5
ドングル	0	dongle	yes	jmdict		0.9	10.2	0.2
ニーモニック	0	mnemonic	yes	jmdict		0.9	10.2	0.1
ベイズ	0	bayesian	no	jmdict		0.0	11.1	2.0
メディカル	0	medical	no	jmdict		0.7	10.4	25.1
コンフィグ	0	config;configuration	yes	jmdict		10.3	0.7	0.1
オーバーラン	0	overrunning	no	jmdict		0.9	10.1	1.8
オーバーラン	1	overrun;overshoot	no	jmdict		0.9	10.1	1.8
エニグマ	0	enigma	no	jmdict		0.0	11.0	2.6
シンボリックス	0	symbolics	no	jmdict		0.0	11.0	0.1
マザー	0	mother	no	jmdict		0.0	11.0	18.9
マザー	1	motherboard	yes	jmdict		0.0	11.0	18.9
マザー	2	mother;mother superior	no	jmdict		0.0	11.0	18.9
セキ	0	barrier;gate	no	jmdict		10.8	0.2	1.2
セキ	1	seki;mutual life	no	jmdict		10.8	0.2	1.2
クロスオーバー	0	crossover	no	jmdict		0.0	10.9	9.3
ジャイアント	0	giant	no	jmdict		0.0	10.9	16.5
スチューデント	0	student	no	jmdict		0.0	10.9	5.2
スピンオフ	0	spin-off;spinoff	no	jmdict		0.0	10.9	17.7
ハイスピード	0	high speed	no	jmdict		0.0	10.9	3.1
コリジョン	0	collision	no	jmdict		0.2	10.6	1.9
グルメ	0	fine food;high-quality food	no	jmdict	fre	0.0	10.8	23.2
グルメ	1	gourmet;epicure;gastronome	no	jmdict	fre	0.0	10.8	23.2
タンデム	0	tandem;passenger on a motorcycle	no	jmdict		0.0	10.8	2.6
ボー	0	bow	no	jmdict		0.0	10.8	5.3
ボー	1	bow;bowknot	no	jmdict		0.0	10.8	5.3
ボー	2	bow tie	no	jmdict		0.0	10.8	5.3
ボー	3	baud	yes	jmdict		0.0	10.8	5.3
リコール	0	recall;removal of an elected official from office though a petition and popular vote	no	jmdict		0.0	10.8	7.0
リコール	1	recall	no	jmdict		0.0	10.8	7.0
リナックス	0	linux	no	jmdict		0.0	10.8	0.3
レミントン	0	remington	no	jmdict		0.0	10.8	2.2
パイロット	0	pilot	no	jmdict		0.7	10.1	55.2
ラインプリンター	0	line printer	no	jmdict		0.5	10.3	0.2
ルナ	0	luna	no	jmdict		0.5	10.3	16.1
エコノミックス	0	economics	no	jmdict		0.2	10.5	9.2
オピニオン	0	opinion	no	jmdict		0.2	10.5	7.8
クラック	0	crack	no	jmdict		0.2	10.5	2.8
フロンティア	0	frontier	no	jmdict		0.2	10.5	17.4
フロンティア	1	frontier;forefront	no	jmdict		0.2	10.5	17.4
オープンシステム	0	open system	no	jmdict		0.0	10.7	0.3
クロニクル	0	chronicle	no	jmdict		0.0	10.7	38.2
ビデオカメラ	0	video camera;video camcorder	no	jmdict		0.5	10.2	2.7
ハイドレート	0	hydrate	no	jmdict		10.5	0.1	0.6
ホーア	0	whore	no	jmdict		0.2	10.4	0.2
アソシエート	0	associate	no	jmdict		0.0	10.6	5.0
オフィスコンピューター	0	office computer	yes	jmdict		0.0	10.6	0.2
ノンリニア	0	nonlinear	yes	jmdict		0.0	10.6	0.4
ファイン	0	fine	no	jmdict		0.0	10.6	6.0
ベライゾン	0	verizon	no	jmdict		0.0	10.6	1.1
ボーカル	0	vocal;vocals;singing	no	jmdict		0.0	10.6	132.8
ボーカル	1	vocalist;singer	no	jmdict		0.0	10.6	132.8
インフェルノ	0	inferno;hell	no	jmdict		0.5	10.1	3.4
ベガ	0	vega;alpha lyrae	no	jmdict		0.5	10.1	7.1
ベイジアン	0	bayesian	no	jmdict		0.0	10.5	0.8
ライブドア	0	livedoor	no	jmdict		0.0	10.5	7.7
インピーダンス	0	impedance	no	jmdict		0.0	10.4	2.2
ディスポーザー	0	garbage disposal unit;garbage disposal;waste disposal unit;garburator	no	jmdict		10.3	0.0	0.2
マネ	0	imitating;copying;mimicry	no	jmdict		10.3	0.0	4.0
マネ	1	behavior;behaviour;action;conduct	no	jmdict		10.3	0.0	4.0
マネ	2	manager	no	jmdict		10.3	0.0	4.0
ダイオード	0	diode	no	jmdict		0.0	10.3	1.7
イクイップメント	0	equipment	no	jmdict		0.0	10.2	0.3
カードリーダー	0	card reader	no	jmdict		0.0	10.2	1.1
カードリーダー	1	card reader;cartomancer;reader	no	jmdict		0.0	10.2	1.1
プ	0	toot	no	jmdict		10.1	0.1	3.2
プ	1	honk;beep	no	jmdict		10.1	0.1	3.2
プ	2	farting sound	no	jmdict		10.1	0.1	3.2
プ	3	sound of something being inflated;puff;poof;phoo	no	jmdict		10.1	0.1	3.2
プ	4	pooh	no	jmdict		10.1	0.1	3.2
パイク	0	pike	no	jmdict		0.0	10.1	4.1
ボカロ	0	vocaloid	no	jmdict		0.0	10.1	3.6
