word	kept	dropped	passes	tier
2世	20	21 23	20 | 20 23 | 20 21	corpus
ADP	27	10	10 | 27 | 27	corpus
AI	45	30	45 | 30 45 | 45	corpus
ASCII	31	11	11 | 31 | 31	corpus
AU		26 27 52	26 | 27 | 52	corpus
Am	32	51	32 | 51 | 32	corpus
Au	51	37	51 | 51 | 37 51	corpus
DNA	51	53	51 53 | 51 | 51	corpus
FIG	32	18	18 32 | 32 | 32	corpus
FISA	36	34	36 | 36 | 34	corpus
FTP	31	15	31 | 15 31 | 31	corpus
G		11 18 50	11 | 18 | 50	corpus
H	31	30	31 | 31 | 30	corpus
HD	45	13	45 | 13 45 | 45	corpus
I	20	31	20 | 20 | 31	corpus
K		18 19 31	18 | 31 | 19	corpus
L	19 31	18	31 | 18 19 31 | 19 31	corpus
LAN	45	17	17 | 45 | 45	corpus
MIPS	45	19	45 | 45 | 19 45	corpus
N	31	17	31 | 17 | 31	corpus
O	31	18	18 | 31 | 31	corpus
P	18	31	18 | 18 | 31	corpus
PS	31	40 45	40 | 31 | 31 45	corpus
S		18 19 51	18 | 19 | 51	corpus
SS		32 40 45	40 | 32 | 45	corpus
TCP/IP	31	40	31 | 31 | 40	corpus
TEL	45	31	45 | 45 | 31 45	corpus
UNIX	45	40	40 | 45 | 45	corpus
Unix	45	40	40 | 45 | 45	corpus
WAN	45	27	45 | 27 | 45	corpus
WLAN	45	27	45 | 45 | 27	corpus
Wi-Fi	45	31	45 | 45 | 31 45	corpus
WiFi	45	40	40 | 45 | 45	corpus
a	31	18	31 | 31 | 18	corpus
adh		10 11 57	11 | 57 | 10	corpus
alt	45	40	40 | 45 | 45	corpus
bar	44	19 40	44 | 19 | 40 44	corpus
bb	40	10	10 | 40 | 40	corpus
bh		10 40 52	40 | 52 | 10	corpus
bi		30 38 51	30 | 51 | 38	corpus
c	31	51	31 | 51 | 31	corpus
ce	16	51	16 | 51 | 16	corpus
coo	24	50	24 | 24 | 50	corpus
ct	45	19	19 | 45 | 45	corpus
da		10 11 40	40 | 10 | 11	corpus
dp		18 30 31	31 | 18 | 30	corpus
ebs	45	40	45 | 40 | 45	corpus
ect		10 11 15	11 | 10 | 15	corpus
ee		11 31 38	11 | 31 | 38	corpus
eq	10	30	30 | 10 | 10	corpus
ev	45	40	40 | 45 | 45	corpus
faq	31	32	31 | 31 | 32	corpus
fet	45	10	45 | 10 | 45	corpus
ftp	45	31	45 | 45 | 31	corpus
gc	15	45	45 | 15 | 15	corpus
gp		10 11 24	11 | 10 | 24	corpus
gpo	27	40	27 | 27 | 40	corpus
gy	19	11	19 | 19 | 11	corpus
hb		10 11 45	10 | 11 | 45	corpus
hn	20	31	31 | 20 | 20	corpus
ia	10	11	11 | 10 | 10	corpus
in	17	19	17 | 17 | 19	corpus
kbo	27	10	10 | 27 | 27	corpus
kc	19	40	40 | 19 | 19	corpus
kp	10	11	10 | 10 | 11	corpus
kv	19	40	19 | 19 | 40	corpus
l	31	19	31 | 31 | 19	corpus
lf	40	45	45 | 40 | 40	corpus
lh	57	11	57 | 11 | 57	corpus
min	19	16	19 | 16 | 19	corpus
nw	17	27	27 | 17 | 17	corpus
ov	32	11	11 | 32 | 32	corpus
pid	19	10	10 | 19 | 19	corpus
pom	40	41	41 | 40 | 40	corpus
pto	16	45	16 | 45 | 16	corpus
qt	45	19	45 | 45 | 19	corpus
r	31	18	31 | 18 | 31	corpus
rb	40	31 32 51	40 | 51 | 31 32 40	corpus
sas	45	40	40 | 45 | 45	corpus
sle	57	10	10 | 57 | 57	corpus
sn		10 19	19 | 10	corpus
ssa	30	10	30 | 30 | 10	corpus
sse	31	45	31 | 45 | 31	corpus
sw	40	45	45 | 40 | 40	corpus
tcp	31	30	30 | 31 | 31	corpus
tia	10	57	57 | 10 | 10	corpus
triga	45	15	15 | 45 | 45	corpus
un	27	13	27 | 13 | 27	corpus
www	31	40	40 | 31 | 31	corpus
あく		10 13 16 43	10 43 | 13 | 16	corpus
あたり	17 19	16	17 19 | 17 19 | 16 17 19	corpus
あだ名	31	20	31 | 20 | 31	jmdict
あべこべ	18	13	13 | 18 | 18	jmdict
あり合わせ	40	41	40 | 40 | 40 41	jmdict
あわ	50	43 51 54	50 | 43 50 54 | 51	corpus
あん摩	15	30	15 | 30 | 15	jmdict
い	56	31	31 | 56 | 56	corpus
いお	55	10	10 | 55 | 55	corpus
いす	40	45	45 | 40 | 40	corpus
いずれ	16	11 19	11 16 | 16 | 19	corpus
いずれか	11	19	11 | 11 | 19	corpus
いたちごっこ	15	35	15 | 35 | 15	corpus
いなか	26	17	26 | 17 26 | 26	corpus
う		10 31 55	55 | 10 | 31	corpus
うち	17	19	17 | 17 19 | 17	corpus
うつ伏せ	18	56	18 | 18 | 18 56	jmdict
うんこ	56	51	56 | 56 | 51	jmdict
えな	56	20	20 | 56 | 56	corpus
え付け	15	32	15 | 32 | 15	corpus
おき	15	17	17 | 15 | 15	corpus
おけ	45	40	45 | 40 | 45	corpus
おっぱい	56	43	43 56 | 56 | 56	jmdict
おり	16 45	18 40	16 18 40 | 16 45 | 16 45	corpus
お仕着せ	42	30 34	42 | 34 42 | 30 42	jmdict
お休み	16	15	15 16 | 16 | 16	jmdict
お使い	15	38	15 | 15 | 38	jmdict
お名前	31	20	20 | 31 | 31	jmdict
お墨付き	34	13	34 | 13 | 34	jmdict
お姉さん	21	20	20 21 | 21 | 21	jmdict
お宅	44	22	44 | 44 | 22 44	jmdict
お守り	40	33	40 | 33 40 | 40	jmdict
お家芸	30	32 33	30 | 32 33 | 30	jmdict
お年玉	37	33	33 37 | 37 | 37	jmdict
お待ちかね	10	30	10 | 10 | 30	jmdict
お手上げ	13	30	13 | 13 | 30	jmdict
お手伝い	35	30	30 | 35 | 35	jmdict
お手盛り	36	30	36 | 30 | 36	jmdict
お洒落	13	33 42	13 42 | 13 | 33	jmdict
お礼	35 40	30 37	30 35 37 | 35 40 | 35 40	jmdict
お祝い	35	33 40	35 | 35 | 33 40	jmdict
お祭り騒ぎ	33	13	33 | 33 | 13 33	jmdict
お節介	35	30	35 | 35 | 30	jmdict
お絞り	40	42	40 | 40 | 42	jmdict
お買い得	37	13	37 | 13 | 37	jmdict
かい		10 13 15 16 19 35 45 55	10 | 13 16 19 35 45 55 | 15	corpus
かえ	15	11	11 | 15 | 15	corpus
かけら	51	40	40 | 51 | 51	corpus
かさ	19 45	40	19 45 | 19 40 | 19 45	corpus
かし	37 43	31 32 54	31 32 37 43 54 | 43 | 37	corpus
かせ	45	40	45 | 45 | 40	corpus
かね	37	40 51	37 40 | 37 | 37 51	corpus
かり	37	10 15	10 15 37 | 37 | 37	corpus
かりやす	13	54	13 | 54 | 13	corpus
がけ	50	17	50 | 17 | 50	corpus
がさ		15 35 36	15 | 36 | 35	corpus
がさがさ	13	50	13 | 50 | 13	jmdict
がま	55	54	54 55 | 55 | 55	corpus
がら	13 18	56	13 18 | 18 | 13 18 56	corpus
がり	30	35	35 | 30 | 30	corpus
がれ		15 17 51	15 | 17 | 51	corpus
きり	19 50	15 45 54	19 | 15 45 50 54 | 19 50	corpus
くい		17 30 45	17 | 45 | 30	corpus
くこ		10 17 54	54 | 10 | 17	corpus
くじ引き	30	37	30 | 37 | 30	jmdict
くそ	51	56	56 | 51 | 51	corpus
くも	50 55	52	50 55 | 52 55 | 50 55	corpus
け	56	10	10 | 56 | 56	corpus
けた	19	44	19 | 19 44 | 19	corpus
こ		11 20 53	20 | 53 | 11	corpus
こち	17	50 55	17 55 | 17 | 50	corpus
こちら	17 20	22	17 | 17 20 | 17 20 22	corpus
このよう	13	18	13 | 18 | 13	corpus
こり	56	30	56 | 30 56 | 56	corpus
これ	10	20	10 | 10 | 20	corpus
ご主人	21	25	21 | 21 25 | 21	jmdict
ご覧	31	30	30 | 31 | 31	jmdict
ご馳走	43	35	43 | 43 | 35 43	jmdict
さい	16	55	55 | 16 | 16	corpus
さえ		10 13 19	10 | 13 | 19	corpus
さく	44	30	30 | 44 | 44	corpus
さつ	24	37	24 | 24 37 | 24	corpus
さば	55	43	55 | 43 55	corpus
しきい	19 44	17	19 | 19 44 | 17 19 44	corpus
しな	40	13	40 | 13 40 | 40	corpus
しのぎ	30	18	30 | 30 | 18 30	corpus
しま	17 18	26	17 18 | 17 18 | 18 26	corpus
しまい	15	21	15 | 15 21 | 15	corpus
す	43	15 55	15 | 43 55 | 43	corpus
すき間	17	10	17 | 10 17 | 17	corpus
すべ	30	19	19 | 30 | 30	corpus
そ	10	31	31 | 10 | 10	corpus
そちら	17	22	17 22 | 17 | 17	corpus
そのよう	13	18	13 | 18 | 13	corpus
その上	17	19	19 | 17 | 17	jmdict
その手	30	11	30 | 11 30 | 30	corpus
それら	10	20	10 | 10 | 20	corpus
たか	55	19	55 | 55 | 19 55	corpus
たこ	40 55	56	40 55 | 40 55 | 40 55 56	corpus
たち		13 18 20	20 | 18 | 13	corpus
たとえ	11	30	11 | 11 30 | 11	corpus
たま	40	56	40 | 40 | 40 56	corpus
ため息	30	56	30 | 30 | 30 56	jmdict
たも	45	54	54 | 45 | 45	corpus
たら	55	43	55 | 43 55 | 55	corpus
たる	40	13	13 | 40 | 40	corpus
だま	30	51	30 | 30 | 51	corpus
だまし	35	30	35 | 35 | 30	corpus
ちゃん		13 20 35	13 | 20 | 35	corpus
ちん		13 45 56	13 | 56 | 45	corpus
つが	54	19	19 | 54 | 54	corpus
つて	35	30	35 | 30 35 | 35	corpus
つと	40	15	40 | 15 | 40	corpus
つなぎ	15 42	43	15 | 15 42 | 15 42 43	corpus
つま	17 21	42 43	17 21 | 17 21 42 43 | 21	corpus
てこ	45	14	45 | 14 45 | 45	corpus
でか	19	24	19 | 19 | 19 24	corpus
できないこと	10	13	10 | 13 | 10	corpus
でたらめ	10	13	13 | 10 | 10	corpus
とい	31	44 45	31 | 31 45 | 44	corpus
とう	27	26 31 43 44 46 54 56 57	26 27 43 44 46 54 56 57 | 27 | 31	corpus
とお	19	30	30 | 19 | 19	corpus
ところ	17	16	17 | 17 | 16 17	corpus
とし	16	19	16 19 | 16 | 16	corpus
とと	55	21	21 | 55 | 55	corpus
とど	55	15	55 | 15 | 55	corpus
とま		15 40 41	15 | 41 | 40	corpus
とわ	30	16	30 | 16 | 30	corpus
どちら	11 17	20	11 | 11 17 | 11 17 20	corpus
どのよう	30	13	30 | 13 | 30	corpus
な	10	31	10 | 31 | 10	corpus
なぞ	10	30	10 | 10 | 10 30	corpus
なら		10 30 54	54 | 10 | 30	corpus
に	17	10	17 | 17 | 10	corpus
ねた	32 43	30	32 43 | 32 43 | 30 43	corpus
のみ	19	45 55	19 | 45 55 | 19	corpus
は	31	45 54 56	31 | 45 54 56 | 31	corpus
はい	10	31	10 | 10 | 31	corpus
はさ	45	18	18 | 45 | 45	corpus
はり	14 45	44	45 | 14 44 45 | 14 45	corpus
ばら	54	13	13 54 | 54 | 54	corpus
ばん	16 19	32 45	16 19 | 16 19 32 45 | 16	corpus
ひ	16	50	16 50 | 16 | 16	corpus
ひも	41	24 40	41 | 24 41 | 40 41	corpus
ひらひら	15	18	15 | 15 | 15 18	jmdict
ふるまい		13 15 30	13 | 30 | 15	corpus
ぶっきら棒	13	30	13 | 30 | 13	jmdict
ぶつぶつ	31 56	18	56 | 31 56 | 18 31	jmdict
ほ		31 40 54	40 | 54 | 31	corpus
ほう	17 30	20	30 | 17 20 | 17 30	corpus
まさ	10	13	13 | 10 | 10	corpus
また	15	16	15 | 16 | 15	corpus
まる	18	19	18 | 18 | 18 19	corpus
みそ	43	30	43 | 30 43 | 43	corpus
みのも	17	54	17 | 54 | 17	corpus
む	12	10	12 | 12 | 10	corpus
むっつり	13	20	13 | 13 20 | 13	jmdict
もと	17 30	13	13 17 30 | 30 | 17 30	corpus
もり		30 50 54	50 | 30 | 54	corpus
や		11 44 45	11 | 45 | 44	corpus
やく	19 34	40	19 | 19 34 40 | 34	corpus
やそ	19	45	19 | 19 | 45	corpus
やり	45	30	30 45 | 45 | 45	corpus
やり取り	35	31	35 | 31 35 | 35	corpus
やり繰り	30	37	30 37 | 30 | 30	jmdict
ゆうパック	40	38	38 | 40 | 40	jmdict
ゆらぎ		13 15 50	15 | 13 | 50	corpus
よ	31	26	26 | 31 | 31	corpus
よそ	17	22	17 | 17 22 | 17	corpus
よそ見	15	30	15 | 30 | 15	jmdict
るまた	10	18	10 | 10 | 18	corpus
ろ	45	16	45 | 16 | 45	corpus
わけ	30	10	10 | 30 | 30	corpus
わし	20 55	40	20 55 | 20 40 55 | 55	corpus
わせ		15 19 54	15 | 19 | 54	corpus
わら	41	54	41 | 41 | 41 54	corpus
アイコ	20	10	20 | 20 | 10	corpus
アイシャドウ	42	40	42 | 40 | 42	jmdict
アイデンティティ	20	30	20 | 20 30 | 20	corpus
アイボリー	18 51	13	18 51 | 18 51 | 13 51	jmdict
アウト	15	13	13 | 15 | 15	corpus
アウトレット	27	45	27 | 27 45 | 27	corpus
アウトロー	24	20	24 | 20 | 24	jmdict
アカウント	37	34 40	40 | 37 | 34 37	corpus
アキレス腱	56	13	56 | 13 56 | 56	jmdict
アキー	43 54	11	11 | 43 54 | 43 54	corpus
アクセ	40	42	40 | 42 | 40	corpus
アクセス	15	17 34	15 | 15 | 17 34	corpus
アクリル	41	51	41 | 41 51 | 41	jmdict
アクロバット	32	24	24 32 | 32 | 32	jmdict
アコード	35	32 45	32 35 | 35 | 35 45	corpus
アサ	16 54	41	16 41 54 | 54 | 16	corpus
アシスト		14 30 35	35 | 30 | 14	jmdict
アスピリン	40	51	40 | 40 | 40 51	jmdict
アスレチック	33	45	45 | 33 | 33	jmdict
アスレチックス	33	27	33 | 33 | 27	jmdict
アセス	30	13	30 | 13 | 30	corpus
アセトン	51	41	51 | 51 | 41	jmdict
アセンブリ	31	15	15 31 | 31 | 31	corpus
アダルト	33	20 32	20 | 32 33 | 33	jmdict
アチーブ		10 13 15	10 | 15 | 13	jmdict
アット	18	31	31 | 18 | 18	jmdict
アトラクション	33	32	33 | 32 | 33	jmdict
アトラス	40	32 56	40 | 40 56 | 32 40	jmdict
アド	31	32	31 | 31 | 32	corpus
アドバルーン	40	10	40 | 10 40 | 40	jmdict
アドバンテージ	13	14	13 | 13 | 13 14	jmdict
アドベンチャー		10 15 33	15 | 10 | 33	jmdict
アドレナリン	51	56	51 | 51 | 56	jmdict
アナログ	18	11	18 | 18 | 11	jmdict
アパルトヘイト	36	26 33	26 33 | 36 | 36	jmdict
アフィリエイト	38	22 24	38 | 22 38 | 24	jmdict
アフガニ	37	23	23 | 37 | 37	corpus
アフター	16	38	38 | 16 | 16	jmdict
アプリケーション	45	40	45 | 45 | 40 45	corpus
アプレ	33	20	33 | 33 | 20 33	corpus
アポストロフィ	31	18 40	31 | 40 | 18 31	corpus
アマン	44	27	44 | 27 | 44	jmdict
アミ	45	55	45 55 | 45 | 45	jmdict
アムール	30	50	30 | 30 50 | 30	jmdict
アメニティ	40	13	13 40 | 40 | 40	jmdict
アメーバ	53	55	53 | 53 | 55	jmdict
アラー	12	33	33 | 12 | 12	corpus
アラーム	45	10	45 | 10 45 | 45	corpus
アルカイスム	31	32 33	32 | 31 33 | 31	jmdict
アルカリ性	13	51	13 51 | 13 | 13	jmdict
アルバイト	38	24	24 | 38 | 38	jmdict
アルバトロス	55	19	19 55 | 55 | 55	jmdict
アルパイン	50	11	11 | 50 | 50	jmdict
アルファベット順	30	18	30 | 30 | 18	jmdict
アルミサッシ	44	41	41 44 | 44 | 44	jmdict
アルミニウム	41	51	41 | 41 | 51	jmdict
アル中	20	24 57	24 57 | 20 | 20	jmdict
アレンジ	15 32	30	15 32 | 30 32 | 15	corpus
アレンジメント	32	30 34	32 | 30 32 | 34	corpus
アロマテラピー	30	33	30 | 33 | 30	jmdict
アロー	45	18	45 | 18 45 | 45	corpus
アンコール	32	35	32 35 | 32 | 32	jmdict
アンジェラス	33	46	33 | 33 46 | 33	jmdict
アンダーグラウンド	17 26	33	26 | 17 26 | 17 33	corpus
アンテナ	45	30	45 | 45 | 30 45	jmdict
アンファンテリブル	24	20	20 | 24 | 24	jmdict
アーキテクチャ	18	44	18 | 18 44 | 18	corpus
アーケード	44	45	44 | 44 45 | 44	jmdict
アース	45	52	45 | 45 52 | 45	jmdict
アースデー	33	16	33 | 16 33 | 33	jmdict
アートディレクター	24	32	24 | 24 32 | 24	jmdict
アーバニティー	33	13 26	13 | 26 33 | 33	jmdict
アーバン	13 26	33	13 26 | 13 | 26 33	jmdict
イエス	10 20	31	20 31 | 10 20 | 10	jmdict
イコン	32	18 40	32 | 18 32 | 32 40	corpus
イコール	10	18	18 | 10 | 10	jmdict
イシス	20	12	20 | 12 | 20	corpus
イット	13	10	10 | 13 | 13	jmdict
イニシアチブ	36	30	36 | 30 | 36	corpus
イニシャル	31	16	16 31 | 31 | 31	corpus
イリュージョン	10 32	13	13 | 10 32 | 10 32	jmdict
イン		13 17 44	44 | 17 | 13	corpus
インキュベータ	45	27	27 45 | 45 | 45	corpus
インジ	45	13	13 | 45 | 45	corpus
インジェクション	15	30	15 | 15 | 15 30	corpus
インジケータ	10	45	10 | 10 | 10 45	corpus
インスリン	56	51	51 | 56 | 56	jmdict
インタビュー	31	35	31 | 31 35 | 31	corpus
インターネット	26	31	31 | 26 | 26	corpus
インティ		33 37 52	33 | 52 | 37	corpus
インテリ	24	10	10 | 24 | 24	corpus
インテリア	40	44	40 | 40 | 40 44	jmdict
インテル	10	27	27 | 10 | 10	corpus
インデックス	19 31 45	32	19 32 45 | 19 31 45 | 19 31 45	corpus
インパクト	15	14	14 | 15 | 15	corpus
インフォメーション	10	31	10 31 | 10 | 10	jmdict
インフラ	26	44	26 | 44 | 26	jmdict
インフラストラクチャー	44	27	27 | 44 | 44	jmdict
インプット	31	30	31 | 31 | 30	jmdict
インプラント	45	40	45 | 40 | 45	corpus
インプレッション	19	10 13 30	10 19 30 | 19 | 13 19	corpus
インベントリ	40	10	40 | 40 | 10 40	corpus
イーグル	55	19 33	19 33 55 | 55 | 55	jmdict
イースト	43	17 53	43 | 43 53 | 17 43	jmdict
ウィザード	45	24	45 | 24 45 | 45	corpus
ウィジェット	45	40	45 | 40 45 | 45	corpus
ウィリー	15	18	15 18 | 15 | 15	jmdict
ウィング	45 56	44	56 | 44 45 56 | 45	corpus
ウィンドウ	44 45	40	44 45 | 44 45 | 40 44	corpus
ウィークポイント	13	14	13 | 14 | 13	jmdict
ウィークリー	16	32	16 32 | 16 | 16	jmdict
ウインク	35	56	35 | 35 56 | 35	jmdict
ウイング	45 56	44	45 56 | 44 45 56 | 45 56	jmdict
ウェイ	17	30	17 | 30 | 17	corpus
ウェブ	26	17	17 | 26 | 26	corpus
ウェブサイト	40	31	40 | 31 40 | 40	corpus
ウェーバー	19	20	19 | 19 | 19 20	jmdict
ウエスタン	32	33	32 33 | 32 | 32	jmdict
ウォッチ	30 45	15	30 45 | 15 45 | 30 45	corpus
ウォッチドッグ	45	24 55	45 | 24 45 55 | 45	corpus
ウォー	36	26	36 | 26 | 36	corpus
ウォーターカラー	32	41	32 | 32 41 | 32	jmdict
ウォーム	45	55	55 | 45 | 45	corpus
ウォール街	17 38	26	17 38 | 17 38 | 17 26	jmdict
ウッド	41	45	41 | 41 | 41 45	jmdict
ウムラウト	31	18	31 | 31 | 18 31	jmdict
エア	51	50	51 | 51 | 50	corpus
エアゾール	51	40	51 | 40 | 51	jmdict
エアメール	31	40	31 | 31 40 | 31	jmdict
エイプリルフール	33	16	16 33 | 33 | 33	jmdict
エイリアン	52	53	52 | 53 | 52	jmdict
エクイタブル	13	27	13 | 13 | 27	jmdict
エクス	22	11	22 | 22 | 11	corpus
エクストラ	24	11 19	24 | 11 24 | 19 24	jmdict
エクスプレス	15	45	15 | 15 | 45	jmdict
エクスペリエンス	30	10	10 | 30 | 30	jmdict
エコノミー	38	13 18	13 38 | 18 38 | 38	jmdict
エコロジー	50	33	50 | 33 50 | 50	jmdict
エスクワイア	25	32	25 | 25 | 32	jmdict
エスケープ	15	31	15 | 15 31 | 15	corpus
エスコート	35	15	35 | 15 | 35	jmdict
エステサロン	38	44	38 44 | 38 | 38	jmdict
エステティック	33	13	33 | 13 | 33	jmdict
エステート	47	37	37 47 | 47 | 47	jmdict
エストロゲン	51	56	51 | 51 | 51 56	jmdict
エッセンス	13	10 41 51	10 41 | 13 | 13 51	jmdict
エッチング	32	15	32 | 15 32 | 32	jmdict
エディタ	45	24	24 45 | 45 | 45	corpus
エナメル	41	56	41 | 41 56 | 41	jmdict
エホバ	12	33	33 | 12 | 12	jmdict
エミュレーション	30	15	30 | 30 | 15	corpus
エリスロポエチン	56	51	51 | 56 | 56	jmdict
エル	18 31	19	18 19 | 18 31 | 31	corpus
エレクトロニクス	38	33	33 | 38 | 38	corpus
エンゲージメント	35	30	35 | 30 | 35	corpus
エンジェル	12	52	52 | 12 | 12	jmdict
エンターテインメント	32	33	32 | 32 | 32 33	corpus
エンディング	15	32	15 32 | 15 | 15	jmdict
エントリー	32	35	32 | 32 | 32 35	corpus
エンドユーザ	24	20	20 | 24 | 24	corpus
エンドユーザー	24	20	20 | 24 | 24	corpus
エージ		16 19 24	24 | 19 | 16	corpus
エール	35 43	30	30 43 | 35 | 35 43	jmdict
オイディプス	20	33	20 | 20 | 33	jmdict
オイル	41	51	41 | 41 | 41 51	jmdict
オカルト	33	10	10 | 33 | 33	jmdict
オクターブ	32	19	32 | 19 32 | 32	jmdict
オタク	24	20	24 | 20 | 24	jmdict
オフ	16	13 15 37	13 | 15 16 37 | 16	corpus
オフィシャル	25	13	25 | 25 | 13	jmdict
オフサイド	33	13	33 | 33 | 13	jmdict
オフセット	17	19	17 | 17 | 17 19	corpus
オブラート	43	40 41	41 43 | 43 | 40	jmdict
オペ	15	56	15 | 15 | 15 56	corpus
オラクル	45	27	45 | 27 | 45	corpus
オラン		11 26 55	11 | 26 | 55	corpus
オリジナル	32	18	32 | 32 | 18 32	corpus
オリジン	15	17	15 17 | 15 | 15	corpus
オンパレード		11 19 33	11 | 19 | 33	jmdict
オンライン		13 17 31	13 | 17 | 31	corpus
オーガニック	43	13	43 | 43 | 13	corpus
オーク	54	41	54 | 41 54 | 54	corpus
オークス	33	10	33 | 33 | 10	jmdict
オーケストラ	32	27	27 32 | 32 | 32	jmdict
オーケストレーション	15	30 32	15 | 30 | 15 32	corpus
オーダーメイド	18	38	38 | 18 | 18	jmdict
オートメーション	38	15 45	38 | 15 | 38 45	corpus
オープニング	15	32	15 32 | 15 | 15	jmdict
オープン	15	13	13 15 | 15 | 15	corpus
オープンセット	32	44	32 | 32 | 32 44	jmdict
オールドガード	24	22	22 | 24 | 24	jmdict
オールマイティ	14	13	14 | 14 | 13	jmdict
カスタマ	22	24	22 | 22 | 24	corpus
カスタマー	22	24	22 | 22 | 24	corpus
カスピ海	50	17	50 | 50 | 17 50	jmdict
カセット	40	45	40 45 | 40 | 40	jmdict
カタログ	32 40	11 31	31 40 | 11 32 40 | 32	corpus
カップ	19 40	42	40 | 19 40 42 | 19 40	jmdict
カップリングシュガー	43	41	43 | 43 | 41	jmdict
カニ	55	43	55 | 43 55 | 55	corpus
カバー	40	19 32	40 | 32 40 | 19 40	corpus
カフェ	38	44	38 | 38 | 38 44	jmdict
カモフラージ		18 30	18 | 30	corpus
カモフラージュ	18	30	18 30 | 18 | 18	corpus
カラ		13 18 55	18 | 55 | 13	corpus
カラム	18	32 40 44	32 40 44 | 18 | 18	corpus
カリ	51	41 43	43 | 41 51 | 51	corpus
カリスマ	14	20	14 | 14 | 20	jmdict
カルデラ	50	17	50 | 17 50 | 50	jmdict
カルト	27	33	33 | 27 | 27	jmdict
カレンダ	16	40	16 | 16 | 16 40	corpus
カンカン	30 50	32	32 | 30 50 | 30 50	jmdict
カンニング		10 15 30	30 | 10 | 15	jmdict
カンパニー	27	38	27 | 27 | 27 38	jmdict
カースト	26	23	26 | 23 | 26	jmdict
カートリッジ	40	45	45 | 40 | 40	jmdict
カード	40	37	37 40 | 40 | 40	corpus
カーフ	56	41 55	41 55 56 | 56 | 56	corpus
カーリー	18	20	20 | 18 | 18	corpus
ガイド	24 40	30	40 | 24 30 40 | 24 40	corpus
ガスボンベ	45	40	45 | 40 | 45	jmdict
ガスマスク	42	45	42 | 42 | 45	jmdict
ガソリン	41	51	41 | 41 51 | 41	corpus
ガソリンスタンド	44	38	44 | 44 | 38 44	corpus
ガソール	41	26	41 | 41 | 26	jmdict
ガリバー	20	27	20 | 27 | 20	jmdict
ガード	24 30	45	30 | 24 30 45 | 24 30	corpus
ガードレール	45	34 40	34 40 | 45 | 45	corpus
キオスク	44	45	44 | 44 | 44 45	jmdict
キネシオロジー	33	30	30 | 33 | 33	jmdict
キノホルム	51	40	40 | 51 | 51	jmdict
キャッチ	15	31	15 | 15 | 15 31	corpus
キャッチフレーズ	31	32	31 | 31 32 | 31	jmdict
キャップ	40 42	19	40 42 | 19 40 42 | 40 42	jmdict
キャバレー	44	32	44 | 32 44 | 44	jmdict
キャピタリズム	36	26	36 | 26 | 36	jmdict
キャメル	55	13	55 | 55 | 13 55	jmdict
キャラ	18 32	20	18 32 | 20 | 18 32	jmdict
キャラクタ	32	18 20 30	32 | 18 20 | 30 32	corpus
キャラクター	30 32	13 20 31	13 20 | 30 31 32 | 30 32	jmdict
キャンパス	17	44	17 44 | 17 | 17	corpus
キャンペーン	38	15	15 | 38 | 38	corpus
キュー	17	19 31 45	19 | 17 | 17 31 45	corpus
キリル	31	20	31 | 31 | 20	jmdict
キロ	19	17	19 | 17 19 | 19	corpus
キロワット	14	19	14 | 19 | 14	jmdict
キーポイント	30	10	30 | 10 | 30	jmdict
キール	45	43	43 45 | 45 | 45	jmdict
ギプス	45	40	45 | 45 | 40	jmdict
ギャグ	32	31	31 | 32 | 32	jmdict
ギャップ	17 19	13	13 | 17 19 | 17 19	corpus
ギャル	20	33	20 | 20 33 | 20	jmdict
ギャング	27	24	27 | 24 27 | 27	jmdict
ギャンブル	33	37	33 | 33 37 | 33	jmdict
クイズ		30 31 33	30 | 31 | 33	corpus
クインテット	32	11	32 | 32 | 11 32	jmdict
クエスチョン	31	10	31 | 10 31 | 31	corpus
クエスチョンマーク	31	18	31 | 31 | 18	corpus
クォート	31	40	31 | 31 40 | 31	corpus
クスコ	26	45	26 | 26 45 | 26	corpus
クライミング	15	33	15 | 15 | 33	jmdict
クラウン	24 40 45	56	24 40 | 24 40 45 56 | 24 40 45	jmdict
クラクション	45	50	45 50 | 45 | 45	jmdict
クラシカル	13	18 32	18 32 | 13 | 13	jmdict
クラシック音楽	32	33	32 33 | 32 | 32	jmdict
クラスタリング	15	30	30 | 15 | 15	corpus
クラッカ	24	43	24 | 24 | 24 43	corpus
クラック	18	15 43 51	51 | 15 18 | 18 43	jmdict
クラフト	32	40	32 | 32 | 32 40	corpus
クラン	27	22	22 | 27 | 27	jmdict
クランクイン	15	32	15 32 | 15 | 15	jmdict
クリア	15	13	15 | 15 | 13 15	corpus
クリスマスツリー	40	54	40 | 40 54 | 40	jmdict
クリンチ	35	15	35 | 15 | 35	jmdict
クリーナー	45	40 41	40 45 | 45 | 41 45	jmdict
クリーニング	15	38	15 38 | 15 | 15	jmdict
クリープ	15	43 50	15 43 50 | 15 | 15	corpus
クリーンアップトリオ	22	24	22 | 24 | 22	jmdict
クルス	40	33	40 | 40 | 33 40	corpus
クルー	24	22	24 | 24 | 22 24	corpus
クレオソート	51	41	51 | 51 | 41	jmdict
クレムリン	44	27 36	27 44 | 44 | 36 44	jmdict
クレンザー	40	41	40 | 40 | 41	jmdict
クレーコート	47	17	17 | 47 | 47	jmdict
クレーター	50 52	17	50 | 17 52 | 50 52	jmdict
クレープ	43	42	42 43 | 43 | 43	jmdict
クロコン	40	45	45 | 40 | 40	corpus
クロス	18	40 42	18 | 18 42 | 18 40	corpus
クロック	45	16	45 | 16 45 | 45	corpus
クーリングオフ	34	15 37	34 37 | 15 34 | 34	jmdict
グチ	31	30	30 | 31 | 31	corpus
グラウンド	47	17	17 | 47 | 47	corpus
グラス	40	51	40 51 | 40 | 40	corpus
グラマー	18	20 31	18 31 | 18 | 20	jmdict
グランス	30	56	30 | 30 | 56	jmdict
グランプリ	13	32	13 | 32 | 13	jmdict
グリス	41	51	41 51 | 41 | 41	corpus
グリップ	45	14	45 | 45 | 14 45	jmdict
グリークラブ	27	32	27 | 27 32 | 27	jmdict
グリーン	18 47	13	18 47 | 18 47 | 13 47	jmdict
グル	24	22	24 | 24 | 22 24	corpus
グルメ	20	24 43	24 | 20 | 20 43	jmdict
グループ	27	22	27 | 27 | 22 27	corpus
グループホーム	44	27	44 | 44 | 27 44	jmdict
グレゴリオ	32	20	32 | 20 | 32	jmdict
グロ	13	18	13 | 18 | 13	jmdict
グロテスク	13	18	18 | 13 | 13	jmdict
グロリア	32	13	13 32 | 32 | 32	jmdict
グロー	46	45	46 | 46 | 45	corpus
グローバリズム	30	26	26 | 30 | 30	jmdict
ケア	30	35	30 | 30 | 35	corpus
ケイ		19 20 45	20 | 45 | 19	corpus
ケット	40	42	42 | 40 | 40	corpus
ケルン	26	44	26 44 | 26 | 26	jmdict
ケージ	40	45	40 | 45 | 40	corpus
ケース	11 40	13	11 13 40 | 11 40 | 11 40	corpus
ケーススタディ	30 32	11	30 | 30 32 | 11 32	jmdict
ケースバイケース	30	13	30 | 13 | 30	corpus
ケーブル	41	45	41 | 41 | 45	corpus
ケープ	42	17	17 42 | 42 | 42	corpus
ゲバリスタ	24	36	24 | 24 36 | 24	jmdict
ゲレンデ	47	17	17 47 | 47 | 47	jmdict
ゲーテ	20	32	20 | 20 | 20 32	corpus
ゲート	44 45	30	44 45 | 30 44 | 45	corpus
ゲーム	33	40	33 | 33 | 33 40	corpus
ゲームセンター	44	27 38	27 44 | 44 | 38 44	jmdict
コアダンプ	40	31	31 40 | 40 | 40	corpus
コスプレ	33	42	33 42 | 33 | 33	jmdict
コスモポリタン	20	26	20 26 | 20 | 20	jmdict
コックピット	45	44	45 | 44 | 45	jmdict
コピペ	15	31	15 | 31 | 15	jmdict
コピー	15 40	32	15 40 | 40 | 15 32 40	corpus
コマ	40	45 55	40 | 40 | 40 45 55	corpus
コマンドプロンプト	45	31	45 | 31 45 | 45	corpus
コマンドライン	31	30 45	31 45 | 31 | 30 31	corpus
コマーシャル	32	31	31 32 | 32 | 32	jmdict
コミック	32	40	32 40 | 32 | 32	jmdict
コミッション	37	27	37 | 37 | 27 37	jmdict
コミット		15 30 32 34 40	15 30 | 40 | 32 34	jmdict
コミュニケ	31	35	31 35 | 31 | 31	corpus
コミュニケーション	35	31	35 | 35 | 31 35	corpus
コミュニティ	26	27	26 27 | 26 | 26	corpus
コレクション	11	40	40 | 11 | 11	corpus
コロナ	57	52 53	52 53 | 57 | 57	jmdict
コロン	31	40 56	31 | 31 40 56 | 31	corpus
コングロマーチャント	38	27	27 38 | 38 | 38	jmdict
コンコース	17	44	17 | 17 | 17 44	jmdict
コンシューマー	24	20	20 | 24 | 24	corpus
コンストラクタ	30	31	30 | 31 | 30	corpus
コンセンサス	30	10 35	30 | 10 30 | 35	corpus
コンダクター	24	41	24 | 24 41 | 24	jmdict
コンチネンタル	26	43	43 | 26 | 26	jmdict
コンテキスト	13	10	13 | 13 | 10	corpus
コンテスト	35	33	33 | 35 | 35	corpus
コンテナ	40	45	40 | 40 45 | 40	corpus
コントラ	32 45	24 36	32 | 24 32 36 45 | 45	corpus
コントラクト	34	38	34 | 34 | 34 38	corpus
コントラスト	18	13	13 | 18 | 18	jmdict
コンパニオン	22	24	22 24 | 22 | 22	jmdict
コンビニ	44	27 38	44 | 38 44 | 27 44	corpus
コンピューティング	30	15	30 | 15 | 30	corpus
コンベンション	35	33	35 | 33 35 | 35	jmdict
コンボイ	45	22	22 | 45 | 45	jmdict
コンポ	45	40	40 | 45 | 45	corpus
コンポーネント	40	11	40 | 40 | 11	corpus
コーダ	32	20 24	24 | 20 32 | 32	corpus
コーチング	30	35	35 | 30 | 30	jmdict
コーディ	20	24	20 | 20 | 24	corpus
コーヒーショップ	44	38	44 | 38 44 | 44	jmdict
コール	31	35	31 | 31 35 | 31	corpus
コールド	50	15	15 | 50 | 50	jmdict
コールドゲーム	33	15	15 33 | 33 | 33	jmdict
コールバック		30 31 35	35 | 31 | 30	corpus
コーン	43	18 40 45 54	43 45 | 40 43 54 | 18 43	jmdict
コーンスターチ	43	41	43 | 41 43 | 43	jmdict
ゴシップ	31	10	31 | 31 | 10 31	jmdict
ゴッドファーザー	24	20 22	22 24 | 24 | 20	jmdict
ゴミ箱	40	45	40 | 45 | 40	corpus
ゴロ		15 33 40	40 | 15 | 33	jmdict
ゴーグル	45	42	45 | 42 | 45	jmdict
ゴーストタウン	26	44	26 44 | 26 | 26	jmdict
ゴール	17 30	15	17 30 | 15 30 | 17 30	corpus
ゴールライン	17	18	17 | 17 | 18	jmdict
サイ	55	45	45 55 | 55 | 55	corpus
サイクル	16	15	16 | 16 | 15 16	corpus
サイト	31	17 40	31 | 17 | 31 40	corpus
サイン	10 31	18	10 18 31 | 10 31 | 10 31	corpus
サイン会	35	32	35 | 32 35 | 35	jmdict
サイン入り	32	40	40 | 32 | 32	jmdict
サスペンション	15 45	51	15 45 51 | 45 | 15 45	jmdict
サスペンス	32	30	30 32 | 32 | 32	jmdict
サターン	52	45	52 | 45 52 | 52	jmdict
サド	20	30	20 | 20 30 | 20	jmdict
サドル	45	40	45 | 40 | 45	jmdict
サハラ砂漠	26	17 47	26 | 26 47 | 17	jmdict
サファリ	33	15	33 | 15 | 33	jmdict
サブ	24	13	24 | 13 | 24	corpus
サブシステム	45	27	45 | 45 | 27	corpus
サブジェクト	10	31	10 | 10 | 10 31	corpus
サプライ		38 40 41	38 | 41 | 40	corpus
サマリ	31	32	32 | 31 | 31	corpus
サマリー	10 31	32	10 31 | 10 31 | 32	corpus
サマースクール	33	27	27 33 | 33 | 33	jmdict
サラウンド	45	32	32 45 | 45 | 45	jmdict
サルバルサン		40 41 51	40 | 41 | 51	jmdict
サルーン	44	38	44 | 44 | 38 44	jmdict
サロン	35 44	38	35 38 44 | 35 44 | 44	jmdict
サンクチュアリ	17 44	47	44 47 | 17 | 17 44	jmdict
サンダーバード	45	55	55 | 45 | 45	jmdict
サンディエゴ	26	17	26 | 17 | 26	corpus
サンドペーパー	41	45	41 | 41 | 45	jmdict
サンフォライズ	15	42	15 42 | 15 | 15	jmdict
サンプリング	15	30	15 | 15 | 30	jmdict
サンプル	11	40	11 | 11 40 | 11	corpus
サーチ	15	30	15 | 15 | 30	corpus
サーチライト	46	45	45 46 | 46 | 46	jmdict
サード	24	19	24 | 24 | 19 24	corpus
サービスエース	10	33	33 | 10 | 10	jmdict
サーフィン	33	15	15 | 33 | 33	jmdict
サーブ	15	35	15 | 15 | 15 35	corpus
サーベイランス		15 30 36	36 | 15 | 30	jmdict
シ	32	31	31 | 32 | 32	corpus
シアター	44	32	32 44 | 44 | 44	jmdict
シアン	18	51	18 51 | 18 | 18	jmdict
シェア	19 35	37	19 35 | 19 35 | 19 37	corpus
シオニズム	36	30	36 | 30 | 36	jmdict
シグナル	10	50	10 | 10 | 10 50	corpus
シス		11 18 20	11 | 20 | 18	corpus
システム	27 45	10 30 40	10 27 45 | 27 45 | 30 40	corpus
システムコンポーネント	45	40	45 | 40 45 | 45	corpus
システムズ		27 30 45	27 | 30 | 45	jmdict
シソーラス	31 40	32	31 32 | 31 40 | 31 40	jmdict
シド	20	32	20 | 32 | 20	corpus
シナモン	43	54	43 | 43 54 | 43	jmdict
シナリオライター	24	32	24 32 | 24 | 24	jmdict
シニア	24	20	24 | 24 | 20	corpus
シフト	15	16	15 | 15 16 | 15	corpus
シャトル	45	40	40 45 | 45 | 45	jmdict
シャー	50	25	50 | 25 | 50	corpus
シャープ	18	32	18 32 | 18 | 18	jmdict
シャーリング	42	15	42 | 42 | 15	jmdict
シュルレアリスム	32	33	32 | 32 | 32 33	jmdict
シュート	15 54	45	15 45 54 | 15 54 | 15	jmdict
ショック	14 30	50	30 50 | 14 30 | 14 30	jmdict
ショッピングモール	44	38	38 44 | 44 | 44	jmdict
ショップ	44	38	44 | 44 | 38 44	jmdict
ショーケース	40	45	45 | 40 | 40	jmdict
ショート	32 37	15 18 24 45 50	37 45 | 18 24 32 37 50 | 15 32	corpus
ショートカット	17 45	18	17 45 | 17 18 45 | 17 45	corpus
ショートステイ	16	38	16 | 16 | 38	jmdict
シリコン	51	41	51 | 51 | 41 51	jmdict
シリンダー	45	18	45 | 45 | 18 45	jmdict
シル	44	40	40 | 44 | 44	corpus
シルズ	51	40	51 | 51 | 40	corpus
シルバー	51	20	20 51 | 51 | 51	jmdict
シン	56	19	56 | 56 | 19	jmdict
シンカー	45	11 15	11 45 | 45 | 15	jmdict
シンガーソングライター	24	32	24 | 24 32 | 24	jmdict
シンク	45	44	44 | 45 | 45	corpus
シングル	11	32 44	11 | 11 | 11 32 44	corpus
シンドローム	57	56	56 | 57 | 57	jmdict
シンナー	41	51	41 | 41 51 | 41	jmdict
シンボリスト	24	32	24 | 24 | 24 32	jmdict
シンポ		31 33 35	35 | 33 | 31	jmdict
シンポジウム	35	31	35 | 31 35 | 35	jmdict
シーア派	33	11	11 33 | 33 | 33	jmdict
シーク	15	23	15 | 15 | 23	corpus
シーケンス	18	15	18 | 15 | 18	corpus
シーソーゲーム	13	33	33 | 13 | 13	jmdict
シーツ	40	42	42 | 40 | 40	jmdict
シード	19 54	30	19 54 | 30 54 | 19	corpus
シームレス	13	18	13 | 18 | 13	jmdict
シーリング	15 44	19 41	15 19 44 | 15 41 44 | 44	jmdict
ジェイ	31	55	31 | 55 | 31	corpus
ジェスチャー	31 35	56	31 35 | 35 56 | 31	jmdict
ジェネレーション	16	11 20 26	16 20 | 11 16 26 | 16	jmdict
ジェノサイド	10	15	10 | 15 | 10	jmdict
ジェントリ	25	24	24 | 25 | 25	corpus
ジェントリー	24	25	24 | 24 | 25	corpus
ジハード	33	36	33 | 33 | 36	jmdict
ジブ	45	40	40 | 45 | 45	corpus
ジャイアント	20	18 53	20 53 | 18 20 | 20	jmdict
ジャック	45	15 40	45 | 15 40 45 | 45	corpus
ジャパニーズ	23	31	23 31 | 23 | 23	jmdict
ジャパンカップ	33	10	10 | 33 | 33	jmdict
ジャポニカ	11	43 54	54 | 11 43 | 11	jmdict
ジャム	43	13	43 | 43 | 13 43	jmdict
ジャンクション	17	45	17 | 17 45 | 17	corpus
ジャー	45	40	40 | 45 | 45	corpus
ジャーナリズム	31	32	31 32 | 31 | 31	jmdict
ジャーナル	31 32	10 33 40	10 32 33 | 31 32 | 31 32 40	corpus
ジョイント	45	15	45 | 45 | 15 45	jmdict
ジョギング	15	33	15 | 15 | 15 33	jmdict
ジョーカー	40	20	20 40 | 40 | 40	jmdict
ジル	20	45	20 | 20 | 45	corpus
ジレンマ	30	13	30 | 13 | 30	jmdict
ジー	50	11	11 | 50 | 50	corpus
スイッチ	45	15	15 45 | 45 | 45	corpus
スイート	40 45	44	45 | 40 44 | 40 45	corpus
スオート	40	11	40 | 40 | 11	corpus
スカ	13	32	13 | 13 32 | 13	corpus
スキル	14	30	14 | 14 | 14 30	corpus
スキンケア		30 33 56	30 | 56 | 33	jmdict
スキーマ	18	30	18 | 18 30 | 18	corpus
スクラム	35	18	18 35 | 35 | 35	jmdict
スクリーン	45	40	45 | 45 | 40	corpus
スクレ	26	15	15 | 26 | 26	corpus
スクープ	31	45	31 | 31 45 | 31	corpus
スケジューリング	16	30	16 | 16 | 30	corpus
スケーティング	15	33	15 | 33 | 15	jmdict
スケート	15	45	15 | 15 45 | 15	jmdict
スケープゴート	22	20	20 | 22 | 22	jmdict
スコア	19	32	19 | 19 32 | 19	corpus
スコアボード	40	45	45 | 40 | 40	corpus
スコープ	19	45	19 | 19 45 | 19	corpus
スタイリング	32	30 42	30 42 | 32 | 32	jmdict
スタイル	18 30	32	18 | 18 30 32 | 18 30	corpus
スタジオ	44	27	44 | 27 44 | 44	corpus
スタブ	45	40	45 | 40 45 | 45	jmdict
スタミナ	14	57	57 | 14 | 14	jmdict
スタン	15	13	15 | 13 | 15	jmdict
スタンス	30	18	30 | 18 30 | 30	corpus
スタンド	45	38 44	45 | 38 44 45 | 45	corpus
スターキー	27	45	45 | 27 | 27	corpus
スターター	24 45	43	24 43 45 | 45 | 24 45	jmdict
スチール	32 41	51	32 41 | 41 51 | 32 41	jmdict
スティック	45	40	40 45 | 45 | 45	corpus
スティン	11	40	11 | 40 | 11	corpus
ステップ	15 30	44	30 | 15 30 44 | 15	corpus
ステロイド	51	40	51 | 40 51 | 51	jmdict
ステージ	16 44	13 32	16 | 13 44 | 16 32 44	corpus
ステート	13	26	13 | 13 26 | 13	corpus
ステートアマ	33	24 36	33 | 24 | 33 36	jmdict
スト		15 34 38	15 | 34 | 38	corpus
ストウ	40	15	40 | 15 | 40	corpus
ストック	37 40 54	19	37 40 | 19 37 40 54 | 37 40 54	jmdict
ストライキ	15	34 38	15 | 15 38 | 34	jmdict
ストライク		10 15 33	10 | 33 | 15	jmdict
ストレージ	45	40	45 | 45 | 40 45	corpus
ストレート	18	43	18 | 18 | 18 43	jmdict
ストロボ	46	45	45 | 46 | 46	jmdict
ストローク	15	32 57	15 32 57 | 15 | 15	corpus
ストール	42	15 44	15 42 | 42 44 | 42	corpus
スナップ	32 45	15	32 | 15 32 45 | 32 45	corpus
スバ	26	11	11 | 26 | 26	corpus
スパイク	15 42 45	14 18	42 | 15 18 42 45 | 14 15 45	jmdict
スパイラル	18	15	18 | 18 | 15 18	jmdict
スパー	15	35	15 | 35 | 15	corpus
スパーリング	15	33	15 | 33 | 15	jmdict
スピルリナ	53	43	53 | 43 53 | 53	jmdict
スピーカ	45	24	45 | 24 45 | 45	corpus
スピーカー	45	24	45 | 24 45 | 45	corpus
スピード	19	15	19 | 19 | 15	corpus
スピードウェイ	17	44	17 | 17 | 44	jmdict
スプリント	16 38	33	33 38 | 16 38 | 16 38	corpus
スペシャル	13	32	13 32 | 13 | 13	jmdict
スペース	17	18 52	17 | 17 18 52 | 17	corpus
スポット	17	46	17 | 17 46 | 17	corpus
スポンサー	24	27 37	24 | 27 37 | 24	corpus
スポーツ新聞	32 40	31	31 40 | 32 40 | 32	jmdict
スマイル	56	30	56 | 56 | 30 56	jmdict
スモーカー	20 45	24	20 45 | 24 45 | 20	jmdict
スラ		18 32 40	40 | 32 | 18	corpus
スライス	15	18 43	15 18 | 15 | 43	corpus
スライド	32	15 40 45	15 32 | 32 40 45 | 32	corpus
スラック	27	31 45	27 | 31 45 | 27	jmdict
スラッグ	31	17	31 | 31 | 17 31	corpus
スラッシュ	18	31	18 | 18 | 31	corpus
スラム	26 44	17	44 | 17 26 44 | 26	corpus
スラローム		15 32 33	32 | 15 | 33	jmdict
スリープ		13 15 57	57 | 15 | 13	corpus
スレーブ	25	20 45	25 | 20 | 25 45	jmdict
スロット	45	17	17 45 | 45 | 45	corpus
スロー	15	19	19 | 15 | 15	corpus
スワード	40	47	40 | 40 | 47	corpus
スーパー	38	44	38 | 38 | 38 44	corpus
スーパースター	24	20	24 | 24 | 20	jmdict
スーパーマン	20	32	20 32 | 20 | 20	jmdict
セカンド	24 45	16 18 19	19 24 45 | 16 24 45 | 18 24	jmdict
セクション	18	17 27	18 | 17 | 18 27	corpus
セクタ	11	38	11 | 38 | 11	corpus
セクター	38	26	26 38 | 38 | 38	corpus
セグメント	11	18 40	11 | 11 | 18 40	corpus
セッション	35	16 32	16 | 32 35 | 35	corpus
セッティング	30	15	30 | 15 30 | 30	jmdict
セマンティクス	31	30	30 | 31 | 31	corpus
セミナー	33	31	31 | 33 | 33	jmdict
セラピー	30	15	30 | 30 | 15	jmdict
セラー	44	24	44 | 44 | 24	jmdict
セル	40	45 53 56 57	40 57 | 40 45 53 | 40 56	corpus
セルフ	20	30	20 | 20 | 20 30	corpus
セレクション	11 30	15	30 | 11 15 | 11 30	jmdict
セロハンテープ	40	41	40 | 41 | 40	jmdict
センタ	17 27	44	17 27 44 | 17 27 | 17 27	corpus
セージ	54	43	54 | 54 | 43 54	corpus
セールス	37	38	37 | 37 | 37 38	jmdict
ゼネスト		35 36 38	36 | 35 | 38	jmdict
ゼロックス	45	32	45 | 32 45 | 45	jmdict
ソプラノ	32	18	32 | 18 | 32	jmdict
ソユーズ	52	45	45 | 52 | 52	jmdict
ソルト	43	41 51	43 51 | 43 | 41 43	corpus
ソロ	32	20	32 | 20 32 | 32	jmdict
ソース	10 31 43	32	10 31 43 | 31 32 43 | 10 31 43	corpus
ソード	45	40	40 | 45 | 45	corpus
タイ	23 26 42 55	10 31	26 | 23 26 42 55 | 10 23 26 31 42 55	corpus
タイアップ	35	38	38 | 35 | 35	jmdict
タイゲーム	13	10	13 | 10 | 13	jmdict
タイト	18	13	18 | 18 | 13	jmdict
タイプ	11	18 45	11 | 11 | 11 18 45	corpus
タイムセール	37	16	37 | 16 37 | 37	jmdict
タイムリー	13	15	13 | 15 | 13	jmdict
タウ	18	51	51 | 18 | 18	corpus
タカ	55	37	55 | 37 55 | 55	corpus
タコ	55	43 56	43 55 | 55 | 55 56	corpus
タック	42	18	42 | 18 42 | 42	corpus
タッチ	15	32 35 56	32 35 56 | 15 | 15	jmdict
タブ	40	45	40 | 40 | 45	corpus
タブロイド	32	40	32 | 32 | 32 40	jmdict
タブー	33	34	33 34 | 33 | 33	jmdict
タム	45	44	44 | 45 | 45	corpus
タラ	55	43	55 | 43 55 | 55	corpus
タリス	45	42	45 | 42 | 45	corpus
タルク	41	51	41 | 41 | 41 51	jmdict
タレント	24 32	30	24 32 | 24 | 24 30 32	jmdict
タンデム	45	18 22	45 | 18 45 | 22	jmdict
タンパ	26	45	45 | 26 | 26	corpus
ターキー	43 55	19	43 55 | 43 55 | 19 43 55	corpus
タール	51	41	51 | 51 | 41 51	corpus
ダイアグラム	18	32	18 | 18 | 18 32	jmdict
ダイアログ	31	40 45	31 40 | 31 | 31 45	corpus
ダイエット	30	33	30 | 30 | 30 33	jmdict
ダイジェスト	32	31	32 | 32 | 31	corpus
ダイナマイト	41	40	40 | 41 | 41	jmdict
ダイナミクス	14	15	14 15 | 14 | 14	jmdict
ダイヤ	16 51	18	16 18 51 | 16 51 | 16 51	jmdict
ダウン	13 42	15 41	15 41 42 | 13 42 | 13 42	corpus
ダウンタウン	17	26	17 | 17 | 17 26	jmdict
ダカ	37	55	37 | 55 | 37	jmdict
ダッシ	15	18	15 | 15 | 18	corpus
ダッチワイフ	40	45	45 | 40 | 40	jmdict
ダミー	40	10 18	10 40 | 18 | 40	jmdict
ダメージ	13	15	13 | 13 | 15	jmdict
ダン	18	19	18 | 18 | 19	corpus
ダーク	13	18	18 | 13 | 13	corpus
ダート	47	17	47 | 17 | 47	corpus
ダートマス	27	26	27 | 27 | 26	corpus
チア		32 33 35	33 | 35 | 32	jmdict
チェイン	15	18 45	15 | 15 | 18 45	corpus
チェッカー	45	24	45 | 45 | 24 45	corpus
チェック	30	10	30 | 10 | 30	corpus
チェリー	43	54	43 | 43 | 43 54	jmdict
チェルノブイリ	26	10	10 26 | 26 | 26	jmdict
チェーン	45	15 38	45 | 15 38 45 | 45	corpus
チキン	20 43	24 55	20 43 | 24 43 | 20 43 55	jmdict
チャイム	45	50	45 | 45 | 45 50	jmdict
チャック	45	42	45 | 45 | 42	jmdict
チャットルーム		17 35 44	44 | 17 | 35	corpus
チャネリング	31	30 35	30 31 | 31 35 | 31	jmdict
チャリティー	35	33	35 | 33 | 35	jmdict
チャーター	37	38	37 38 | 37 | 37	jmdict
チャート	18	32	18 | 32 | 18	jmdict
チュートリアル	30	31 32	31 32 | 30 | 30	corpus
チューブ	40	45	45 | 40 | 40	jmdict
チョキ	18	56	56 | 18 | 18	jmdict
チョン	23	20	20 | 23 | 23	corpus
チョーキング	15 32	30 50	15 32 | 30 50 | 15 32	jmdict
チリ	26	43	26 | 26 43 | 26	corpus
チン	50	56	56 | 50 | 50	corpus
ツアー	15	33	15 | 15 33 | 15	jmdict
ツイン	11	18 44	11 | 11 | 18 44	corpus
ツナ	43	55	43 | 43 | 43 55	jmdict
ツーリスト	20	24	20 | 24 | 20	jmdict
テア		18 20 40	18 | 20 | 40	corpus
ティアラ	40	42	40 | 42 | 40	corpus
テイ	18	20	20 | 18 | 18	corpus
テイスト	13 43	30	13 43 | 30 43 | 13 43	jmdict
テキス	31	32	31 32 | 31 | 31	corpus
テクノロジー	30	33	33 | 30 | 30	corpus
テスト	10	15 30	30 | 10 | 10 15	corpus
テストケース	30	10 11	11 | 30 | 10 30	corpus
テックス	41	19	41 | 41 | 19	corpus
テッド		20 27 31	31 | 20 | 27	corpus
テナント	24	27	24 | 27 | 24	corpus
テナー	32	24	32 | 24 32 | 32	corpus
テノール	32	18	32 | 18 32 | 32	jmdict
テムコ	26	10	10 | 26 | 26	corpus
テリトリー	17	26	17 | 17 26 | 17	jmdict
テル	17	20	20 | 17 | 17	corpus
テレクラ		27 35 38	38 | 27 | 35	jmdict
テレグラフ	45	31	45 | 31 45 | 45	jmdict
テレビ	45	32	45 | 32 45 | 45	corpus
テロップ	31	32	31 | 31 | 32	jmdict
テン	55	19	19 | 55 | 55	corpus
テンペラ	32	41	32 | 32 41 | 32	jmdict
テンポ	16	19	16 | 16 | 19	corpus
テンポラリー	16	24	24 | 16 | 16	jmdict
テーゼ	10	30	10 | 10 | 30	jmdict
テーブル	40	18	40 | 40 | 18 40	corpus
テープ	40	41 45	40 45 | 40 | 40 41	jmdict
テーマ	32	30	32 | 32 | 30 32	corpus
ディ	31	40	40 | 31 | 31	corpus
ディスカッション	31	35	31 35 | 31 | 31	corpus
ディスクアクセス	15	45	15 45 | 15 | 15	corpus
ディスクリプタ		10 31 40	40 | 31 | 10	corpus
ディスコ	44	32 33	44 | 32 44 | 33 44	jmdict
ディストリビューション	15	11 38 40	11 15 | 15 40 | 15 38	corpus
ディテール	18	10	18 | 18 | 10	jmdict
ディフェンス	30	36	30 | 30 | 36	jmdict
ディベート	31	35	31 | 31 35 | 31	jmdict
デコレーション	32	18 40	32 | 32 40 | 18 32	jmdict
デザイン	32	18 30	18 32 | 30 32 | 32	jmdict
デジタル	18	11 30	30 | 18 | 11 18	corpus
デスク	45	40	45 | 45 | 40	corpus
デタント	13	35 36	36 | 13 | 13 35	jmdict
デッキ	17 44	40 45	17 44 45 | 40 44 | 17 44	jmdict
デッド	13	57	57 | 13 | 13	jmdict
デッドヒート	13	14	13 | 14 | 13	jmdict
デニム	41	42	41 | 41 42 | 41	jmdict
デノミ	37	15	15 37 | 37 | 37	jmdict
デフォルメ	18	32	18 | 18 | 18 32	jmdict
デブ	20	56	20 56 | 20 | 20	jmdict
デベロッパー	24	27	24 | 24 | 24 27	jmdict
デマンド	37	19	19 37 | 37 | 37	jmdict
デモクラット	24	36	24 36 | 24 | 24	jmdict
デモンストレーション	35	31 36	35 36 | 31 35 | 35	jmdict
デュオ	11	32	32 | 11 | 11	jmdict
データベース	40	45	40 | 45 | 40	corpus
データ構造	18	45	18 45 | 18 | 18	corpus
デート	35	16	16 35 | 35 | 35	corpus
デーモン	45	53	45 | 45 53 | 45	corpus
トイレ	44	45	44 | 44 45 | 44	jmdict
トウ	56	41	56 | 41 | 56	corpus
トグル	45	15	45 | 45 | 15 45	corpus
トサー	24	11	11 | 24 | 24	corpus
トッパー	42	40	40 | 42 | 42	jmdict
トップ	24	19	24 | 19 24 | 24	corpus
トップスター	24	32	24 32 | 24 | 24	jmdict
トップニュース	31	10	31 | 10 31 | 31	jmdict
トライ	15	30	15 | 30 | 15	corpus
トライアル	15	30	15 | 15 | 30	jmdict
トラクト	40	32	40 | 32 | 40	corpus
トラスト	30	27	27 30 | 30 | 30	corpus
トラッド	18 33	42	18 33 | 18 33 | 33 42	jmdict
トラップ	45	30	45 | 30 45 | 45	corpus
トラバーユ	38	15	38 | 38 | 15	jmdict
トラフ	50	17	50 | 50 | 17 50	corpus
トラフィック	15	19	15 19 | 15 | 15	jmdict
トラブル	10	13	10 | 13 | 10	jmdict
トランザクション	37	15	37 | 37 | 15 37	corpus
トリオ	22	32	22 | 22 32 | 22	corpus
トリップ	15	30	15 | 15 30 | 15	jmdict
トリートメント	15	40	15 | 15 | 15 40	jmdict
トル	19	45	45 | 19 | 19	corpus
トレース	15	45	15 | 15 | 15 45	corpus
トレードマーク	18	34	18 | 18 34 | 18	jmdict
トレーニング		15 30 33	33 | 30 | 15	corpus
トロイ	40	26	26 | 40 | 40	jmdict
トロイカ	45	22 27 36	27 45 | 36 45 | 22 45	jmdict
トロール	22	24	22 | 24 | 22	corpus
トワイライト	16	50	16 | 16 50 | 16	jmdict
トンネル	44	17	44 | 17 44 | 44	corpus
トークショー	32	31	31 32 | 32 | 32	jmdict
トーチ	46	45	46 | 46 | 45 46	jmdict
トーナメント	33	10	10 | 33 | 33	jmdict
トール		18 19 37	18 | 19 | 37	jmdict
ドキュメント	31 40	32	32 40 | 31 40 | 31 40	corpus
ドクトリン	30	36	30 | 30 36 | 30	jmdict
ドック	44	56	44 | 44 56 | 44	corpus
ドッグファイト		15 35 36	36 | 15 | 35	jmdict
ドッグラン	17	47	17 | 47 | 17	jmdict
ドメイン	17	31	17 | 17 31 | 17	corpus
ドメス		25 26 33	33 | 25 | 26	corpus
ドライフラワー	40	54	40 | 40 | 54	jmdict
ドラッグ	15	40 51	15 | 15 40 | 15 51	corpus
ドラフト	32 43	33 35 50	32 | 32 33 43 50 | 32 35 43	corpus
ドラム	45	40	45 | 45 | 40 45	jmdict
ドリー	45	55	45 | 45 55 | 45	jmdict
ドルフィンキック	15 30	56	15 56 | 15 30 | 30	jmdict
ドル札	37	40	37 | 37 | 37 40	corpus
ドレッシング	43	40	43 | 43 | 40 43	jmdict
ドロー	10	13	13 | 10 | 10	corpus
ドン	24 50	20	24 50 | 20 50 | 24 50	corpus
ドーピング	33	15	15 | 33 | 33	jmdict
ナイスバディ	56	18	18 56 | 56 | 56	jmdict
ナイチンゲール	55	24	55 | 55 | 24 55	jmdict
ナイト	16	24	16 | 16 | 16 24	corpus
ナイトクラブ	44	33	33 | 44 | 44	corpus
ナイン	19	22	19 | 19 22 | 19	jmdict
ナイーブ	30	13	13 | 30 | 30	jmdict
ナショナリズム	36	26	36 | 36 | 26	jmdict
ナチズム	36	30	36 | 30 36 | 36	jmdict
ナビ	45	17	45 | 17 45 | 45	jmdict
ナビゲーター	24	45	24 | 24 45 | 24	corpus
ナンセンス	10	13	13 | 10 | 10	jmdict
ナント	26	30	30 | 26 | 26	corpus
ニック	20	18	18 | 20 | 20	jmdict
ニッチ	38	44	38 44 | 38 | 38	corpus
ニュースレター	32	31	32 | 32 | 31 32	corpus
ニュータウン	26	44	26 | 26 44 | 26	jmdict
ニュートラ	33	13	33 | 33 | 13	jmdict
ニュートラル	13	45	13 | 13 | 13 45	corpus
ニューヨーカー	20	26	26 | 20 | 20	jmdict
ヌード	56	18	18 56 | 56 | 56	jmdict
ヌーベル	32	43	32 | 32 | 43	jmdict
ネアンデルタール	23	20	23 | 20 23 | 23	jmdict
ネイビー	18	13	13 | 18 | 18	jmdict
ネオ	11	13	11 | 11 | 13	jmdict
ネオナチ	24	22 36	24 36 | 22 | 24	jmdict
ネック	13	56	13 | 13 | 56	corpus
ネックレス	42	40	42 | 40 | 42	jmdict
ネット	26 45	17 40	17 40 | 26 45 | 26 45	corpus
ネットプレー	15	33	15 | 15 | 33	jmdict
ネーム	20	31	20 | 20 | 31	corpus
ノイローゼ	57	30	57 | 30 | 57	jmdict
ノック	15	50	50 | 15 | 15	jmdict
ノミネート	32	35	32 | 35 | 32	corpus
ノロ	53	57	57 | 53 | 53	corpus
ノンストップ	15	13	13 15 | 15 | 15	jmdict
ノー	31	10 35	10 35 | 31 | 31	corpus
ノーサイド	15	33 35	15 33 | 15 | 15 35	jmdict
ノート	31 40	32	31 40 | 32 40 | 31 40	corpus
ノード	17	45	17 | 17 | 17 45	corpus
ノーヒットノーランゲーム	10	33	10 | 33 | 10	jmdict
ハイ	31	13 19	13 | 19 31 | 31	jmdict
ハイウェイ	17	44	17 | 17 44 | 17	jmdict
ハイカー	20	24	24 | 20 | 20	jmdict
ハイキング	33	15	15 33 | 33 | 33	jmdict
ハイク	15	33	15 | 33 | 15	jmdict
ハイティーン	20	16	20 | 20 | 16 20	jmdict
ハイテク	38	30	38 | 30 | 38	jmdict
ハイビジョン	45	32 40	45 | 45 | 32 40	jmdict
ハイファイ	45	13	13 | 45 | 45	jmdict
ハイブリッド	18	11	11 | 18 | 18	corpus
ハイブロー	24	33	24 | 33 | 24	corpus
ハイライト	13	46	13 | 13 | 13 46	jmdict
ハウジング	44	45	44 | 44 45 | 44	jmdict
ハウスキーピング	33	38	38 | 33 | 33	corpus
ハッカ	54	24	24 | 54 | 54	corpus
ハッシュ	30	19	30 | 30 | 19	corpus
ハッチ	44	45	44 | 44 | 45	jmdict
ハッピーエンド	32	15	32 | 32 | 15	jmdict
ハネムーン	16	33	16 | 16 | 16 33	jmdict
ハム	43	24	24 43 | 43 | 43	jmdict
ハロゲン	51	46	46 51 | 51 | 51	jmdict
ハロン	51	19	51 | 19 | 51	jmdict
ハンガー	45	44	45 | 44 45 | 45	jmdict
ハンスト		15 34 35 36	36 | 15 34 | 35	jmdict
ハンティング		15 33 38	15 | 38 | 33	corpus
ハンデ	13	19	13 19 | 13 | 13	jmdict
ハンドボール	33	40	33 | 33 40 | 33	jmdict
ハンドリング	15	30	15 | 15 30 | 15	corpus
ハート	30 56	18	30 56 | 18 30 56 | 30 56	corpus
ハードトップ	18 45	40	45 | 18 40 | 18 45	jmdict
ハーレム	22 44	21 26	21 44 | 22 44 | 22 26 44	jmdict
バイオ	33	30 38	33 38 | 30 | 33	jmdict
バイオテクノロジー	30	38	38 | 30 | 30	jmdict
バイト	19 24	38	19 | 19 24 | 19 24 38	corpus
バイパス	15 17	45	15 17 45 | 15 | 15 17	corpus
バイブル	32	40	32 40 | 32 | 32	jmdict
バイリンガル	20	31	20 | 20 | 20 31	jmdict
バウ	17	45	17 | 45 | 17	corpus
バカンス	16	33	16 33 | 16 | 16	jmdict
バグ	13	10 55	13 | 10 55 | 13	corpus
バスケット	33 45	32 40	33 45 | 33 40 | 32 45	jmdict
バスター		15 24 33	15 | 24 | 33	jmdict
バスツアー	15	33	33 | 15 | 15	jmdict
バス停	17	44	17 | 17 | 17 44	corpus
バタバタ	13 50	15	15 50 | 13 | 13 50	jmdict
バタフライ	15 55	30	15 55 | 30 55 | 15 55	jmdict
バック	17	35	17 | 17 | 17 35	corpus
バックアップ	40	15 35	35 40 | 40 | 15 40	corpus
バックス	24	37	37 | 24 | 24	corpus
バックスクリーン	40	44	40 | 40 | 44	jmdict
バックハンド	15	30	30 | 15 | 15	jmdict
バックル	42	45	42 | 42 | 42 45	corpus
バッチ		11 15 32 38	11 32 | 38 | 15	corpus
バッチ処理	15	38	15 | 15 | 15 38	corpus
バッティング	15	33	15 | 33 | 15	jmdict
バッファ	45	40	40 | 45 | 45	corpus
バトン	45	40	45 | 45 | 40	jmdict
バブル	13 51	38 50	13 51 | 13 50 | 38 51	jmdict
バベルの塔	44	33	44 | 33 44 | 44	jmdict
バム	40	24	40 | 24 | 40	corpus
バムバム	50	10	10 | 50 | 50	jmdict
バランスシート	38	31 37	31 37 | 38 | 38	jmdict
バリア	40	17	40 | 40 | 17 40	corpus
バリエーション	11	18	11 | 11 | 11 18	jmdict
バリケード	40	45	40 | 45 | 40	jmdict
バリデーション	10	30	30 | 10 | 10	corpus
バルサ	41	27 54	27 | 41 | 41 54	corpus
バレル	19	40	19 | 19 40 | 19	corpus
バロメーター	13 45	30	13 45 | 13 45 | 30 45	jmdict
バン	45	43	45 | 45 | 43 45	corpus
バンス	37	45	37 | 37 | 45	jmdict
バンタム級	19	11	11 19 | 19 | 19	jmdict
バンド	19 32 42	40	19 32 42 | 19 32 42 | 19 32 40	corpus
バー	44 45	40	44 45 | 44 | 40 44 45	corpus
バーコード	18	40	18 | 40 | 18	jmdict
バート	20	45	20 | 45 | 20	corpus
バーバー	24	44	24 | 24 | 24 44	jmdict
パイル	41	19 40	40 41 | 19 41 | 41	corpus
パイロット	24	38	24 | 24 | 24 38	jmdict
パケット	40	31	40 | 31 | 40	corpus
パシフィック	50	26	50 | 50 | 26 50	jmdict
パス	17	15 31 35 40	17 | 15 17 31 35 40 | 17	corpus
パスカル	19	31	19 | 19 | 19 31	jmdict
パステル		40 41 45	41 | 40 | 45	jmdict
パスワード	30	31	30 | 30 | 31	corpus
パズル	30	33 40	30 | 30 40 | 30 33	jmdict
パチンコ	45	33	45 | 33 45 | 45	jmdict
パッキン	41	40	40 | 41 | 41	corpus
パッチワーク		32 40 42	40 | 32 | 42	jmdict
パット	15	33 42	33 42 | 15 | 15	jmdict
パッド	40 45	42	40 45 | 40 42 45 | 40	jmdict
パディ	47	41	41 | 47 | 47	corpus
パトロン	24	22	24 | 22 | 24	jmdict
パドック		17 44 47	47 | 17 | 44	jmdict
パフ	45	43	45 | 45 | 43 45	corpus
パフォーマンス	14 32	13	13 32 | 14 32 | 14 32	corpus
パブ	44	38	44 | 38 44 | 44	corpus
パブリック	25	26	26 | 25 | 25	jmdict
パラ		19 33 40	19 | 33 | 40	corpus
パラソル	45	40	45 | 40 | 45	jmdict
パリーグ	27	33	27 | 27 33 | 27	jmdict
パンアメリカニズム	36	26	36 | 36 | 26 36	jmdict
パンク	15 32	13 33	13 32 33 | 15 32 | 15 32	jmdict
パンチ	14 45	15	14 45 | 15 45 | 14 45	jmdict
パンパ	50	26	26 | 50 | 50	jmdict
パンフ	40	32	32 | 40 | 40	corpus
パンフレット	40	32	40 | 32 40 | 40	corpus
パー	19	20	19 20 | 19 | 19	corpus
パーキング	17	47	17 | 47 | 17	corpus
パーサー	45	24	45 | 45 | 24 45	corpus
パーセプトロン	45	30	30 45 | 45 | 45	jmdict
パーソナリティー	30	24	30 | 30 | 24 30	jmdict
パーティ	35	27 36	27 35 36 | 35 | 35	corpus
パーティー	35	27 36	27 35 | 35 36 | 35	jmdict
パート	19 38	32	19 38 | 19 38 | 19 32 38	corpus
パープル	18	13	13 | 18 | 18	jmdict
パーマ	56	15	56 | 56 | 15 56	corpus
パームボール		11 15 45	45 | 11 | 15	jmdict
パーラー	44	38	38 44 | 44 | 44	jmdict
パール	51	40	40 51 | 51 | 51	jmdict
ヒス	30	50	50 | 30 | 30	corpus
ヒステリー	30	57	30 | 30 | 30 57	jmdict
ヒット	15 19 32	13	15 19 32 | 15 32 | 13 15 19	corpus
ヒッピー	20	24 33	20 | 24 33 | 20	jmdict
ヒマラヤ	50	26	50 | 50 | 26 50	jmdict
ヒロイン		20 24 32	32 | 24 | 20	jmdict
ヒンドゥー	23	33	33 | 23 | 23	jmdict
ヒーリング	15	30	15 | 15 | 30	jmdict
ヒール	42 56	24	24 42 56 | 42 56 | 42	jmdict
ヒーロー	20	32	20 | 20 32 | 20	jmdict
ビアガーデン	44	38	44 | 44 | 38	jmdict
ビクトリー	13	10	10 | 13 | 13	jmdict
ビジョン	30	56	30 | 30 | 30 56	jmdict
ビタミン	43	51	43 | 43 | 51	jmdict
ビッグバン	52	50	52 | 52 | 50 52	jmdict
ビネ		11 30 40	40 | 11 | 30	corpus
ビバーク	44	15	15 | 44 | 44	jmdict
ビュー	17 18	30 40	17 18 | 17 30 40 | 18	corpus
ビラ	40	31	40 | 40 | 31 40	jmdict
ビルダ	45	24	45 | 24 45 | 45	corpus
ビルトイン	18	44	18 | 18 | 44	jmdict
ビーコン	45	10 31	10 45 | 31 45 | 45	corpus
ビーズ	40	41	40 | 40 41 | 40	jmdict
ビーム	44 50	41	44 50 | 44 50 | 41 44 50	jmdict
ピアス	42	40	42 | 40 | 42	jmdict
ピアニスト	24	32	24 | 24 | 24 32	jmdict
ピアフ	20	24	20 | 24 | 20	corpus
ピケ	42	35 36	35 42 | 36 | 42	jmdict
ピッチ	17 19 31 41 50	18	17 19 31 41 50 | 17 19 41 | 17 18 19 31 50	jmdict
ピッチャー	24 40	45	24 40 | 24 45 | 24 40	jmdict
ピブロック		11 40 45	45 | 40 | 11	corpus
ピリ		13 30 54	54 | 13 | 30	jmdict
ピント	18	17	17 | 18 | 18	jmdict
ピース	13 18	40	13 40 | 13 18 | 18	corpus
ファイア	50	46	46 50 | 50 | 50	corpus
ファイト	14	15 35	14 | 14 | 15 35	jmdict
ファイナル	15	10	15 | 15 | 10 15	jmdict
ファイナルセット	16	10	16 | 16 | 10	jmdict
ファイナンス	37	38	37 | 37 | 37 38	jmdict
ファイバ	41	51	41 51 | 41 | 41	corpus
ファイブスター	13	19	13 | 13 19 | 13	jmdict
ファイリングシステム	30	45	30 | 45 | 30	jmdict
ファウル	34	10	10 | 34 | 34	jmdict
ファクシミリ	45	31	45 | 45 | 31 45	jmdict
ファシスト	24	20 36	24 | 24 | 20 36	jmdict
ファシリティ	44	45	44 | 44 | 44 45	jmdict
ファスナー	42	45	42 | 45 | 42	jmdict
ファブリック	41	27	27 41 | 41 | 41	corpus
ファンキー	32	13	13 32 | 32 | 32	jmdict
ファンサイト		31 32 40	31 | 40 | 32	jmdict
ファンダメンタルズ	13	37	13 37 | 13 | 13	jmdict
ファー	41	42	41 | 41 42 | 41	corpus
ファース		11 32	11 | 32	corpus
ファースト	17	19 24	17 | 17 24 | 19	corpus
ファーム	47	38	47 | 47 | 38 47	corpus
ファームウェア		32 40 45	40 | 45 | 32	corpus
フィギュア	40	18 32	40 | 18 32 40 | 40	jmdict
フィッシング	30	10 15	30 | 10 30 | 15	corpus
フィット	13	18	18 | 13 | 13	jmdict
フィットネス	56	33	56 | 33 56 | 56	jmdict
フィナカップ	10	33	10 | 10 | 33	jmdict
フィヨルド	50	17	17 | 50 | 50	jmdict
フィルダースチョイス	33	15	15 | 33 | 33	jmdict
フィン	45	55 56	45 | 45 55 | 56	corpus
フィールド	17	10 47	10 17 47 | 17 | 17	corpus
フィールドワーク	30	38	30 | 38 | 30	jmdict
フェア	13 33	35 37	13 33 | 33 37 | 13 35	jmdict
フェイク	10	40	10 | 10 | 10 40	corpus
フェミニスト	20	24 30	20 30 | 24 | 20	jmdict
フェラチオ	35	15	35 | 35 | 15	jmdict
フェロモン	51	53	51 | 51 53 | 51	jmdict
フェース	18	56	18 | 18 | 18 56	corpus
フェーズ	15	13	15 | 13 | 15	corpus
フォア	17	33	33 | 17 | 17	jmdict
フォアハンド		15 18 30	15 | 18 | 30	jmdict
フォアボール	15	33	33 | 15 | 15	jmdict
フォト	32	40	32 | 32 40 | 32	jmdict
フォント	18	32	18 | 18 32 | 18	corpus
フォークボール		11 18 30 40	11 | 30 | 18 40	jmdict
フォージ	44	45	45 | 44 | 44	corpus
フォーム	18	40	18 | 18 | 18 40	corpus
フォーラム	35	17 27	35 | 27 35 | 17 35	corpus
フォール	15	16	15 16 | 15 | 15	corpus
フガード		11 24 40	40 | 24 | 11	corpus
フス	20	43	20 | 43 | 20	corpus
フットボール	33	40	33 | 33 | 33 40	jmdict
フットワーク	15	56	15 56 | 15 | 15	jmdict
フューチャー	16	37	16 | 16 37 | 16	jmdict
フライ	15 43	55	15 43 | 15 43 | 43 55	corpus
フライ級	11	19	11 | 11 19 | 11	jmdict
フラグ	10	18 40	18 | 10 | 10 40	corpus
フラッシュ	46	15	46 | 46 | 15	corpus
フランス料理	43	33	33 43 | 43 | 43	jmdict
フラー		20 24 45	20 | 24 | 45	corpus
フリンジ	42	17	42 | 17 42 | 42	jmdict
フリー	13	24	13 | 24 | 13	corpus
フリーダイヤル	31	35	31 | 31 | 35	jmdict
フリーハンド	30	32 34	30 32 34 | 30 | 30	jmdict
フリーパス	40	34	34 40 | 40 | 40	jmdict
フレッシュ	13	24	13 24 | 13 | 13	jmdict
フレーズ	31	32	31 | 31 | 31 32	corpus
フレーバー	43	11	11 43 | 43 | 43	jmdict
フレーム	18 40	45	18 40 | 18 40 45 | 18 40	corpus
フレームワーク	30	45	30 | 30 | 30 45	corpus
フロア	44	17	44 | 44 | 17 44	jmdict
フロック	42	13	42 | 42 | 13	jmdict
フロッピー	45	40	45 | 45 | 40	jmdict
フロッピーディスク	40	45	40 | 40 | 45	jmdict
フロンティア	17	26	17 | 26 | 17	corpus
フロント	27	17	27 | 17 27 | 27	corpus
フロー	15	30	15 30 | 15 | 15	corpus
フロート	40	43 45	43 45 | 40 | 40	jmdict
ブイ	45	40	40 | 45 | 45	corpus
ブックメーカー	24	37 38	24 37 | 24 | 24 38	jmdict
ブラス	41	32 51	41 | 41 | 32 51	corpus
ブラックボックス	45	30 40	45 | 30 40 | 45	corpus
ブラックリスト	31	10 32	31 | 10 | 31 32	corpus
ブランチ	27 54	32 43	32 54 | 27 43 54 | 27 54	corpus
ブランド名	31	11	31 | 11 | 31	corpus
ブリーチ	10	15	10 | 10 | 10 15	corpus
ブル	55	45	45 55 | 55 | 55	jmdict
ブルジョア	24	26	24 | 26 | 24	jmdict
ブルセラ	42	37 53	53 | 37 42 | 42	jmdict
ブルー	18 30	13	18 | 18 30 | 13 30	corpus
ブルーバード	55	45	45 55 | 55 | 55	jmdict
ブレイク	15	13 16	15 | 13 15 | 15 16	corpus
ブレスレット	40	42	40 | 40 | 42	jmdict
ブレンド	15	51	15 | 15 51 | 15	jmdict
ブレーキ	45	30	45 | 45 | 30 45	jmdict
ブレーク	15	16	15 | 15 | 15 16	corpus
ブロンズ	51	41	51 | 51 | 41	jmdict
ブローカー	24 38	37	24 38 | 24 37 | 24 38	corpus
ブンド	27	36 37	27 | 27 36 | 37	jmdict
ブーイング	31	35	35 | 31 | 31	jmdict
ブーケ	40	54	40 54 | 40 | 40	jmdict
ブーメラン	45	40	45 | 45 | 40 45	jmdict
プッシュ	15	31	15 31 | 15 | 15	corpus
プラ	41	51	51 | 41 | 41	corpus
プライア	26	45	45 | 26 | 26	corpus
プラス	13 19	15	13 19 | 19 | 13 15	jmdict
プラットフォーム	45	17 36 40	40 | 17 36 45 | 45	corpus
プラットホーム	44 45	17	17 | 44 45 | 44 45	jmdict
プランター	45	40	45 | 40 | 45	jmdict
プリーツ	42	18	18 42 | 42 | 42	jmdict
プルークボーゲン	15	30	15 | 15 | 30	jmdict
プレイ	32	33	32 | 32 | 33	corpus
プレイヤー	24	45	24 | 24 | 24 45	corpus
プレスセンター	27	44	27 | 27 44 | 27	jmdict
プレスリリース	31	32	31 | 31 | 31 32	corpus
プレビュー	32	15 18	18 32 | 32 | 15	corpus
プレミア	13 37	32	13 37 | 13 32 | 37	corpus
プレリュード	32	15	32 | 32 | 15 32	jmdict
プレース	17	15	17 | 15 17 | 17	corpus
プレート	40 41	45 51	40 41 | 40 51 | 40 41 45	corpus
プログラム	32 45	31	31 32 45 | 32 45 | 45	corpus
プロセス	15	30 45	15 30 | 15 45 | 15	corpus
プロダクト	40	38	38 40 | 40 | 40	jmdict
プロテクション	30	15	30 | 30 | 15	corpus
プロテスタント	33	24	24 33 | 33 | 33	jmdict
プロパティ	13	40	13 | 13 | 13 40	corpus
プロパン	51	41	41 51 | 51 | 51	jmdict
プロフィール	18	20 31	20 | 18 31 | 18	corpus
プロポーザル	31	10 38	31 | 31 38 | 10 31	jmdict
プロモート	15	38	38 | 15 | 15	jmdict
プロレス	33	32	33 | 33 | 32 33	jmdict
プロンプター	45	24	24 45 | 45 | 45	jmdict
プール	19 44	27	19 44 | 27 44 | 19 44	corpus
ヘアケア	56	30	30 | 56 | 56	jmdict
ヘッジファンド	27	38	27 38 | 27 | 27	corpus
ヘッダー	40	31 32	40 | 32 40 | 31	corpus
ヘッド	24 45 56	18	45 56 | 24 45 56 | 18 24 45 56	corpus
ヘッドライト	46	45	46 | 45 46 | 46	jmdict
ヘラクレス	20	55	20 55 | 20 | 20	jmdict
ヘル	17	26	17 | 26 | 17	corpus
ヘルス	57	56	56 | 57 | 57	corpus
ヘルニア	57	56	57 | 57 | 56	jmdict
ヘルプ	31	30 35	31 35 | 31 | 30	corpus
ベア	55	37	55 | 37 55 | 55	corpus
ベジタブル	43	54	43 | 43 54 | 43	jmdict
ベストセラー	32	37 40	32 40 | 32 37 | 32	jmdict
ベタ	55	13	55 | 55 | 13	jmdict
ベネチアングラス	40	41 51	40 41 | 40 | 40 51	jmdict
ベンダー	27	37 38	27 37 | 27 38 | 27	corpus
ベンチ	40	30	40 | 30 | 40	corpus
ベンチャーキャピタル	37 38	27	27 37 | 38 | 37 38	corpus
ベーカリー	38	44	38 | 38 44 | 38	jmdict
ベースアップ	37	15	15 37 | 37 | 37	jmdict
ベースキャンプ	17	44	17 | 17 44 | 17	jmdict
ベータ		11 13 18	18 | 13 | 11	corpus
ペアリング	15 35	40	15 | 15 35 | 35 40	corpus
ペナルティ	34	37	34 | 34 37 | 34	corpus
ペナルティー	34	36	34 | 34 36 | 34	jmdict
ペルシャ	26	23 31	26 | 23 26 31 | 26	corpus
ペレストロイカ	36	33	36 | 33 | 36	jmdict
ペンタゴン	27 44	18	18 27 44 | 27 44 | 27 44	jmdict
ペンネーム	20	32	20 | 32 | 20	jmdict
ペース	19	15	15 | 19 | 19	corpus
ペースメーカー	45	24 56	45 56 | 45 | 24 45	jmdict
ホス	24	45	24 | 24 | 45	corpus
ホスト	45	20 24	20 45 | 24 45 | 45	corpus
ホック	42	45	45 | 42 | 42	jmdict
ホット	43	50	43 | 50 | 43	jmdict
ホットライン	31	35 45	35 | 31 | 31 45	jmdict
ホラー	32	30	30 32 | 32 | 32	jmdict
ホルモン	51 56	43	51 | 43 56 | 51 56	jmdict
ホログラフィ	32	30	30 | 32 | 32	jmdict
ホログラム	40	18 32	18 40 | 32 | 40	jmdict
ホワイト	18	13	18 | 13 | 18	corpus
ホワイトニング	15	56	15 56 | 15 | 15	jmdict
ホワイトハウス	27 44	36	27 44 | 27 44 | 36 44	corpus
ホーマー	15	24	15 | 15 | 15 24	jmdict
ホームステイ	33	44	44 | 33 | 33	jmdict
ホームセキュリティ	30	45	30 | 30 | 45	jmdict
ホームドラマ	32	33	32 33 | 32 | 32	jmdict
ホームルーム	33	35	33 | 35 | 33	jmdict
ホール	44	17	17 44 | 44 | 44	corpus
ホーン	45	20 56	45 56 | 45 | 20	corpus
ボイス	31 56	50	31 | 31 50 56 | 31 56	corpus
ボクサー	24 42	55	24 42 | 24 | 24 42 55	jmdict
ボサノバ	32	33	32 33 | 32 | 32	jmdict
ボタン	45	42	45 | 45 | 42 45	corpus
ボディーブロー	15	14	15 | 15 | 14 15	jmdict
ボトム	18 42	17 19	18 42 | 17 42 | 18 19 42	jmdict
ボルテージ	14 50	19	14 50 | 14 50 | 19	jmdict
ボルト	45	19	45 | 45 | 19 45	jmdict
ボレー	15	33	15 | 33 | 15	corpus
ボン		26 33 50	26 | 33 | 50	corpus
ボンベ	40	45	40 | 45 | 40	corpus
ボーカラー	18	24	18 | 18 | 24	jmdict
ボーダー	17 18	42 55	17 18 42 55 | 17 18 | 17 18	jmdict
ボートピープル	20	22	20 | 20 | 22	jmdict
ポイント	19	30 37	19 | 19 | 19 30 37	corpus
ポケット	42	40	40 | 42 | 42	corpus
ポジ	13	40	13 | 13 | 13 40	corpus
ポジション	13 17	24 30	13 17 24 | 13 17 | 17 30	jmdict
ポジティブ	13	30	13 30 | 13 | 13	jmdict
ポスト	25 45	32	45 | 25 45 | 25 32 45	corpus
ポット	45	40	45 | 45 | 40 45	corpus
ポップ	32	40	32 | 32 | 32 40	corpus
ポテト	43	54	43 | 43 54 | 43	jmdict
ポリ	24 41	42	24 41 | 41 | 24 41 42	jmdict
ポリス	27	24 26	24 27 | 26 27 | 27	jmdict
ポリプロピレン	41	51	41 51 | 41 | 41	jmdict
ポリープ	56	53	53 56 | 56 | 56	jmdict
ポルト	17	26 43	17 | 17 | 26 43	corpus
ポンス	43	56	43 | 43 | 56	corpus
ポンポン	40	56	40 | 40 | 40 56	jmdict
ポーズ	18	15	18 | 18 | 15 18	jmdict
ポータブル	45	40	45 | 45 | 40	corpus
ポータル	17 27	44	17 27 | 27 | 17 44	corpus
ポート	45	17	45 | 17 45 | 45	corpus
ポートフォリオ	32 37	40	32 37 40 | 32 37 | 32 37	jmdict
ポーラ	20	27	20 | 20 | 27	corpus
マイクロ	19	45	19 45 | 19 | 19	corpus
マイナー	24 45	13 32	13 24 32 | 24 45 | 45	corpus
マイノリティ	26	23	26 | 26 | 23	corpus
マイペース	30	13	30 | 30 | 13	jmdict
マウンティング	35	15	35 | 15 35 | 35	jmdict
マウント	15 45	36	15 36 45 | 45 | 15	jmdict
マウンド	17	18 50	17 50 | 17 | 18	jmdict
マカダム	41	44 47	41 47 | 41 | 41 44	jmdict
マキシム	20	30	20 | 20 | 30	corpus
マグナム	45	40	40 45 | 45 | 45	jmdict
マグニチュード	19	50	19 50 | 19 | 19	jmdict
マグネット	51	45	51 | 51 | 45	jmdict
マグマ	51	50	51 | 50 51 | 51	jmdict
マサ	51	20	20 | 51 | 51	corpus
マザリング	21	33	21 33 | 21 | 21	jmdict
マザーグース	32	33	32 33 | 32 | 32	jmdict
マジック	32	45	32 | 32 45 | 32	corpus
マス	18 55	19	18 55 | 18 19 55 | 18 55	corpus
マスク	42	45	42 | 42 | 42 45	corpus
マスコット	40	32	32 | 40 | 40	jmdict
マスター	24 40	45	24 | 24 40 | 24 40 45	corpus
マスターキー	45	30	45 | 45 | 30 45	corpus
マスト	45	34	34 45 | 45 | 45	jmdict
マッキントッシュ	45	42	42 45 | 45 | 45	jmdict
マック	38 45	27	27 45 | 38 45 | 38 45	jmdict
マッサージ	15	56	15 | 15 56 | 15	jmdict
マッチ	46	13 15 33 35	13 46 | 15 33 46 | 35 46	corpus
マッチプレー	33	11	11 33 | 33 | 33	jmdict
マップ	17	40	17 40 | 17 | 17	corpus
マドラス	26 41	42	41 | 26 41 | 26 42	jmdict
マナー	33	35	35 | 33 | 33	jmdict
マニア	20	24	20 | 20 | 24	corpus
マニアック	13	30	30 | 13 | 13	jmdict
マニフェスト	31 36	10 32 40	32 40 | 10 31 36 | 31 36	corpus
マニュアル	30	32 40	30 | 30 40 | 30 32	jmdict
マメ	43 54	30 56	54 | 43 54 56 | 30 43	corpus
マリファナ	54	41	54 | 54 | 41 54	jmdict
マリン	50	17	50 | 17 | 50	jmdict
マンスリー	16	32	16 | 16 32 | 16	jmdict
マンパワー	24	14	24 | 14 24 | 24	jmdict
マンホール	44	45	44 | 45 | 44	jmdict
マーカー	18	40 45	40 | 18 | 18 45	corpus
マークアップ	31	32	31 | 31 | 31 32	corpus
マージン	17 37	19	17 37 | 19 37 | 17 37	jmdict
マーチ	32	16	32 | 16 32 | 32	jmdict
マート	44	38	38 44 | 44 | 44	corpus
マーブル	18 51	41	18 41 | 51 | 18 51	jmdict
ミキサー	45	35	45 | 45 | 35 45	corpus
ミサイル	45	40	45 | 45 | 40	jmdict
ミステリー	32	10	32 | 32 | 10 32	jmdict
ミスプリント	32	10	32 | 32 | 10	jmdict
ミッション		10 30 34	30 | 10 | 34	corpus
ミディ	42	18	42 | 42 | 18	jmdict
ミトコンドリア		51 53 56	51 | 56 | 53	jmdict
ミドル	19	20	19 | 19 | 19 20	corpus
ミドルホール		11 17 33	33 | 17 | 11	jmdict
ミニチュア	40	18	40 | 18 | 40	jmdict
ミミック		18 53 55	18 | 55 | 53	jmdict
ミュー	18	19	18 | 18 | 18 19	corpus
ミューズ	32	20	20 32 | 32 | 32	jmdict
ミリタリールック	42	18	42 | 18 42 | 42	jmdict
ミール	43	52	43 52 | 43 | 43	jmdict
ムシ	55	30	55 | 55 | 30 55	corpus
ムスタング	55	40	40 55 | 55 | 55	jmdict
ムトン	42	43	43 | 42 | 42	corpus
ムード	30	13	13 30 | 30 | 30	jmdict
ムーラン	45	32	45 | 32 | 45	jmdict
メイク	40	42	42 | 40 | 40	jmdict
メイクアップ	40	42	40 | 42 | 40	jmdict
メイン	13 26	17	13 | 17 26 | 13 26	jmdict
メインテーブル	45	40	40 | 45 | 45	jmdict
メカニズム	30	15 18	30 | 15 30 | 18	corpus
メキシコ湾	17	26	17 | 17 | 26	jmdict
メコンデルタ	26	17 50	17 50 | 26 | 26	jmdict
メシア	20	33	20 | 20 33 | 20	jmdict
メジャー	18 45	13	13 45 | 18 45 | 18 45	corpus
メソジスト	33	24	24 | 33 | 33	jmdict
メタボリック	56	13	13 | 56 | 56	jmdict
メタル	51	32 41	51 | 41 51 | 32 51	corpus
メッカ	26	17	26 | 17 | 26	jmdict
メッシュ	18 45	27	45 | 18 27 | 18 45	corpus
メッセンジャー	24 45	31	24 31 | 24 45 | 24 45	corpus
メニュー	40	11 43	40 | 40 43 | 11 40	corpus
メモ	40	31 32	32 40 | 40 | 31	corpus
メモランダム	31	32 40	31 40 | 32 | 31	corpus
メモリ	45	30	30 45 | 45 | 45	corpus
メモリ割り当て	15	45	15 | 15 | 15 45	corpus
メルクマール	30	13	30 | 30 | 13	jmdict
メロン	43	54	43 | 43 | 43 54	jmdict
メン	43	24	24 | 43 | 43	corpus
メーカー	27	38	38 | 27 | 27	corpus
メート	22	19	19 | 22 | 22	corpus
モダニズム	32	33	32 33 | 32 | 32	jmdict
モックアップ	18	40	18 40 | 18 | 18	jmdict
モデル	18 24 30	11	18 24 30 | 11 18 24 30 | 18	corpus
モデルガン	40	45	40 | 45 | 40	jmdict
モニュメント	32 40	44	32 44 | 32 40 | 40	jmdict
モラトリアム	16	37	16 37 | 16 | 16	jmdict
モラル	34	30	34 | 34 | 30	jmdict
モルモット	55	22	55 | 55 | 22 55	jmdict
モンテカルロ	26	30	26 | 26 30 | 26	jmdict
モーターショー	33	32	32 | 33 | 33	jmdict
モード	18	13	18 | 18 | 13 18	corpus
モール	44	42	44 | 44 | 42 44	jmdict
ヤンキー	20 23	24	20 23 | 23 24 | 20 23	jmdict
ユニット	19 27 45	37	19 37 45 | 19 27 45 | 19 27 45	corpus
ユリア	20	51	51 | 20 | 20	jmdict
ユーレカ	31	30	31 | 31 | 30	jmdict
ヨット	45	40	45 | 45 | 40	jmdict
ヨットハーバー	17	44	44 | 17 | 17	jmdict
ヨーク	42	26	42 | 42 | 26	corpus
ラ	32	31	32 | 31 | 32	corpus
ライタ	24	45	24 | 24 | 45	corpus
ライター	24	45 46	24 | 24 45 | 24 46	corpus
ライブラリ	45	40	40 | 45 | 45	corpus
ライブラリー	27 44	45	27 45 | 27 44 | 27 44	jmdict
ライン	17 18 38	31	18 38 | 17 31 38 | 17 18	corpus
ラウ	11	20	11 | 20 | 11	corpus
ラウンド	16	33	16 33 | 16 | 16	corpus
ラグ	16	40	16 40 | 16 | 16	corpus
ラジアル	18	40	18 | 18 | 40	jmdict
ラスター	32	18 40	32 | 18 | 32 40	corpus
ラスト	16	18	16 | 16 18 | 16	corpus
ラストスパート	15	14	15 | 15 | 14	jmdict
ラッカ	26	41	26 | 41 | 26	corpus
ラッカー	41	51	41 | 41 | 41 51	corpus
ラッセル	45	15	45 | 15 | 45	jmdict
ラッド	20	19	19 | 20 | 20	corpus
ラッパー	45	24	45 | 45 | 24 45	corpus
ラップ	32 41	15 40	15 32 40 | 32 41 | 32 41	corpus
ラフ	32	47	32 | 32 47 | 32	corpus
ラフト	45	40	45 | 40 | 45	corpus
ラフプレー	15	35	35 | 15 | 15	jmdict
ラベル	40	11	11 40 | 40 | 40	corpus
ラリ		13 30 35	35 | 30 | 13	corpus
ラリー	35	33	35 | 35 | 33 35	corpus
ランダム化	15	30	15 30 | 15 | 15	corpus
ランド		17 26 37	37 | 26 | 17	corpus
ランドマーク	17	44	17 44 | 17 | 17	jmdict
ランニング	15 42	38	15 | 15 38 42 | 15 42	corpus
ラーゲ	13	17 44	13 17 | 13 | 44	jmdict
ラーフ	52	40	40 | 52 | 52	corpus
リア	17	18	17 18 | 17 | 17	corpus
リアクション	15	35	15 | 15 | 15 35	jmdict
リクルート	38	15	15 | 38 | 38	corpus
リコール	15 36	30	15 36 | 15 36 | 15 30 36	jmdict
リザーブ	35	37 40	35 | 35 37 | 35 40	jmdict
リスト	31	11 40	31 | 11 40 | 31	corpus
リスナー	24	20	20 | 24 | 24	corpus
リズム	18	13 32	13 | 18 | 18 32	corpus
リソース	41	40	40 | 41 | 41	corpus
リゾート	17	44	44 | 17 | 17	jmdict
リッジ	50	17	17 | 50 | 50	corpus
リッピ	20	11	11 | 20 | 20	corpus
リップ	42 56	40	42 56 | 42 56 | 40 56	corpus
リトグラフ	32	40	32 40 | 32 | 32	jmdict
リネーム	15	31	15 31 | 15 | 15	jmdict
リハ	15	32	15 | 15 32 | 15	corpus
リピ		15 24 37	24 | 15 | 37	jmdict
リピーター	22 45	24	22 45 | 22 | 24 45	jmdict
リファレンス	31 40	30	31 40 | 31 | 30 40	corpus
リフォーム	15	38	15 | 15 38 | 15	jmdict
リフレクション	30	15	30 | 15 | 30	corpus
リフレッシュ	15	30	15 30 | 15 | 15	jmdict
リブ	56	42	56 | 42 56 | 56	corpus
リプライ	31	35	31 35 | 31 | 31	jmdict
リプレイ	15	32	15 32 | 15 | 15	corpus
リベラル	36	24	36 | 36 | 24 36	jmdict
リメイク	32	15	32 | 32 | 15 32	jmdict
リモートコントロール	36	45	36 | 36 45 | 36	corpus
リュー		17 40 55	40 | 55 | 17	corpus
リラ	37	54	37 | 37 | 37 54	corpus
リライ	30	11	30 | 30 | 11	corpus
リリーフ	24	35	24 | 24 35 | 24	jmdict
リロ	20	15	15 | 20 | 20	corpus
リンク	35	17 40	17 40 | 35 | 35	corpus
リンチ	15	35 36	35 36 | 15 | 15	jmdict
リント	45	15 30	30 45 | 15 | 45	corpus
リー	17	20	17 | 17 | 20	corpus
リーク	31	15	31 | 15 31 | 31	corpus
リーグ	27	33	27 | 27 | 27 33	corpus
リーグ戦	33	10	10 | 33 | 33	jmdict
リーダ	24	45	24 | 24 | 24 45	corpus
リーチ	17	19	17 | 17 19 | 17	corpus
リーディング	31 32	13	31 32 | 31 | 13 31 32	jmdict
リード	13 45	14 30 32 38	14 32 38 45 | 13 30 45 | 13 45	corpus
リーフレット	40	32	40 | 32 40 | 40	jmdict
リール	26 45	17	17 45 | 26 45 | 26 45	corpus
ルアー	45	30	45 | 45 | 30 45	corpus
ルオ	23	20	20 | 23 | 23	corpus
ルタ		40 45 54	45 | 54 | 40	corpus
ルバ	23	11	23 | 11 | 23	corpus
ルンゲ	56	20	56 | 20 | 56	jmdict
ルーツ	21 54	15 16 33	16 | 15 21 54 | 21 33 54	corpus
ルート	17 36	24	17 24 | 17 36 | 17 36	corpus
ループ	15	18	15 | 15 | 15 18	corpus
ルーム	44	17	17 | 44 | 44	corpus
レイ	40	50	50 | 40 | 40	corpus
レイオフ	15	38	15 | 15 38 | 15	corpus
レイプ	15	35	15 | 15 | 35	jmdict
レイル	45	40	40 | 45 | 45	corpus
レガース	42	40	42 | 40 | 42	jmdict
レギュラー	24	19 41	19 24 41 | 24 | 24	jmdict
レコード	40	10 32	32 40 | 40 | 10 40	corpus
レシート	40	37	40 | 40 | 37 40	jmdict
レシーバー	45	24	45 | 24 45 | 45	corpus
レスト	16	15	16 | 15 | 16	corpus
レストラン	38	44	38 | 38 44 | 38	jmdict
レスポンス	15 35	31	15 31 | 15 35 | 35	corpus
レット		13 15 33	33 | 13 | 15	corpus
レトロ	33	13 18	13 18 | 33 | 33	jmdict
レバー	43 45	56	43 45 | 43 45 56 | 43 45	jmdict
レビュー	30	31 32	30 | 30 32 | 31	corpus
レリーフ	32	18 40	32 40 | 32 | 18 32	jmdict
レン	20	54	54 | 20 | 20	corpus
レンダリング	32	15	15 32 | 32 | 32	corpus
レントゲン	50	56	50 | 56 | 50	jmdict
レーザー	45	50	45 50 | 45 | 45	jmdict
レース	15 42	35	15 42 | 35 42 | 15 42	corpus
レーニン	20	25	20 | 20 | 25	corpus
ログ	31 40	10	31 40 | 10 40 | 31	corpus
ロケ	32	17	32 | 32 | 17 32	corpus
ロケット	45	52	45 | 45 | 45 52	jmdict
ロケット弾	45	40	40 | 45 | 45	jmdict
ロココ	32	33	32 | 32 | 32 33	jmdict
ロス	37	15 19	37 | 19 | 15 37	corpus
ロスコ	20	40	20 | 40 | 20	corpus
ロゼ	43	18	43 | 18 43 | 43	jmdict
ロッカー	45	24 40	45 | 40 | 24 45	corpus
ロング	18	19	18 19 | 18 | 18	jmdict
ロングホール		17 33 47	47 | 33 | 17	jmdict
ロングラン	16	32	16 32 | 16 | 16	jmdict
ロー		11 13 19 45	11 | 19 45 | 13	corpus
ローカル	26	17	17 26 | 26 | 26	corpus
ローズ	54	13	54 | 54 | 13 54	corpus
ロータリー	17	45	17 | 17 | 17 45	jmdict
ロープ	40	45	45 | 40 | 40	corpus
ロープウェイ	45	17	17 45 | 45 | 45	jmdict
ロール	25	34	25 | 25 | 34	corpus
ワイズ	19	42	42 | 19 | 19	jmdict
ワイト		12 13 53	13 | 53 | 12	corpus
ワイド	18	19	19 | 18 | 18	jmdict
ワイル	57	20	57 | 57 | 20	corpus
ワイルドカード	18	31	18 31 | 18 | 18	corpus
ワシ	55	20	20 55 | 55 | 55	corpus
ワッペン	42	40	42 | 40 | 42	jmdict
ワン	19	50	19 | 50 | 19	corpus
ワンセグ	31	40	31 | 31 | 31 40	jmdict
ワンタッチ	30	15	30 | 15 | 30	jmdict
ワンマン	20	24	24 | 20 | 20	jmdict
ワーカー	24	45	24 | 24 45 | 24	corpus
ワークフロー	30	38	30 | 30 | 38	corpus
ヴァンパイア	55	53	55 | 55 | 53	jmdict
ヴィンテージ	13	16 40	16 | 13 40 | 13	jmdict
ヴィーナス	52	33	52 | 52 | 33 52	jmdict
一世	16	20	16 20 | 16 | 16	jmdict
一両	37 45	19	19 37 45 | 37 45 | 37	jmdict
一丸	13	18	13 18 | 13 | 13	jmdict
一人ぼっち	20	13	20 | 20 | 13	jmdict
一人前	19 24	20 43	19 20 43 | 19 24 | 19 24	jmdict
一人相撲	30	13	30 | 13 | 30	jmdict
一人称	20	31	20 31 | 20 | 20	jmdict
一件	10	19	10 | 10 19 | 10	corpus
一任	34	35	34 | 34 | 35	jmdict
一休み	16	15	16 | 16 | 15	jmdict
一元	19	13	13 | 19 | 19	corpus
一冊	19	40	19 | 19 | 19 40	jmdict
一助		14 30 35	30 | 35 | 14	jmdict
一卵性双生児	21	20	21 | 20 | 21	jmdict
一口	19	31 37	19 | 19 | 19 31 37	jmdict
一句	32	19	32 | 19 32 | 32	jmdict
一向	19	17	17 | 19 | 19	jmdict
一品	40 43	11 19	19 40 43 | 11 43 | 40 43	jmdict
一問	31	10 19	19 31 | 10 | 31	jmdict
一回	19	16	19 | 16 | 19	jmdict
一回り	15 19	16	15 19 | 15 16 19 | 15 19	jmdict
一団	22	11	11 | 22 | 22	jmdict
一堂	17	44	17 | 17 | 44	jmdict
一大事	10	13	10 | 13 | 10	jmdict
一字	31	19	31 | 31 | 19 31	jmdict
一局	19	32	19 | 19 | 19 32	jmdict
一層	18	19	18 19 | 18 | 18	jmdict
一山	19	17 50	17 19 | 19 50 | 19	jmdict
一席	17 19	32 35	17 19 32 | 17 35 | 19	jmdict
一度	16	19	16 | 16 | 16 19	corpus
一応	19	13	19 | 13 | 19	jmdict
一手	15	30	15 | 15 | 15 30	corpus
一打	19	15	19 | 15 | 19	jmdict
一挙手一投足	15	56	15 56 | 15 | 15	jmdict
一揆	36	33	36 | 33 | 36	jmdict
一撃	14	15	14 | 14 | 14 15	jmdict
一敗	19	10	19 | 10 | 19	jmdict
一文	31 37	19	31 37 | 31 37 | 19 31 37	jmdict
一文字	31	18	18 31 | 31 | 31	jmdict
一斉	16	15	16 | 16 | 15	corpus
一方	17	22	17 | 17 22 | 17	corpus
一服	16 19 43	15	16 43 | 15 19 43 | 16 19 43	jmdict
一木	54	51	51 | 54 | 54	jmdict
一条	19	18	19 | 18 19 | 19	jmdict
一杯	19	43	19 | 19 | 19 43	jmdict
一枚岩	13 51	26	13 51 | 26 51 | 13 51	jmdict
一校	27	19 32	19 27 | 27 32 | 27	jmdict
一次産品	38	11 40 41	11 38 | 41 | 38 40	jmdict
一歩	15 17	19	15 19 | 15 17 | 17	corpus
一段落	15	32	15 32 | 15 | 15	jmdict
一派	27	22	22 | 27 | 27	corpus
一環	11	19	19 | 11 | 11	corpus
一生	16	57	16 | 16 | 16 57	jmdict
一番	19	13	19 | 13 19 | 19	jmdict
一番乗り	20	24	20 | 20 | 24	jmdict
一番手	19	20 24	19 24 | 19 | 20	jmdict
一目	30	19 56	19 | 30 56 | 30	jmdict
一直線	18	17	17 18 | 18 | 18	jmdict
一着	19 42	13	13 42 | 19 42 | 19 42	jmdict
一睡	57	16	16 | 57 | 57	jmdict
一票	19 36	34	34 | 19 36 | 19 36	jmdict
一等	19	13	19 | 19 | 13	jmdict
一筋縄	30	41	30 | 41 | 30	jmdict
一級	19	13	13 | 19 | 19	jmdict
一緒	13	35	13 | 35 | 13	corpus
一線	17	18	17 | 17 | 17 18	jmdict
一義	10	13	10 | 13 | 10	jmdict
一翼	56	27 30	27 56 | 56 | 30 56	jmdict
一脈	17	56	17 | 56 | 17	jmdict
一致	13	10	13 | 10 | 13	corpus
一般	13	11	13 | 11 13 | 13	corpus
一般論	30	10	30 | 30 | 10	corpus
一色	18	19	18 19 | 18 | 18	jmdict
一芸	32	14 30	14 30 | 32 | 32	jmdict
一葉	54	19	54 | 54 | 19 54	jmdict
一行	22 31	19	22 31 | 19 22 31 | 22 31	corpus
一覧	31	11 18	11 31 | 31 | 18	corpus
一覧表	40	31	31 40 | 40 | 40	corpus
一角	17	18 55	17 18 55 | 17 | 17	jmdict
一説	10	30	30 | 10 | 10	jmdict
一足	19	42	19 42 | 19 | 19	jmdict
一蹴	15	35	15 35 | 15 | 15	jmdict
一軍	27	24	24 | 27 | 27	jmdict
一軒	44	19	44 | 44 | 19	jmdict
一連	11	19	19 | 11 | 11	corpus
一進一退	15	13	15 | 15 | 13 15	jmdict
一部始終	10	15	10 | 10 | 15	jmdict
一里塚	17 40	15 33	17 40 | 17 33 | 15 17 40	jmdict
一門	21 22	27	21 22 | 21 22 | 22 27	jmdict
一陣	50	20 22	20 50 | 50 | 22 50	jmdict
一面	13 18	32	13 18 32 | 13 18 | 18	jmdict
一風	13	18	13 | 13 | 18	jmdict
丁重	35	13	35 | 13 | 35	jmdict
七不思議	10	11 33	11 33 | 10 | 10	jmdict
七宝	32	40	32 | 32 | 40	jmdict
七色	19	50	19 | 19 | 19 50	jmdict
万が一	13	10	10 | 13 | 13	jmdict
万一	10	13	13 | 10 | 10	jmdict
万人	19	20	19 | 19 20 | 19	corpus
万歳	31	35	31 35 | 31 | 31	jmdict
万物		10 12 50	12 | 50 | 10	jmdict
万端	19	13	19 | 13 | 19	jmdict
万能	13	14	13 14 | 13 | 13	jmdict
丈	19	42	19 | 19 | 19 42	jmdict
三体	19	32	32 | 19 | 19	jmdict
三回忌	33	16	33 | 16 33 | 33	jmdict
三塁打	15	33	15 | 33 | 15	jmdict
三役	24	25	24 | 24 25 | 24	jmdict
三拍子	32	13 19	13 32 | 19 | 32	jmdict
三文	37	19	37 | 19 | 37	jmdict
三方	17 45	19	45 | 17 45 | 17 19	jmdict
三春	26	16	16 | 26 | 26	jmdict
三曲	32	19	32 | 19 32 | 32	jmdict
三校	32	27	32 | 32 | 27	jmdict
三段目	19	13	19 | 13 | 19	jmdict
三段跳び	33	15	33 | 15 | 33	jmdict
三流	13	19	13 19 | 13 | 13	jmdict
三省	30	27	30 | 30 | 27	jmdict
三者		19 20 22	19 | 22 | 20	jmdict
三軍	36	27	36 | 36 | 27	jmdict
三輪	45	18 19	18 45 | 45 | 19	jmdict
三重	19 26	18	19 26 | 19 26 | 18 26	corpus
上	17	19	17 19 | 17 | 17	corpus
上がったり	15	13	15 | 15 | 13 15	jmdict
上げ潮	14 50	15	15 50 | 14 50 | 14 50	jmdict
上り	19	17	19 | 17 19 | 19	corpus
上り列車	45	15 17	17 45 | 45 | 15 45	jmdict
上乗せ	19	15	19 | 15 19 | 19	corpus
上代	16 37	33	16 37 | 16 37 | 16 33	jmdict
上位	13	19	13 19 | 13 | 13	corpus
上値	37	19	37 | 19 37 | 37	jmdict
上司	24	25	24 | 24 25 | 24	jmdict
上官	25	24	25 | 25 | 24	jmdict
上座	17	35	17 35 | 17 | 17	jmdict
上役	24	25	24 | 24 | 24 25	jmdict
上意	36	25	36 | 25 36 | 36	jmdict
上手	13	17 24	13 17 | 13 | 24	jmdict
上方	17	26	17 | 17 26 | 17	corpus
上棟	15	44	15 | 15 | 15 44	jmdict
上気	56	13 30	13 | 56 | 30 56	jmdict
上水	51	41	51 | 41 | 51	jmdict
上田	47	17 20 26	26 47 | 17 20 | 47	jmdict
上記		10 17 31	10 | 31 | 17	corpus
上辺	18	13 17	13 17 | 18 | 18	jmdict
下	17	25	17 | 17 25 | 17	corpus
下り列車	45	15 17	45 | 17 45 | 15 45	jmdict
下回り	24 45	17	24 45 | 17 24 | 45	jmdict
下敷き	40	30	40 | 40 | 30 40	jmdict
下水処理	15	38	38 | 15 | 15	corpus
下準備	30	15	30 | 30 | 15	jmdict
下火	15	14	15 | 15 | 14 15	jmdict
下田	26	47	26 47 | 26 | 26	jmdict
下積み	13	38	13 | 38 | 13	jmdict
下見	15	30	15 | 30 | 15	jmdict
下請け	38	24	38 | 24 38 | 38	jmdict
下野	36	25	36 | 25 36 | 36	jmdict
不一致	13	10	13 | 13 | 10	corpus
不具	13	56	13 | 13 56 | 13	corpus
不動産	47	40	47 | 40 47 | 47	corpus
不十分	19	13	19 | 13 19 | 19	corpus
不協和音	50	32 35	50 | 32 | 35 50	jmdict
不参		13 15 35	35 | 13 | 15	corpus
不参加		13 15 35	13 | 15 | 35	corpus
不可侵	13	34	13 | 34 | 13	jmdict
不可思議	13	10	10 | 13 | 13	jmdict
不可能	13	10	13 | 10 | 13	corpus
不合理	13	30	13 | 13 | 13 30	jmdict
不同意	30	34	30 | 34 | 30	jmdict
不始末		10 13 30	10 | 30 | 13	jmdict
不孝	21	13	13 | 21 | 21	jmdict
不定	13	10	10 | 13 | 13	jmdict
不審	13	30	30 | 13 | 13	corpus
不審火	50	10	50 | 50 | 10 50	jmdict
不屈	13	30	13 | 13 | 30	jmdict
不平	30	31	30 31 | 30 | 30	jmdict
不心得	30	13	30 | 30 | 13	jmdict
不快	30	13	30 | 30 | 13	jmdict
不惑	16	30	16 | 30 | 16	jmdict
不成立	10	13 15	10 | 10 15 | 13	jmdict
不戦	13	36	13 | 36 | 13	jmdict
不戦勝	10	13	13 | 10 | 10	jmdict
不手際	13	10	13 | 10 | 13	jmdict
不条理	13	10	13 | 10 13 | 13	jmdict
不正	13	10	10 | 13 | 13	corpus
不死身	57	13	57 | 13 | 57	jmdict
不毛	13	47	13 | 13 | 13 47	jmdict
不治	13	57	13 | 13 57 | 13	jmdict
不法	34	13	34 | 13 | 34	jmdict
不熱心	13	30	13 | 13 | 30	jmdict
不燃物	51	41	51 | 51 | 41	jmdict
不用意	30	13	30 | 30 | 13	jmdict
不発	15	13	15 | 15 | 13	corpus
不眠	56	57	56 | 56 | 57	jmdict
不知火	50	43 54	43 50 54 | 50 | 50	jmdict
不確定	13	10	13 | 13 | 10	jmdict
不確実	13	10	13 | 13 | 10 13	corpus
不祥事	10	13	10 | 10 | 10 13	jmdict
不義	13	10 34	10 34 | 13 | 13	jmdict
不起訴	34	10	34 | 10 | 34	corpus
不通	15	13 31	15 | 15 31 | 13	jmdict
与党	36	27	27 36 | 36 | 36	jmdict
与野党	36	27	27 36 | 36 | 36	jmdict
丑	16 55	33	16 33 55 | 55 | 16	jmdict
世	26	16	26 | 16 26 | 26	corpus
世帯	21	33	21 | 21 | 33	corpus
世帯主	24	21	21 | 24 | 24	jmdict
世界各地	26	17	17 26 | 26 | 26	jmdict
世界大戦	33	26	33 | 26 33 | 33	jmdict
世界銀行	27	26	27 | 27 | 26 27	jmdict
世襲	33	25	25 33 | 33 | 33	jmdict
世論	30	26	30 | 30 | 26 30	corpus
丘	50	17	17 | 50 | 50	jmdict
丘陵	50	17	50 | 17 50 | 50	jmdict
丙	19	18	18 | 19 | 19	jmdict
両名	20	19	20 | 19 20 | 20	jmdict
両性	20	53	53 | 20 | 20	jmdict
両用	11	13 18	13 | 11 | 11 18	jmdict
両立	13	15	13 | 13 | 15	corpus
両翼	56	17	56 | 56 | 17 56	jmdict
両論	31	30	31 | 30 | 31	jmdict
両雄	22	20	20 22 | 22 | 22	jmdict
並み	19	13	19 | 19 | 13 19	corpus
並み外れ	19	13	13 | 19 | 19	jmdict
並大抵	19	13	19 | 19 | 13	jmdict
並立	13	12	13 | 12 | 13	jmdict
並行	15	13	13 | 15 | 15	corpus
中	17	16 19	17 | 17 | 16 17 19	corpus
中佐	24	25	24 | 24 | 25	jmdict
中元	33	16 40	16 40 | 33 | 33	jmdict
中共	36	27	27 | 36 | 36	jmdict
中卒	24	20	24 | 20 | 24	jmdict
中古	13 40	33	13 | 13 40 | 33 40	jmdict
中古車	45	40	45 | 40 45 | 45	jmdict
中国側	26	22	26 | 26 | 22 26	corpus
中堅	24	19	24 | 19 24 | 24	corpus
中学	27	33	27 | 27 33 | 27	jmdict
中学校	27	33	27 | 27 | 27 33	jmdict
中将	24	25	24 25 | 24 | 24	jmdict
中小企業	27	38	27 | 27 38 | 27	corpus
中幕	40	32	40 | 32 | 40	jmdict
中年	20	16	20 | 20 | 16	jmdict
中性	13	51	13 | 13 51 | 13	jmdict
中枢	17	13	13 | 17 | 17	corpus
中核	17	18	17 | 18 | 17	corpus
中流	17 26	13	17 26 | 17 26 | 13	jmdict
中火	19	14	14 | 19 | 19	jmdict
中空	18	17	18 | 17 18 | 18	jmdict
中継	15	31	15 | 15 31 | 15	corpus
中耳炎	57	56	57 | 57 | 56	jmdict
中華街	26	17	26 | 17 26 | 26	jmdict
中身	10 17	51	10 17 | 10 51 | 10 17	corpus
中軸	18	17	18 | 17 | 18	jmdict
中間	19	16 17	19 | 16 17 | 19	corpus
中飛	15	11	15 | 11 | 15	jmdict
中高	27	16	27 | 16 27 | 27	jmdict
丸抱え		19 35 37	35 | 19 | 37	jmdict
丸裸	13	18 42	42 | 13 18 | 13	jmdict
丸顔	18	56	18 56 | 18 | 18	jmdict
丹念	30	13	13 | 30 | 30	jmdict
主	25	13	25 | 25 | 13 25	corpus
主人	20 21	35	20 21 | 20 21 | 20 21 35	jmdict
主務		24 34 38	34 | 24 | 38	jmdict
主宰	36	24	36 | 36 | 24	jmdict
主席	24	25	24 | 24 | 24 25	corpus
主幹	24	54	24 54 | 24 | 24	jmdict
主張	31	10 30	31 | 10 31 | 30 31	corpus
主役	20 32	24	20 32 | 24 | 20 32	jmdict
主成分	51	11	51 | 11 | 51	jmdict
主管	36	24	36 | 36 | 24 36	jmdict
主計	24	37 38	24 37 | 24 | 38	jmdict
主賓	22	24	22 | 22 | 24	jmdict
主軸	18	13 30	18 | 18 30 | 13 18	corpus
主題	10	32	10 | 32 | 10	corpus
久留子		20 53 55	53 | 55 | 20	jmdict
乖離	15	13	13 | 15 | 15	corpus
乗算	19	30	19 | 19 | 30	corpus
乙	22	11 19	19 | 22 | 11 22	jmdict
乱世	13	16	13 | 13 16 | 13	jmdict
乱取り		15 33 35	33 | 15 | 35	jmdict
乱暴		13 14 35	35 | 14 | 13	jmdict
乱立		12 13 15	15 | 12 | 13	jmdict
乱舞	32	15	32 | 32 | 15	jmdict
乱調	13	32	13 32 | 13 | 13	jmdict
乱軍	13	27	13 | 13 | 27	jmdict
乱闘	15	35	15 | 15 | 35	jmdict
乳母	24	21	21 24 | 24 | 24	jmdict
乳液	40	51	51 | 40 | 40	jmdict
乾き	13	50	13 | 50 | 13	jmdict
乾燥	15	50	15 50 | 15 | 15	jmdict
了と	35	15	15 | 35 | 35	corpus
了承		30 34 35	35 | 30 | 34	jmdict
了解	30	35	30 | 30 35 | 30	jmdict
予	20	16	16 | 20 | 20	corpus
予備	30	13 19	13 | 19 30 | 30	corpus
予報	10	31	10 | 31 | 10	jmdict
予定	16	30	16 | 16 30 | 16	corpus
予定表	16	40	16 | 16 | 16 40	jmdict
予審	34	36	36 | 34 | 34	jmdict
予科	33	27	33 | 33 | 27 33	jmdict
予算	37	19	37 | 19 37 | 37	corpus
予行	15	32	15 | 32 | 15	jmdict
予言	31	10	31 | 10 | 31	jmdict
予選	33	15	15 | 33 | 33	jmdict
予防	30	15	30 | 30 | 15	corpus
争奪	37	35	37 | 35 37 | 37	jmdict
争議	35	10	35 | 35 | 10	jmdict
事業化	38	15	38 | 38 | 15 38	jmdict
事由	10	30	30 | 10 | 10	jmdict
二人とも	20	19	19 20 | 20 | 20	jmdict
二人連れ	22	19	19 22 | 22 | 22	jmdict
二分	16 19	15	19 | 15 16 19 | 16 19	jmdict
二塁打	15	33	15 | 33 | 15	jmdict
二宮	20	26	20 | 20 | 26	jmdict
二度	19	16	19 | 16 19 | 19	jmdict
二度寝	15	57	15 | 15 | 57	jmdict
二日酔い	56	57	56 57 | 56 | 56	jmdict
二枚目	20	24	20 | 20 | 20 24	jmdict
二枚舌	31	30	31 | 31 | 30	jmdict
二次	19	11	11 19 | 19 | 19	corpus
二次元	18	17	17 | 18 | 18	jmdict
二段構え	18	30	18 | 18 30 | 18	jmdict
二目		15 16 19	15 | 16 | 19	jmdict
二軍	11	22	22 | 11 | 11	jmdict
二重	18	19	18 | 19 | 18	corpus
二重写し	18	32	32 | 18 | 18	jmdict
二院	36	27	36 | 27 36 | 36	jmdict
二階建て	18	44	18 44 | 18 | 18	jmdict
五人組	22	27	22 | 22 | 27	jmdict
五分	19	16	16 19 | 19 | 19	jmdict
五目	33 43	11 32	33 43 | 11 32 43 | 33 43	jmdict
五線	32	18	32 | 18 32 | 32	jmdict
五線譜	32	40	32 40 | 32 | 32	jmdict
五色	18	19	18 | 19 | 18	jmdict
井戸掘り	38	15 47	38 | 38 | 15 47	jmdict
亜熱帯	50	26	50 | 26 50 | 50	jmdict
亜爾加里	26	51	26 | 26 | 51	jmdict
亜種	11	53	11 | 11 53 | 11	corpus
亡命	15	36	15 | 15 | 36	jmdict
亡国	26	15	26 | 15 26 | 26	jmdict
亢進	15	13	13 15 | 15 | 15	jmdict
交付	15	37	15 | 15 | 37	jmdict
交信	31	35	31 35 | 31 | 31	jmdict
交差	15	17	15 | 17 | 15	corpus
交換条件	37	13 34	34 37 | 37 | 13	jmdict
交番	44	27	27 44 | 44 | 44	jmdict
交通網	17	26	17 | 26 | 17	jmdict
交配	15	57	15 | 57 | 15	jmdict
交響楽団	27	32	27 | 27 32 | 27	jmdict
享年	16	19	16 | 16 | 19	jmdict
人事異動	15	38	15 38 | 15 | 15	jmdict
人件費	37	38	37 | 37 38 | 37	corpus
人出	19	20	19 20 | 19 | 19	jmdict
人前	17	22	22 | 17 | 17	jmdict
人名	20	31	20 | 20 | 20 31	jmdict
人員	24	20	24 | 20 | 24	corpus
人工透析	15	56	15 | 56 | 15	jmdict
人手	24	20	24 | 20 | 24	corpus
人数	19	20	19 | 19 20 | 19	corpus
人望	13	30	13 | 13 | 30	jmdict
人柄	30	13	30 | 13 | 30	jmdict
人殺し	15 24	10 20	15 24 | 15 24 | 10 20	jmdict
人気	13	20	13 | 13 | 13 20	corpus
人気取り	30	35	30 35 | 30 | 30	jmdict
人目		20 30 35	30 | 35 | 20	jmdict
人相	18	56	18 | 18 56 | 18	jmdict
人脈	35	22	35 | 22 35 | 35	corpus
人質	22	20	22 | 20 22 | 22	corpus
人身	56	20 57	56 | 56 | 20 56 57	corpus
人通り	15	20	15 20 | 15 | 15	jmdict
人道	30	17 34	30 34 | 17 30 | 30	jmdict
人間像	18	30	18 30 | 18 | 18	jmdict
人間味	13 20	30	13 20 | 30 | 13 20	jmdict
人間工学	30	33	33 | 30 | 30	jmdict
人類	20	23	20 | 20 | 23	jmdict
人食い	20 55	15	20 55 | 20 | 15 55	jmdict
人骨	56	51	56 | 51 56 | 56	jmdict
仁	30	13	13 | 30 | 30	jmdict
仁王	20	33	20 | 33 | 20	jmdict
仇討ち	35	15	35 | 35 | 15	jmdict
今様	18	13 32	18 | 18 | 13 32	jmdict
今風	13	18	13 | 13 | 18	jmdict
介護保険	37	34	37 | 34 37 | 37	jmdict
仏像	40	32	32 40 | 40 | 40	jmdict
仏典	32	33	32 33 | 32 | 32	jmdict
仏壇	40	44	40 | 40 | 44	jmdict
仏学	33	32	33 | 33 | 32 33	jmdict
仏師	24	32	24 | 24 32 | 24	jmdict
仏頂面	18	30	18 | 18 30 | 18	jmdict
仕	38	30	38 | 38 | 30	jmdict
仕上がり	13	15	13 | 13 | 15	jmdict
仕事柄	13	38	13 | 13 | 38	jmdict
仕入れ先	38	22	38 | 38 | 22	jmdict
仕出し	43	38	43 | 38 43 | 43	jmdict
仕切り	40	45	40 | 45 | 40	jmdict
仕掛け	45	30	30 45 | 45 | 45	corpus
仕業	15	10	10 | 15 | 15	jmdict
仕様書	31	32 40	31 | 31 40 | 31 32	corpus
仕立て	42	15 18	15 18 42 | 42 | 42	corpus
仕草	18	56	18 | 56 | 18	jmdict
仕込み	15	30	15 | 30 | 15	corpus
他	22	11	11 | 22 | 22	corpus
他力	14	30	14 30 | 14 | 14	jmdict
他店	38	44	44 | 38 | 38	jmdict
他殺	57	10 15	10 57 | 57 | 15 57	jmdict
他派	27	22	27 | 22 | 27	jmdict
他薦	35	31	31 | 35 | 35	jmdict
他面	18	13	18 | 13 | 18	jmdict
付き添い	24	22	24 | 24 | 22	jmdict
付け	15	37	15 | 15 | 37	corpus
付け出し	37	24	24 37 | 37 | 37	jmdict
付け届け	37	35	35 37 | 37 | 37	jmdict
付託	15	35	15 | 35 | 15	corpus
付録	32	40	32 | 32 40 | 32	jmdict
付随	15	13	15 | 13 | 15	corpus
代替わり	15	16	15 16 | 15 | 15	jmdict
代用	15	30	15 | 15 30 | 15	jmdict
代筆	31	32	31 32 | 31 | 31	jmdict
代行	15	35 38	15 | 15 | 35 38	corpus
代走	24	15	24 | 15 | 24	jmdict
以下	19	17	19 | 17 19 | 19	corpus
以心伝心	30	35	30 | 30 | 35	jmdict
仮	13	30	13 30 | 13 | 13	corpus
仮定	30	10	30 | 10 | 30	jmdict
仮称	31	18	31 | 18 | 31	jmdict
仮装	18	15 42	18 | 18 | 15 42	jmdict
仮設	44	13	44 | 44 | 13	jmdict
仮面	40	42	40 | 40 | 42	jmdict
仲	35	22	22 | 35 | 35	corpus
仲人	24	35	24 35 | 24 | 24	jmdict
仲間入り	35	15	35 | 35 | 15 35	jmdict
任侠	30	33	30 | 33 | 30	jmdict
任免	36	15	15 | 36 | 36	jmdict
任務	34	38	34 | 34 | 38	corpus
任官	36	25	36 | 25 | 36	jmdict
任意	13	30	13 | 13 | 30	corpus
任意出頭	15	35	15 | 35 | 15	jmdict
企画室	27	44	27 | 27 44 | 27	jmdict
伊呂波	31	30	30 31 | 31 | 31	jmdict
伊達	13	18 30	13 30 | 13 18 | 13	jmdict
伏し目	56	18	56 | 56 | 18 56	jmdict
伏兵	24	22	24 | 24 | 22	jmdict
伏流	50	17	50 | 50 | 17 50	jmdict
休	16	15	16 | 15 | 16	corpus
休み	16	15	15 16 | 16 | 16	jmdict
休憩	15	16	15 | 15 | 16	jmdict
休戦	15	36	15 | 15 | 15 36	corpus
休日	16	33	16 | 16 33 | 16	jmdict
休職	38	15	15 | 38 | 38	jmdict
休養	15	33	15 | 15 33 | 15	jmdict
会場	17	44	17 | 17 | 17 44	corpus
会席	33 43	35	33 43 | 33 43 | 35	jmdict
会葬	33	35	35 | 33 | 33	jmdict
会計	38	37	38 | 37 38 | 38	corpus
会話	31	35	31 35 | 31 | 31	corpus
会食	35	43	35 43 | 35 | 35	jmdict
伝え	31	33	31 | 31 | 31 33	corpus
伝家	40	33	40 | 33 | 40	jmdict
伝来	33	15	15 33 | 33 | 33	jmdict
伝染	15	57	15 | 15 | 15 57	jmdict
伝法	33	13 31	33 | 31 33 | 13	jmdict
伝記	32	33	32 33 | 32 | 32	jmdict
伯	25	21	25 | 21 25 | 25	jmdict
伯仲	13	14	13 | 14 | 13	jmdict
伴	15	22	22 | 15 | 15	corpus
伴侶	22	21	22 | 22 | 21	jmdict
伴走	15	35	15 | 15 35 | 15	jmdict
伸縮	15	18	15 | 15 | 15 18	jmdict
伺い	31	35	31 | 31 | 31 35	jmdict
位	19	13	19 | 19 | 13 19	corpus
位相	13	18 50	13 50 | 13 | 18	jmdict
低位	13	19	13 | 19 | 13	jmdict
低価	37	13	37 | 37 | 13 37	corpus
低利	37	19	37 | 19 37 | 37	jmdict
低周波	50	19	19 50 | 50 | 50	jmdict
低圧	50	14	14 | 50 | 50	jmdict
低地	17	47	17 | 47 | 17	jmdict
低姿勢	13 18	30	13 18 | 13 18 | 18 30	jmdict
低学年	16	19 33	16 19 33 | 16 | 16	jmdict
低温	50	19	50 | 19 50 | 50	jmdict
低空飛行	15 52	13 17	15 17 52 | 52 | 13 15 52	jmdict
低落	15	19	15 | 15 19 | 15	jmdict
低速	19	15	19 | 15 19 | 19	corpus
住人	20	24	24 | 20 | 20	jmdict
住宅街	17 44	26	26 44 | 17 44 | 17	jmdict
住民	20	26	20 | 20 | 26	corpus
住民票	40	33	33 | 40 | 40	jmdict
体	56	18	56 | 18 56 | 56	corpus
体つき	56	18	56 | 18 | 56	jmdict
体内	17	56	17 | 17 | 17 56	jmdict
体制	13	27 36	13 27 | 36 | 13	corpus
体力	14	56	14 56 | 14 | 14	jmdict
体外受精	57	15	15 57 | 57 | 57	jmdict
体感	56	30	56 | 56 | 30 56	jmdict
体技	30	56	30 56 | 30 | 30	corpus
体温	56	19	56 | 56 | 19 56	jmdict
体現	18	15 30	18 | 15 30 | 18	corpus
体罰	36	34	36 | 34 | 36	jmdict
体育	33	56	33 56 | 33 | 33	jmdict
体臭	56	50	56 | 50 56 | 56	jmdict
体調不良	56	13	13 56 | 56 | 56	jmdict
体質	56	13	56 | 56 | 13 56	jmdict
何ら	19	10 11	10 | 19 | 11 19	corpus
何人	19 20	23	19 20 | 19 20 | 19 23	jmdict
何度	19	16	19 | 19 | 16 19	jmdict
何方か	20	17 19 22	17 22 | 20 | 19 20	jmdict
何歳	16	19	19 | 16 | 16	jmdict
何物		10 40 51	10 | 40 | 51	jmdict
余	19	20	19 | 20 | 19	corpus
余地	13 17	19	19 | 13 17 | 13 17	corpus
余所	17	22	17 | 17 22 | 17	jmdict
余技	32	33	33 | 32 | 32	jmdict
余波	15	14 50	14 | 15 50 | 15	corpus
余罪	10	34	10 | 10 | 34	jmdict
余録		10 31 32 37	31 37 | 10 | 32	jmdict
余韻	50	13 30	30 50 | 50 | 13 50	jmdict
作り話	32	10 31	32 | 10 32 | 31	jmdict
作家	24	32	24 | 24 32 | 24	jmdict
作文	32	31	31 32 | 32 | 32	jmdict
作業環境	13 38	17	17 38 | 13 38 | 13	jmdict
作況	13	47	13 | 13 | 47	jmdict
作法	33	30	33 | 30 33 | 33	jmdict
作為	30	15	30 | 30 | 15	corpus
作物	54	43	43 54 | 54 | 54	corpus
作製	15	38	15 | 15 | 15 38	jmdict
併合	15	36	15 | 15 | 15 36	jmdict
併発	15	12	15 | 15 | 12	corpus
使い		15 24 30	15 | 30 | 24	corpus
使い捨て	15	13	15 | 15 | 13	corpus
使途	30	37	30 37 | 30 | 30	jmdict
例え	11	30	11 30 | 11 | 11	jmdict
例文	31	11	11 31 | 31 | 31	jmdict
例示	31	11	31 | 31 | 11	jmdict
侍従	24	25	24 | 24 25 | 24	jmdict
供	22	40	22 | 22 | 22 40	corpus
供与	37	15	37 | 15 | 37	jmdict
供出	37	15 34	15 34 | 37 | 37	jmdict
供給源		12 17 38	17 | 12 | 38	corpus
依存	13	30	13 | 30 | 13	corpus
依存症	57	13	57 | 57 | 13	jmdict
依頼者	24	22	22 | 24 | 24	jmdict
価値観	30	13	13 30 | 30 | 30	jmdict
価格表	37	31	37 | 31 37 | 37	corpus
侵犯	34	15	34 | 15 34 | 34	jmdict
便	15 56	13 31 35	35 56 | 13 15 31 56 | 15 56	corpus
便乗	15	35	15 | 15 | 35	corpus
便宜	30	13	30 | 13 | 30	jmdict
便秘	56	57	56 | 56 | 57	jmdict
係	24	27	24 27 | 24 | 24	corpus
係争	35	10	35 | 10 | 35	corpus
係長	24	27	24 | 24 27 | 24	jmdict
俊英	24	20	20 | 24 | 24	jmdict
俊足	14	13	14 | 13 | 14	jmdict
俗説	10	33	10 33 | 10 | 10	jmdict
保健	57	33 56	57 | 33 57 | 56	jmdict
保有者	24	20	24 | 20 | 24	corpus
保育	33	57	33 | 57 | 33	corpus
保証	34	10	34 | 10 | 34	corpus
保護貿易	37	36 38	37 | 36 38 | 37	jmdict
保身	30	57	30 57 | 30 | 30	jmdict
保険会社	27	38	27 | 27 | 27 38	corpus
保養		15 33 57	57 | 15 | 33	jmdict
信	30	31	30 31 | 30 | 30	corpus
信仰	30	33	30 | 30 | 30 33	jmdict
信号	50	10 31 45	50 | 31 45 50 | 10 50	corpus
信教	33	30	33 | 33 | 30 33	jmdict
信経	33	32	33 | 33 | 32	corpus
信義		13 30 34	30 | 34 | 13	jmdict
信販	37	27	37 | 27 | 37	jmdict
信金	27	37	27 37 | 27 | 27	jmdict
修士	33	24	33 | 33 | 24 33	corpus
修学	33	30	30 33 | 33 | 33	jmdict
修学旅行	33	15	33 | 33 | 15 33	jmdict
修正主義	30	36	30 | 30 | 30 36	jmdict
修羅	10	20 33 53	10 20 | 33 | 10 53	jmdict
修行	33	30	30 33 | 33 | 33	jmdict
修身	33	30	30 33 | 33 | 33	jmdict
修辞	31	32	31 | 31 32 | 31	jmdict
俳優	24	32	24 32 | 24 | 24	jmdict
俳壇	32	33	32 33 | 32 | 32	jmdict
俳諧	32	33	32 33 | 32 | 32	jmdict
俵	40	19	19 40 | 40 | 40	jmdict
個体	53	11	53 | 11 53 | 53	jmdict
個性	13	18 30	18 30 | 13 | 13	jmdict
倍額	19	37	19 37 | 19 | 19	jmdict
倒産	38	15	38 | 38 | 15 38	jmdict
倒置	15	18 31	15 18 | 31 | 15	jmdict
倒錯	13	30	13 | 30 | 13	jmdict
候補	11	20 24	11 | 11 24 | 11 20	corpus
借り主	24	22	22 | 24 | 24	jmdict
借り換え	37	15	15 37 | 37 | 37	jmdict
借地	47	37	37 47 | 47 | 47	jmdict
値	19	37	19 37 | 19 | 19	corpus
値上がり	37	15	37 | 37 | 15 37	jmdict
値崩れ	13 37	15	15 37 | 13 37 | 13 37	jmdict
値幅	19	37	19 37 | 19 | 19	jmdict
値打ち	13	37	13 37 | 13 | 13	jmdict
倫	30	34	30 | 30 | 34	corpus
偉業	13	10	13 | 13 | 10	jmdict
偏り	13	30	13 | 13 | 13 30	corpus
偏狭	13	30	13 | 13 30 | 13	jmdict
偏食	33	43	33 | 33 | 43	jmdict
停戦	15	36	15 | 15 | 15 36	corpus
停滞	15	13	13 15 | 15 | 15	corpus
健保	34	37	34 37 | 34 | 34	jmdict
健在	13	12	13 | 13 | 12	jmdict
健康		13 56 57	57 | 56 | 13	corpus
健康保険	34	27	34 | 34 | 27	corpus
健康診断	15	56	56 | 15 | 15	jmdict
健脚	56	14	56 | 56 | 14 56	jmdict
健診	56	15	56 | 15 | 56	jmdict
側室	21	25	21 | 21 25 | 21	jmdict
側溝	47	44	47 | 47 | 44	jmdict
側近	24	25	24 | 25 | 24	jmdict
側面	13 18	17	13 18 | 13 18 | 17 18	corpus
偶発	10	13	10 | 10 | 13	corpus
偽物	10 40	13	10 40 | 13 40 | 10	jmdict
偽装	15 30	10 18	10 18 | 15 30 | 15 30	corpus
傍聴	31	35	35 | 31 | 31	jmdict
傍観	30	15	15 | 30 | 30	jmdict
傘	45	40	40 | 45 | 45	corpus
備え付け	40	15 45	40 | 15 40 | 45	jmdict
備蓄	40	15 37	37 | 15 40 | 40	jmdict
催促	31	35	35 | 31 | 31	jmdict
催涙	15	56	15 | 56 | 15	jmdict
傭	24	38	24 | 38 | 24	corpus
傲慢	30	13	30 | 13 | 30	jmdict
債務	37	34	37 | 37 | 34 37	jmdict
傷病	56	57	56 | 56 | 56 57	jmdict
傷跡	56	30	56 | 30 56 | 56	jmdict
傾き	13 18	17	13 18 | 13 17 | 18	jmdict
傾斜	18	17	17 | 18 | 18	jmdict
傾聴	31	35	35 | 31 | 31	jmdict
働き者	24	20	24 | 20 | 24	jmdict
像	18	40	18 | 18 | 18 40	corpus
僚友	22	24	24 | 22 | 22	jmdict
僧籍	33	25	33 | 25 | 33	jmdict
優先	13	30	13 | 13 | 30	corpus
優勢	13	14	13 | 13 | 14	jmdict
優待	35	37	35 | 35 37 | 35	jmdict
優等生	24	20	20 | 24 | 24	jmdict
元	13 15	16	16 | 13 15 | 13 15	corpus
元素	51	11	11 51 | 51 | 51	jmdict
元老	25	24	24 | 25 | 25	jmdict
元通り	15	13	13 | 15 | 15	jmdict
兄さん	21	20	21 | 21 | 20 21	jmdict
兄ちゃん	21	20	20 21 | 21 | 21	jmdict
兄弟子	22	24	22 | 22 | 22 24	jmdict
兄貴	21	22	21 | 21 | 21 22	jmdict
充当	15	37	15 | 15 37 | 15	jmdict
充満	13	15 19	13 | 13 | 15 19	jmdict
先	16 17	18 22	16 17 | 16 17 18 | 16 17 22	corpus
先人	20	22	22 | 20 | 20	jmdict
先代	16 20	24	16 20 | 16 | 20 24	jmdict
先任	24	13	24 | 24 | 13	corpus
先住	26	12	26 | 12 26 | 26	corpus
先例	33	11	33 | 33 | 11	corpus
先勝	16	33	16 33 | 16 | 16	jmdict
先取	37	15	37 | 15 | 37	corpus
先回	15	16	16 | 15 | 15	corpus
先天	13	57	13 | 13 | 57	jmdict
先安	13	37	13 | 13 | 13 37	jmdict
先度	16	19	19 | 16 | 16	corpus
先手	15	30	15 | 15 | 30	jmdict
先決	30	13	30 | 30 | 13	jmdict
先着	16	15	16 | 15 | 16	jmdict
先細り	15	18	15 18 | 15 | 15	jmdict
先鋭	13	18	13 18 | 13 | 13	jmdict
先陣	17	24	17 | 24 | 17	jmdict
光合成	50	57	50 | 57 | 50	jmdict
光学式文字認識	30	31	30 | 30 | 30 31	jmdict
光年	19	52	19 | 19 52 | 19	jmdict
光明	13 46	50	13 46 | 13 46 | 13 50	jmdict
光沢	13	18	18 | 13 | 13	jmdict
光速	14	19	19 | 14 | 14	jmdict
免	34	15	15 | 34 | 34	corpus
免疫	57	13 56	57 | 13 56 | 57	corpus
免疫原	51	57	51 | 51 57 | 51	corpus
免疫原性		13 56 57	13 | 56 | 57	corpus
兎角	10	13	10 | 10 | 13	jmdict
党人	24	36	24 | 24 36 | 24	jmdict
党内	27	36	36 | 27 | 27	jmdict
党務	36	38	36 | 36 | 38	jmdict
党是	36	30	30 36 | 36 | 36	jmdict
党派	36	27	36 | 36 | 27 36	corpus
党首	24	25 36	24 36 | 25 | 24	jmdict
入	15 37	52	15 | 15 37 | 15 37 52	corpus
入り	15 37	17 19	15 17 37 | 15 19 37 | 15	corpus
入り口	17	44	17 | 17 44 | 17	corpus
入り込み	15	17	15 | 15 17 | 15	jmdict
入ること	15	17	15 | 15 | 15 17	corpus
入れ墨	56	33	56 | 56 | 33	jmdict
入信	33	15	33 | 33 | 15 33	jmdict
入前	16	37	16 | 16 | 37	corpus
入口	17	15 44	17 | 17 44 | 15 17	corpus
入団	15	27	15 27 | 15 | 15	jmdict
入国	15	26	15 | 15 | 15 26	jmdict
入塾	15	27 33	15 27 | 15 | 15 33	jmdict
入学	15	33	15 | 15 | 15 33	corpus
入学試験	10	33	10 | 33 | 10	jmdict
入室	15	17	15 17 | 15 | 15	jmdict
入方	30	17	30 | 30 | 17	corpus
入植	15 47	26	15 47 | 15 47 | 15 26	jmdict
入水	15	57	15 57 | 15 | 15	jmdict
入浴	33	15	15 33 | 33 | 33	jmdict
入籍	33	15 34	15 33 | 33 | 34	jmdict
入行	15	38	15 | 15 38 | 15	corpus
入選	32	15	32 | 32 | 15 32	jmdict
入部	15	35	15 35 | 15 | 15	jmdict
入門	15	32	15 | 15 32 | 15	jmdict
全会	27	19	27 | 19 | 27	jmdict
全域	17	19	17 | 17 19 | 17	corpus
全学		19 26 27	27 | 19 | 26	jmdict
全容	13	18	13 | 18 | 13	corpus
全島	26	19	19 26 | 26 | 26	jmdict
全巻	19	32	19 32 | 19 | 19	jmdict
全市	26	19	26 | 26 | 19 26	jmdict
全店	19	27 38 44	19 38 | 19 44 | 27	jmdict
全快	15	13 57	15 | 15 57 | 13	jmdict
全敗	13	10	13 | 10 13 | 13	jmdict
全文	31	19	31 | 19 31 | 31	corpus
全治	57	15	15 57 | 57 | 57	jmdict
全編	19	32	19 | 19 | 19 32	jmdict
全般	13	19	13 | 19 | 13	corpus
全裸		18 42 56	56 | 42 | 18	jmdict
全訳	31	32	31 | 31 | 31 32	jmdict
全身全霊	30 56	14	30 56 | 14 | 30 56	jmdict
全速力	14	15	14 | 14 | 14 15	jmdict
全面	19	18	19 | 19 | 18 19	corpus
八つ当たり	30	35	30 | 30 35 | 30	jmdict
八丁	19	43	19 | 19 43 | 19	jmdict
八幡宮	44	33	44 | 44 | 33 44	jmdict
八百万	19	33	19 | 19 | 19 33	jmdict
八百屋	24 44	38	24 44 | 24 44 | 24 38	jmdict
公人	25	20	20 25 | 25 | 25	corpus
公判	36	34	36 | 34 | 36	corpus
公園	47	17	47 | 47 | 17	jmdict
公子	25	20	25 | 25 | 20	jmdict
公安	27	13 36	36 | 27 | 13 27	jmdict
公害	50	10	10 50 | 50 | 50	jmdict
公害等調整委員会	27	36	27 36 | 27 | 27	jmdict
公序		13 26 33	26 | 13 | 33	jmdict
公序良俗	33	34	33 | 33 | 34	jmdict
公式	13 30	25	13 30 | 25 30 | 13 30	corpus
公式戦	33	10	10 | 33 | 33	jmdict
公文書	31 40	33	31 40 | 31 40 | 31 33	jmdict
公有	25	34	34 | 25 | 25	jmdict
公正証書	31	40	31 | 40 | 31	jmdict
公民	20	26	20 | 20 | 20 26	corpus
公民館	44	27	44 | 44 | 27 44	jmdict
公海	17	26	17 | 17 | 26	jmdict
公用文	31	32	31 | 31 32 | 31	jmdict
公益	13	25 26	13 26 | 25 | 13	corpus
公益法人	27	25	27 | 27 | 25 27	jmdict
公称	31	10 13 19	19 31 | 13 31 | 10	jmdict
公約	34	36	34 | 36 | 34	jmdict
公聴会	35	31 36	31 | 35 | 35 36	jmdict
公設	25	27	25 | 27 | 25	jmdict
公訴	34	36	34 | 34 | 36	jmdict
公開	31	32	31 | 31 | 31 32	corpus
公開状	31	32	31 32 | 31 | 31	corpus
公電	31	40	31 | 31 | 31 40	jmdict
共倒れ	15	13	15 | 13 | 15	jmdict
共働き	33	21	33 | 21 | 33	jmdict
共同作業	35	38	35 | 35 38 | 35	corpus
共同研究	30	32	30 | 30 | 32	corpus
共存	12	13	13 | 12 | 12	corpus
共有	35	37	35 | 35 | 35 37	corpus
共栄	13	35	13 | 13 | 35	jmdict
共済	37	35	35 37 | 37 | 37	jmdict
共産主義	36	30	36 | 30 36 | 36	jmdict
共謀	35	30	30 | 35 | 35	corpus
共通点	11	13	13 | 11 | 11	jmdict
共食い	55	15	55 | 55 | 15 55	jmdict
兵学	30	33	30 33 | 30 | 30	jmdict
其れ其れ	11	19	11 | 11 | 19	jmdict
具体	13	18	13 | 13 18 | 13	corpus
具象	18	32	18 32 | 18 | 18	jmdict
典	33	32	32 | 33 | 33	corpus
兼ね合い	30	13	30 | 13 | 30	jmdict
兼用	15	11 30	11 15 | 30 | 15	jmdict
内乱	36	26	26 | 36 | 36	jmdict
内助	21	35	35 | 21 | 21	jmdict
内務	38	36	38 | 36 | 38	jmdict
内包	15	10	15 | 10 | 15	corpus
内在	12	13	12 | 13 | 12	corpus
内堀	44	17	44 | 17 | 44	jmdict
内外	17	26	17 | 17 26 | 17	corpus
内定	10	38	10 38 | 10 | 10	jmdict
内密	13	25	13 | 25 | 13	jmdict
内掛け	15	42	15 | 42 | 15	jmdict
内気	30	13	30 | 13 30 | 30	jmdict
内海	50	17	50 | 17 | 50	jmdict
内科	27	38	27 | 27 | 38	jmdict
内科学	30	33	30 | 30 | 33	jmdict
内線	31	17 45	45 | 31 | 17 31	corpus
内航	15	38	15 38 | 15 | 15	jmdict
内蔵	15	45	15 | 15 | 45	corpus
内裏	44	25	44 | 44 | 25 44	jmdict
内諾	34	35	34 | 35 | 34	jmdict
内部管理	36	30	36 | 36 | 30	corpus
内閣官房長官	24	25 36	24 36 | 24 25 | 24	jmdict
内閣府	27	36	27 36 | 27 | 27	jmdict
内閣法制局	27	36	27 | 27 | 27 36	jmdict
内需	37	38	37 | 38 | 37	jmdict
円周	18	19	18 | 19 | 18	jmdict
円安	37	13	37 | 13 37 | 37	jmdict
円満	13	35	13 | 13 | 13 35	jmdict
円熟	13	15	13 | 13 15 | 13	jmdict
円高	13	37	13 | 37 | 13	jmdict
再任	15	36	15 | 15 | 15 36	jmdict
再保険	37	38	37 | 37 38 | 37	jmdict
再分配	15	37	15 37 | 15 | 15	jmdict
再審	15	36	15 | 36 | 15	corpus
再検	15	30	30 | 15 | 15	corpus
再検証	30	10	30 | 30 | 10 30	corpus
再現	15	32	15 | 15 | 15 32	corpus
再生	15	32 57	15 | 15 32 57 | 15	corpus
再生産	15 38	57	15 | 38 | 15 38 57	jmdict
再発見	15	30	15 | 15 | 30	corpus
再録	32	15	32 | 32 | 15 32	jmdict
再開発	15	47	15 47 | 15 | 15	jmdict
冗	19	13	19 | 13 | 19	corpus
写	40	32	32 | 40 | 40	corpus
写し	40	31 32	40 | 31 40 | 32 40	corpus
写本	32	40	32 40 | 32 | 32	jmdict
写真家	24	32	24 | 24 32 | 24	corpus
写真屋	24 38	27	38 | 24 38 | 24 27	jmdict
冠	42	18 31 32 40	18 42 | 31 42 | 32 40	corpus
冥利	30	13 37	30 37 | 30 | 13	jmdict
冬山	16 17	50	16 17 | 16 17 | 50	jmdict
冬物	42	16	42 | 42 | 16 42	jmdict
冴え	13	30	13 | 13 30 | 13	jmdict
冷	50	13	13 50 | 50 | 50	corpus
冷え	50	13 15 56	50 56 | 13 15 | 50	jmdict
冷徹	13	30	13 | 13 30 | 13	jmdict
冷戦	36	26 33	26 36 | 36 | 33 36	corpus
冷房	45	15	15 45 | 45 | 45	jmdict
冷気	50	51	50 | 50 | 50 51	jmdict
凝縮	15	50	15 50 | 15 | 15	jmdict
処分	15	34	15 34 | 15 | 15	corpus
処方箋		30 31 40	31 | 40 | 30	jmdict
処置	15	30	15 | 30 | 15	jmdict
凶作		13 47 50	50 | 13 | 47	jmdict
凶弾	40	45	40 | 40 | 45	jmdict
出し	15	43	15 | 15 43 | 15	corpus
出会い頭	16	15 35	15 35 | 16 | 16	jmdict
出入り	15	17	15 17 | 15 | 15	jmdict
出典	31	32	31 | 31 | 32	corpus
出前	43	35	43 | 35 | 43	jmdict
出力	15	10 14	15 | 15 | 10 14	corpus
出勤	15	38	15 | 15 | 15 38	jmdict
出口	17	44	17 44 | 17 | 17	corpus
出向	15	38	15 38 | 15 | 15	jmdict
出場	15	35	15 | 15 | 35	corpus
出始	15	12	12 15 | 15 | 15	corpus
出始め	15	12	12 15 | 15 | 15	corpus
出家	33	15	15 33 | 33 | 33	jmdict
出廷	35	15	35 | 15 | 35	jmdict
出張所	27	44	27 | 27 | 27 44	jmdict
出所	15 17	12	15 17 | 12 | 15 17	corpus
出方	18	13	13 | 18 | 18	corpus
出来上がり	15	13	13 15 | 15 | 15	jmdict
出来合い	13	40	13 | 13 | 40	jmdict
出来高	19 37	38	19 37 | 19 37 38 | 19	jmdict
出欠	12	13	12 | 12 | 13	jmdict
出火	50	15	50 | 50 | 15 50	jmdict
出版	32	38	32 | 32 | 32 38	corpus
出版元	27	38	27 38 | 27 | 27	corpus
出版社	27	38	27 | 27 | 27 38	jmdict
出番	16	15	16 | 15 | 16	jmdict
出納簿	40	37	37 | 40 | 40	jmdict
出資者	24	37	24 37 | 24 | 24	corpus
出身者	24	20	20 | 24 | 24	jmdict
出願	34	35	34 | 35 | 34	jmdict
刃先	45	18	45 | 18 45 | 45	jmdict
分からず屋	20	24	20 | 24 | 20	jmdict
分かれ目	15 18	13	15 | 15 18 | 13 18	jmdict
分冊	40	15 32	40 | 15 40 | 32 40	jmdict
分前	19	16	19 | 16 | 19	corpus
分子	51	19 20	51 | 51 | 19 20 51	corpus
分岐点	15 17	16	15 17 | 16 17 | 15 17	jmdict
分担		30 34 38	34 | 30 | 38	corpus
分捕り品	40	37	40 | 37 40 | 40	jmdict
分散	15	19	15 | 15 | 15 19	corpus
分校	27	44	27 | 27 | 27 44	jmdict
分水嶺	17	15 50	17 50 | 17 | 15 17	jmdict
分科	11	15 27	11 | 11 27 | 11 15	jmdict
分裂	15	13	15 | 15 | 13 15	corpus
分身	20	18	20 | 18 | 20	jmdict
分野	11	17	11 | 11 17 | 11	corpus
切り	15 19	16	15 19 | 15 19 | 15 16 19	corpus
切り下げ	15 37	19	15 19 37 | 15 37 | 37	jmdict
切り出し	15	31	15 | 15 31 | 15	corpus
切り分け	30	15	15 30 | 30 | 30	corpus
切り抜き	15 40	32	15 32 40 | 15 40 | 40	corpus
切り貼り	32	15	32 | 15 32 | 32	jmdict
切り返し	15 31	35	15 31 | 15 31 | 35	jmdict
切れ	15	16	15 | 15 | 15 16	corpus
切れ味	13	14	13 | 13 14 | 13	jmdict
切れ端	40	41	40 | 40 | 40 41	jmdict
切磋琢磨	30	35	30 | 30 | 35	jmdict
切符	40	37	40 | 40 | 37 40	jmdict
切羽	45 47	17	45 47 | 17 | 45 47	jmdict
切腹	57	33 56	57 | 33 57 | 56	jmdict
切開	15	56	15 | 15 | 15 56	corpus
刈り入れ	47	15	47 | 47 | 15	jmdict
刑	34	36	34 | 36 | 34	corpus
刑事	24	10	24 | 10 24 | 24	corpus
列	18	17	17 | 18 | 18	corpus
初	16	15	16 | 16 | 15	corpus
初め	16	15	16 | 15 16 | 16	corpus
初場所	33	16	33 | 16 33 | 33	jmdict
初夢	30	33	30 | 30 | 30 33	jmdict
初婚	33	21 35	33 | 21 33 | 35	jmdict
初学	30	33	33 | 30 | 30	corpus
初戦	16	15 33	15 16 | 16 | 33	jmdict
初物	43	16	43 | 16 43 | 43	jmdict
初球		15 19 40	15 | 19 | 40	jmdict
初見	15	16	15 | 15 | 16	jmdict
初診	35	15	35 | 35 | 15	jmdict
判	10	18 30 45	10 | 10 18 45 | 30	corpus
判例	34	36	34 | 36 | 34	jmdict
判定	30	10	30 | 30 | 10 30	corpus
判決		10 34 36	36 | 10 | 34	corpus
別	11	15	11 | 11 15 | 11	corpus
別れ	15	35	15 35 | 15 | 15	jmdict
別れ話	35	31	31 35 | 35	jmdict
別人	22	20	22 | 20 | 22	corpus
別刷り	40	32	40 | 32 40 | 40	jmdict
別天地	17	26	17 | 26 | 17	jmdict
別居	33	15	33 | 33 | 15	jmdict
別当	24	25	24 | 25 | 24	jmdict
別紙	40	31	31 40 | 40 | 40	jmdict
別途	15	13	15 | 13 | 15	corpus
別項		10 11 31	31 | 10 | 11	corpus
利	37	13	37 | 13 37 | 37	corpus
利き	14	30	14 30 | 14 | 14	jmdict
利き酒	43	33	33 | 43 | 43	jmdict
利下げ	15 37	36	15 37 | 36 | 15 37	jmdict
利害	13	30	13 | 30 | 13	corpus
利尿	15	56	56 | 15 | 15	jmdict
利得	37	14	14 37 | 37 | 37	jmdict
利根		17 30 50	50 | 30 | 17	jmdict
利権	34	37	34 | 34 37 | 34	jmdict
利益	37	13	13 37 | 37 | 37	corpus
到来	15	16	15 | 15 | 15 16	corpus
制	36	34	36 | 34 | 36	corpus
制圧	36	15	15 36 | 36 | 36	jmdict
制御	36	15	36 | 36 | 15	corpus
制御システム	45	27	27 45 | 45 | 45	corpus
制法	36	34	34 | 36 | 36	corpus
制約	34	13	34 | 13 | 34	corpus
制限	34	19	19 | 34 | 34	corpus
刷り	32	40	32 | 32 | 32 40	jmdict
刺		15 40 45	40 | 15 | 45	corpus
刺殺	15	57	15 | 15 | 15 57	jmdict
刺激	15 30	14	15 30 | 15 30 | 14	jmdict
刻印	40	15 18	40 | 15 18 | 40	jmdict
則	34	30	34 | 30 | 34	corpus
前例	11	33	11 33 | 11 | 11	corpus
前倒し	16	15	16 | 15 16 | 16	corpus
前向き	13 17	30	13 17 | 17 30 | 13 17	jmdict
前哨戦		10 15 36	10 | 36 | 15	jmdict
前売り券	40	37	37 40 | 40 | 40	jmdict
前山	50	17	50 | 17 50 | 50	jmdict
前庭	47	56	47 56 | 47 | 47	jmdict
前後	16	17	16 17 | 16 | 16	corpus
前提	30	10	30 | 30 | 10	corpus
前文	31	32	31 32 | 31 | 31	jmdict
前歴	33	10	33 | 33 | 10	jmdict
前段	17	16	17 | 17 | 16 17	corpus
前立腺肥大症	57	56	57 | 56 | 57	jmdict
前編	32	16	32 | 16 | 32	jmdict
前者	11	16	11 | 16 | 11	jmdict
前衛	32	24 36	24 32 | 32 36 | 32	jmdict
前触れ	13	31	13 | 13 | 13 31	jmdict
前記	31	10	31 | 31 | 10	jmdict
前足	56	55	56 | 55 56 | 56	jmdict
前身	18	13	18 | 18 | 13	corpus
前項		10 17 31	10 | 31 | 17	jmdict
前駆	15	16	15 | 16 | 15	jmdict
剛健	13	14	14 | 13 | 13	jmdict
剛毅	13	30	13 | 13 | 30	jmdict
副	13	24	24 | 13 | 13	corpus
副反応	15	50	15 | 50 | 15	jmdict
副知事	24	25 36	25 | 24 | 24 36	jmdict
割	19	37	19 | 19 | 19 37	corpus
割り増し	37	19	19 37 | 37 | 37	jmdict
割り振り	15	30	30 | 15 | 15	jmdict
割り算	30	19	19 | 30 | 30	jmdict
割れ	30	13 15	13 15 | 30 | 30	corpus
割れ目	18	17	17 | 18 | 18	jmdict
割安	13	37	13 37 | 13 | 13	jmdict
割烹	43	33	33 43 | 43 | 43	jmdict
割譲	36	15	15 36 | 36 | 36	jmdict
創建	15	44	15 44 | 15 | 15	jmdict
創意	30	32	30 32 | 30 | 30	jmdict
創造力	14	32	14 | 14 | 14 32	jmdict
劇中	32	16	32 | 16 32 | 32	jmdict
劇化	32	15	32 | 15 32 | 32	jmdict
劇団	27	32	27 32 | 27 | 27	jmdict
劇薬	40	51	51 | 40 | 40	jmdict
力投	14	15	14 | 15 | 14	jmdict
力持ち	20	14 24	24 | 20 | 14 20	jmdict
力点	30	14	30 | 14 30 | 30	corpus
力者	24	20	20 | 24 | 24	corpus
力試し	14	30	14 | 14 | 14 30	jmdict
力走	15	14	15 | 15 | 14 15	jmdict
加入	35	15	35 | 15 | 35	corpus
加勢	35	14	35 | 35 | 14	jmdict
加味	15	43	15 | 15 43 | 15	jmdict
加工	15	38	15 38 | 15 | 15	jmdict
加減	15 19	30	15 19 | 15 19 | 19 30	jmdict
加点	19	13	13 19 | 19 | 19	jmdict
加爾基		33 41 51	41 | 33 | 51	jmdict
加療	15	56	15 | 15 56 | 15	jmdict
加盟	35	15	35 | 35 | 15	corpus
加答児	56	57	56 | 57 | 56	jmdict
加算	19	15	19 | 15 19 | 19	corpus
加護	30	13	30 | 13 | 30	jmdict
加速度	19	50	19 | 19 50 | 19	jmdict
加重	19	15	15 19 | 19 | 19	jmdict
劣化	15	13	15 | 13 15 | 15	corpus
助け	30	35	35 | 30 | 30	corpus
助産	15	38	15 | 38 | 15	jmdict
努力	30	14	14 | 30 | 30	jmdict
励まし	30	35	30 | 30 | 35	jmdict
労	38	30	30 | 38 | 38	corpus
労使	22	25	22 | 25 | 22	jmdict
労働協約	34	35 38	34 35 | 34 | 34 38	jmdict
労働基準法	34	36	34 36 | 34 | 34	jmdict
労働条件	38	13 34	13 38 | 38 | 34 38	jmdict
労災	10	34	10 34 | 10 | 10	jmdict
労苦	30	13	13 | 30 | 30	jmdict
効き	14	13	14 | 14 | 13	corpus
効き目	14	15	14 | 14 | 15	jmdict
効能	13	14	13 | 14 | 13	jmdict
勃	15	14	15 | 14 | 15	corpus
勃起	56	15 57	57 | 56 | 15 56	jmdict
勇敢	13	30	13 | 13 | 30	jmdict
勇猛	13	14	13 | 13 14 | 13	jmdict
勉学	30	33	30 | 30 | 33	jmdict
動き	15	13	15 | 15 | 13 15	corpus
動性	15	13	13 | 15 | 15	corpus
動感	18	13	18 | 13 | 18	corpus
動植物	53	54 55	53 | 54 55 | 53	jmdict
動物園	44	27	44 | 27 | 44	jmdict
動物性	53	55	53 | 53 | 55	jmdict
動議	31	36	31 36 | 31 | 31	jmdict
勘定	37	19 30	37 | 30 37 | 19 37	jmdict
勘弁	35	34	34 | 35 | 35	jmdict
勘違い	30	10	10 30 | 30 | 30	jmdict
勝ち星	13	10	13 | 10 | 13	jmdict
勝利	13	10	13 | 13 | 10	jmdict
勝敗	10	13	10 | 10 | 13	jmdict
勝者	20	24	20 | 20 | 24	jmdict
勝訴	10	34	10 | 34 | 10	jmdict
勝負	35	10	35 | 35 | 10	corpus
募集	35	37 38	35 | 37 38 | 35	corpus
勢	22	14 24	24 | 14 22 | 22	corpus
勢ぞろい	12	13	12 | 12 | 13	jmdict
勤め先	27 44	17	27 44 | 17 27 | 27 44	corpus
勤続	16 38	15	15 38 | 16 | 16 38	jmdict
勧奨	30	31	30 | 30 | 31	jmdict
勧進帳	32	31	32 | 31 32 | 32	jmdict
勾留	36	34	34 | 36 | 36	corpus
包み紙	40	41	41 | 40 | 40	jmdict
包括	15	13	13 | 15 | 15	corpus
包摂	30	15	30 | 30 | 15	jmdict
化学兵器	40	41 45	40 41 | 45 | 40	jmdict
北半球	52	17 26	26 | 17 52 | 52	jmdict
北国	26	17	26 | 26 | 17 26	jmdict
北山	50	17	50 | 17 50 | 50	jmdict
北朝	33	26	33 | 26 | 33	corpus
北極	52	17 26	17 52 | 52 | 26	jmdict
北極圏	26	52	26 | 52 | 26	jmdict
北洋	17 26	50	17 26 | 17 50 | 26	jmdict
北海	50	26	26 | 50 | 50	corpus
北海道開発庁長官	24	25 36	24 36 | 24 | 24 25	jmdict
北緯	17	19	17 19 | 17 | 17	jmdict
区内	17	26	26 | 17 | 17	jmdict
区切	15	18	18 | 15 | 15	corpus
区検	27	36	27 | 27 | 27 36	jmdict
区立	27	25	25 | 27 | 27	jmdict
医	24	33	24 33 | 24 | 24	corpus
医事		10 33 38	33 | 38 | 10	jmdict
医学	33	30	30 | 33 | 33	jmdict
医療	33	38	33 | 38 | 33	corpus
医薬	40	43	43 | 40 | 40	corpus
十両	37	11 24	37 | 24 37 | 11	jmdict
十字架	40	33	40 | 33 40 | 40	jmdict
千円札	37	40	37 | 37 40 | 37	jmdict
千切り	43	15 18 30	18 43 | 30 | 15 43	jmdict
千里	17	19	17 | 19 | 17	jmdict
午	16	55	16 | 16 55 | 16	corpus
半端	19	13	13 19 | 19 | 19	jmdict
半紙	41	40	41 | 40 | 41	jmdict
半身	56	18	56 | 18 56 | 56	jmdict
半農	24	33 38	24 | 33 38 | 24	jmdict
卒	24	15	24 | 24 | 15 24	corpus
卒業	15	33	15 33 | 15 | 15	corpus
協定	34	35	35 | 34 | 34	corpus
協議	31 35	30	31 35 | 31 35 | 30 35	corpus
南中	52	16	52 | 16 52 | 52	jmdict
南半球	17	26 52	17 52 | 17 | 26	jmdict
南極	17	52	17 | 17 | 17 52	jmdict
南極海	50	17	50 | 50 | 17 50	jmdict
南海	50	17 26	26 50 | 50 | 17 50	jmdict
単体	51	11 13 18 19	13 51 | 18 19 | 11 51	corpus
単刀直入	13	30	13 | 30 | 13	jmdict
単数	19	31	19 31 | 19 | 19	jmdict
単産	27	19	27 | 27 | 19	jmdict
単発	19	13	13 | 19 | 19	corpus
単純化	15	30	15 30 | 15 | 15	jmdict
単線	18	17 41	17 18 | 18 | 18 41	jmdict
単複	31	18	31 | 18 | 31	jmdict
単身	20	13	20 | 20 | 13	jmdict
単身赴任	15 38	33	15 38 | 38 | 15 33 38	jmdict
博物	33	11	11 | 33 | 33	jmdict
占拠	36	15	36 | 15 36 | 36	jmdict
占有	37	17 34	37 | 17 34 | 37	corpus
印	18	45	18 | 18 45 | 18	corpus
印字	32	15	32 | 15 32 | 32	corpus
印章	45	40	45 | 45 | 40	jmdict
危害		10 13 15	10 | 15 | 13	jmdict
即位		15 25 36	25 | 15 | 36	jmdict
即応	15	35	15 35 | 15 | 15	jmdict
即戦力	14	24	14 24 | 14 | 14	jmdict
卵	43	53	43 53 | 43 | 43	jmdict
厄年	16	33	16 | 16 33 | 16	jmdict
厚化粧	18	42	18 | 42 | 18	jmdict
厚手	18 42	19	19 42 | 18 | 18 42	jmdict
厚生年金	37	34	37 | 34 | 37	jmdict
厚生施設	44	27	44 | 27 44 | 44	jmdict
厚相	25	24	25 | 24 25 | 25	jmdict
原	47	17	47 | 17 | 47	corpus
原っぱ	17	47	47 | 17 | 17	jmdict
原判決	34	10	34 | 10 | 34	jmdict
原告	24	22	22 | 24 | 24	corpus
原始人	20	33	20 33 | 20 | 20	jmdict
原審		10 27 36	10 | 36 | 27	jmdict
原案	32	30	30 32 | 32 | 32	jmdict
原水爆	45	40	45 | 40 | 45	jmdict
原油	51	41	41 | 51 | 51	jmdict
原版	40	32	40 | 40 | 32 40	jmdict
原産	17	26	17 | 17 | 26	jmdict
原発	44	38	44 | 38 44 | 44	jmdict
原簿	40	31	40 | 40 | 31 40	jmdict
原色	18	11 13	11 13 | 18 | 18	jmdict
厳冬	16	50	16 | 16 50 | 16	jmdict
厳冬期	16	50	16 50 | 16 | 16	jmdict
厳選	30	15	15 | 30 | 30	jmdict
去勢	15	56	15 | 15 56 | 15	jmdict
去就	15	13	15 | 13 | 15	jmdict
参与	35	24	35 | 35 | 24 35	jmdict
参加者	24	22	22 | 24 | 24	corpus
参宮	33	15	15 33 | 33 | 33	jmdict
参戦	15	36	15 | 15 36 | 15	jmdict
参考書	40	32	40 | 40 | 32 40	jmdict
参詣	33	15	33 | 15 33 | 33	jmdict
参賀	33	35	35 | 33 | 33	jmdict
参集	15	35	15 | 35 | 15	jmdict
及び腰	13 18	30	13 | 13 18 | 18 30	jmdict
及第	13	15	15 | 13 | 13	jmdict
友情	35	30	30 35 | 35 | 35	jmdict
友禅染	32 33	42	32 33 | 32 42 | 33	jmdict
双子	21	20	21 | 21 | 20	jmdict
双生児	21	20	21 | 21 | 20	jmdict
反	30	19	30 | 19 | 30	corpus
反作用	14	15	14 | 14 | 14 15	jmdict
反則	34	10	10 | 34 | 34	jmdict
反応	15 30	50	15 30 | 15 50 | 15 30	corpus
反戦	30	36	30 36 | 30 | 30	jmdict
反抗	36	15	36 | 15 | 36	jmdict
反映	15	18	15 | 15 18 | 15	corpus
反物	41	42	42 | 41 | 41	jmdict
反発		14 15 30	14 | 15 | 30	corpus
反米	30	26	30 | 26 30 | 30	jmdict
反落	15	37	15 37 | 15 | 15	jmdict
反面教師	11	20 22 30	11 20 | 22 | 11 30	jmdict
収まり	13	15 17 18	13 | 13 15 | 13 17 18	corpus
収拾	15	30	15 | 15 | 15 30	jmdict
収穫		15 43 47	15 | 43 | 47	corpus
収賄	36	37	36 37 | 36 | 36	jmdict
収量	19	47	19 47 | 19 | 19	jmdict
収集	15	37	37 | 15 | 15	corpus
取っ組み合い	35	15	15 | 35 | 35	jmdict
取りこぼし	15	10	10 | 15 | 15	corpus
取りまとめ	30	15	30 | 15 | 30	corpus
取り上げ	31	15	15 31 | 31 | 31	corpus
取り分	19	37	19 37 | 19 | 19	jmdict
取り分け		15 19	19 | 15	jmdict
取り合い	35	37	35 | 35 | 35 37	jmdict
取り扱	30	15	30 | 30 | 15	corpus
取り扱い	15	30	15 | 15 | 30	corpus
取り決め	34	35	35 | 34 | 34	jmdict
取り組み	30	15	15 30 | 30 | 30	corpus
取り調べ	35	36	35 | 35 36 | 35	jmdict
取り返し	15	37	15 | 15 37 | 15	jmdict
取り違え	10	30	10 | 30 | 10	corpus
取扱	15	30	15 | 30 | 15	corpus
取扱注意		13 30 35	30 | 35 | 13	jmdict
取締法	34	36	34 | 34 | 36	jmdict
受け	15	35	15 | 15 35 | 15	corpus
受け取	15	37	15 | 37 | 15	corpus
受け渡し	15	35	15 | 35 | 15	jmdict
受け身	30 31	13	30 31 | 30 | 13 31	corpus
受信	31	15	31 | 31 | 15	corpus
受信者	22	24	24 | 22 | 22	jmdict
受刑		15 34 36	15 | 36 | 34	corpus
受取人	22	24	22 | 24 | 22	jmdict
受検	15	31	15 | 15 | 31	jmdict
受注	37	38	37 | 37 | 37 38	jmdict
受理	35	15	35 | 35 | 15 35	corpus
受益者	24	22	24 | 22 | 24	corpus
受章	33	37	33 | 37 | 33	jmdict
受粉	15	54	54 | 15 | 15	jmdict
受診	15	35	15 | 15 | 35	jmdict
受諾	35	34	35 | 34 | 35	corpus
受賞		13 33 37	37 | 33 | 13	corpus
受身	30 31	56	30 31 56 | 30 31 | 30 31	jmdict
受験	33	15	15 | 33 | 33	jmdict
叙勲	33	35	33 | 33 | 35	jmdict
口	17 56	31	17 56 | 17 31 56 | 56	corpus
口々	31	56	31 56 | 31 | 31	jmdict
口コミ	31	35	31 35 | 31 | 31	jmdict
口中	56	17	56 | 56 | 17 56	jmdict
口実	30	10	10 | 30 | 30	corpus
口当たり	43	30	43 | 30 43 | 43	jmdict
口止め	31	35	35 | 31 | 31	jmdict
口裏	31	35	31 35 | 31 | 31	jmdict
口角	56	35	56 | 56 | 35 56	jmdict
口論	35	31	35 | 35 | 31 35	jmdict
口頭弁論	31	34	31 | 31 34 | 31	jmdict
古	16	13 33	13 | 16 | 16 33	corpus
古傷	56	30	30 56 | 56 | 56	jmdict
古典	32	33	32 | 32 33 | 32	corpus
古城	44	33	44 | 44 | 33 44	jmdict
古希	16	33	16 33 | 16 | 16	jmdict
古手	24	40	24 | 24 | 24 40	jmdict
古文書	33	31 32 40	31 33 | 33 | 32 40	jmdict
古書	40	32	32 40 | 40 | 40	jmdict
古本	40	32	40 | 32 40 | 40	jmdict
古本屋	38	27 44	38 | 38 44 | 27 38	jmdict
句	31	32	31 | 31 32 | 31	corpus
召喚	35	15	35 | 15 | 35	corpus
召喚状	34	40	34 | 40 | 34	corpus
可	13	34	34 | 13 | 13	corpus
可哀想	30	13	30 | 30 | 13	jmdict
可変	13	15	13 | 13 | 15	corpus
可搬	15	13	13 | 15 | 15	corpus
可燃物	41	51	41 | 51 | 41	jmdict
可能性	10	13	13 | 10 | 10	corpus
可逆性	13	15	13 | 15 | 13	corpus
台	19	40 45	19 40 | 19 | 19 45	corpus
台地	50	47	50 | 47 | 50	jmdict
台場	44	17	44 | 44 | 17	jmdict
台帳	40	31	40 | 31 40 | 40	corpus
台座	40	45	40 | 40 | 45	jmdict
台紙	41	40	40 | 41 | 41	jmdict
叱咤	31	35	31 | 31 | 35	jmdict
史料	33	40	33 40 | 33 | 33	jmdict
史観	33	30	33 | 33 | 30	jmdict
右傾	36	13	36 | 36 | 13	jmdict
右往左往	15 30	13	15 30 | 13 15 | 15 30	corpus
号令	36	31 35	36 | 36 | 31 35	jmdict
号外	31 40	32	31 32 | 31 40 | 31 40	jmdict
号泣	30	15	30 | 15 | 30	jmdict
号砲	50	45	45 | 50 | 50	jmdict
司令	36	24	36 | 36 | 24 36	corpus
司会	35	24	24 | 35 | 35	jmdict
司法省	27	36	27 | 27 | 27 36	corpus
司法裁判	36	10	10 36 | 36 | 36	jmdict
各地	17	26	17 | 17 | 17 26	corpus
各面	13 18	17	13 | 13 18 | 13 17 18	jmdict
合	19	15 18	19 | 15 19 | 18 19	corpus
合わせ	15	30	15 | 15 | 30	corpus
合併	15	27 38	15 27 | 15 38 | 15	jmdict
合併症	57	56	57 | 57 | 56	jmdict
合力	14	35	14 | 14 | 14 35	jmdict
合同	35	15	35 | 35 | 15 35	corpus
合弁	38	27	27 38 | 38 | 38	jmdict
合性	13	30	13 | 13 | 30	corpus
合意	35	30	35 | 35 | 30	corpus
合憲	10	34	10 | 10 | 34	jmdict
合成樹脂	41	51	41 51 | 41 | 41	jmdict
合戦	36	10	36 | 10 | 36	jmdict
合掌	35 56	18	35 56 | 35 | 18 56	jmdict
合格	13	10	13 | 10 | 13	corpus
合法	13	34	13 | 13 | 34	corpus
合理	30	13	30 | 13 30 | 30	jmdict
合理化	15	38	15 | 15 38 | 15	jmdict
合祀	33	15	15 | 33 | 33	jmdict
合繊	41	42	42 | 41 | 41	jmdict
合議	30	35	30 | 30 | 35	corpus
吉報	31	10	10 | 31 | 31	jmdict
吉祥天	20	33	33 | 20 | 20	jmdict
同	18	11	18 | 11 | 18	corpus
同一	13	18	13 | 13 | 18	corpus
同上	10	31	31 | 10 | 10	jmdict
同人	20 22 24	32	20 22 24 | 22 | 20 22 24 32	jmdict
同伴	35	15	15 35 | 35 | 35	jmdict
同化	15	33	15 | 15 | 15 33	jmdict
同名		11 18 31	11 | 18 | 31	corpus
同和		26 33 35	35 | 26 | 33	jmdict
同士討ち	35	15	35 | 35 | 15 35	jmdict
同姓	21	20	21 | 21 | 20	jmdict
同居	33	12	33 | 12 | 33	corpus
同店	44	27 38	44 | 27 | 38 44	jmdict
同心	24	18 30	18 24 | 24 30 | 24	jmdict
同性	11	20	11 | 11 20 | 11	jmdict
同性愛	33	35	35 | 33 | 33	jmdict
同意	35	30	35 | 35 | 30	corpus
同期	15 22	16	15 16 22 | 15 22 | 15 22	corpus
同根	11	13	11 | 13 | 11	corpus
同様	13	18	13 | 18 | 13	jmdict
同盟	35	36	35 | 35 | 36	corpus
同盟国	26	22	26 | 26 | 22 26	corpus
同窓会	35	27	35 | 27 35 | 35	jmdict
同級	11	13	13 | 11 | 11	jmdict
同罪	10	34	10 | 34 | 10	jmdict
同義	10	31	10 | 10 | 31	jmdict
同船	45	40	40 | 45 | 45	corpus
同調	30	35	30 | 35 | 30	corpus
同質	13	18	13 | 18 | 13	jmdict
同門	22	33	22 | 22 33 | 22	jmdict
名なし	20	13	20 | 13 | 20	corpus
名付け親	24	22	24 | 22 | 24	jmdict
名代	24	13	13 24 | 24 | 24	jmdict
名作	32	13	32 | 13 32 | 32	jmdict
名分	30	19	19 30 | 30 | 30	corpus
名品	40	13 32	32 40 | 40 | 13 40	jmdict
名店	38	44	38 44 | 38 | 38	jmdict
名所	17	33	17 | 17 33 | 17	jmdict
名物	11	33	33 | 11 | 11	jmdict
名産	40	33 43	40 | 40 43 | 33 40	jmdict
名簿	31	40	31 | 40 | 31	jmdict
名義	10	31	31 | 10 | 10	corpus
名誉職	24	25	25 | 24 | 24	jmdict
名門	13	27	13 | 13 | 13 27	corpus
吐露	31	30	31 | 31 | 30 31	jmdict
向い風	50	13	50 | 13 50 | 50	jmdict
向こう	17	22	17 22 | 17 | 17	jmdict
君が代	32	33	32 | 32 33 | 32	jmdict
否定	10	30	30 | 10 | 10	corpus
否認	30 31	10	30 31 | 30 | 10 31	corpus
含み	19	10 13 30	13 19 | 19 30 | 10	corpus
含意	30	10	30 | 10 | 30	corpus
含有	15	10	15 | 10 | 15	jmdict
吸い上げ	15	37	15 | 15 37 | 15	jmdict
吸着	15	50	15 50 | 15 | 15	jmdict
吸血鬼	53	55	55 | 53 | 53	jmdict
吹き出し	40	15 32	40 | 40 | 15 32	corpus
吹き替え	32	31	31 32 | 32 | 32	jmdict
吹奏楽	32	33	32 33 | 32 | 32	jmdict
呆気	30	13	30 | 30 | 13	jmdict
呈示	31	35	35 | 31 | 31	corpus
告発	31	35	31 | 31 35 | 31	corpus
告訴	34	35	34 | 35 | 34	jmdict
呑気	13	30	30 | 13 | 13	jmdict
周	16	19	16 | 19 | 16	corpus
周波数	19	50	19 50 | 19 | 19	jmdict
周知	31	10	31 | 10 31 | 31	corpus
呪い	30	10	10 | 30 | 30	jmdict
呪術	33	30	30 | 33 | 33	jmdict
呼び出し	15 31	35	15 | 15 31 35 | 31	corpus
呼び捨て	35	31	31 35 | 35 | 35	jmdict
呼び水	30 51	15 41	15 51 | 30 41 | 30 51	jmdict
呼び込み	35	31	35 | 31 35 | 35	jmdict
命	57	34	57 | 57 | 34 57	corpus
和地関	26	17	17 | 26 | 26	jmdict
和平	13	35	13 35 | 13 | 13	jmdict
和式	18	33	18 | 18 | 18 33	jmdict
和製英語	31	33	31 | 31 33 | 31	jmdict
和訳	31	32	31 | 31 32 | 31	jmdict
和語	31	11	31 | 31 | 11	jmdict
和風	18	33	18 | 18 33 | 18	jmdict
哀れ	30	13	13 30 | 30 | 30	jmdict
品名	11	31	11 | 11 | 31	corpus
品性	13	30	13 30 | 13 | 13	jmdict
品薄	13	19	13 | 13 | 19	jmdict
品詞	31	11	11 31 | 31 | 31	jmdict
哨戒	15	36	15 | 36 | 15	jmdict
哲人	24	20	24 | 24 | 20	jmdict
哺乳類	55	11	11 55 | 55 | 55	jmdict
唆し	35	15	15 | 35 | 35	corpus
商	19 38	37	19 38 | 37 | 19 38	corpus
商い	37	38	37 38 | 37 | 37	jmdict
商号	38	31	31 | 38 | 38	jmdict
商売	38	37	38 | 38 | 37 38	jmdict
商学	33	38	33 38 | 33 | 33	jmdict
商店街	26	38	26 | 26 38 | 26	jmdict
商業銀行	27	38	27 38 | 27 | 27	jmdict
商標	18	34	18 | 18 | 34	jmdict
商法	34	30 38	34 38 | 34 | 30 34	jmdict
商船	45	40	45 | 45 | 40	jmdict
商談	35	37 38	35 | 35 38 | 35 37	corpus
問いかけ	31	30	31 | 30 31 | 31	corpus
問い合わせ	31	35	31 | 31 35 | 31	corpus
問屋	38	24	24 38 | 38 | 38	jmdict
問責	36	34	36 | 34 | 36	jmdict
問題児	20	24	20 | 24 | 20	jmdict
啓発	30	31	31 | 30 | 30	jmdict
啓示	10	30	10 | 30 | 10	jmdict
啓蒙	31	30 33	30 | 31 33 | 31	jmdict
啓蟄	16	50	16 50 | 16 | 16	jmdict
善戦	15	14	15 | 15 | 14	jmdict
善玉	20	13	20 | 13 20 | 20	jmdict
善行	10	15 30	15 | 10 30 | 10	jmdict
喘息	57	56	57 | 57 | 56	jmdict
喚起	15	30	15 | 30 | 15	corpus
喜寿	16	33	16 33 | 16 | 16	jmdict
喪	33	30	33 | 30 33 | 33	corpus
喫緊	13	16	13 | 13 16 | 13	jmdict
喫茶	33	43	33 | 33 | 43	jmdict
喫茶店	44	38	38 | 44 | 44	jmdict
営み	33	15 38	15 33 | 33 | 38	jmdict
営巣	15	55	15 55 | 15 | 15	jmdict
営業時間	16	38	16 | 16 | 16 38	jmdict
営繕	38	15 44	38 | 38 44 | 15	jmdict
嗜好品	40	43	40 | 40 | 43	corpus
嘆願	31	35	31 | 31 35 | 31	jmdict
嘉納	30	20	30 | 20 | 30	jmdict
嘱託	24	38	24 | 24 | 24 38	jmdict
噂	31	10	31 | 10 31 | 31	jmdict
器材	45	40	40 45 | 45 | 45	jmdict
器量	13 18	30	13 18 | 13 18 | 18 30	jmdict
噴出	15	50	15 50 | 15 | 15	jmdict
噴水	44	45	44 | 44 | 45	jmdict
四つ切り		15 18 19 40	15 40 | 19 | 18	jmdict
四つ相撲		18 33 35	35 | 33 | 18	jmdict
四十九日	33	16	16 33 | 33 | 33	jmdict
四天王		20 22 33	33 | 20 | 22	jmdict
四捨五入	19	30	19 | 19 30 | 19	jmdict
四球	15	10	10 | 15 | 15	jmdict
四畳半	17	19 44	17 19 | 44 | 17	jmdict
四苦八苦	13	30	13 30 | 13 | 13	jmdict
四輪車	45	40	40 | 45 | 45	jmdict
四隅	17	19	17 19 | 17 | 17	jmdict
回	19	16	19 | 16 | 19	corpus
回帰	15	30	15 | 15 30 | 15	corpus
回帰線	17	18 30	18 30 | 17 | 17	jmdict
回線	17	45	45 | 17 | 17	corpus
回覧	31	35	31 | 31 | 35	jmdict
回顧録	32	33	32 | 32 33 | 32	jmdict
因子	10	11	10 | 11 | 10	jmdict
因果	10	30	30 | 10 | 10	corpus
因縁	35	10	10 | 35 | 35	jmdict
団	27	22	27 | 22 | 27	corpus
団体交渉	35	34	34 35 | 35 | 35	jmdict
団塊	20	18 19	19 | 18 20 | 20	jmdict
囲	17	44	17 | 44 | 17	corpus
囲い込み	15	36	15 | 15 | 15 36	corpus
囲み	17	18	17 | 17 18 | 17	jmdict
図工	32	33	33 | 32 | 32	jmdict
図柄	18	32	18 | 18 32 | 18	jmdict
図表	32	40	32 40 | 32 | 32	corpus
図録	32	40	32 | 32 40 | 32	jmdict
固定費	37	38	38 | 37 | 37	jmdict
固形	18	51	51 | 18 | 18	jmdict
固辞	30	35	30 | 35 | 30	jmdict
国交	35	36	35 | 35 36 | 35	jmdict
国人		20 23 24	20 | 23 | 24	corpus
国体	26 33	36	33 36 | 26 33 | 26 33	jmdict
国分寺	44	26 33	26 44 | 33 44 | 44	jmdict
国別	26	11	26 | 11 | 26	corpus
国務大臣	25	24	25 | 25 | 24 25	jmdict
国務長官	24	25 36	24 36 | 24 25 | 24	corpus
国勢	26	13	26 | 26 | 13 26	corpus
国勢調査	26	30 33	26 | 26 | 30 33	jmdict
国土庁	27	36	27 36 | 27 | 27	jmdict
国土計画	47	36	47 | 47 | 36 47	jmdict
国外	26	17	17 26 | 26 | 26	corpus
国定	36	13 25	13 36 | 36 | 25	jmdict
国家主義	36	30	36 | 36 | 30 36	jmdict
国家公安委員会	27	36	27 36 | 27 | 27	jmdict
国家試験	33	10	10 | 33 | 33	jmdict
国富	26 37	19	19 26 | 26 37 | 26 37	jmdict
国府	27	44	27 44 | 27 | 27	jmdict
国情	26	13	26 | 26 | 13 26	corpus
国慶節	33	16	16 33 | 33 | 33	jmdict
国教	33	26	26 33 | 33 | 33	jmdict
国文	32	31	31 32 | 32 | 32	jmdict
国文学	32	33	32 33 | 32 | 32	jmdict
国書	31	32 33 40	32 33 | 31 40 | 31	jmdict
国有化	36	15	15 36 | 36 | 36	jmdict
国柄	33	13 26	13 | 33 | 26 33	jmdict
国民	26	20	26 | 26 | 20 26	corpus
国民健康保険	27	34	27 | 27 34 | 27	jmdict
国民年金	37	34	37 | 37 | 34 37	jmdict
国民性	13	26 33	13 26 | 33 | 13	jmdict
国民総生産	19	37	37 | 19 | 19	jmdict
国王	25	20	20 25 | 25 | 25	jmdict
国産	38	26 40	38 | 40 | 26 38	jmdict
国粋	33	30	33 | 33 | 30	jmdict
国粋主義	30	36	30 | 36 | 30	jmdict
国花	54	33	54 | 54 | 33 54	jmdict
国語辞典	40	31	31 40 | 40 | 40	jmdict
国論	30	26	30 | 30 | 26 30	jmdict
国軍	27	36	27 36 | 27 | 27	jmdict
国際テロ	36	15	15 | 36 | 36	corpus
国際色	13	26	13 26 | 13 | 13	jmdict
土俵	17	40	17 | 40 | 17	jmdict
土俵際	17	13	13 17 | 17 | 17	jmdict
土偶	40	32	32 40 | 40 | 40	jmdict
土器	40	33	40 | 33 40 | 40	jmdict
土壇場	16	13	13 16 | 16 | 16	jmdict
土手	44	47	47 | 44 | 44	jmdict
土着	13	26	13 | 13 | 26	jmdict
土石	51	41	51 | 51 | 41 51	jmdict
土葬	33	15	15 | 33 | 33	jmdict
圧勝	13 14	19	13 19 | 14 | 13 14	jmdict
圧巻	13	32	13 32 | 13 | 13	jmdict
在任	16	25	16 | 25 | 16	jmdict
在位	16	25 36	16 | 16 25 | 36	jmdict
在地	17	26	17 26 | 17 | 17	corpus
在外公館	27	44	27 | 27 44 | 27	jmdict
在学	33	13	33 | 33 | 13	corpus
在家	24	20 33	24 33 | 24 | 20	jmdict
在校	13	12 33	13 | 12 33 | 13	jmdict
在籍		12 13 24 27	13 | 27 | 12 24	corpus
在米	26	13 17	13 26 | 17 | 26	jmdict
地すべり	50	15	15 50 | 50 | 50	jmdict
地下道	44	17	44 | 17 44 | 44	jmdict
地代	37	47	37 | 37 47 | 37	jmdict
地勢	17	18	17 | 18 | 17	jmdict
地合い	13	37	13 37 | 13 | 13	jmdict
地学		30 33 50	30 | 33 | 50	jmdict
地層	51	50	51 | 51 | 50	jmdict
地形	18	17 50	17 | 18 | 18 50	jmdict
地所	47	17	47 | 47 | 17	jmdict
地方公務員	24	25	24 25 | 24 | 24	jmdict
地方版	32	26	32 | 32 | 26 32	jmdict
地方税	37	36	37 | 36 37 | 37	jmdict
地方自治体	27	26	26 27 | 27 | 27	corpus
地殻	51	50	51 | 51 | 50	jmdict
地球上	17	52	17 | 17 | 52	jmdict
地球温暖化	50	15	50 | 15 50 | 50	jmdict
地盤	17	30 47 51	30 47 | 17 51 | 17	jmdict
地続き	17	13	17 | 17 | 13 17	corpus
地肌	56	18	56 | 56 | 18 56	jmdict
地表	17	50	17 | 17 50 | 17	jmdict
地裁	27	36	27 36 | 27 | 27	corpus
地誌	32	26 33	26 | 32 33 | 32	jmdict
地雷	40	13 45	40 | 13 40 | 45	jmdict
地震学	30	33	30 | 30 | 33	jmdict
坊主	24	56	24 | 24 56 | 24	jmdict
坑道	44	17	44 | 17 44 | 44	jmdict
坪	19	47	19 | 19 47 | 19	jmdict
垂れ	18 43	40	18 43 | 18 43 | 18 40 43	jmdict
垂直	17	18	17 | 18 | 17	corpus
型	18	11	18 | 11 18 | 18	corpus
型破り	13	18	18 | 13 | 13	jmdict
型紙	40	41 45	40 | 41 45 | 40	jmdict
型録	31	32 40	31 40 | 32 | 31	jmdict
垣根	44	17	44 | 17 44 | 44	jmdict
埋め立て	47	15	15 47 | 47 | 47	jmdict
埋蔵	15	12	12 | 15 | 15	jmdict
城	44	33	44 | 33 44 | 44	jmdict
城下	17	26	17 | 17 26 | 17	jmdict
城主	25	36	25 | 25 | 25 36	jmdict
域内	17	26	17 26 | 17 | 17	corpus
域外	17	26	17 | 17 26 | 17	corpus
埠頭	17	44	17 | 17 44 | 17	jmdict
執刀	15	56	15 | 15 | 15 56	jmdict
執拗さ	13	30	30 | 13 | 13	corpus
執行停止	15	34	15 34 | 15 | 15	corpus
培養	15	53	15 | 15 | 15 53	jmdict
基		10 19 30	19 | 10 | 30	corpus
基底		10 17 18	10 | 17 | 18	corpus
基本	13	30	13 | 13 30 | 13	corpus
基板	45	41	45 | 45 | 41	jmdict
基点	17	15	17 | 17 | 15 17	jmdict
基盤		13 30 38 44	30 44 | 38 | 13	corpus
基督	20	33	20 33 | 20 | 20	jmdict
基礎	30	44	30 | 30 | 30 44	corpus
基軸	30	18	30 | 18 | 30	jmdict
堀	44	17	44 | 44 | 17	jmdict
堀川	50	17	50 | 17 | 50	jmdict
堀江	17	20	17 | 20 | 17	jmdict
堂々巡り	15	13 31	13 15 | 15 | 15 31	jmdict
堅果	54	43	43 | 54 | 54	corpus
堅気	20	24	20 | 20 | 24	jmdict
堕落	13	15	15 | 13 | 13	jmdict
報	31	37	31 | 31 | 31 37	corpus
報い	13	10	13 | 10 | 13	jmdict
報告書	32	31 40	32 | 31 32 40 | 32	corpus
報国	34	33	33 | 34 | 34	jmdict
報復	35	15	35 | 35 | 15	corpus
場数	19	30	19 | 30 | 19	jmdict
塁	17 44	40	17 44 | 40 44 | 17 44	jmdict
塚	44	50	44 | 44 | 50	jmdict
塞	15	40	15 | 15 | 40	corpus
境界条件	13	17	13 17 | 13 | 13	corpus
墓穴	44	17	17 | 44 | 44	jmdict
増収	37	15	37 | 15 37 | 37	jmdict
増幅	15	14	15 | 14 | 15	corpus
増援	14	15	14 | 14 | 15	jmdict
増枠	19	15	19 | 19 | 15 19	corpus
増殖	15	57	15 | 15 57 | 15	corpus
増減	19	15	15 19 | 19 | 19	jmdict
増発	15	37	15 37 | 15 | 15	jmdict
増補	15	32	15 32 | 15 | 15	jmdict
増長	30	13	30 | 13 | 30	jmdict
墨書	32	31	31 32 | 32 | 32	jmdict
壁	44	10 13 17	17 44 | 10 44 | 13 44	corpus
壁新聞	32 40	31	31 32 40 | 40 | 32 40	jmdict
壁紙	41	32 40	41 | 32 41 | 40 41	corpus
壁面	44	17	17 44 | 44 | 44	jmdict
壕	44	17	17 44 | 44 | 44	jmdict
壮年	16	20	16 20 | 16 | 16	jmdict
壮観	13	18	13 | 18 | 13	jmdict
声紋	56	18	18 | 56 | 56	jmdict
声色	31	56	31 | 31 | 56	jmdict
売り主	24	37	24 37 | 24 | 24	jmdict
売り場	17	37	17 | 17 | 17 37	jmdict
売れ筋		11 13 37 40	11 | 37 | 13 40	jmdict
売れ筋ランキング	19	37	19 | 19 | 19 37	jmdict
売名	30	35	35 | 30 | 30	jmdict
売店	44	38	44 | 44 | 38 44	jmdict
変則	13	18	13 | 18 | 13	jmdict
変化球	40	15 30 45	40 | 40 | 15 30 45	jmdict
変心	30	15	30 | 30 | 15 30	jmdict
変態	15 30	13	15 30 | 15 30 | 13 15	jmdict
変更届	31	40	31 | 31 40 | 31	jmdict
変異	15	53	15 | 15 | 15 53	corpus
変節	15	30	15 | 15 | 15 30	jmdict
変調	13	15	13 | 13 | 15	jmdict
変電所	44	27	27 44 | 44 | 44	jmdict
夏バテ	57	13 56	57 | 56 57 | 13	jmdict
夏山	17	50	17 | 17 | 50	jmdict
夕刊	32	31 40	31 | 32 | 32 40	jmdict
夕暮れ	16	50	16 | 16 | 16 50	jmdict
外れ	10 13 17	15	10 | 13 15 17 | 10 13 17	corpus
外交団	27	24	27 | 24 | 27	jmdict
外交官	24	36	24 36 | 24 | 24	jmdict
外人	23	22	23 | 23 | 22	jmdict
外周	17	18	17 18 | 17 | 17	jmdict
外宮	44	33	33 44 | 44 | 44	jmdict
外来	26 27	15	26 27 | 26 27 | 15	jmdict
外気	50	51	50 | 51 | 50	jmdict
外泊	15	33	15 | 33 | 15	jmdict
外洋	17	50	17 50 | 17 | 17	jmdict
外相	25	24	25 | 24 | 25	jmdict
外装	18	40 44	44 | 18 40 | 18	jmdict
外郭	18	17	18 | 18 | 17 18	jmdict
外需	37	38	37 | 37 | 38	jmdict
外食	33	43	33 | 33 | 43	jmdict
多元	19	10	10 | 19 | 19	jmdict
多岐	11	19	11 | 11 | 11 19	corpus
多弁	31	13	31 | 31 | 13	jmdict
多才	13	30	13 30 | 13 | 13	jmdict
多数決	30	36	36 | 30 | 30	jmdict
多方面	17	13	13 | 17 | 17	jmdict
多様化	15	11	15 | 15 | 11 15	corpus
多様性	13	11	13 | 13 | 11	jmdict
多湿	50	13	13 | 50 | 50	jmdict
多産	57	19	57 | 19 57 | 57	jmdict
多項式	18	19	18 | 19 | 18	corpus
夜会	35	33	35 | 35 | 33	jmdict
夜勤	38	16	16 38 | 38 | 38	jmdict
夜回り	15	24	15 | 15 | 15 24	jmdict
夜学	27	33	27 | 33 | 27	jmdict
夜店	38	44	38 | 38 | 38 44	jmdict
夜景	18	50	18 | 50 | 18	jmdict
夜桜	54	16	16 54 | 54 | 54	jmdict
夜行	15 16	45	15 16 | 15 16 | 16 45	jmdict
夜話	31	16	31 | 31 | 16 31	jmdict
夢幻	13	30	30 | 13 | 13	jmdict
夢物語	10	32	32 | 10 | 10	jmdict
大さじ	45	19	45 | 19 45 | 45	jmdict
大した	19	13	13 19 | 19 | 19	corpus
大上段	18	13	18 | 13 18 | 18	jmdict
大儀	30	13	30 | 30 | 13	jmdict
大判	18	37 40	18 | 18 | 37 40	jmdict
大別	11	15	11 | 11 | 11 15	corpus
大前提	10	30	10 | 10 | 30	jmdict
大動脈	56	17	56 | 56 | 17 56	jmdict
大勝	13	10	13 | 10 | 13	jmdict
大募集		15 31 35	15 | 31 | 35	jmdict
大口	19	18 22 37 56	19 37 56 | 18 19 22 | 19	jmdict
大司教	24	25	24 | 24 25 | 24	jmdict
大同	13	35	13 | 13 | 35	jmdict
大味	13	43	43 | 13 | 13	jmdict
大器	20	40	20 40 | 20 | 20	jmdict
大地	50	17	50 | 17 | 50	jmdict
大奥	44	25 33	44 | 25 44 | 33 44	jmdict
大字	18 26	17 31	26 31 | 17 18 | 18 26	jmdict
大学進学	33	15	33 | 15 33 | 33	jmdict
大将	24	25	24 | 24 25 | 24	jmdict
大小	19	18	18 19 | 19 | 19	jmdict
大御所	24	20	20 | 24 | 24	jmdict
大徳	13 24	30	13 24 | 24 30 | 13 24	jmdict
大急ぎ	19	16	16 | 19 | 19	jmdict
大戦	33	26 36	33 | 26 | 33 36	jmdict
大振り	15 19	18	15 19 | 18 19 | 15 19	jmdict
大掃除	15	33	15 | 33 | 15	jmdict
大敗	13	10	13 | 13 | 10	jmdict
大時代	13	16	13 | 13 16 | 13	jmdict
大本	10	15	10 | 10 | 15	jmdict
大本営	27	36	27 | 27 | 27 36	jmdict
大柄	18	56	18 56 | 18 | 18	jmdict
大気	51	52	51 | 51 | 51 52	jmdict
大物	20	24 55	20 55 | 20 | 24	jmdict
大理石	41	51	41 | 41 51 | 41	jmdict
大病	57	56	57 | 56 | 57	jmdict
大盤振る舞い	37	35	37 | 37 | 35 37	jmdict
大目	30	18 19	18 30 | 30 | 19	jmdict
大破	15	13	15 | 13 | 15	jmdict
大社	44	33	44 | 44 | 33 44	jmdict
大筋	10	18	18 | 10 | 10	jmdict
大系	30	32	30 32 | 30 | 30	jmdict
大義		10 30 34	10 | 30 | 34	jmdict
大著	32	40	32 40 | 32 | 32	jmdict
大蔵	27 37	44	27 | 27 37 | 37 44	jmdict
大衆	20	22	20 22 | 20 | 20	jmdict
大衆文学	32	33	32 33 | 32 | 32	jmdict
大西洋	26	50	50 | 26 | 26	jmdict
大観	30	18	30 | 18 | 30	jmdict
大詰め	15	16	15 | 15 16 | 15	jmdict
大軍	27	19 20	27 | 27 | 19 20	jmdict
大輪	18	54	18 | 18 54 | 18	jmdict
大農	24	47	24 | 24 | 24 47	jmdict
大道	17	30	17 | 17 | 17 30	jmdict
大道具	40	32 45	32 40 | 40 | 45	jmdict
大野	17	26	17 | 26 | 17	jmdict
大量殺人	15	10	10 | 15 | 15	jmdict
大量消費		19 37 38	19 | 38 | 37	corpus
大関	24	13	24 | 24 | 13	jmdict
大集合	19	35	19 | 35 | 19	jmdict
大麻	54	51	51 54 | 54 | 54	corpus
大黒柱	24 44	20	20 44 | 24 44 | 24 44	jmdict
天下	26	36	26 | 26 36 | 26	jmdict
天下り	36	15	36 | 15 36 | 36	jmdict
天使	53	20	20 | 53 | 53	jmdict
天国	17	52	17 | 17 | 52	jmdict
天地	52	17 26	26 52 | 17 52 | 52	jmdict
天堂	52	17	52 | 17 | 52	corpus
天性	13	30	13 | 30 | 13	jmdict
天敵	22	53 55	22 55 | 22 53 | 22	jmdict
天文学		30 33 52	33 | 30 | 52	jmdict
天日	52	50	52 | 50 | 52	jmdict
天然	50	13	50 | 50 | 13 50	jmdict
天然温泉	50	17	50 | 17 50 | 50	jmdict
天然記念物	50	33	50 | 50 | 33	jmdict
天狗	53	55	55 | 53 | 53	jmdict
天理	10	13	13 | 10 | 10	jmdict
天理教	33	27	27 33 | 33 | 33	jmdict
天皇誕生日	16	33	16 | 16 | 16 33	jmdict
天皇陛下	25	20	20 25 | 25 | 25	jmdict
天童	20	26	26 | 20 | 20	jmdict
天覧	33	35	33 | 33 | 35	jmdict
天辺	17	56	17 | 17 | 17 56	jmdict
天鵞絨	42	41	42 | 41 | 42	jmdict
太っ腹	13	30	13 | 30 | 13	jmdict
太刀打ち	14	35	14 | 35 | 14	jmdict
太鼓判	13	10	13 | 10 | 13	jmdict
夫唱婦随	21	33	21 | 21 | 33	jmdict
失		10 13 15	13 | 10 | 15	corpus
失地	26	17	17 | 26 | 26	jmdict
失投	15	10	10 | 15 | 15	jmdict
失敗	13	10	10 | 13 | 13	corpus
失敬	35	13 37	35 | 13 35 37 | 35	jmdict
失業	13	38	13 | 13 | 38	jmdict
失火	50	10 15	15 50 | 50 | 10 50	jmdict
失神	56	57	56 57 | 56 | 56	jmdict
失策	13	10	13 | 13 | 10	jmdict
失脚	15	36	15 | 15 36 | 15	jmdict
失跡	12	15	12 | 15 | 12	jmdict
奇跡	10	50	10 50 | 10 | 10	jmdict
奉公	38	33	38 | 38 | 33 38	jmdict
契約書	40	31	31 40 | 40 | 40	corpus
奥山	17	50	17 | 50 | 17	jmdict
奥行き	19	17	19 | 17 | 19	jmdict
奪い合い	35	15	35 | 35 | 15	jmdict
奪三振	33	15	33 | 33 | 15	jmdict
奮闘	15	14	15 | 14 | 15	jmdict
女声	56	31	56 | 56 | 31	jmdict
女子高	27	44	27 | 27 44 | 27	jmdict
女帝	25	36	25 | 25 36 | 25	jmdict
女房役	22	24	24 | 22 | 22	jmdict
女手	24	20	24 | 20 | 24	jmdict
奴隷	25	24	24 25 | 25 | 25	jmdict
好例	11	13	11 13 | 11 | 11	jmdict
好感度	13 30	19	13 30 | 13 | 13 19 30	jmdict
好戦	13	30	30 | 13 | 13	jmdict
好機	16	13	13 16 | 16 | 16	jmdict
好球	40	13	13 | 40 | 40	jmdict
好走	15	13	15 | 13 | 15	jmdict
好転	15	13	15 | 15 | 13 15	jmdict
如来	33	20	33 | 33 | 20	jmdict
妊産婦	20	56	20 56 | 20 | 20	jmdict
妖怪	53	12	12 | 53 | 53	jmdict
始業	15	16	15 16 | 15 | 15	jmdict
始祖	20	21	21 | 20 | 20	jmdict
委	30	34	34 | 30 | 30	corpus
委任	34	36	34 36 | 34 | 34	corpus
委任状	34 40	31	31 34 40 | 34 | 34 40	jmdict
委嘱	35	38	35 | 38 | 35	jmdict
委託	38	35	38 | 35 | 38	corpus
姿勢	13 18	30 56	13 18 | 13 18 30 | 13 56	corpus
威嚇	35	15	15 | 35 | 35	jmdict
婆さん	20	21	20 | 20 | 20 21	jmdict
婉曲	31	13 30	31 | 13 31 | 30	jmdict
婚礼	33	35	33 35 | 33 | 33	jmdict
婦人科	27	38	27 | 38 | 27	jmdict
媒介	15	30 35	15 | 15 30 | 35	jmdict
嫁ぎ先	21	17	21 | 17 | 21	jmdict
嫌疑	30	10	30 | 10 | 30	jmdict
嫡出	21	13	13 | 21 | 21	jmdict
子	21	20	21 | 20 21 | 21	corpus
子供たち	20	21	20 21 | 20 | 20	jmdict
子分	22	24 25	22 | 22 24 | 25	jmdict
子役	24	32	24 | 24 32 | 24	jmdict
子持ち	21	20	21 | 20 21 | 21	jmdict
子方	24	32	24 | 24 | 24 32	corpus
子育て	33	21	21 33 | 33 | 33	jmdict
子飼い	22	24	22 | 22 | 22 24	jmdict
字幕	31	32	31 32 | 31 | 31	corpus
字書	31	40	31 | 31 40 | 31	jmdict
字画	19	32	19 | 19 | 32	jmdict
字義	30	31	30 | 31 | 30	corpus
字詰め	19	18	18 | 19 | 19	jmdict
存否	12	10	12 | 12 | 10	jmdict
存廃	15	12 13	15 | 12 15 | 13	jmdict
存続	15	12	15 | 12 15 | 15	corpus
孝行	33	34	33 | 33 | 34	jmdict
季語	32	16 31 33	32 33 | 31 | 16 32	jmdict
孤児	20	21	20 21 | 20 | 20	jmdict
学	30	33	33 | 30 | 30	corpus
学会	27 35	33	27 33 | 27 35 | 27 35	corpus
学園	27	17 44	27 | 27 44 | 17 27	jmdict
学士	24	33	24 33 | 24 | 24	jmdict
学校	27 44	33	27 44 | 27 33 44 | 27 44	corpus
学界	26 33	27	27 33 | 26 33 | 26	jmdict
学習指導要領	33	30	33 | 33 | 30 33	jmdict
学舎	44	27	44 | 44 | 27 44	jmdict
学術会議	27	35	27 | 27 | 35	jmdict
孫子	20 32	21	20 32 | 20 32 | 21	jmdict
宇宙通信	31	52	31 | 31 | 31 52	jmdict
守		15 24 36	36 | 24 | 15	corpus
守り		14 30 36	14 | 30 | 36	corpus
守り神	12	33	33 | 12 | 12	jmdict
守護	30	15	30 | 30 | 15	jmdict
守護神		12 20 33	12 | 33 | 20	jmdict
安否	13	57	13 | 13 57 | 13	jmdict
安息	13	30	13 | 13 | 30	jmdict
安息日	16	33	16 33 | 16 | 16	jmdict
安母尼亜	51	26	26 | 51 | 51	jmdict
安物	40	13	13 40 | 40 | 40	jmdict
完全試合	10	33	10 | 33 | 10	jmdict
完全雇用	13	38	13 | 13 38 | 13	jmdict
完勝		10 13 14	13 | 14 | 10	jmdict
完敗	13	14	13 | 14 | 13	jmdict
完済	37	15	15 37 | 37 | 37	jmdict
完熟	13	15	13 | 13 | 15	jmdict
宗旨	33	30	33 | 33 | 30	jmdict
官報	32	31	31 | 32 | 32	jmdict
官憲	24	25	24 | 25 | 24	jmdict
官界	25	26	25 | 26 | 25	jmdict
官軍	36	25 27	36 | 25 27 | 36	jmdict
官邸	44	27	27 44 | 44 | 44	jmdict
宙乗り	32	15	32 | 32 | 15	jmdict
定	10	34	10 | 10 | 34	corpus
定か	10	13	10 13 | 10 | 10	jmdict
定め	34	13	34 | 13 34 | 34	corpus
定住	15	17	15 | 15 | 17	jmdict
定式	18	30	18 | 18 | 30	jmdict
定款	34	27	27 34 | 34 | 34	jmdict
定義		10 30 31	31 | 10 | 30	corpus
定説	10	30	30 | 10 | 10	jmdict
定論	10	30	10 | 10 | 30	corpus
定額	19	37	19 37 | 19 | 19	corpus
宛名	31	22	31 | 31 | 22 31	jmdict
宝	40	13	40 | 40 | 13 40	corpus
宝冠	42	40	42 | 42 | 40	jmdict
宝庫	44	19	44 | 19 44 | 44	corpus
宝石	40	51	51 | 40 | 40	jmdict
実り	43	10	43 | 10 43 | 43	jmdict
実体	10 51	12	12 | 10 51 | 10 51	corpus
実刑	34	36	36 | 34 | 34	corpus
実利	13	37	13 | 37 | 13	jmdict
実力派	24	14	24 | 24 | 14 24	jmdict
実力行使	14	15	14 15 | 14 | 14	jmdict
実効	13	14	14 | 13 | 13	corpus
実地	13	10 17	13 | 13 17 | 10	corpus
実学	33	30	30 33 | 33 | 33	jmdict
実弾	40	37	37 40 | 40 | 40	jmdict
実態	13	10	13 | 10 13 | 13	corpus
実技	30	33	30 | 30 | 33	jmdict
実権	36	14	36 | 36 | 14 36	jmdict
実況	31	10 13	31 | 13 31 | 10 31	jmdict
実物大	19	18	19 | 18 | 19	jmdict
実用	13	30	13 | 30 | 13	corpus
実相	13	10	10 13 | 13 | 13	jmdict
実話	10	32	10 32 | 10 | 10	jmdict
実質	13	10 19	13 19 | 10 | 13	corpus
実践	30	15	30 | 30 | 15 30	corpus
実験	30	10	10 | 30 | 30	corpus
客	22	24	22 | 22 24 | 22	corpus
客用	22	35	35 | 22 | 22	jmdict
客足	19	22	22 | 19 | 19	jmdict
宣教	31	33	31 | 31 33 | 31	jmdict
宮中	17	25 44	44 | 17 | 17 25	jmdict
宮家	21	25	21 | 21 | 21 25	jmdict
宰相	25	24	24 25 | 25 | 25	jmdict
宴会	33	35	35 | 33 | 33	jmdict
宴席	33	35	33 | 33 | 35	jmdict
家づくり	15 44	38	38 44 | 15 | 15 44	jmdict
家中	17 21	25	21 25 | 17 21 | 17 21	jmdict
家元	24	33	24 33 | 24 | 24	jmdict
家内	21	17	21 | 21 | 17 21	jmdict
家庭内	21	33	21 | 21 | 21 33	jmdict
家族制度	21	27 33	21 | 21 27 | 21 33	jmdict
家族計画	21	30 33	21 30 | 21 | 33	jmdict
家柄	21	25	25 | 21 | 21	jmdict
家督	21	34	21 | 21 | 21 34	jmdict
家計	37	33	33 37 | 37 | 37	corpus
家長	21	20	20 21 | 21 | 21	jmdict
家電	45	40	45 | 40 45 | 45	corpus
容	18	19	18 19 | 18 | 18	corpus
容疑者	24	20	20 | 24 | 24	corpus
容認	30	34	30 | 34 | 30	jmdict
宿泊	15	33	15 | 33 | 15	corpus
宿題	30	33	30 | 30 | 33	corpus
宿駅	17	44	17 44 | 17 | 17	jmdict
寂	30	13	13 | 30 | 30	jmdict
寄せ	15	30	15 | 15 | 15 30	jmdict
寄せ木細工	32	40	32 | 32 40 | 32	jmdict
寄り付き	37	15 16	15 37 | 16 37 | 37	jmdict
寄付行為	34 37	15	15 34 | 37 | 34 37	jmdict
寄席	44	32	32 44 | 44 | 44	jmdict
寄港	15	17	15 17 | 15 | 15	jmdict
寄託		34 35 37	35 | 37 | 34	jmdict
寅	55	16	16 55 | 55 | 55	jmdict
密	19	10 13	19 | 10 | 13 19	corpus
密接	13	35	13 | 13 | 35	corpus
密猟	15	38	38 | 15 | 15	jmdict
密生		13 15 50	13 | 15 | 50	jmdict
密約	34	35	35 | 34 | 34	jmdict
密輸	37	38	38 | 37 | 37	corpus
密輸入	37	15	37 | 15 37 | 37	jmdict
密造	38	15	15 38 | 38 | 38	jmdict
富豪	20	24	20 | 20 | 24	jmdict
寒	50	16	16 50 | 50 | 50	jmdict
寒冷	50	13	50 | 50 | 13	jmdict
寓意	32	10 30	10 | 30 32 | 32	jmdict
寝	57	30	57 | 57 | 30	jmdict
寝つき	15	57	15 | 57 | 15	jmdict
寝不足	13	57	13 57 | 13 | 13	jmdict
寝冷え	57	56	56 | 57 | 57	jmdict
寝坊	16	15 20 24	15 24 | 16 | 16 20	jmdict
寝床		40 44 45	40 | 45 | 44	jmdict
寝息	56	50	56 | 50 | 56	jmdict
寝泊まり	33	15	15 | 33 | 33	jmdict
寝言	31	10	31 | 10 31 | 31	jmdict
寝起き	15	16	15 | 15 | 15 16	jmdict
寝食	33	43 57	33 43 57 | 33 | 33	jmdict
察		24 27 30	30 | 24 | 27	corpus
寡占	38	13	13 38 | 38 | 38	jmdict
審	30	10	30 | 10 | 30	corpus
審判	10 24	30	10 24 | 24 30 | 10 24	jmdict
審問	31	35	31 | 31 | 31 35	jmdict
審理	36	30	30 | 36 | 36	corpus
審議	31	30	31 | 31 | 30	corpus
寺社	44	33	44 | 44 | 33 44	jmdict
寺院	44	27	27 44 | 44 | 44	jmdict
対	22	19	22 | 22 | 19 22	corpus
対中	26	17 35	26 | 26 35 | 17 26	jmdict
対内	26	17	17 | 26 | 26	jmdict
対外	35	26	35 | 26 | 35	corpus
対応	35	30	35 | 35 | 30	corpus
対抗	15	14 35	15 | 35 | 14 15	corpus
対校	35	15 32	32 | 35 | 15 35	jmdict
対案	30	10	10 | 30 | 30	jmdict
対立	35	13	35 | 35 | 13	corpus
対米	26	35	26 35 | 26 | 26	corpus
対象外	10	13	13 | 10 | 10	jmdict
封じ手		15 32 33	32 | 33 | 15	jmdict
封じ込め	15	30	15 | 15 | 30	corpus
封印	15	40	15 | 15 | 15 40	corpus
封建	36	33	36 | 36 | 33 36	jmdict
封鎖	15	36	15 | 15 | 15 36	jmdict
専売	37	36	36 37 | 37 | 37	jmdict
専用	13	30	13 | 13 | 30	corpus
専門	30	11	30 | 30 | 11	corpus
専門分野	11	17	17 | 11 | 11	corpus
専門職	24	38	24 | 24 38 | 24	corpus
射的	33	15	33 | 33 | 15	corpus
将来像	16 30	18	16 18 | 16 30 | 30	jmdict
将軍	24	25	24 | 25 | 24	jmdict
導	15	30	15 | 15 | 30	corpus
導入部	15	32	15 32 | 15 | 15	jmdict
導出	15	30	15 | 15 | 15 30	corpus
導火線	45	15 41	45 | 15 45 | 41	jmdict
小さじ	45	19	45 | 45 | 19 45	jmdict
小ネタ	10	31 32	31 | 10 | 10 32	jmdict
小人数	19	20	19 20 | 19 | 19	jmdict
小児科	27	38	38 | 27 | 27	jmdict
小冊子	40	32	40 | 32 40 | 40	jmdict
小分け	15	19	19 | 15 | 15	jmdict
小刻み	19	15	15 19 | 19 | 19	jmdict
小型	18	19	18 | 19 | 18	corpus
小売	38	37	38 | 38 | 37 38	corpus
小売物価指数	19	37	19 | 19 | 19 37	jmdict
小学	27	33	27 | 27 | 27 33	jmdict
小島	17	50	17 | 50 | 17	jmdict
小手	56	15 40 42	15 40 56 | 42 56 | 56	jmdict
小数点	19	18	18 | 19 | 19	corpus
小文字	18	31	18 | 18 | 18 31	corpus
小柄	18 56	19	18 56 | 18 19 | 18 56	jmdict
小物	40	20 24	40 | 20 40 | 24 40	jmdict
小皿	45	40	45 | 45 | 40	jmdict
小競り合い		10 15 35	10 | 15 | 35	jmdict
小粒	19	51	19 | 19 | 19 51	jmdict
小舟	45	40	45 | 40 | 45	jmdict
小言	31	35	31 | 35 | 31	jmdict
小話	32	31	31 32 | 32 | 32	jmdict
小説家	24	32	24 32 | 24 | 24	jmdict
小道具	45	32 40	40 45 | 32 45 | 45	jmdict
小選挙区	36	26	36 | 26 36 | 36	jmdict
小金	37	19	37 | 37 | 19 37	jmdict
小鉢	40	43 45	45 | 40 43 | 40	jmdict
小銭	37	40	37 | 37 40 | 37	jmdict
小雪	50	16	50 | 16 50 | 50	jmdict
小食	19	56	19 | 19 | 56	jmdict
小麦	43	54	43 54 | 43 | 43	jmdict
少将	24	25	25 | 24 | 24	jmdict
少数意見	30	19	19 30 | 30 | 30	jmdict
少数派	26	22	26 | 22 | 26	corpus
就任	15	36	15 | 15 | 15 36	corpus
就学	33	15	15 33 | 33 | 33	jmdict
就活	38	37	37 38 | 38 | 38	jmdict
尺	19	45	19 | 19 45 | 19	corpus
尺度	19	30	19 | 19 | 19 30	corpus
尼羅		17 26 50	17 | 50 | 26	jmdict
尾	56	17 18	18 56 | 17 56 | 56	corpus
尾根	17	50	17 | 17 | 50	jmdict
尿酸	51	56	51 | 51 | 51 56	jmdict
局地	17	26	17 | 17 | 26	jmdict
局留め		30 35 38	35 | 38 | 30	jmdict
局部	56	17 18	18 56 | 17 56 | 56	jmdict
居候	24	20	24 | 20 | 24	jmdict
居心地	13	30	30 | 13 | 13	jmdict
居留民	20	24	24 | 20 | 20	jmdict
居眠り	57	15	57 | 57 | 15 57	jmdict
屈折	15 50	30	15 50 | 30 50 | 15 50	jmdict
届	31	15	15 | 31 | 31	corpus
屋	44	24	24 44 | 44 | 44	corpus
屋台骨	44	14	44 | 14 44 | 44	jmdict
屋号	31	33	33 | 31 | 31	jmdict
屑	51	40	40 51 | 51 | 51	jmdict
展覧会	32	33	32 33 | 32 | 32	jmdict
属	11	53	11 | 11 53 | 11	corpus
属国	26	25	25 26 | 26 | 26	corpus
層化	15 18	30	18 | 15 18 | 15 30	corpus
履歴	10	33	33 | 10 | 10	corpus
屯	19	20	19 | 20 | 19	jmdict
山々	50	17	17 | 50 | 50	jmdict
山の手	17	26	17 26 | 17 | 17	jmdict
山分け	37	15	37 | 15 37 | 37	jmdict
山吹	54	13 18	54 | 13 54 | 18 54	jmdict
山地	17	50	17 | 50 | 17	jmdict
山姥		20 33 53	33 | 20 | 53	jmdict
山家	44	17	44 | 44 | 17 44	jmdict
山寺	44	33	44 | 44 | 33 44	jmdict
山岳	50	17	50 | 50 | 17	jmdict
山男	24	20	24 | 24 | 20	jmdict
山肌	17	50	50 | 17 | 17	jmdict
山車	40	33	33 40 | 40 | 40	jmdict
山野	50	17 47	47 | 17 50 | 50	jmdict
山開き	15 33	16	15 33 | 15 16 | 33	jmdict
山陰	26	17	17 | 26 | 26	jmdict
岩壁	17	50	17 | 17 50 | 17	jmdict
岩屋	17	44	17 44 | 17 | 17	jmdict
岩戸	44	40	40 | 44 | 44	jmdict
岸壁	44	17	44 | 44 | 17 44	jmdict
峠	17	13	17 | 17 | 13 17	jmdict
峰	17	50	17 | 50 | 17	jmdict
島々	17	26	17 | 26 | 17	jmdict
崖	50	17	50 | 50 | 17	jmdict
川流れ	15	50	15 | 50 | 15	jmdict
川面	17	50	17 50 | 17 | 17	jmdict
州政府	26 27	36	26 27 | 26 27 | 27 36	corpus
州立		25 26 27	27 | 26 | 25	corpus
巡	15	10	15 | 10 | 15	corpus
巡業	32	15	32 | 15 32 | 32	jmdict
巡航速度	19	15	19 | 15 19 | 19	jmdict
巣	55	44	44 | 55 | 55	jmdict
巣箱	44	45	44 | 44 | 45	jmdict
工事	38	44	38 44 | 38 | 38	jmdict
工学	33	30	33 | 33 | 30	corpus
工法	30	38	30 | 30 | 30 38	jmdict
工科	33	11	33 | 11 | 33	corpus
工芸	32	33	32 | 32 | 32 33	jmdict
工面	37	30	37 | 37 | 30 37	jmdict
左党		20 24 36	24 | 36 | 20	jmdict
左利き	20	56	56 | 20 | 20	jmdict
左前	13 17	18	13 17 | 13 17 | 13 18	jmdict
左手	56	17	17 56 | 56 | 56	jmdict
左記	17	10	17 | 10 | 17	jmdict
巧み	30	13	13 | 30 | 30	jmdict
巨体	56	19	19 56 | 56 | 56	jmdict
巨星	52	20	52 | 20 52 | 52	jmdict
差し入れ	35 43	15	35 | 35 43 | 15 35 43	jmdict
差し引き	19	15 37	15 19 | 19 | 19 37	jmdict
差し手	56	15	15 | 56 | 56	jmdict
差し押さえ	36 37	34	34 36 | 37 | 36 37	corpus
差し止め	34	15	34 | 34 | 15 34	corpus
差出人	24	20	24 | 20 | 24	jmdict
差別	35	11 33	33 | 35 | 11 35	corpus
差押え	37	34	37 | 34 37 | 37	corpus
差異	13	19	19 | 13 | 13	corpus
巳	55	33	33 | 55 | 55	jmdict
巷	26	17	17 | 26 | 26	jmdict
巻	18 40	19	18 40 | 40 | 18 19	corpus
巻き	18	15	18 | 18 | 15	corpus
巻き上げ	15	37	15 | 15 37 | 15	corpus
巻き込み	15	35	15 35 | 15 | 15	corpus
巻物	40	32	40 | 32 40 | 40	jmdict
巻紙	41	40	41 | 40 41 | 41	jmdict
市営地下鉄	45	27	45 | 27 | 45	jmdict
市場	37	38	37 | 37 | 37 38	corpus
市場占有率	19	38	19 | 19 | 19 38	jmdict
市場調査	38	30	38 | 30 | 38	jmdict
市民	20 26	24	20 26 | 20 | 24 26	corpus
市長	25	24	25 | 24 | 25	corpus
布巾	40	45	40 | 40 | 45	jmdict
布施	37	33	33 37 | 37 | 37	jmdict
布石	30	40	30 | 30 40 | 30	jmdict
布陣	18	36	18 36 | 18 | 18	jmdict
帆	45	40	45 | 45 | 40	jmdict
希少	13	19	13 | 13 | 19	jmdict
希薄	19	13	19 | 13 | 19	jmdict
帝王切開	15	56	15 | 15 56 | 15	jmdict
師事	35	30	30 | 35 | 35	jmdict
席上	17	35	17 | 17 | 35	jmdict
席巻	36	15	36 | 15 | 36	jmdict
席順	18	17	17 | 18 | 18	jmdict
帰京	15	17	15 17 | 15 | 15	jmdict
帰依	30	33	30 33 | 30 | 30	jmdict
帰化	26	15 34 53	15 34 53 | 26 | 26	jmdict
帰属		26 30 35	30 | 35 | 26	corpus
常備	15	13	15 | 15 | 13	jmdict
常務	24	38	24 | 24 | 24 38	jmdict
常夏	16 50	54	16 50 | 16 | 16 50 54	jmdict
常温	19	50	19 | 19 | 50	jmdict
常用	33	15	15 | 33 | 33	jmdict
常用漢字	31	11	11 31 | 31 | 31	jmdict
常緑	54	13	13 54 | 54 | 54	jmdict
常習		13 30 33	33 | 30 | 13	jmdict
幕	40	32	40 | 40 | 32 40	corpus
幕下		11 24 33	33 | 24 | 11	jmdict
干拓	47	15	47 | 47 | 15 47	jmdict
干支	16	33	16 | 16 | 16 33	jmdict
干渉	15	35 50	15 | 15 35 50 | 15	corpus
平	18	13	18 | 18 | 13 18	corpus
平原	17	50	17 | 50 | 17	jmdict
平地	17	47	17 | 17 47 | 17	jmdict
平安	13	16 33	13 | 13 16 | 13 33	jmdict
平定	36	15	15 36 | 36 | 36	jmdict
平手	56	15 33	56 | 15 33 56 | 56	jmdict
平板	13 18	40	13 18 40 | 13 18 | 13 18	corpus
平気	30	13	13 30 | 30 | 30	jmdict
平素	16	13	16 | 16 | 13 16	jmdict
平静	30	13	30 | 13 | 30	jmdict
平面図	18	32	18 | 18 32 | 18	jmdict
年ごろ	16	19	16 | 16 | 16 19	corpus
年上	22	20	20 | 22 | 22	jmdict
年下	22	20	22 | 20 | 22	corpus
年休	16	34	16 34 | 16 | 16	jmdict
年功	16	33	33 | 16 | 16	jmdict
年功序列	33	38	33 | 33 38 | 33	jmdict
年商	37	38	37 38 | 37 | 37	jmdict
年少	16	20	16 20 | 16 | 16	jmdict
年率	19	37	19 | 19 | 19 37	jmdict
年産	19	38	19 38 | 19 | 19	jmdict
年祭	33	16	33 | 16 33 | 33	jmdict
年老	16	15	15 16 | 16 | 16	jmdict
年表	16 33	32	16 33 | 33 | 16 32	corpus
年譜	16 33	32	16 33 | 16 32 | 33	jmdict
年賀	31 33	35	31 35 | 33 | 31 33	jmdict
年配	16	19 20	16 20 | 16 | 19	jmdict
年鑑	32	33 40	32 | 32 33 | 32 40	jmdict
年額	19	37	19 37 | 19 | 19	jmdict
年齢層	20	11 19	11 | 20 | 19 20	jmdict
幸せ	30	13	13 30 | 30 | 30	jmdict
幸福	30	13	30 | 30 | 13	jmdict
幼	16	20	16 | 16 | 20	corpus
幼生	55	53	55 | 55 | 53	jmdict
幼稚園	27	44	27 44 | 27 | 27	jmdict
幼虫	55	53 57	55 | 55 57 | 53	jmdict
幾度	19	16	16 19 | 19 | 19	jmdict
広がり	19	15	15 | 19 | 19	corpus
広告	31	38	31 | 31 | 31 38	corpus
広告キャンペーン	38	31	38 | 38 | 31 38	corpus
広域	17	19	17 | 17 | 17 19	corpus
広義		10 13 19	10 | 19 | 13	jmdict
床	44	40	40 44 | 44 | 44	corpus
序	15 32	18	15 18 | 15 32 | 15 32	corpus
序の口	15	16 19	15 19 | 16 | 15	jmdict
序二段	13	25 33	13 33 | 25 | 13	jmdict
底	17	19	17 | 17 | 17 19	corpus
底打ち	15	13 19	13 15 | 15 19 | 15	jmdict
底辺	18 26	13	18 26 | 18 26 | 13 18	jmdict
店子	22	24	22 | 22 | 24	jmdict
店番	24	19 38	24 | 24 38 | 19 24	jmdict
庚	16	33	16 33 | 16 | 16	jmdict
府	26	27	26 | 26 | 26 27	corpus
府立	26	27	27 | 26 | 26	jmdict
度付き	19	42	19 | 42 | 19	corpus
座	17 52	27 40	17 27 52 | 17 40 52 | 17	corpus
座り	18	15 56	18 | 15 18 | 56	jmdict
座禅	30	33	30 | 30 33 | 30	jmdict
庭	47	17	47 | 47 | 17 47	corpus
庶民	20	25	20 | 25 | 20	jmdict
廃園	15	47	47 | 15 | 15	jmdict
廃校	15 27	44	27 | 15 44 | 15 27	jmdict
廃案	30	10	30 | 30 | 10	jmdict
廃棄物	51	40	51 | 40 | 51	corpus
廃棄物処理	15	38	15 | 38 | 15	corpus
廃船	40	45	40 | 40 | 45	jmdict
廃車	15 45	40	15 45 | 15 40 | 15 45	jmdict
廉価	37	13	37 | 37 | 13	jmdict
建具	44	45	44 | 45 | 44	jmdict
建国	15	26 33	15 | 15 26 | 15 33	jmdict
建築	38 44	32	44 | 38 44 | 32 38 44	corpus
建築学	32	33	32 | 33 | 32	jmdict
建設省	27	36	27 36 | 27 | 27	jmdict
建議	31	30 36	31 36 | 31 | 30	jmdict
弁	45	31 43 54	45 | 45 | 31 43 45 54	corpus
弁天	33	20	33 | 20 | 33	jmdict
弁護	35	34	35 | 34 35 | 35	corpus
弊社	27	25	27 | 27 | 25 27	jmdict
式次第	30	33	30 | 30 33 | 30	jmdict
式部	24	25 27	24 | 25 27 | 24	jmdict
弔い合戦		10 15 35	10 | 35 | 15	jmdict
弔電	31 35	40	31 35 | 31 40 | 31 35	jmdict
引	15	35	15 | 35 | 15	corpus
引き	15	37	15 | 15 37 | 15	corpus
引き伸ばし	15	16	15 | 15 | 15 16	corpus
引き出し	15 37 45	30 31 44	15 30 37 44 | 31 37 45 | 15 37 45	corpus
引き分け		10 13 15	10 | 13 | 15	jmdict
引き取り	15	37	15 | 37 | 15	corpus
引き合い	31	15 37	31 | 31 | 15 31 37	corpus
引き抜き	15	35 38	15 38 | 15 35 | 15	jmdict
引き換え	37	35	37 | 35 37 | 37	corpus
引き算	19	30	19 | 30 | 19	jmdict
引き継ぎ	15	35	15 | 15 | 15 35	corpus
引き込み線		17 41 45	45 | 41 | 17	jmdict
引け	15 16	13 37	37 | 15 16 | 13 15 16	corpus
引っかかり	13	15	13 | 15 | 13	corpus
引導	33	35	33 | 33 | 33 35	jmdict
引数	30	19	30 | 19 | 30	corpus
引明	16	10	10 | 16 | 16	corpus
引火	15	50	15 50 | 15 | 15	jmdict
引率	15	35	15 35 | 15 | 15	jmdict
弦	18 45	41	18 45 | 18 45 | 41	jmdict
弱まり	15	14	15 | 15 | 14 15	jmdict
弱体	13	14	13 | 14 | 13	jmdict
弱気	30	13	13 30 | 30 | 30	jmdict
弱火	46	50	50 | 46 | 46	jmdict
弱点	13	14	14 | 13 | 13	corpus
弱腰	13	30	13 | 30 | 13	jmdict
弱音	31	30 50	31 50 | 30 | 31	jmdict
張	19	14	19 | 19 | 14	corpus
張り出し	18	17 44	17 18 | 18 44 | 18	jmdict
張り合い	30	35	30 | 30 | 30 35	jmdict
張り子	40	41	40 41 | 40 | 40	jmdict
張り紙	40	31	40 | 40 | 31 40	jmdict
張本	24	10	24 | 10 24 | 24	corpus
張本人	20	24	20 | 20 | 24	jmdict
強み	14	13	14 | 13 14 | 14	jmdict
強制		14 15 36	36 | 15 | 14	corpus
強壮	14	13 56	14 | 13 | 14 56	jmdict
強奪	37	15	15 37 | 37 | 37	jmdict
強引	14	13	14 | 13 | 14	jmdict
強弱	14	19	14 | 14 19 | 14	jmdict
強打	15	14	15 | 15 | 14 15	jmdict
強火	50	14	14 50 | 50 | 50	jmdict
強烈	14	13 19	14 19 | 14 | 13	jmdict
強盗	10 24	20	10 24 | 10 20 | 10 24	jmdict
強硬策	30	36	30 | 30 | 30 36	corpus
強行採決	36	15	36 | 36 | 15 36	jmdict
強要	34	36	34 | 34 | 36	corpus
強靭	14	13	14 | 13 | 14	jmdict
弾き	32	15	32 | 32 | 15	jmdict
弾性	13	51	51 | 13 | 13	jmdict
弾痕	18	51	18 | 18 | 18 51	jmdict
当	13	10	13 | 10 | 13	corpus
当たり	10	13	10 | 10 | 13	corpus
当事者	22	20	22 | 20 | 22	corpus
当局	27	36	27 | 27 | 36	corpus
当番	24	34	34 | 24 | 24	jmdict
当確	13	10 36	10 13 | 13 36 | 13	jmdict
当落	10	13	13 | 10 | 10	jmdict
形質	13	18	13 | 13 | 18	jmdict
形骸化	15	13	15 | 15 | 13 15	corpus
彫像	32	40	32 40 | 32 | 32	jmdict
彫刻	32	40	32 40 | 32 | 32	jmdict
影武者	24	20	24 | 24 | 20	jmdict
彷彿	30	18	30 | 18 30 | 30	jmdict
役	30 34	32	32 34 | 30 34 | 30	corpus
役人	24	25	24 25 | 24 | 24	jmdict
役割		13 30 34	30 | 34 | 13	corpus
役名	32	31	31 | 32 | 32	jmdict
役回り	30	24	30 | 24 | 30	jmdict
彼ら	20	22	22 | 20 | 20	corpus
彼女	20	22	20 | 20 | 20 22	jmdict
彼岸	16	33	16 33 | 16 | 16	jmdict
往時	16	33	16 | 16 | 16 33	jmdict
往診	15	35	15 35 | 15 | 15	jmdict
待ちぼうけ	13	15	13 | 15 | 13	jmdict
待命	13	15	15 | 13 | 13	jmdict
待避線	17	45	17 45 | 17 | 17	jmdict
律	34	32	34 | 32 34 | 34	corpus
後	16	17	16 | 16 17 | 16	corpus
後ろ向き	13 17	30	17 30 | 13 17 | 13 17	jmdict
後ろ盾	22	30	30 | 22 | 22	jmdict
後列	17	19	17 19 | 17 | 17	jmdict
後半生	16	57	16 57 | 16 | 16	jmdict
後始末	15	30	15 | 30 | 15	corpus
後手		15 22 30	30 | 15 | 22	jmdict
後段	16	15	15 | 16 | 16	corpus
後発	16	13	16 | 13 16 | 16	corpus
後継	15	20 24	15 24 | 15 20 | 15	corpus
後続	15	16	15 | 16 | 15	corpus
後編	32	15 16 18	16 18 | 32 | 15 32	jmdict
後述	31	16	16 31 | 31 | 31	corpus
後退	15	13	15 | 13 15 | 15	corpus
後進	15 22	13 24	13 15 22 | 15 24 | 22	jmdict
徒	20	22	20 | 20 | 22	corpus
従属	13	25	13 | 13 | 25	jmdict
従軍	15	38	15 | 38 | 15	jmdict
従順	13	30	13 | 13 30 | 13	jmdict
得	37	13	13 37 | 37 | 37	corpus
得意先	22	37	22 | 22 37 | 22	jmdict
得撒		10 24 30	24 | 10 | 30	jmdict
得用	13	30	30 | 13 | 13	corpus
御三家	11	21	11 | 11 | 21	jmdict
御上	36	25	36 | 36 | 25	corpus
御側	17	24 25	17 25 | 24 | 17	corpus
御免	35	34	34 35 | 35 | 35	jmdict
御回		15 19 24	19 | 15 | 24	corpus
御曹司	21	20	21 | 20 | 21	jmdict
御用	38	35	38 | 35 | 38	corpus
御用邸	44	25	25 44 | 44 | 44	jmdict
御田	43	47	43 | 47 | 43	jmdict
御神籤	40	33	40 | 40 | 33 40	jmdict
御苑	47	17	47 | 17 | 47	jmdict
御飾り	40	20 24	24 40 | 20 40 | 40	jmdict
復交	35	36	35 | 36 | 35	jmdict
復学	15	33	15 | 15 | 15 33	jmdict
復権	34	15 36	34 | 34 36 | 15 34	jmdict
復調	15	13	15 | 13 15 | 15	jmdict
微弱	14	19	14 | 14 19 | 14	jmdict
徳利	45	40	40 | 45 | 45	jmdict
徳義		13 30 34	30 | 34 | 13	jmdict
徳行	13	30 33	13 | 13 30 | 33	jmdict
徴兵	36	34	36 | 36 | 34	jmdict
徴集	15 36	34	34 36 | 15 | 15 36	jmdict
徹底	19	13	13 | 19 | 19	corpus
心不全	57	56	57 | 56 | 57	jmdict
心変わり	30	15	30 | 15 30 | 30	jmdict
心臓病	57	56	56 | 57 | 57	jmdict
心血	30	56	30 56 | 30 | 30	jmdict
心身症	57	56	57 | 56 | 57	jmdict
心遣い	30	35	30 | 30 | 30 35	jmdict
心霊	30	50 57	30 50 | 30 | 57	jmdict
必携	40	34	40 | 34 | 40	jmdict
必殺	14	15 57	14 | 14 57 | 15	jmdict
必然	10	13	10 | 13 | 10	jmdict
必要性	13	30	30 | 13 | 13	corpus
必読	34	31	34 | 34 | 31	jmdict
必需	13	19	13 | 13 | 19	jmdict
必須	34	13	34 | 34 | 13	corpus
必須条件	10	34	10 | 10 | 10 34	jmdict
忌避	30	15	15 30 | 30 | 30	jmdict
忍び	15 24	30	15 24 | 15 24 | 30	corpus
志士	20	24	20 | 24 | 20	jmdict
応召	34	15 35	34 | 35 | 15 34	jmdict
応戦	15	35	15 | 15 | 15 35	jmdict
応答	31	35	31 | 31 | 35	corpus
忠告	31	30	31 | 31 | 30	jmdict
忠臣	25	24	24 25 | 25 | 25	jmdict
忠誠	30	34	30 | 30 34 | 30	jmdict
快作	32	13	13 32 | 32 | 32	jmdict
快勝	13	10	13 | 13 | 10	jmdict
快投	15	13	15 | 15 | 13	jmdict
快方	13	15	13 | 13 | 15	jmdict
快速	19	15 45	15 19 | 45 | 19	jmdict
念入り	13	30	30 | 13 | 13	jmdict
念書	34	31	34 | 34 | 31 34	jmdict
思い出話	31	30	30 31 | 31 | 31	jmdict
思い切り	19	14 30	14 19 | 19 30 | 19	jmdict
思春期	16	57	16 | 16 57 | 16	jmdict
怠け者	24	20	20 | 24 | 24	jmdict
怠り	30	15	15 | 30 | 30	jmdict
急ピッチ	19	15	19 | 15 | 19	jmdict
急務	34	38	34 | 38 | 34	corpus
急患	20	56	20 56 | 20 | 20	jmdict
急所	30 56	10	30 56 | 30 56 | 10 56	jmdict
急行	45	15	45 | 45 | 15 45	jmdict
急襲	15	14	15 | 14 15 | 15	jmdict
急速	19	14	19 | 14 | 19	jmdict
性別	20	13	13 | 20 | 20	corpus
性向	13	30	13 | 13 | 30	corpus
性急	13	30	30 | 13 | 13	jmdict
性能	13	14	13 | 14 | 13	corpus
性行	30	33	33 | 30 | 30	jmdict
怨霊	12	20	20 | 12 | 12	jmdict
怪文書	31	32	31 | 32 | 31	jmdict
怪獣	55	53	55 | 55 | 53	jmdict
恋文	31	32	31 | 31 32 | 31	jmdict
恐れ	30	13	13 30 | 30 | 30	corpus
恐喝	37	36	37 | 37 | 36 37	corpus
恒久	16	13	16 | 16 | 13	corpus
恥さらし	13 20	10	13 20 | 10 20 | 13	jmdict
恥知らず	20	13	20 | 20 | 13 20	jmdict
恩	35	30	35 | 35 | 30 35	corpus
恩典	34	13	13 34 | 34 | 34	jmdict
恩義	34	30 35	30 35 | 34 | 34	jmdict
恩賜	37	25 40	40 | 37 | 25 37	jmdict
恩赦	36	34	34 36 | 36 | 36	jmdict
息抜き	30	33	30 | 30 | 33	jmdict
恵比寿	26 33	20	33 | 20 26 | 26 33	jmdict
悠々自適	33	13	33 | 33 | 13	jmdict
悪事	10	13	10 | 10 | 10 13	jmdict
悪口	31	35	31 | 31 | 31 35	jmdict
悪役	24	20 32	20 32 | 24 | 24	jmdict
悪戦苦闘		14 15 30	15 | 14 | 30	jmdict
悪戯	15	10	10 | 15 | 15	jmdict
悪法	34	13 36	34 36 | 13 34 | 34	jmdict
悪霊	12	33 53	12 | 12 | 33 53	jmdict
悪魔	12	53	12 | 53 | 12	jmdict
悲しげ	30	13	30 | 30 | 13	jmdict
悲鳴	31	30	31 | 31 | 30 31	corpus
情事	35	10	10 35 | 35 | 35	jmdict
情報処理	30	15	30 | 15 30 | 30	jmdict
情報収集	31	30	31 | 31 | 30 31	corpus
情報技術	38	30	30 | 38 | 38	corpus
情報源	10	31	10 | 31 | 10	corpus
情実	35	30	35 | 30 35 | 35	jmdict
情景	18	13	13 | 18 | 18	jmdict
情状酌量	30	34	34 | 30 | 30	jmdict
情緒障害	30	13	30 | 30 | 13 30	jmdict
惜敗	13	10	10 | 13 | 13	jmdict
惨事	10	13	10 | 13 | 10	jmdict
惨劇	10	13	10 | 10 | 10 13	jmdict
惨敗	13	10	13 | 13 | 10 13	jmdict
惰性	14	30	14 30 | 14 | 14	jmdict
意味	30	10	10 | 30 | 30	corpus
意思表示	30 31	34	30 31 | 30 31 | 31 34	jmdict
意気	30	14	30 | 30 | 14 30	jmdict
意気盛ん	14	13 30	13 | 14 30 | 14	jmdict
愚直	13	30	13 | 13 | 30	jmdict
愚行	15	10	10 | 15 | 15	jmdict
愚連隊	22	27	27 | 22 | 22	jmdict
愛弟子	24	22	24 | 24 | 22	jmdict
愛想	35	30	30 35 | 35 | 35	jmdict
愛煙家	24	20	24 | 20 | 24	jmdict
愛用	30	15	30 | 30 | 15 30	corpus
愛車	45	30 40	30 45 | 45 | 40	jmdict
愛鳥	30	55	30 55 | 30 | 30	jmdict
感光	15	50	15 50 | 15 | 15	jmdict
感化	15	30	15 | 30 | 15	jmdict
感染	57	15	57 | 15 57 | 57	corpus
感電	50 56	15	50 56 | 50 | 15 56	jmdict
慈善	35	33	35 | 33 | 35	jmdict
慈眼	30	56	56 | 30 | 30	jmdict
慎重	13	30	13 | 30 | 13	corpus
慣れっこ	13	30	13 | 13 | 30	jmdict
慣用	33	31	33 | 31 33 | 33	jmdict
慶弔	33	35	33 35 | 33 | 33	jmdict
慶祝	35	33	35 | 33 | 35	jmdict
憤死	57	30	57 | 30 57 | 57	jmdict
憲法	36	34	36 | 34 36 | 36	jmdict
懇切	13	35	13 | 13 35 | 13	jmdict
懇話	35	31	35 | 31 35 | 35	jmdict
懇請	31	35	31 | 35 | 31	jmdict
懇願	31	35	31 | 31 | 31 35	jmdict
懐	37 56	42	37 56 | 37 42 56 | 37 56	corpus
懐刀	24 45	22	24 45 | 22 45 | 24 45	jmdict
懐石料理	43	33	33 43 | 43 | 43	jmdict
懲役	36	34	36 | 36 | 34	corpus
懲戒	34	36	34 | 36 | 34	jmdict
懲罰	36	34	36 | 34 | 36	jmdict
懸命	13	14 30	14 30 | 13 | 13	jmdict
戌	55	16 17	55 | 55 | 16 17 55	jmdict
成人向け		13 20 33	13 | 20 | 33	corpus
成仏	33 57	15	15 33 | 33 57 | 33 57	jmdict
成分	51	11 41	11 51 | 41 | 51	corpus
成吉思汗	20 43	25	20 25 43 | 20 43 | 20	jmdict
成層	18	50	50 | 18 | 18	corpus
成年	16	57	57 | 16 | 16	corpus
成形	15	18	15 18 | 15 | 15	jmdict
成果	10	13	10 | 10 | 10 13	corpus
成熟	15	57	15 | 15 57 | 15	corpus
成物	43	54	43 | 43 | 54	corpus
我儘	30	13	13 | 30 | 30	jmdict
戒め	30	34	30 34 | 30 | 30	jmdict
戒名	33	20	20 33 | 33 | 33	jmdict
戒告	35	31	31 | 35 | 35	jmdict
戦		10 33 36	33 | 36 | 10	corpus
戦争	26	33	26 | 26 | 33	corpus
戦国	33	16	33 | 16 33 | 33	jmdict
戦域	26	17	26 | 26 | 17	jmdict
戦敗	15	26	15 26 | 15 | 15	jmdict
戦果	10	36	10 | 36 | 10	jmdict
戦火	36	50	36 | 50 | 36	jmdict
戦災	10	33	10 | 33 | 10	jmdict
戦禍	13	10	13 | 10 | 13	jmdict
戦績	10	13	10 | 13 | 10	jmdict
戦跡	33	17	33 | 17 33 | 33	jmdict
戦闘	15	36	15 | 36 | 15	jmdict
戴冠式	33	36	33 | 33 | 33 36	jmdict
戸	44	40	40 44 | 44 | 44	corpus
戸口	44	17	44 | 17 44 | 44	jmdict
戸板	44	40	40 | 44 | 44	jmdict
戸棚	45	44	44 | 45 | 45	jmdict
戻し	15	37	15 | 15 37 | 15	corpus
所作	15	30	15 | 30 | 15	jmdict
所在	17	12	17 | 12 17 | 17	corpus
所有	37	34	37 | 34 | 37	corpus
所期	13	30	13 | 13 | 30	jmdict
所産	10	15	10 | 15 | 10	jmdict
所要	16	19	16 19 | 16 | 16	corpus
所論	30	31	30 | 30 31 | 30	jmdict
扇動	35	15 36	35 | 35 36 | 15	corpus
手すり	45	44	45 | 45 | 44	jmdict
手の内	30	17 56	30 56 | 17 30 | 30	jmdict
手中	37	36	37 | 36 | 37	jmdict
手仕事	38	32	38 | 32 38 | 38	jmdict
手伝い	35	24 30	24 35 | 35 | 30	jmdict
手作業	38	30	38 | 30 | 38	corpus
手分け	30	35	30 | 30 | 35	jmdict
手加減	19	14 30	19 30 | 14 | 19	jmdict
手塩	30 43	45	43 45 | 30 43 | 30 43	jmdict
手始め	15	16	15 16 | 15 | 15	jmdict
手引き	30	40	30 | 30 | 30 40	corpus
手引書	32 40	30	32 40 | 32 | 30 40	jmdict
手形	37 56	18	18 37 | 37 56 | 37 56	jmdict
手応え	35	13 30 56	13 35 56 | 30 | 35	jmdict
手打ち	35	15 43	35 43 | 35 | 15 35	jmdict
手投げ弾	45	40	40 | 45 | 45	jmdict
手拍子	32	35	32 | 35 | 32	jmdict
手振り		30 31 35	35 | 31 | 30	jmdict
手掛		15 38	38 | 15	corpus
手掛け	15	45	15 | 15 | 45	corpus
手控え	30 31	40	31 | 30 31 40 | 30 31	jmdict
手数	19	30	19 | 19 30 | 19	corpus
手書	32	31	31 | 32 | 32	corpus
手洗い	15	44	15 | 15 44 | 15	jmdict
手織り	33	15	33 | 33 | 15	jmdict
手習い	33	30 32	33 | 33 | 30 32	jmdict
手腕	14	30	30 | 14 | 14	jmdict
手芸	32	33	32 | 32 33 | 32	jmdict
手薄	13	19	13 | 13 19 | 13	corpus
手製	18	32 40	32 | 18 | 18 40	corpus
手触り	56	13 18	13 56 | 56 | 18	jmdict
手足	56	24	56 | 24 56 | 56	jmdict
手遅れ	16	13	16 | 13 | 16	jmdict
手間	14	19	14 | 14 | 19	corpus
才	30	14 19	19 30 | 14 | 30	jmdict
才人	24	20	24 | 24 | 20	jmdict
打ち出し	31	15	31 | 15 31 | 31	corpus
打ち合わせ	35	31	35 | 35 | 31 35	jmdict
打ち消し	31	10 15	10 | 31 | 15 31	jmdict
打ち込み	15	31 32	15 31 32 | 15 | 15	jmdict
打撃	14	13 15	13 14 | 14 15 | 14	corpus
打楽器	45	32	32 45 | 45 | 45	jmdict
打線	33	18	33 | 18 | 33	jmdict
打診	35	31	35 | 31 | 35	jmdict
打順	19	18	19 | 18 | 19	jmdict
托鉢	33	37	33 | 33 37 | 33	jmdict
扱い	15	30	15 | 15 | 30	corpus
批評		30 31 32	31 | 32 | 30	corpus
承継	15	34	15 34 | 15 | 15	jmdict
承諾	34	35	34 | 35 | 34	jmdict
技法	30	32	30 | 30 | 30 32	corpus
抄本	40	31	31 40 | 40 | 40	jmdict
抑	15	36	36 | 15 | 15	jmdict
抑圧	36	14	14 36 | 36 | 36	jmdict
抑止	15	30	15 | 30 | 15	corpus
抑留	36	15	36 | 15 | 36	jmdict
投入	15	37	15 | 15 | 15 37	corpus
投手戦	10	33	33 | 10 | 10	jmdict
投書	31	32	31 | 31 | 31 32	jmdict
投獄	15	36	15 | 15 | 36	jmdict
投票箱	45	40	45 | 40 | 45	jmdict
抗体	51	56	51 | 56 | 51	jmdict
抗戦	15	36	15 | 15 | 15 36	jmdict
抗生物質	51	41	41 | 51 | 51	jmdict
抗議	35	31	35 | 31 35 | 35	corpus
折り	16 18	15	16 18 | 15 16 18 | 16 18	corpus
折り返し点	17	15	17 | 17 | 15 17	jmdict
折半	19	15	19 | 15 | 19	jmdict
折角	30	13	30 | 30 | 13	jmdict
抜き打ち		13 15 30	15 | 13 | 30	jmdict
抜け目	10 30	17	10 17 30 | 30 | 10	jmdict
抜け穴	17 34	13	17 34 | 34 | 13 17	corpus
抜粋	32	15	32 | 15 32 | 32	jmdict
抱き合わせ	37	38	37 | 38 | 37	corpus
抱っこ	15	35 56	35 56 | 15 | 15	jmdict
抵当	37	34	37 | 34 37 | 37	jmdict
抵当権	34	37	34 | 34 | 34 37	jmdict
抵抗	14	30 50	14 | 14 30 50 | 14	jmdict
抵触	34	10 15	15 34 | 34 | 10 34	jmdict
押え		30 36 45	30 | 36 | 45	corpus
押さえ	30	14	14 30 | 30 | 30	corpus
押し出し	15	18	15 | 15 | 15 18	jmdict
押し売り	37	24	37 | 24 37 | 37	jmdict
抽出し	15	45	15 | 15 | 45	corpus
抽選	15	30	15 | 30 | 15	jmdict
担当	38	24	38 | 38 | 24 38	corpus
拉丁	23	31 33	23 | 31 | 23 33	jmdict
拍	32	16 19	16 19 | 32 | 32	corpus
拍子	32	18	32 | 32 | 18 32	jmdict
拍車	15 45	14	14 45 | 15 45 | 15 45	jmdict
拒否	35	15	35 | 15 35 | 35	corpus
拒絶	35	30	30 | 35 | 35	jmdict
拓	15	47	15 | 15 | 47	corpus
拓本	32	40	32 | 32 40 | 32	jmdict
拘束	15	34 36	34 36 | 15 | 15	corpus
拘留	36	15	36 | 15 | 36	jmdict
拘禁	15	36	15 | 15 | 36	jmdict
拘置	15	36	36 | 15 | 15	jmdict
拙守	13	15	13 | 13 | 15	jmdict
招	15	35	15 | 15 35 | 15	corpus
招集	35	15	35 | 35 | 15	jmdict
拝見	30	35	35 | 30 | 30	jmdict
拡大	15	19	15 | 15 | 15 19	corpus
括弧	31	18 40	18 40 | 31 | 31	jmdict
拳法	33	30	33 | 30 | 33	jmdict
拷問	15	35	15 | 15 | 35	jmdict
拾	15	19	19 | 15 | 15	corpus
持	37	30	37 | 30 | 37	corpus
持ち	37	16	16 | 37 | 37	corpus
持ちきり	31	10	10 | 31 | 31	jmdict
持ち主	24	20	20 | 24 | 24	jmdict
持ち分	19 37	34	19 37 | 34 37 | 19 37	jmdict
持ち合い	37	14	14 37 | 37 | 37	jmdict
持ち回り	15	35	15 | 15 35 | 15	jmdict
持ち帰り	43	15	43 | 15 43 | 43	jmdict
持ち逃げ	37	15	37 | 15 37 | 37	jmdict
持病	57	56	57 | 57 | 56	jmdict
持続性	13	15	15 | 13 | 13	corpus
指名	31	35	31 | 35 | 31	jmdict
指向	17	30	17 | 30 | 17	jmdict
指図	36	30	36 | 36 | 30	jmdict
指圧	30	56	30 | 30 | 56	jmdict
指定	30	15	30 | 30 | 15	corpus
指導者	24	36	24 36 | 24 | 24	jmdict
指折り	13 19	30	13 19 | 13 19 | 30	jmdict
指数関数	19	30	19 | 30 | 19	corpus
指標	19	13	19 | 19 | 13 19	corpus
挙	15	31	31 | 15 | 15	corpus
挙党	27	36	27 | 36 | 27	jmdict
挙動	13	15	13 | 13 15 | 13	corpus
挙行	15	33	15 | 33 | 15	jmdict
挟殺	15	33	15 | 15 | 33	jmdict
挨拶	35	31	35 | 31 35 | 35	jmdict
挫折	13	15	15 | 13 | 13	jmdict
振	15	18	15 | 15 | 15 18	corpus
振り	15 18	30	18 | 15 18 30 | 15 18	corpus
振り子	45	50	45 50 | 45 | 45	jmdict
振る舞い	13	30	13 | 13 | 30	corpus
挺身	15	30	30 | 15 | 15	jmdict
挿話	32	10	10 32 | 32 | 32	jmdict
捕	15	24	24 | 15 | 15	corpus
捕捉	15	30	15 | 15 | 15 30	corpus
捕者	20	24	20 | 20 | 24	corpus
捜査	30	15	15 | 30 | 30	corpus
捜索隊	27	22 24	27 | 22 24 | 27	jmdict
捨て石	30	41 51	30 41 | 30 | 30 51	jmdict
据え置き	15	13	15 | 13 | 15	corpus
捻挫	56	57	57 | 56 | 56	jmdict
授権	34	36	34 | 34 | 34 36	jmdict
授賞	35	15	35 | 15 | 35	jmdict
排外		13 30 35	35 | 30 | 13	jmdict
排斥	35	15	35 | 15 | 35	jmdict
排日		23 26 36	23 | 36 | 26	jmdict
排泄	15	56	15 | 15 | 56	jmdict
掘り下げ	30	15	30 | 30 | 15	corpus
掛け	37	15	37 | 37 | 15 37	corpus
掛け値	37	10	37 | 10 37 | 37	jmdict
掛け算	19	30	30 | 19 | 19	jmdict
掛け軸	40	32	32 40 | 40 | 40	jmdict
掛け金	37	45	37 | 37 45 | 37	jmdict
採取	37	15	37 | 15 | 37	corpus
採否	30	10	10 | 30 | 30	jmdict
採掘	38	47	38 | 38 | 38 47	corpus
採点	13	19	13 19 | 13 | 13	corpus
採用	15	38	15 | 15 | 38	corpus
採石	38	47	38 47 | 38 | 38	jmdict
採算	37	38	37 | 38 | 37	jmdict
採鉱	38	47	38 | 38 47 | 38	jmdict
採集	15	37	15 37 | 15 | 15	jmdict
探知	15	30	30 | 15 | 15	jmdict
探索	15	30	30 | 15 | 15	corpus
探鉱	38	47	38 47 | 38 | 38	jmdict
接	15	35	35 | 15 | 15	corpus
接受	15	35	15 | 35 | 15	corpus
接地	15	17	15 17 | 15 | 15	jmdict
控	40	24	40 | 40 | 24 40	corpus
控えめ	13	19	13 | 19 | 13	jmdict
控訴裁判所	27	36	27 | 27 36 | 27	corpus
推移的	15	13	15 | 15 | 13	corpus
推薦	31	35	31 | 31 | 31 35	jmdict
推計	30	19	30 | 30 | 19 30	corpus
措置	30	15	15 | 30 | 30	corpus
掲示板	31 40	45	31 45 | 31 40 | 31 40	corpus
掲載	31	32	31 | 32 | 31	corpus
揃	19	15	19 | 15 | 19	corpus
揃え	11	15	15 | 11 | 11	corpus
提案	31	30	31 | 30 | 31	corpus
提起	31	15 34	31 34 | 15 | 31	corpus
換算	15	19	15 | 15 19 | 15	corpus
握	36	15	15 | 36 | 36	corpus
揮発	15	50	15 50 | 15 | 15	corpus
揮発性	13	51	13 | 51 | 13	corpus
援用	31	30	30 | 31 | 31	jmdict
援護	35	15	35 | 35 | 15 35	jmdict
援軍	24	22	24 | 24 | 22	jmdict
揶揄	31	35	35 | 31 | 31	jmdict
揺らぎ	15	13 50	15 | 15 | 13 50	jmdict
損得	37	13	37 | 37 | 13 37	jmdict
携帯	45	15	45 | 45 | 15 45	corpus
搾取	37	15	15 | 37 | 37	corpus
摂取	15	43	15 | 15 43 | 15	jmdict
摂理		10 13 33	33 | 10 | 13	jmdict
撃方	30	15	30 | 15 30 | 30	corpus
操	30	13	13 | 30 | 30	corpus
擦れ擦れ	19	13	19 | 19 | 13	jmdict
擬き	18	11	18 | 11 | 18	jmdict
擬装	18	15	18 | 15 | 18	corpus
支		11 17 18 27	18 | 11 17 | 27	corpus
支え	14	30 45	14 | 30 45 | 14	corpus
支店	27	44	27 | 27 | 27 44	corpus
支度	15	30	15 | 15 | 30	jmdict
支柱	45	40	45 | 40 | 45	jmdict
改ざん	15	10	10 15 | 15 | 15	jmdict
改札	35	45	35 45 | 35 | 35	jmdict
改札口	17	44	44 | 17 | 17	jmdict
改築	15	44	15 | 15 44 | 15	jmdict
改組	15	27	15 27 | 15 | 15	jmdict
改編	15	32	15 | 15 | 15 32	jmdict
改訂版	32	40	32 40 | 32 | 32	jmdict
改革	15	36	15 | 15 36 | 15	corpus
攻め	15	14	15 | 14 | 15	jmdict
攻撃	15	14	14 15 | 15 | 15	corpus
攻略	15	30	30 | 15 | 15	corpus
攻防		14 15 35	14 | 35 | 15	corpus
放し飼い	33	30	33 | 30 | 33	jmdict
放列	18	17	17 18 | 18 | 18	jmdict
放射性	13	50	50 | 13 | 13	jmdict
放熱	15	50	15 50 | 15 | 15	jmdict
放牧	47	15	15 47 | 47 | 47	jmdict
政務次官	25	24	25 | 24 25 | 25	jmdict
政商	24 36	38	24 36 | 24 | 24 36 38	jmdict
政局	36	13	36 | 36 | 13 36	jmdict
政庁	27	36 44	27 36 | 27 44 | 27	jmdict
政府機関	27	36	27 | 27 36 | 27	corpus
政情	13	36	13 | 13 | 13 36	jmdict
政治犯	24	20 36	20 | 24 36 | 24	jmdict
政経	36	26 33	26 33 | 36 | 36	jmdict
故人	20	57	20 | 20 | 20 57	jmdict
故郷	17	26	17 | 17 | 26	jmdict
敏腕	14	13	14 | 14 | 13	jmdict
敏速	15	19	15 | 15 | 19	jmdict
救世		15 30 33	33 | 30 | 15	jmdict
救世主	24	20	24 | 24 | 20	jmdict
救命	15	57	15 57 | 15 | 15	jmdict
救国	15 26	36	15 26 | 15 26 | 36	jmdict
救急	15	13	15 | 15 | 13	jmdict
救急医療	38	33	38 | 38 | 33	jmdict
救急箱	45	40	45 | 40 | 45	jmdict
救済	15	35	35 | 15 | 15	jmdict
救護	15	35	15 35 | 15 | 15	jmdict
敗	10	13	10 | 13 | 10	corpus
敗北	13	10	13 | 10 | 13	jmdict
敗戦	33	10 13	33 | 13 | 10 33	jmdict
敗訴	10	34	34 | 10 | 10	jmdict
教	33	31	31 | 33 | 33	corpus
教え	30	31	30 | 30 31 | 30	corpus
教え子	24	22	22 | 24 | 24	jmdict
教主	24	25	24 | 24 | 24 25	jmdict
教会	27 44	33	27 44 | 44 | 27 33 44	jmdict
教則本	32	40	32 40 | 32 | 32	jmdict
教唆	31	30	30 | 31 | 31	jmdict
教壇	44	40	44 | 44 | 40	jmdict
教養	33	30	33 | 30 33 | 33	jmdict
散らし	40	15 31	40 | 15 40 | 31 40	jmdict
散弾	40	45	40 | 40 45 | 40	jmdict
散髪	15	33	15 | 33 | 15	jmdict
敬老	33	35	33 | 33 | 35	jmdict
数人	19	20	19 | 19 20 | 19	corpus
数億年	16	19	16 | 16 19 | 16	jmdict
数分	16	19	16 19 | 16 | 16	jmdict
数学	30	33	33 | 30 | 30	corpus
数寄	30	33	33 | 30 | 30	corpus
数時間	16	19	16 | 16 | 16 19	jmdict
数珠つなぎ	15	18	15 | 15 | 18	corpus
整体	56	30	30 | 56 | 56	jmdict
整列	15	18	15 | 15 | 15 18	jmdict
整合	13	10	13 | 10 | 13	corpus
整地	47	15	47 | 15 47 | 47	jmdict
整形	15	56	15 | 15 | 15 56	corpus
整形外科	38	27	27 | 38 | 38	jmdict
整理	15	30	15 | 15 | 15 30	corpus
整髪	15	56	15 56 | 15 | 15	jmdict
敵陣	17	22	17 22 | 17 | 17	jmdict
敷地	47	17	47 | 47 | 17 47	jmdict
敷居	19 44	30	19 44 | 30 44 | 19 44	corpus
敷石	40	41	41 | 40 | 40	jmdict
文中	17	31	17 | 17 | 17 31	jmdict
文人	24	32	24 32 | 24 | 24	jmdict
文体	32	18	32 | 18 32 | 32	jmdict
文具	40	45	45 | 40 | 40	jmdict
文化勲章	40	33	40 | 33 | 40	jmdict
文化映画	32	33	32 | 32 | 32 33	jmdict
文博	33	24	24 | 33 | 33	jmdict
文句	31	30	31 | 30 31 | 31	corpus
文字コード	31	18	31 | 18 31 | 31	corpus
文庫	40	32	40 | 40 | 32 40	jmdict
文書	31 40	32	31 40 | 32 | 31 40	corpus
文様	18	32	18 | 18 32 | 18	jmdict
文武	33	32	33 | 32 | 33	jmdict
文治	36	33	33 | 36 | 36	jmdict
文献	32	40	32 | 32 | 32 40	jmdict
文理	33	11	33 | 33 | 11	jmdict
文相	25	24	25 | 24 25 | 25	corpus
文筆	32	31	32 | 32 | 31 32	jmdict
文系	11	33	11 | 11 | 33	jmdict
文脈	30	13	30 | 13 | 30	corpus
文豪	24	32	24 32 | 24 | 24	jmdict
料亭	44	38	38 44 | 44 | 44	jmdict
料理	43	15	43 | 15 43 | 43	jmdict
料理屋	38	44	38 | 38 | 38 44	jmdict
斜陽	13 50	15 52	13 50 | 13 52 | 15 50	jmdict
断り	35	31	35 | 35 | 31	jmdict
断交	36	35	36 | 35 | 36	jmdict
断念	15	30	15 | 30 | 15	corpus
断末魔	57	13	57 | 13 57 | 57	jmdict
断罪	36	30 35	36 | 30 35 | 36	jmdict
新人	24	20	20 | 24 | 24	jmdict
新体	18	32	18 32 | 18 | 18	jmdict
新入	24	15	15 | 24 | 24	jmdict
新制		13 27 33 36	33 | 13 36 | 27	jmdict
新品	40	13	40 | 13 40 | 40	jmdict
新型	11	18	11 | 11 | 11 18	corpus
新婦	20	21	20 | 21 | 20	jmdict
新手	11	24 30	24 30 | 11 | 11	corpus
新旧	13	16	13 | 13 | 16	jmdict
新星	52	20	52 | 20 52 | 52	jmdict
新法	34	36	34 | 34 | 36	jmdict
新派	32	11	32 | 32 | 11 32	jmdict
新生	15	57	15 57 | 15 | 15	jmdict
新生児	20	57	20 | 20 | 20 57	jmdict
新発売	37	15	15 37 | 37 | 37	jmdict
新種	11	53	11 | 11 53 | 11	corpus
新聞	31 40	32	31 40 | 31 32 40 | 31 40	corpus
新聞紙	40	41	40 | 40 | 40 41	jmdict
新著	32	40	32 | 32 40 | 32	jmdict
新調	37	15	37 | 15 | 37	jmdict
新進	13	24	13 | 13 | 24	jmdict
新開	47	15	47 | 47 | 15	jmdict
方	17 20 30	22	17 20 30 | 17 20 22 30 | 17 20 30	corpus
方々	20	17	17 20 | 20 | 20	jmdict
方向音痴	30	17	17 30 | 30 | 30	jmdict
施	37	35	37 | 35 | 37	corpus
施し	37	35	37 | 37 | 35	corpus
施策	36	30	30 | 36 | 36	corpus
施行	36	15	36 | 36 | 15 36	corpus
施設	44	27	44 | 44 | 27 44	corpus
旁	17	18	17 18 | 17 | 17	jmdict
旅	15	33	33 | 15 | 15	corpus
旅人	20	24	20 | 24 | 20	jmdict
旅客	20	22	20 | 22 | 20	corpus
旅程	16	17	16 17 | 16 | 16	jmdict
旅行券	40	37	40 | 37 | 40	jmdict
旅行者	20	24	20 | 20 | 24	corpus
族	23	21	21 23 | 23 | 23	corpus
旗本	25	24	24 25 | 25 | 25	jmdict
旗色	13	18	13 18 | 13 | 13	jmdict
既婚	13	20	13 | 20 | 13	jmdict
既往症	56	57	57 | 56 | 56	jmdict
既製	40	18	18 | 40 | 40	jmdict
日の丸	40	33	40 | 33 40 | 40	jmdict
日中	16	26	16 | 16 | 16 26	corpus
日傘	45	42	42 | 45 | 45	jmdict
日光浴	33	50	33 | 33 | 33 50	jmdict
日出	50	16	50 | 50 | 16 50	corpus
日勤	16	38	16 | 38 | 16	jmdict
日参	15 35	16	15 35 | 15 | 16 35	jmdict
日向	17	26	17 | 17 26 | 17	jmdict
日和	50	13	13 50 | 50 | 50	corpus
日報	31	32	31 32 | 31 | 31	corpus
日帰り	16	15	16 | 16 | 15 16	jmdict
日常	33	16	33 | 16 33 | 33	corpus
日暮れ	16	50	16 | 16 | 16 50	jmdict
日月	52	16	52 | 52 | 16 52	jmdict
日本中	26	17	26 | 26 | 17 26	jmdict
日本企業	27	26	27 | 27 | 26 27	jmdict
日本刀	45	40	45 | 45 | 40	jmdict
日本初	16	19	19 | 16 | 16	jmdict
日本国民	20 26	23	23 | 20 26 | 20 26	jmdict
日本式	18	33	18 | 18 33 | 18	jmdict
日本海	50	26	50 | 50 | 26 50	jmdict
日本製	40	38	40 | 40 | 38	jmdict
日産	19	27 38	19 | 19 27 | 38	jmdict
日用	33	40	33 | 33 40 | 33	jmdict
日直	24	34	24 34 | 24 | 24	jmdict
日計	19	16	16 19 | 19 | 19	jmdict
日記	32	40	32 | 32 | 32 40	jmdict
日記帳	40	32	40 | 32 40 | 40	jmdict
日誌	32	40	32 | 32 | 32 40	jmdict
日録	32	31	32 | 32 | 31 32	jmdict
日食	52	50	52 | 50 | 52	jmdict
旦那	21	24 25	21 24 | 21 25 | 21	jmdict
旧来	16	13	16 | 16 | 13	corpus
旧跡	33	17	33 | 33 | 17 33	jmdict
早咲き	15 16	54	15 16 54 | 15 | 16	jmdict
早婚	33	21	33 | 33 | 21 33	jmdict
早寝	16	33	16 | 33 | 16	jmdict
早引け	15	16	15 | 15 | 15 16	jmdict
早慶戦		10 33 35	35 | 10 | 33	jmdict
早熟	13	16	13 | 13 | 13 16	jmdict
早計	30	13	30 | 13 | 30	jmdict
早起き	16	15	15 16 | 16 | 16	jmdict
早退	15	16	15 16 | 15 | 15	jmdict
旬報	16 31	32	16 31 | 16 31 | 16 32	jmdict
昇給	37	15	37 | 15 37 | 37	jmdict
昇華	15 30	50 51	15 30 50 | 15 51 | 15 30	jmdict
明	46	13	13 | 46 | 46	corpus
明星	52	20 24	52 | 24 52 | 20 52	jmdict
明暗	13	50	50 | 13 | 13	jmdict
明朝	16 33	18 32	16 32 33 | 16 | 16 18 33	jmdict
明解	13	30	30 | 13 | 13	jmdict
昏睡	57	56	57 | 56 | 57	jmdict
易	30	33	33 | 30 | 30	corpus
昔風	18	13	18 | 13 | 18	jmdict
星	52	20	52 | 20 52 | 52	corpus
星条旗	40	33	40 | 33 40 | 40	jmdict
春分	16 50	52	16 50 | 16 52 | 16 50	jmdict
春場所	33	16	33 | 16 33 | 33	jmdict
春秋	16	33	16 33 | 16 | 16	jmdict
春陽	50	16	50 | 16 50 | 50	jmdict
是非	13	10	13 | 10 | 13	corpus
昼寝	57	33	33 | 57 | 57	jmdict
時代	16	33	16 | 16 | 16 33	corpus
時価	37	13	13 37 | 37 | 37	jmdict
時刻表	16	31 40	16 31 | 16 | 16 40	jmdict
時効	34	16	16 34 | 34 | 34	corpus
時勢	13	16	13 | 13 | 13 16	jmdict
時報	16	31	16 | 16 | 31	jmdict
時宜	16	13	13 16 | 16 | 16	jmdict
時流	13	16	13 16 | 13 | 13	jmdict
時節柄	16	13	16 | 16 | 13 16	jmdict
時間稼ぎ	30	16	30 | 30 | 16 30	corpus
時限爆弾	45	13	45 | 13 45 | 45	corpus
普賢	33	20	33 | 20 | 33	jmdict
景	17	50	50 | 17 | 17	corpus
景色	17	18 50	17 18 | 50 | 17	jmdict
景観	18	17 50	50 | 17 18 | 18	jmdict
暇つぶし	30	33	30 | 30 | 33	jmdict
暖地	17	26	26 | 17 | 17	jmdict
暖房	45	15	15 45 | 45 | 45	jmdict
暗号学	30	33	33 | 30 | 30	corpus
暗夜	16	50	16 | 16 | 16 50	jmdict
暗礁	50	51	50 | 51 | 50	jmdict
暗闘	14	35	14 | 35 | 14	jmdict
暗雲	13 52	50	13 50 | 13 52 | 13 52	jmdict
暗黒	50	13	50 | 50 | 13 50	jmdict
暦	16	40	16 | 16 40 | 16	jmdict
暴動	10	26 36	10 | 26 36 | 10	jmdict
暴君	25	24 36	25 | 25 | 24 36	jmdict
暴徒	20	24	24 | 20 | 20	jmdict
暴挙	10	13 15	15 | 10 | 10 13	jmdict
暴漢	24	20	24 | 24 | 20	jmdict
暴発	15	50	15 | 15 | 15 50	jmdict
暴落	15	37	15 | 15 | 15 37	jmdict
暴行	35	15	15 | 35 | 35	corpus
暴論	31	30	31 | 30 31 | 31	jmdict
暴食	30	43	30 | 43 | 30	jmdict
暴飲	15	43	15 | 15 | 43	jmdict
暴騰	15	37	15 37 | 15 | 15	jmdict
曖昧さ	13	10	13 | 13 | 10	corpus
曰く	10 31	13	10 31 | 10 31 | 13	jmdict
曲折	13	15 18	15 | 13 18 | 13	jmdict
書	32	31 40	32 | 31 32 | 32 40	corpus
書き	31	32	32 | 31 | 31	corpus
書き入れ	31	37	31 | 31 37 | 31	jmdict
書き出し	31	15 32	15 31 | 31 | 32	corpus
書き手	24	32	24 | 24 | 24 32	jmdict
書付	40	31	40 | 31 40 | 40	corpus
書体	18	32	18 32 | 18 | 18	jmdict
書家	24	32	24 32 | 24 | 24	jmdict
書店	38 44	27	38 44 | 27 44 | 38	jmdict
書林	38	27	38 | 27 | 38	jmdict
書架	45	40	45 | 45 | 40	jmdict
書棚	40	45	40 | 40 | 45	jmdict
書留	31	40	31 | 31 40 | 31	jmdict
書簡	31 40	32	31 32 | 31 40 | 31 40	corpus
書誌学	32	33	32 | 33 | 32	jmdict
書道	32	33	32 33 | 32 | 32	jmdict
書類	40	31	40 | 40 | 31 40	corpus
書類送検	36	15	15 | 36 | 36	jmdict
替え玉	43	20 22 24	22 43 | 20 43 | 24	jmdict
最上位	19	13	13 19 | 19 | 19	corpus
最下	19	17	19 | 19 | 17	jmdict
最中	16	43	16 43 | 16 | 16	corpus
最低	19	13	13 19 | 19 | 19	corpus
最優遇	13	35	13 | 35 | 13	jmdict
最先端	13	17	13 | 13 17 | 13	corpus
最右翼	36	13	36 | 36 | 13 36	jmdict
最小化	15	19	15 19 | 15 | 15	corpus
最後	16	15	16 | 16 | 15 16	corpus
最期	16 57	15	15 57 | 16 57 | 16	jmdict
最終段階	16	15	16 | 15 16 | 16	corpus
最適化	15	30	15 | 15 30 | 15	corpus
最高峰	13 17	50	13 50 | 13 17 | 13 17	jmdict
月下	52	17	17 | 52 | 52	corpus
月収	37	16	16 37 | 37 | 37	jmdict
月報	31 32	40	31 32 | 31 40 | 32	corpus
月桂冠	40	42	40 | 42 | 40	jmdict
月産	19	38	19 | 19 38 | 19	jmdict
月経	56	57	57 | 56 | 56	jmdict
月面	52	17	17 52 | 52 | 52	jmdict
月額	19	37	19 | 19 | 19 37	corpus
月食	52	50	52 | 52 | 50 52	jmdict
有力	13	14	14 | 13 | 13	jmdict
有料道路	17	44	17 | 17 | 44	corpus
有権者	24	34	24 | 24 | 24 34	jmdict
有機化学	33	30	30 | 33 | 33	jmdict
有給	34	16	34 | 16 34 | 34	jmdict
有線	45	30	30 | 45 | 45	corpus
有罪判決	34	36	36 | 34 | 34	corpus
有職		24 33 38	33 | 24 | 38	jmdict
服務	34	38	34 | 34 | 38	jmdict
服役	34	36	34 | 34 | 36	jmdict
服従	36	34	34 | 36 | 36	jmdict
服薬	57	15 56	57 | 56 | 15 57	jmdict
朗詠	32	31	32 | 32 | 31 32	jmdict
朗読	31	32	31 | 31 | 31 32	jmdict
朝刊	32	40	32 | 32 | 32 40	jmdict
朝寝坊	20	15 33	15 20 | 33 | 20	jmdict
朝市	37	38	37 | 38 | 37	jmdict
朝帰り	15	16	16 | 15 | 15	jmdict
朝焼け	50	16	16 50 | 50 | 50	jmdict
朝駆け	15 16	35	15 16 | 15 16 35 | 15 16	jmdict
朝鮮半島	26	17	17 26 | 26 | 26	jmdict
木の実	54	43	43 54 | 54 | 54	jmdict
木場	47	17	47 | 17 47 | 47	jmdict
木管	45	41	41 45 | 45 | 45	jmdict
木綿	41 42	54	41 42 54 | 41 | 41 42	jmdict
木造	44	41	44 | 44 | 41 44	jmdict
木馬	40 45	10	40 | 10 40 45 | 40 45	corpus
未	16	55	16 | 55 | 16	corpus
未了	15	13	15 | 15 | 13	jmdict
未亡人	21	20	20 | 21 | 21	jmdict
未婚	13	21	13 | 21 | 13	jmdict
未発	13	15	13 | 13 | 15	jmdict
未知	10	13	10 | 10 13 | 10	corpus
未知数	19	10 13	10 19 | 19 | 13 19	jmdict
未確認	10	13	13 | 10 | 10	corpus
未納	37	34	34 37 | 37 | 37	jmdict
未遂	15	10	15 | 10 | 15	corpus
末広	18	40 45	45 | 18 40 | 18	jmdict
本会議	27	35	27 | 27 | 35	jmdict
本位	13 30	37	13 | 30 | 13 30 37	jmdict
本体	40	18	40 | 40 | 18 40	corpus
本元		12 15 17	12 | 15 | 17	jmdict
本則	34	10	34 | 10 | 34	jmdict
本務	34	38	34 | 34 38 | 34	corpus
本名	20	31	20 | 20 31 | 20	jmdict
本因坊	24	32 33	24 32 | 33 | 24	jmdict
本場	17	13	13 17 | 17 | 17	jmdict
本塁	17	40	17 40 | 17 | 17	jmdict
本塁打		10 15 33	15 | 33 | 10	jmdict
本尊	40	33	40 | 40 | 33 40	jmdict
本局	27	44	27 44 | 27 | 27	jmdict
本屋	24 44	38	24 44 | 24 44 | 38 44	jmdict
本山	27	44	44 | 27 | 27	jmdict
本文	31	32	31 32 | 31 | 31	corpus
本旨	10	30	10 30 | 10 | 10	jmdict
本欄	32	31	32 | 31 | 32	jmdict
本決まり	10	30	10 | 30 | 10	jmdict
本流	13 50	15	13 50 | 13 50 | 13 15	jmdict
本物	10	13 40	13 | 10 | 10 40	corpus
本社	27	44	27 | 27 44 | 27	jmdict
本科	33	11	11 | 33 | 33	jmdict
本筋	10	17 30	10 | 10 17 | 30	jmdict
本箱	40	45	40 | 40 | 45	jmdict
本紙	32	40	32 | 32 | 32 40	jmdict
本義	10 31	30	31 | 10 31 | 10 30	jmdict
本職	24	38	24 | 24 | 24 38	jmdict
本舗	38	44	38 44 | 38 | 38	jmdict
本舞台	32	44	32 | 32 | 44	jmdict
本船	40	45	45 | 40 | 40	jmdict
本草	54	33	33 54 | 54 | 54	jmdict
本誌	32	40	32 40 | 32 | 32	jmdict
朱	18	41 51	18 41 | 18 | 51	jmdict
机	45	40	40 | 45 | 45	jmdict
杏林	38	54	54 | 38 | 38	jmdict
材料	10 41	30	30 41 | 10 41 | 10 41	corpus
村議会	27	36	27 | 27 | 27 36	jmdict
村長	24	36	24 36 | 24 | 24	jmdict
束縛	34	15	15 34 | 34 | 34	jmdict
条	10	34	10 | 10 | 34	corpus
条件	10	13	10 | 10 | 13	corpus
条件付き	10	13	10 | 13 | 10	jmdict
条件反射	56	30	56 | 56 | 30 56	jmdict
条件闘争	35	34	35 | 35 | 34	jmdict
条例	36	34	34 | 36 | 36	jmdict
来世	26	16	16 | 26 | 26	jmdict
来場	15	17	15 17 | 15 | 15	jmdict
来訪	35	15	35 | 35 | 15	jmdict
杭	40	41	40 | 41 | 40	jmdict
杯	19 40	45	19 40 | 19 40 | 45	jmdict
東進	15	17	15 17 | 15 | 15	jmdict
東部	17	26	17 | 17 26 | 17	corpus
松竹梅	11 54	13 33	11 13 | 33 54 | 11 54	jmdict
板	41	40	41 | 41 | 40 41	corpus
板張り	44	41	44 | 44 | 41 44	jmdict
枕詞	31	32	31 | 32 | 31	jmdict
林学	33	30	30 | 33 | 33	jmdict
枚挙	31	19	31 | 31 | 19	jmdict
果	10	43	10 | 10 | 10 43	corpus
果断	13	30	13 | 30 | 13	jmdict
果物	43	54	43 | 43 54 | 43	corpus
枝葉	54	10	54 | 10 54 | 54	jmdict
枝豆	43	54	43 54 | 43 | 43	jmdict
枯死	57	54	57 | 54 57 | 57	jmdict
架線	41	45	41 | 41 | 45	jmdict
柄	18 45	13 30	18 45 | 18 30 45 | 13 18 45	corpus
柏木	54	20	54 | 54 | 20 54	jmdict
柑橘類	43	54	43 | 43 54 | 43	jmdict
染まり具合	19	13	19 | 13 19 | 19	jmdict
染み	51	18	51 | 51 | 18	corpus
染色体	56	53	56 | 53 | 56	jmdict
柔軟	13	18 30	13 18 30 | 13 | 13	jmdict
柔軟体操	33	15	15 | 33 | 33	jmdict
査問	35	31	31 | 35 | 35	jmdict
柾	41	54	41 54 | 41 | 41	jmdict
栄養	43	57	57 | 43 | 43	jmdict
栄養失調	57	56	57 | 57 | 56	jmdict
栄養学	30	33	30 | 33 | 30	jmdict
栄養素	51	43	51 | 43 51 | 51	jmdict
校歌	32	33	32 | 32 33 | 32	jmdict
校訓	33	31	33 | 33 | 31	jmdict
株	37 54	11	37 54 | 37 54 | 11 37 54	corpus
株式会社	27	38	27 38 | 27 | 27	jmdict
核	51	13 17	13 51 | 17 51 | 51	corpus
核心	10	13	10 | 13 | 10	corpus
根っこ	54	30	30 54 | 54 | 54	jmdict
根回し	30	35	35 | 30 | 30	jmdict
根城	17	44	17 | 17 44 | 17	jmdict
根幹	13	18	13 | 18 | 13	corpus
根本	30	17	30 | 30 | 17 30	corpus
根源	15	13	13 | 15 | 15	jmdict
根負け	30	15	15 | 30 | 30	jmdict
格	13	18 31	13 | 13 18 31 | 13	corpus
格上げ	15	13	15 | 15 | 13 15	jmdict
格付け	13	37	13 37 | 13 | 13	corpus
格別	13	19	13 | 13 | 19	jmdict
格安航空券	40	37	40 | 40 | 37 40	jmdict
格闘	35	15	15 | 35 | 35	jmdict
桁	19	44	19 | 19 44 | 19	corpus
案内	31	17	17 31 | 31 | 31	corpus
案内書	31 40	32	31 40 | 31 40 | 32 40	jmdict
案分	19	15	15 | 19 | 19	jmdict
桑原	20	47	47 | 20 | 20	jmdict
桜ん坊	43	54	43 | 43 54 | 43	jmdict
桟橋	44	17	44 | 44 | 17 44	jmdict
梅雨明け	16	15 50	15 16 | 16 50 | 16	jmdict
梗塞	57	15	57 | 15 | 57	jmdict
棋界	33	32	33 | 33 | 32	jmdict
棒引き	15	37	15 | 15 | 37	jmdict
棒高跳び	33	15	15 | 33 | 33	jmdict
棟	44	19	19 44 | 44 | 44	jmdict
森	54	50	54 | 54 | 50	jmdict
森林	54	50	50 54 | 54 | 54	jmdict
椅子	40	45	40 | 40 | 45	jmdict
植え込み	54	47	54 | 47 | 54	jmdict
植林	47	15	47 | 15 47 | 47	jmdict
植栽	15 54	47	15 54 | 47 54 | 15 54	jmdict
植民	15 26	36	15 26 | 26 | 15 36	jmdict
植物園	47	27	27 47 | 47 | 47	jmdict
植物油	43 51	41	43 51 | 43 51 | 41 43	jmdict
検便	56	15	56 | 15 56 | 56	jmdict
検分	30	15	30 | 15 | 30	jmdict
検察	27	36	27 | 27 | 27 36	corpus
検察庁	27	36	27 | 27 36 | 27	corpus
検挙	36	15	36 | 36 | 15 36	jmdict
検査	15	30	30 | 15 | 15	corpus
検疫所	27	44	27 | 27 44 | 27	jmdict
検索	15	30	15 | 15 | 30	corpus
検視	30	15 56	30 | 15 56 | 30	jmdict
検診	15	33	15 | 33 | 15	jmdict
検針	38	15	38 | 15 | 38	jmdict
極	19	17	19 | 17 19 | 19	corpus
極刑	34	36	36 | 34 | 34	jmdict
極寒	50	13	13 50 | 50 | 50	jmdict
極楽		17 26 33	17 | 33 | 26	jmdict
極細	19	18	19 | 19 | 18	jmdict
極貧	13	19	13 19 | 13 | 13	jmdict
楷書	32	18	18 32 | 32 | 32	jmdict
楽	13 30	32	13 30 | 30 32 | 13 30	corpus
楽壇	32	26	26 32 | 32 | 32	jmdict
楽天	27 30	13	27 30 | 27 30 | 13 27	corpus
楽譜	32	40	32 | 32 | 32 40	corpus
楽隊	32	24	32 | 32 | 24	jmdict
概	13	18	13 | 18 | 13	corpus
概略	10	30	10 | 30 | 10	jmdict
概算	19	30	19 | 19 30 | 19	jmdict
概観	30	18	18 | 30 | 30	jmdict
構文	31	18	18 31 | 31 | 31	corpus
構造物	44	40	40 | 44 | 44	jmdict
様子	13	18	13 | 13 18 | 13	corpus
様式	18	33	18 33 | 18 | 18	corpus
樋	45	44	44 | 45 | 45	jmdict
標	40	10 18	18 | 10 40 | 40	corpus
標章	18	40	18 | 18 | 40	jmdict
模倣	15	30	30 | 15 | 15	corpus
模擬試験	33	10	10 | 33 | 33	jmdict
模範	11	13	11 | 11 | 11 13	jmdict
模造	18	15	18 | 15 | 18	jmdict
権威	36	14	36 | 36 | 14	corpus
横	17	18	17 | 17 18 | 17	corpus
横付け	15	17	15 | 15 17 | 15	jmdict
横取り	37	15	37 | 15 | 37	corpus
横断歩道	44	17	17 | 44 | 44	jmdict
横書き	31	18 32	18 31 | 32 | 31	jmdict
横流し	37	15	37 | 15 37 | 37	jmdict
横着	30	13	30 | 30 | 13	jmdict
横行	13	12	13 | 12 | 13	corpus
横車	30	14 45	30 45 | 14 30 | 30	jmdict
横軸	17	18	17 | 18 | 17	jmdict
樹液	51	54	51 | 54 | 51	jmdict
樹脂加工	15 41	38	15 41 | 15 38 | 15 41	jmdict
樹齢	16	54	16 54 | 16 | 16	jmdict
橋渡し	35	15	35 | 35 | 15 35	corpus
機	45	13 15	13 45 | 45 | 15 45	corpus
機会	13	16	13 | 16 | 13	corpus
機先	15	14	15 | 14 | 15	jmdict
機械化	15	38	15 | 15 38 | 15	jmdict
機構		13 18 27 45	18 27 | 13 | 45	corpus
機種	11	45	11 | 11 45 | 11	corpus
機織り	15 24	38	15 24 | 38 | 15 24	jmdict
機能不全	13	15	13 15 | 13 | 13	corpus
機軸	30	18 45	30 | 18 | 30 45	jmdict
機運	13	14	13 | 13 | 14	jmdict
機関紙	32	31 40	32 40 | 32 | 31 32	jmdict
檸檬	43	54	43 54 | 43 | 43	jmdict
檻		40 44 45	44 | 40 | 45	jmdict
欄干	44	40	44 | 40 | 44	jmdict
欠	13	12	13 | 12 13 | 13	corpus
欠け		12 13 18 19	13 | 19 | 12 18	corpus
欠乏	13	19	13 | 19 | 13	jmdict
欠伸	56	57	56 57 | 56 | 56	jmdict
欠勤	38	15	38 | 15 | 38	jmdict
欠員		13 19 24	13 | 24 | 19	jmdict
欠場	15	13	15 | 15 | 13	jmdict
欠損	13	15 19	13 | 15 19 | 13	jmdict
欠落	15	13	15 | 15 | 13	corpus
次々	16	15	16 | 16 | 15	jmdict
次元	19	17	19 | 17 19 | 19	jmdict
次官	24	25	24 | 24 | 25	corpus
次席	24	13 25	13 24 | 24 | 25	jmdict
次第	30	13 18	13 30 | 30 | 18	corpus
欧風	18	33	18 33 | 18 | 18	jmdict
欺き	30	10	30 | 10 30 | 30	corpus
歌会	32	35	32 35 | 32 | 32	jmdict
歌壇	32	33	32 33 | 32 | 32	jmdict
歌心	32	30	32 | 30 32 | 32	jmdict
歌留多	33 40	45	33 40 | 33 45 | 40	jmdict
歓楽街	17	26	17 26 | 17 | 17	jmdict
歓談	35	31	31 35 | 35 | 35	jmdict
止まり	15	19	15 | 15 | 15 19	jmdict
正しさ	10	13	10 | 13 | 10	corpus
正体	13	10	13 | 10 | 13	corpus
正反対	13	18	13 | 18 | 13	corpus
正当性	13	10	13 | 10 13 | 13	corpus
正念場	13	16	13 | 13 | 16	jmdict
正本	40	31	40 | 40 | 31 40	corpus
正気	30	13	30 | 13 30 | 30	jmdict
正用	31	30	31 | 30 | 31	corpus
正確	13	10	13 | 13 | 10 13	corpus
正答	10	31	10 | 10 31 | 10	corpus
正統派	11	18	11 | 11 18 | 11	jmdict
正視	30 56	15	56 | 15 30 | 30 56	jmdict
正論	10	31	10 31 | 10 | 10	jmdict
武勇		13 14 30	13 | 30 | 14	jmdict
武器	45	40	45 | 45 | 40	corpus
武家	24	25	24 | 24 | 25	jmdict
武装	40	13 14 15	14 | 15 40 | 13 40	corpus
歩み寄り	35	15	15 35 | 35 | 35	jmdict
歩留まり	19	38	19 38 | 19 | 19	jmdict
歩行者	20	24	20 | 20 | 24	jmdict
歩道	17	44	17 | 17 44 | 17	jmdict
歯ごたえ		13 43 56	56 | 13 | 43	jmdict
歯並び	56	18	18 56 | 56 | 56	jmdict
歯切れ	13	15 31	13 31 | 13 15 | 13	jmdict
歯止め	30	15 45	15 45 | 30 | 30	jmdict
歯磨き	15 40	56	15 40 | 15 40 | 56	jmdict
歳	16	19	19 | 16 | 16	corpus
歳暮	16 40	35	16 35 | 16 40 | 16 40	jmdict
歴戦	13	33	13 | 13 | 33	jmdict
死亡	57	15	57 | 57 | 15 57	jmdict
死亡者	20	57	20 | 20 | 20 57	jmdict
死人	20	57	20 | 20 57 | 20	jmdict
死因	57	10	10 57 | 57 | 57	jmdict
死守	15	14	15 | 15 | 14	jmdict
死期	16	57	16 | 16 57 | 16	jmdict
死海	50	17	17 50 | 50 | 50	jmdict
死滅	57	15	57 | 57 | 15 57	jmdict
死線	57	13 17	13 57 | 17 57 | 57	jmdict
死角	17	13 30	13 17 | 17 | 17 30	corpus
死闘	14	15	14 | 15 | 14	jmdict
死骸	56	57	57 | 56 | 56	jmdict
残塁	10	19	10 | 19 | 10	jmdict
残留	15	13	15 | 15 | 13 15	corpus
殴り合い	35	15	35 | 35 | 15 35	jmdict
段	19	15	19 | 19 | 15 19	corpus
段々	18	15 19	18 | 15 18 | 19	jmdict
段ボール	41	40	41 | 41 | 40 41	jmdict
段落	32	31	31 32 | 32 | 32	jmdict
段階		15 16 19	16 | 19 | 15	corpus
殺	15	57	15 | 15 | 15 57	corpus
殺人	15	57	15 | 15 | 57	jmdict
殻	51	40	51 | 40 | 51	jmdict
毀損	15	13	15 | 15 | 13 15	corpus
母性愛	30	21	21 30 | 30 | 30	jmdict
母校	27	33	27 | 27 | 27 33	jmdict
母艦	45	40	45 | 45 | 40	jmdict
毎分	16	19	16 19 | 16 | 16	jmdict
比叡山	17	50	17 | 17 | 50	jmdict
比喩	31	30 32	31 | 30 | 31 32	jmdict
毛	56	55	56 | 56 | 55 56	jmdict
毛並み	56	18	56 | 56 | 18	jmdict
氏子	24	33	24 33 | 24 | 24	jmdict
民具	40	45	45 | 40 | 40	jmdict
民情	13	26	13 26 | 13 | 13	corpus
民意	30	36	30 | 30 | 30 36	jmdict
民族主義	30	23	23 30 | 30 | 30	jmdict
民社	27	36	27 | 27 36 | 27	corpus
民芸	33	32	32 33 | 33 | 33	jmdict
民衆	20	26	20 | 20 | 20 26	jmdict
民話	33	32	33 | 32 33 | 33	jmdict
民間放送	31	27 38	31 | 27 31 38 | 31	jmdict
気	30 50	14 51	30 50 | 30 | 14 30 50 51	corpus
気づかれ	30	10	30 | 10 | 30	jmdict
気まま	13	30	30 | 13 | 13	jmdict
気力	14	30	14 30 | 14 | 14	jmdict
気取り	30	13	30 | 13 | 30	jmdict
気味	13	30	13 | 13 | 13 30	corpus
気温	50	19	50 | 19 50 | 50	jmdict
気絶	56	30	56 | 30 | 56	jmdict
気触れ	56	30	56 | 56 | 30 56	jmdict
気象学		30 33 50	50 | 33 | 30	jmdict
気迫	14	30	30 | 14 | 14	jmdict
気違い	20	30	20 | 20 | 20 30	jmdict
気風	13	33	13 | 13 | 33	jmdict
水	51	43	51 | 51 | 43 51	corpus
水かさ	19	51	19 51 | 19 | 19	jmdict
水たまり	50	51	50 | 51 | 50	jmdict
水入らず	35	13	35 | 13 | 35	jmdict
水入り	15	51	15 | 15 51 | 15	jmdict
水切り	15	45	15 | 15 | 15 45	jmdict
水平線	17	18 52	17 18 | 17 52 | 17	jmdict
水木	54	16	54 | 16 54 | 54	jmdict
水槽	45	40	45 | 45 | 40	jmdict
水泡	50	51	50 | 51 | 50	jmdict
水源地	17	50	17 50 | 17 | 17	jmdict
水玉	18 51	50	18 51 | 18 51 | 18 50	jmdict
水瓶	45	40	45 | 45 | 40	jmdict
水生	53	13	13 | 53 | 53	jmdict
水産	38	43	38 | 38 43 | 38	jmdict
水筒	40	45	40 | 40 | 45	jmdict
水蒸気	51	50	51 | 51 | 50 51	jmdict
水虫	57	56	57 | 56 | 57	jmdict
水道	44	17	44 | 17 44 | 44	corpus
水郷	26	17	17 26 | 26 | 26	jmdict
水門	44	45	44 | 44 | 45	jmdict
水難	50	10	10 | 50 | 50	jmdict
氷水	43	51	43 51 | 43 | 43	jmdict
氷解	15	30	15 | 15 | 15 30	jmdict
氾濫	15 50	12	15 50 | 12 50 | 15 50	corpus
汁気	51	19	51 | 19 51 | 51	jmdict
求	34	30	30 | 34 | 34	corpus
求め	34	35	35 | 34 | 34	corpus
求道	30	33	30 | 30 | 30 33	jmdict
汎用	13	11	11 | 13 | 13	corpus
汚	13	51	13 | 51 | 13	corpus
汚染	15	50	15 | 15 50 | 15	corpus
汚濁	13	50	13 | 13 50 | 13	jmdict
汚職	36	10	36 | 10 | 36	jmdict
江	17	50	17 | 17 | 50	jmdict
江戸っ子	20	23 26	20 26 | 23 | 20	jmdict
江戸前	33	43	33 | 33 | 33 43	jmdict
決まり	34	30	34 | 30 34 | 34	jmdict
決め球	40	30 51	30 51 | 40 | 40	jmdict
決勝	33	10	33 | 10 | 33	corpus
決勝戦	10	33	10 | 33 | 10	jmdict
決勝点	19	10	10 | 19 | 19	jmdict
決定版	18 32	13	18 32 | 18 | 13 32	jmdict
決戦	10	35	10 | 35 | 10	jmdict
決着	15	35	15 35 | 15 | 15	corpus
決裁	36	30	30 | 36 | 36	jmdict
決起	15	36	15 | 15 36 | 15	jmdict
沈下	15	50	15 50 | 15 | 15	jmdict
沈着	30	15	15 30 | 30 | 30	jmdict
沈静	15	13	15 | 13 | 15	jmdict
沖縄	26	17	26 | 17 26 | 26	jmdict
没	15	57	15 | 15 | 15 57	jmdict
没落	15	13	15 | 15 | 13 15	jmdict
沢	17	50	17 | 50 | 17	jmdict
沢地		17 47 50	47 | 50 | 17	jmdict
河口	17	50	17 50 | 17 | 17	jmdict
河川	50	17	50 | 50 | 17 50	jmdict
河川敷	17	47	17 47 | 17 | 17	jmdict
河童		33 53 55	33 | 53 | 55	jmdict
油井	44	47	44 | 44 | 47	jmdict
油性	13	51	13 | 13 51 | 13	jmdict
治	36	15	15 | 36 | 36	corpus
治水	15	47	15 | 15 | 47	jmdict
治験		10 33 38	10 | 38 | 33	jmdict
沼	50	17	17 50 | 50 | 50	jmdict
沼沢	17	50	50 | 17 | 17	jmdict
泉水	50	51	50 | 50 | 51	jmdict
泊まり込み	15	16	15 | 15 | 16	jmdict
法	34	30	34 | 30 34 | 34	corpus
法令	34	36	34 36 | 34 | 34	corpus
法医学	30	33	33 | 30 | 30	jmdict
法外	13	19	13 | 19 | 13	jmdict
法廷	44	17 27	27 44 | 44 | 17	corpus
法律事務所	27	38 44	27 38 | 27 | 27 44	corpus
法文	31	34	31 34 | 31 | 31	jmdict
法曹界	24	26	24 | 24 | 24 26	jmdict
法治国	26	36	26 | 26 | 26 36	jmdict
法理	34	30	30 | 34 | 34	jmdict
法相	25	33	25 33 | 25 | 25	jmdict
法華経	33	32	33 | 33 | 32 33	jmdict
法話	31	33	31 | 31 33 | 31	jmdict
泡	51	50	50 51 | 51 | 51	jmdict
波	50	10 13 15	13 50 | 10 50 | 15 50	corpus
波動	50	15	50 | 15 50 | 50	jmdict
波打ち際	17	50	17 | 17 50 | 17	jmdict
波状	18	50	18 50 | 18 | 18	corpus
波紋	50	10 13 15	15 50 | 10 50 | 13 50	corpus
泣き声	31	50	50 | 31 | 31	jmdict
泣き顔	56	18 30	30 56 | 18 | 56	jmdict
泥沼	13 50	17	13 50 | 17 | 13 50	jmdict
注射	15	56	15 | 15 56 | 15	jmdict
注意報	10	31	31 | 10 | 10	jmdict
注意点	30	10	10 | 30 | 30	corpus
泳者	24	20	24 | 24 | 20	jmdict
洋杯	40	45	40 | 40 | 45	jmdict
洋裁	33	42	33 | 42 | 33	jmdict
洋風	18	33	18 33 | 18 | 18	jmdict
洒落	13 31	30	30 | 13 31 | 13 31	jmdict
洗い	15	43	15 | 15 | 15 43	corpus
洗い場	17	44	17 | 44 | 17	jmdict
洗濯	15	33	15 | 15 | 33	jmdict
津々浦々	17	26	17 26 | 17 | 17	jmdict
洪水	19 50	13	13 50 | 19 50 | 19 50	corpus
活動中	13	15	13 | 15 | 13	corpus
活字	45	31 32 40	40 | 32 45 | 31 45	jmdict
活性炭	41	51	41 | 41 51 | 41	jmdict
活路	30	17	30 | 30 | 17	jmdict
活躍	15	13	15 | 13 | 15	jmdict
派	27	22	22 | 27 | 27	corpus
派兵	15	36	15 | 15 36 | 15	jmdict
流し	15 24 44	45	15 24 45 | 15 44 | 24 44	corpus
流し台	44	45	45 | 44 | 44	jmdict
流し打ち	15	30	15 | 15 30 | 15	jmdict
流れ弾	40	45	40 | 45 | 40	jmdict
流刑	36	15	15 36 | 36 | 36	jmdict
流動性	37	13	13 | 37 | 37	corpus
流布	15	31	15 | 31 | 15	corpus
流木	51	41	51 | 51 | 41	jmdict
流水	50 51	15	15 51 | 50 51 | 50 51	jmdict
流氷	50	51	50 | 50 | 50 51	jmdict
流派	11	32	11 | 11 | 11 32	jmdict
流産	57	56	56 57 | 57 | 57	jmdict
流血	15	56	15 56 | 15 | 15	jmdict
流行	13 50	15	13 50 | 13 50 | 13 15	corpus
流通	15	37 38	37 38 | 15 | 15	corpus
浄土	17	26 33	17 33 | 17 | 26	jmdict
浄瑠璃	32	33	32 33 | 32 | 32	jmdict
浪曲	32	33	32 | 32 | 32 33	jmdict
浪花節	32	33	32 33 | 32 | 32	jmdict
浮き彫り	13 32	18	13 32 | 13 18 32 | 13 32	jmdict
浮上	15	12	15 | 12 15 | 15	corpus
浮世	33	26	33 | 26 | 33	jmdict
浮揚	15	13	15 | 13 15 | 15	jmdict
浮浪者	24	20	24 | 20 | 24	jmdict
浴槽	44	45	44 | 44 | 45	jmdict
海上自衛隊	27	36	27 36 | 27 | 27	jmdict
海原	50	17	50 | 50 | 17	jmdict
海岸	17	50	17 50 | 17 | 17	jmdict
海岸線	17	50	17 | 17 | 17 50	jmdict
海戦	36	15	15 | 36 | 36	jmdict
海浜	17	50	17 | 17 | 17 50	jmdict
海神	12	33	33 | 12 | 12	jmdict
海運	38	15	38 | 38 | 15 38	jmdict
海面	17	50	17 50 | 17 | 17	jmdict
浸水	50	15	15 50 | 50 | 50	jmdict
消化	30 56	15	56 | 15 30 56 | 30 56	jmdict
消化器	56	45	45 56 | 56 | 56	jmdict
消印	18	40	18 | 40 | 18	jmdict
消息	10	31	10 31 | 10 | 10	jmdict
消滅	15	12	12 15 | 15 | 15	jmdict
消灯	15	46	15 | 15 46 | 15	jmdict
消耗	15	14	15 | 15 | 14 15	corpus
消長	15	13	15 | 15 | 13 15	jmdict
消防	15 27	38	15 27 | 38 | 15 27	jmdict
液状化	50	15	50 | 50 | 15 50	jmdict
淡白	13	43	13 43 | 13 | 13	jmdict
深さ	19	17	19 | 17 19 | 19	corpus
深入り	35	15	35 | 35 | 15	jmdict
深呼吸	15	56 57	15 57 | 56 | 15	jmdict
深紅	18	13	18 | 18 | 13	jmdict
深遠	13	19	19 | 13 | 13	jmdict
混合	15	51	15 | 15 | 15 51	jmdict
混在	13	15	13 | 15 | 13	corpus
混成	18	11 15	11 15 | 18 | 18	corpus
混紡	41 42	15	41 42 | 15 41 | 41 42	jmdict
混血児	23	20	20 23 | 23 | 23	jmdict
添え物	43	40	40 43 | 43 | 43	jmdict
添乗	35	15 38	15 35 | 35 | 38	jmdict
添付	15	40	40 | 15 | 15	corpus
添削	31	32	31 | 31 | 32	jmdict
清	13	33	13 | 13 33 | 13	corpus
清書	32	31	32 | 32 | 31	jmdict
清朝	33	26	33 | 33 | 26 33	jmdict
清算	37	15	37 | 37 | 15 37	corpus
渇	30	56	30 | 56 | 30	corpus
渇き	56	30	30 56 | 56 | 56	jmdict
渉外	35	38	35 38 | 35 | 35	jmdict
渋滞	15	13	13 15 | 15 | 15	jmdict
減価償却	38	37	37 38 | 38 | 38	jmdict
減免	34	15 37	15 34 | 37 | 34	jmdict
減刑	36	15	15 | 36 | 36	jmdict
減員	15	19	15 | 15 19 | 15	jmdict
減水	15	19	15 | 15 | 15 19	jmdict
減税	37	15 36	15 37 | 37 | 36	jmdict
減算	15	19	15 | 15 | 19	corpus
減給	37	15	15 37 | 37 | 37	jmdict
減退	15	14	14 15 | 15 | 15	jmdict
減配	37	15	15 37 | 37 | 37	jmdict
減額	15 19	37	15 19 | 15 19 | 19 37	jmdict
減食	15	43	15 43 | 15 | 15	jmdict
渡し	15	17 35	17 35 | 15 | 15	corpus
渡り	15	17	15 | 15 | 15 17	corpus
渡り廊下	44	17	17 44 | 44 | 44	jmdict
温暖	50	13	50 | 50 | 13	jmdict
温泉郷	17	26	17 | 17 | 17 26	jmdict
測り	19	45	19 | 19 45 | 19	corpus
測候所	27	44	27 | 27 44 | 27	jmdict
測量		19 38 47	38 | 19 | 47	jmdict
湖水	50	51	50 | 50 51 | 50	jmdict
湧水	50	51	50 | 50 | 50 51	jmdict
湯のみ	45	40	45 | 40 | 45	jmdict
湯気	50	51	50 51 | 50 | 50	jmdict
湯船	45	44	44 | 45 | 45	jmdict
湾	17	50	17 | 17 | 17 50	corpus
湿原	50	17	50 | 50 | 17	jmdict
湿地	50	47	50 | 50 | 47	jmdict
満了	15	16	15 | 15 | 15 16	corpus
満員	19	13	13 19 | 19 | 19	jmdict
満場	19	20	19 | 19 | 19 20	jmdict
満場一致	13	35	13 | 13 | 35	jmdict
満年齢	16	19	19 | 16 | 16	jmdict
満期	16	15	16 | 16 | 15 16	jmdict
源	12	17 50	17 | 12 | 12 50	corpus
源氏		21 26 32 33	21 32 | 33 | 26	jmdict
源泉	12 50	17	12 50 | 12 | 17 50	jmdict
源流	17	15 50	17 50 | 15 17 | 17	jmdict
準急	45	15	15 | 45 | 45	jmdict
準決勝	10	33	10 | 10 | 33	jmdict
溝	17	13 45	17 45 | 17 | 13 17	jmdict
溶媒	41	51	51 | 41 | 41	jmdict
溶岩	51	50	51 | 51 | 50 51	jmdict
滑り止め	45	27 30	45 | 27 45 | 30 45	jmdict
滑走路	17	44	17 | 17 | 44	jmdict
滝口	17	50	17 50 | 17 | 17	jmdict
滴	51	19	51 | 19 51 | 51	jmdict
漁期	16	38	16 | 16 | 16 38	jmdict
漁港	17	44	17 | 17 | 44	jmdict
漁獲	37	38	37 | 38 | 37	jmdict
漆塗り	32	41	32 41 | 32 | 32	jmdict
漆黒	18	13	18 | 18 | 13	jmdict
漏れ	15	10	15 | 15 | 10 15	corpus
演壇	44	40	44 | 44 | 40	jmdict
演技力	14	32	14 32 | 14 | 14	jmdict
演習	30	33	30 | 33 | 30	corpus
演題	31	32	31 | 32 | 31	jmdict
漢和	31	33	31 | 31 | 31 33	jmdict
漢文	31	32	31 | 31 | 31 32	jmdict
漢方	40	30 33	33 | 30 40 | 40	jmdict
漢籍	32	33	32 33 | 32 | 32	jmdict
漫画家	24	32	24 | 24 | 24 32	jmdict
潔癖	30	13	30 | 13 30 | 30	jmdict
潔白	13	10	13 | 10 13 | 13	jmdict
潮	50	13	50 | 13 50 | 50	corpus
激戦	10	14	10 14 | 10 | 10	jmdict
激烈	14	13 19	14 | 14 | 13 19	jmdict
激賞		13 30 31	13 | 30 | 31	jmdict
激闘	35	14 15	35 | 14 35 | 15	jmdict
瀕死	57	13	13 57 | 57 | 57	jmdict
瀬戸物	40	41	40 41 | 40 | 40	jmdict
灌漑	47	15	47 | 15 47 | 47	jmdict
火の粉	50	51	50 | 51 | 50	jmdict
火中	50	17	50 | 17 | 50	jmdict
火勢	14	50	14 50 | 14 | 14	jmdict
火口	41 50	17	17 41 | 50 | 41 50	jmdict
火災保険	37	38	38 | 37 | 37	jmdict
火炎瓶	40	45	45 | 40 | 40	jmdict
火葬	15	33	33 | 15 | 15	jmdict
灯台	44	46	44 | 44 46 | 44	jmdict
灯油	41	46	41 | 41 46 | 41	jmdict
灯火管制	36	46	36 46 | 36 | 36	jmdict
灼熱	50	13	13 | 50 | 50	jmdict
災い	13	10	13 | 13 | 10	jmdict
災難	13	10	13 | 13 | 10 13	jmdict
炊き出し	43	35	35 43 | 43 | 43	jmdict
炊き込み	43	15	15 43 | 43 | 43	jmdict
炊飯	15	43	15 | 15 | 15 43	corpus
炎上	35	13 15 50	13 | 35 50 | 15 35	corpus
炎症	56	57	56 | 57 | 56	jmdict
炭	41	51	41 | 41 51 | 41	jmdict
炭鉱	47	38	47 | 38 | 47	jmdict
炸裂	15	50	15 | 15 | 15 50	jmdict
点	10 17 19	18	10 17 19 | 10 17 19 | 10 17 18 19	corpus
点取り	19	15	15 19 | 19 | 19	jmdict
点呼	35	31	31 | 35 | 35	jmdict
点検	15	30	30 | 15 | 15	corpus
点滴	15 56	40	15 | 40 56 | 15 56	jmdict
為政者	25	24 36	24 36 | 25 | 25	jmdict
為替銀行	27	37	27 37 | 27 | 27	jmdict
無事故	13	10	10 | 13 | 13	jmdict
無作為	13	30	13 | 30 | 13	corpus
無免許	34	13	34 | 13 | 34	jmdict
無党派層	36	20 26	26 | 36 | 20 36	jmdict
無冠	13	25	13 | 13 | 25	jmdict
無勢	14	19	14 | 14 | 14 19	jmdict
無味	13	43	13 | 13 | 13 43	jmdict
無国籍	26	13	13 26 | 26 | 26	jmdict
無声	13	50	50 | 13 | 13	jmdict
無届け	31	34	34 | 31 | 31	jmdict
無情	30	13	30 | 30 | 13	jmdict
無所属	27	13	27 | 27 | 13	jmdict
無抵抗	13	14	13 | 13 14 | 13	jmdict
無政府主義	36	30	30 36 | 36 | 36	jmdict
無敵	13	14	14 | 13 | 13	jmdict
無理	13	14	13 | 13 14 | 13	corpus
無理強い		14 34 35	35 | 14 | 34	jmdict
無理難題	10	34	10 | 10 | 10 34	jmdict
無神経	30	13	13 30 | 30 | 30	jmdict
無税	37	13	37 | 13 | 37	jmdict
無線	31	45	31 | 31 45 | 31	corpus
無線操縦	30	15	30 | 15 | 30	jmdict
無縁	13	35	13 | 13 | 35	corpus
無罪	10	34	34 | 10 | 10	jmdict
無職	24	13	13 | 24 | 24	jmdict
無色	18	13	13 | 18 | 18	jmdict
無表情	18	13 30	18 30 | 13 | 18	jmdict
無計画	30	13	13 | 30 | 30	jmdict
無記名	13	10	10 | 13 | 13	jmdict
無認可	13	34	13 | 34 | 13	corpus
無資格	34	13	34 | 13 34 | 34	jmdict
無重力	50	13	13 50 | 50 | 50	jmdict
無重量	50	13	13 | 50 | 50	jmdict
無関係	13	35	35 | 13 | 13	corpus
無頼	20	13	20 | 13 | 20	jmdict
無駄骨	30	13	13 | 30 | 30	corpus
焼き	43	15	43 | 43 | 15	corpus
焼け野原	47	17	47 | 17 | 47	jmdict
焼死	57	15	57 | 57 | 15 57	jmdict
煙草	43	40 54	40 54 | 43 | 43	jmdict
照れ屋	20	30	20 30 | 20 | 20	jmdict
照度	19	46	19 46 | 19 | 19	jmdict
照明	46	45	46 | 46 | 45 46	jmdict
煮汁	43	51	43 51 | 43 | 43	jmdict
熊手	45	33	33 45 | 45 | 45	jmdict
熟練	30	14	30 | 30 | 14	jmdict
熱射病	57	56	56 | 57 | 57	jmdict
熱帯	50	26	50 | 26 | 50	jmdict
熱延	15	38	15 | 15 | 15 38	jmdict
熱気	50	13 30	50 | 13 50 | 30 50	jmdict
熱源	51	50	51 | 51 | 50	jmdict
熱烈	13	19	13 | 13 19 | 13	jmdict
熱闘		13 15 35	15 | 13 | 35	jmdict
爆死	57	13 15	57 | 13 | 15 57	jmdict
爆発	50	15	50 | 50 | 15 50	corpus
爆薬	41	51	51 | 41 | 41	jmdict
爺	20	21	20 21 | 20 | 20	jmdict
爺さん	20	21	20 | 20 21 | 20	jmdict
爽快	13	30	13 30 | 13 | 13	jmdict
片	19	40	19 | 40 | 19	corpus
片手	56	19	56 | 19 56 | 56	jmdict
片方	19	17	19 | 19 | 17 19	corpus
版本	32	18 40	32 | 18 32 | 32 40	jmdict
牙	56	55	56 | 56 | 55 56	jmdict
牧畜	38	47	38 | 38 | 38 47	jmdict
牧草	54	43	43 54 | 54 | 54	jmdict
物	40	10 51	40 | 10 40 51 | 40	corpus
物件	44	40	44 | 44 | 40 44	jmdict
物価	37	19	19 37 | 37 | 37	jmdict
物差し	30 45	13	30 45 | 30 45 | 13 45	jmdict
物性	13	51	51 | 13 | 13	jmdict
物流	38	15	38 | 38 | 15 38	corpus
物理学	33	30	30 | 33 | 33	jmdict
物知り	24	20	20 | 24 | 24	jmdict
物種	11	54	11 54 | 11 | 11	jmdict
物腰	35	18	35 | 35 | 18	jmdict
物色	15	30	15 | 15 | 30	jmdict
物見	17 30	24 33 44	17 24 30 44 | 30 | 17 33	jmdict
物議	10	31	31 | 10 | 10	jmdict
物販	37	38	37 | 37 38 | 37	jmdict
特別捜査		15 30 36	30 | 15 | 36	corpus
特命	34	36	34 | 36 | 34	jmdict
特急	45	15	15 45 | 45 | 45	jmdict
特捜	15	38	15 | 15 | 38	jmdict
特注	37	38	37 | 37 38 | 37	jmdict
特級	19	13	19 | 19 | 13	jmdict
特装	18	40	18 | 18 | 40	jmdict
特訓	30	15	30 | 30 | 15	jmdict
特賞	13	37	13 | 37 | 13	jmdict
特需	37	38	37 | 37 | 38	jmdict
犠打	15	10	15 | 10 | 15	jmdict
犠牲	10 22	13 20	10 22 | 10 22 | 13 20	jmdict
犠牲者	20	22	20 | 20 | 22	jmdict
状	13	18 31	13 | 13 | 18 31	corpus
狂乱	30	13	13 30 | 30 | 30	jmdict
狂言	10 32	33	10 32 | 10 32 | 10 32 33	jmdict
狩猟	33	15 38	33 | 33 | 15 38	jmdict
独り占め	36	37	37 | 36 | 36	jmdict
独断専行	30	15	30 | 30 | 15 30	jmdict
独白	31	32	31 32 | 31 | 31	jmdict
独立採算制	38	30	30 38 | 38 | 38	jmdict
独語	31	30	30 31 | 31 | 31	jmdict
独身	13	20	13 | 13 | 13 20	jmdict
狭心症	57	56	57 | 57 | 56	jmdict
狭義	13	30	30 | 13 | 13	jmdict
猟		15 33 38	15 | 38 | 33	jmdict
猪口	40	45	45 | 40 | 40	jmdict
献	43	35	43 | 43 | 35	corpus
献上	35	37	35 37 | 35 | 35	jmdict
献花	33	15	33 | 33 | 15	jmdict
献血	35 56	57	56 57 | 35 56 | 35	jmdict
率直	13	30	30 | 13 | 13	jmdict
玉石	51	13	13 51 | 51 | 51	corpus
玉砕	15	57	15 57 | 15 | 15	jmdict
王国	26	36	26 | 26 | 26 36	jmdict
王女	25	20	25 | 20 25 | 25	jmdict
王手	15	36	15 | 15 | 36	jmdict
王朝	33	36	33 36 | 33 | 33	jmdict
王様	25	20	20 25 | 25 | 25	jmdict
王者	25	24	25 | 24 25 | 25	jmdict
珍品	40	11	40 | 11 40 | 40	jmdict
珍紛漢紛	13	30	30 | 13 | 13	jmdict
現	16	13	16 | 13 | 16	corpus
現下	16	13	16 | 13 | 16	jmdict
現代版	18	11	11 | 18 | 18	jmdict
現住所	17	44	17 | 17 44 | 17	jmdict
現有	12	13	12 | 12 | 13	jmdict
現行	16	13	16 | 13 | 16	corpus
球場	44	17	44 | 17 44 | 44	jmdict
球界	26	33	26 | 26 | 33	jmdict
球速	19	15	15 19 | 19 | 19	jmdict
理学	33	30	33 | 33 | 30	jmdict
理容	33	38	33 | 33 | 38	jmdict
理工学部	27	33	27 33 | 27 | 27	jmdict
理想	13	30	13 30 | 13	jmdict
理系	33	11	11 | 33 | 33	corpus
理髪	33	15	33 | 33 | 15	jmdict
琢磨	30	15	30 | 30 | 15 30	jmdict
琵琶	45	54	45 | 45 54 | 45	jmdict
琵琶湖	17	50	17 50 | 17 | 17	jmdict
環境	13	50	13 | 13 | 13 50	corpus
環境保護	33	15 50	33 | 15 50 | 33	jmdict
環視		15 30 35	30 | 35 | 15	jmdict
瓦	41	40	40 | 41 | 41	jmdict
瓦礫	51	40	40 | 51 | 51	jmdict
甘さ	13 19	43	13 19 43 | 13 19 | 13 19	corpus
甘口	13	43	43 | 13 | 13	jmdict
甘辛	13	43	13 | 13 | 43	jmdict
生き	57	13	57 | 57 | 13 57	corpus
生き残り	20	24	20 | 24 | 20	jmdict
生まれ	57	15	15 57 | 57 | 57	corpus
生まれつき	13	57	13 | 13 | 57	jmdict
生み	15	57	15 | 15 57 | 15	corpus
生ゴミ	40	43	43 | 40 | 40	jmdict
生化学	33	30	30 33 | 33 | 33	jmdict
生協	27	38	27 | 27 38 | 27	jmdict
生命線	13 56	57	13 56 | 57 | 13 56	jmdict
生存競争	57	15 35	15 | 57 | 35 57	jmdict
生息	12	53	12 | 12 53 | 12	jmdict
生態	53	57	53 | 53 57 | 53	jmdict
生態学	30	53	53 | 30 | 30	jmdict
生成物	40	51	40 | 40 | 40 51	corpus
生気	57	14	57 | 14 | 57	jmdict
生水	51	43	51 | 43 | 51	jmdict
生涯	16	57	16 57 | 16 | 16	jmdict
生物学	33	30	30 | 33 | 33	corpus
生産性	38	13 14	14 38 | 13 38 | 38	corpus
生者	20	57	20 57 | 20 | 20	jmdict
生誕	57	15	57 | 15 | 57	jmdict
産	38 40 57	37	37 40 57 | 38 40 57 | 38 57	corpus
産児制限	57	30 33	33 57 | 57 | 30 57	jmdict
産別	27	11	27 | 27 | 11	jmdict
産声	57	56	56 57 | 57 | 57	jmdict
産廃	51	41	51 | 51 | 41	jmdict
産業廃棄物	51	41	51 | 51 | 41	corpus
産業機械	45	38	38 45 | 45 | 45	jmdict
産物	40	10	40 | 40 | 10 40	jmdict
産科	27	38	27 | 27 | 38	jmdict
産量	19	38	19 | 19 | 19 38	jmdict
産額	19	38	19 38 | 19 | 19	jmdict
用例	11	31	11 | 11 31 | 11	corpus
用水	47	50 51	47 | 51 | 47 50	jmdict
用紙	41	40	40 | 41 | 41	jmdict
田楽	32 43	33	32 43 | 32 43 | 32 33 43	jmdict
由来	15	33	15 | 15 | 15 33	corpus
甲	56	13 19 40 51	19 56 | 40 56 | 13 51 56	jmdict
甲乙	13	22	13 22 | 13 | 13	jmdict
甲板	40	44	40 | 40 | 44	jmdict
申し分	13	30	30 | 13 | 13	jmdict
申立て	34	31	34 | 31 34 | 34	corpus
申請	34	31	34 | 31 34 | 34	corpus
申込書	40	31	40 | 40 | 31 40	jmdict
男前	18	13 20	13 20 | 18 | 18	jmdict
男声	31	56	31 | 56 | 31	jmdict
男尊女卑	30	13 33	13 30 | 30 | 33	jmdict
男手	24	20	24 | 24 | 20	jmdict
町並み	18	44	44 | 18 | 18	jmdict
町名	26	17	17 | 26 | 26	jmdict
町奉行	24	36	24 | 24 | 24 36	jmdict
町役場	27	44	27 | 27 | 27 44	jmdict
町民	24	20	24 | 24 | 20	jmdict
町長	24 36	25	25 | 24 36 | 24 36	jmdict
画一	13	18	13 | 18 | 13	jmdict
画伯	24	32	24 | 24 32 | 24	jmdict
画像	32	40	32 | 32 | 32 40	corpus
画家	24	32	24 | 24 32 | 24	jmdict
画風	32	18	32 | 32 | 18 32	jmdict
界隈	17 22	26	17 22 | 17 22 | 26	jmdict
畑違い	13	11	13 | 11 | 13	jmdict
留め置き	15	36	15 | 15 | 36	jmdict
留保	30	10	30 | 30 | 10 30	corpus
留学	33	15	33 | 15 | 33	jmdict
留守	13	12	13 | 13 | 12	jmdict
畝り	18 50	15	15 18 50 | 18 | 50	jmdict
略	31	15	15 31 | 31 | 31	corpus
略取	37	15	15 37 | 37 | 37	jmdict
略式	18	13	13 | 18 | 18	jmdict
番台	40	24 44	24 40 | 40 | 44	corpus
番外	13	11	11 | 13 | 13	jmdict
番瀝青	41	51	41 51 | 41 | 41	jmdict
番狂わせ	13	10	10 | 13 | 13	jmdict
異口同音	31	30	30 | 31 | 31	jmdict
異変	13	15	13 | 13 | 13 15	corpus
異様	13	18	13 18 | 13 | 13	jmdict
異端	13	33	13 | 33 | 13	jmdict
異説	30	10	30 | 10 30 | 30	jmdict
異議		10 31 34	31 | 34 | 10	corpus
異邦人	23	22	22 | 23 | 23	jmdict
異郷	17	26	17 | 26 | 17	jmdict
畳	40	19	40 | 19 40 | 40	corpus
畳み込み	15	30	15 | 15 | 15 30	corpus
疎外	35	15	35 | 15 | 35	jmdict
疑	30	10	30 | 10 30 | 30	corpus
疑わしさ	10	30	30 | 10 | 10	corpus
疑問点	30	10	10 | 30 | 30	jmdict
疑惑	10	30	10 | 10 30 | 10	corpus
疑獄	10	36	10 36 | 10 | 10	jmdict
病人	20	24	20 | 20 | 24	jmdict
病原	10	53	10 | 10 | 10 53	jmdict
病名		10 11 31	31 | 10 | 11	jmdict
病患	57	13	57 | 57 | 13	jmdict
病歴	56	33	56 | 56 | 33	jmdict
病理	57	56	57 | 57 | 56	corpus
病苦	30	56	30 | 56 | 30	jmdict
病虫害	50	10	10 50 | 50 | 50	jmdict
症	57	56	57 | 57 | 56	corpus
症例	11	10	10 | 11 | 11	jmdict
症候群	57	13	57 | 13 | 57	jmdict
症状	56	13	56 | 56 | 13 56	jmdict
痕跡	10	12	12 | 10 | 10	corpus
痛切	13	30	13 | 13 | 13 30	jmdict
痛烈	13	19	13 | 19 | 13	jmdict
痩身	56	15	15 56 | 56 | 56	jmdict
痴呆	30	56 57	56 57 | 30 | 30	jmdict
痴漢	24	20	24 | 24 | 20	jmdict
瘤	56	51	56 | 51 56 | 56	jmdict
癒着	35 56	15	15 35 | 35 56 | 35 56	jmdict
癖	13	30	13 | 13 | 30	corpus
発会	15	35 37	15 35 37 | 15 | 15	jmdict
発出	31	15	31 | 15 31 | 31	corpus
発刊	32	15	15 32 | 32 | 32	jmdict
発揮	15	14	15 | 14 | 15	jmdict
発散	15	50	15 50 | 15 | 15	jmdict
発汗	56	15	15 56 | 56 | 56	jmdict
発火	15	50	15 | 15 | 15 50	corpus
発煙	50	15	15 50 | 50 | 50	jmdict
発生	15	12	15 | 12 15 | 15	corpus
発症	15	57	15 57 | 15 | 15	jmdict
発禁	36	34	36 | 34 | 36	jmdict
発育	15	57	15 | 15 | 15 57	jmdict
発色	15	13 18	15 18 | 13 | 15	jmdict
発芽	15	50	15 | 15 | 15 50	jmdict
発行	15	32	15 | 15 | 15 32	corpus
発表会	31	32	31 | 31 | 32	jmdict
発見	30	10	30 | 30 | 10	corpus
発議	36	31	31 | 36 | 36	jmdict
発送	15	38	15 38 | 15 | 15	jmdict
発酵	15	50	15 | 15 | 15 50	jmdict
発電	15	38	15 | 15 38 | 15	corpus
発露	15	12	12 | 15 | 15	jmdict
登	15	20	15 | 15 | 20	corpus
登壇	15	32	15 | 32 | 15	jmdict
登山	33	15	33 | 33 | 15	jmdict
登庁	15	26	15 26 | 15 | 15	jmdict
登用		15 24 36	15 | 24 | 36	jmdict
登記	10	34	10 | 10 34 | 10	corpus
登録	15	31	15 | 15 | 31	corpus
登頂	15	17	15 17 | 15 | 15	jmdict
白	13	18	13 | 18 | 13	corpus
白亜	41	51	41 | 51 | 41	jmdict
白子	43 53	20	43 | 43 53 | 20 43 53	jmdict
白寿	16	19	16 | 16 19 | 16	jmdict
白旗	40	35	40 | 40 | 35 40	jmdict
白日	16	50	50 | 16 | 16	jmdict
白星	10	13	10 | 13 | 10	jmdict
白書	31 40	32	31 | 31 40 | 32 40	jmdict
白熱	13	14 50	13 | 13 | 14 50	jmdict
白粉	42	40	42 | 40 | 42	jmdict
白紙	40	10 13	13 40 | 10 40 | 40	jmdict
白線	18	40	40 | 18 | 18	jmdict
白羽	55	56	55 | 56 | 55	jmdict
白血病	57	56	57 | 56 | 57	jmdict
白銀	51	50	50 51 | 51 | 51	jmdict
白雲	52	50	50 52 | 52 | 52	jmdict
百合	54	32	54 | 54 | 32 54	jmdict
百家争鳴	31	13	31 | 31 | 13 31	jmdict
百景		17 18 19 50	17 19 | 50 | 18	jmdict
百科	30 40	32	30 40 | 30 40 | 32 40	jmdict
百科全書	32	31	31 | 32 | 32	jmdict
百聞	31	19	31 | 19 31 | 31	jmdict
百選	19	11	19 | 19 | 11 19	jmdict
的	40	10	40 | 40 | 10 40	corpus
皆無	12	19	12 | 12 19 | 12	jmdict
皇室	25	21	21 25 | 25 | 25	jmdict
皇帝	25	36	25 36 | 25 | 25	jmdict
皮脂	56	51	56 | 51 56 | 56	jmdict
皺	18	56	18 56 | 18 | 18	jmdict
皿洗い	15	33	33 | 15 | 15	jmdict
盆	33 40	45	45 | 33 40 | 33 40	jmdict
盗み見	15	30	15 | 30 | 15	corpus
盗取	37	15	37 | 37 | 15	corpus
盗塁	15	33	15 | 15 33 | 15	jmdict
盗用		15 32 34 37	37 | 32 34 | 15	corpus
盛り	19	13 43	19 | 13 19 | 19 43	corpus
盛り上がり	14	13 30	14 | 14 30 | 13	jmdict
盛会	35	10	10 | 35 | 35	jmdict
盛時	16	13	16 | 13 16 | 16	jmdict
盛期	16	19	16 19 | 16 | 16	jmdict
盛衰	15	13	13 15 | 15 | 15	jmdict
監察	15	36	15 | 36 | 15	corpus
監訳	31	32	31 | 31 32 | 31	jmdict
盤	40	45	45 | 40 | 40	corpus
盤石	13	51	13 51 | 13 | 13	jmdict
目	18 56	19	18 56 | 18 19 56 | 56	corpus
目つき	18	56	18 56 | 18 | 18	jmdict
目上		20 22 25	22 | 20 | 25	jmdict
目印	18	30 40	18 | 18 | 30 40	jmdict
目張り	15	42 56	15 56 | 15 | 15 42	jmdict
目撃	10	15	10 | 15 | 10	corpus
目次	31	32	32 | 31 | 31	jmdict
目玉商品	40	37	40 | 40 | 37 40	jmdict
目白押し	19	13	13 | 19 | 19	jmdict
目線	17 30	56	17 30 | 17 30 | 30 56	jmdict
目録	31	40	31 | 31 | 40	jmdict
目黒	26	17	26 | 26 | 17	jmdict
目鼻	56	18	18 56 | 56 | 56	jmdict
盲	56	20	56 | 20 56 | 56	corpus
盲学校	27	44	27 | 27 44 | 27	jmdict
盲点	30	17	17 30 | 30 | 30	corpus
盲目	56	30	56 | 56 | 30 56	jmdict
直	15 18	17	15 18 | 17 18 | 15	corpus
直射	50	15	50 | 50 | 15 50	jmdict
直接	13	30	30 | 13 | 13	corpus
直球	30 40	15 18	15 30 | 18 40 | 30 40	jmdict
直訴	31	35 36	35 36 | 31 | 31	jmdict
直通	15	17	15 | 15 17 | 15	jmdict
相	18	13 35	18 | 35 | 13 18	corpus
相乗		14 15 19	19 | 14 | 15	corpus
相克	13	35	13 | 35 | 13	jmdict
相場	37	13	37 | 13 37 | 37	jmdict
相対	35	13 30 37	30 | 35 37 | 13 35	corpus
相性	13	35	35 | 13 | 13	jmdict
相打ち	15	35	35 | 15 | 15	jmdict
相続	37	34	34 37 | 37 | 37	jmdict
相談所	27	44	27 | 27 44 | 27	jmdict
相違	13	10	13 | 10 | 13	corpus
相関	13	10	10 | 13 | 13	corpus
相関関係	13	10	13 | 10 | 13	jmdict
省力	14	15	14 | 15 | 14	jmdict
省庁	27	36	27 | 27 36 | 27	corpus
省略	15	31	15 | 15 | 15 31	corpus
看護	35	30	30 | 35 | 35	corpus
看過	30	15	15 | 30 | 30	jmdict
県人	20	24 26	20 | 20 26 | 24	jmdict
県会	27	36	27 | 27 | 27 36	jmdict
県営	36	25 38	36 | 25 | 36 38	jmdict
県外	17	26	17 26 | 17 | 17	jmdict
県民	26	24	26 | 26 | 24	jmdict
県立	27	25 26	27 | 25 | 26 27	jmdict
真っ暗	13	50	13 | 13 | 50	jmdict
真っ盛り		13 16 19	13 | 19 | 16	jmdict
真っ直ぐ	18	17	18 | 18 | 17 18	jmdict
真っ青	13	18 30	13 | 13 | 18 30	jmdict
真似	30	15	30 | 30 | 15	jmdict
真剣	13 45	30	13 45 | 30 45 | 13 45	jmdict
真実味	10	13	10 | 10 13 | 10	jmdict
真性	10	13	10 13 | 10 | 10	jmdict
真珠	51	40	40 51 | 51 | 51	jmdict
真髄	13	10	13 | 10 | 13	jmdict
眠気	30	56	30 | 56 | 30	jmdict
眺め	17	18	17 | 17 | 18	jmdict
眼中	30	17 56	17 | 30 | 30 56	jmdict
眼力	30 56	14	14 30 | 30 56 | 30 56	jmdict
眼差し	56	30	30 56 | 56 | 56	jmdict
眼科	27	38	27 | 38 | 27	jmdict
眼鏡	45	42	45 | 42 | 45	jmdict
着	15 19	42	15 42 | 15 19 | 15 19	corpus
着付け	42	30	30 42 | 42 | 42	jmdict
着信	31	35	31 | 31 | 35	jmdict
着心地	13	30 42	13 42 | 13 | 30	jmdict
着用	15	42	42 | 15 | 15	jmdict
矛先	10	17 18 40 45	10 45 | 10 18 | 17 40	jmdict
矢	45	18	45 | 45 | 18 45	jmdict
矢印	18	17	18 | 18 | 17 18	jmdict
知るべ	30	22	30 | 22 | 30	corpus
知事	24	36	24 36 | 24 | 24	jmdict
知日	30	33	30 | 33 | 30	corpus
知識ベース	30	40	30 | 30 40 | 30	corpus
短命	57	16	16 57 | 57 | 57	jmdict
短絡	30 50	15	30 50 | 30 50 | 15 30	jmdict
短縮	15	19	15 | 15 19 | 15	corpus
短距離	19	17	17 | 19 | 19	jmdict
矮小	19	13	19 | 19 | 13 19	corpus
石	51	41	41 51 | 51 | 51	corpus
石山	17	50	17 | 50 | 17	jmdict
石油	51	41	51 | 41 51 | 51	corpus
石神	33	51	33 51 | 33 | 33	jmdict
石頭	20	30 56	20 56 | 30 | 20	jmdict
砂	51	41	51 | 41 | 51	jmdict
砂丘	50	17 47	47 | 17 50 | 50	jmdict
砂地	47	51	47 51 | 47 | 47	jmdict
砂場	17	44	17 | 17 | 17 44	jmdict
砂子	41	51	41 | 41 51 | 41	jmdict
砂山	50	51	50 | 50 | 51	jmdict
砂時計	45	16	45 | 45 | 16 45	jmdict
砂防	47	15	47 | 47 | 15	jmdict
研究結果	10	15	10 | 10 | 10 15	jmdict
砲丸投げ	15	33	15 | 15 | 33	jmdict
砲弾	40	45	40 | 45 | 40	jmdict
破局	15	13	15 | 13 15 | 15	jmdict
破滅	15	13	15 | 13 | 15	jmdict
破産	37	13	13 | 37 | 37	corpus
破竹	54	14	54 | 54 | 14	jmdict
破綻	13	15	15 | 13 | 13	corpus
破裂	15	50	15 50 | 15 | 15	jmdict
破門		15 35 36	35 | 36 | 15	jmdict
硝子	51	41	41 51 | 51 | 51	jmdict
硫安	41	51	41 | 41 | 41 51	jmdict
硬さ	19	13	13 | 19 | 19	jmdict
硬派	13 24	20	13 24 | 13 20 | 24	jmdict
硬貨	37	51	37 | 37 51 | 37	jmdict
硬軟	13	19	19 | 13 | 13	jmdict
硬骨	56	30	56 | 56 | 30	jmdict
確かめ	30	10	10 | 30 | 30	jmdict
確定申告		31 34 37	31 | 37 | 34	corpus
確実	13	10	13 | 13 | 10	jmdict
確率	19	10	19 | 19 | 10	corpus
確認	30	10	30 | 30 | 10	corpus
磁性		13 14 50 51	14 | 51 | 13 50	jmdict
磁気	50	51	50 51 | 50 | 50	jmdict
磁石	45	40	45 | 45 | 40	jmdict
礎	30 44	10	30 44 | 30 44 | 10 44	corpus
礎石	41	44	44 | 41 | 41	jmdict
示威	14	36	14 | 14 | 36	jmdict
礼状	31	40	31 | 31 | 31 40	jmdict
社中	27	22	27 | 27 | 22 27	jmdict
社交界	35	22	35 | 35 | 22	jmdict
社会保障	34	26	34 | 26 34 | 34	corpus
社会復帰	15	26	15 26 | 15 | 15	jmdict
社会性	13	33 35	33 35 | 13 | 13	jmdict
社会福祉	33	26 34	33 | 33 | 26 34	jmdict
社会科学	33	30	30 33 | 33 | 33	jmdict
社会運動	26	15 36	36 | 26 | 15 26	jmdict
社内	17	27	17 | 27 | 17	corpus
社名	31	27	31 | 31 | 27 31	corpus
社運	13	38	13 | 13 38 | 13	corpus
祈祷	33	30	33 | 33 | 30	jmdict
祈願	30	33	30 33 | 30 | 30	jmdict
祝い事	33	10	10 33 | 33 | 33	jmdict
祝儀	37	33	37 | 33 37 | 37	jmdict
祝宴	33	35	33 | 35 | 33	jmdict
祝杯	35	43	35 43 | 35 | 35	jmdict
祝賀	33	35	33 | 33 | 33 35	jmdict
祝電	31	35	31 35 | 31 | 31	jmdict
神	12	33 53	12 | 53 | 12 33	jmdict
神仏	12	33	12 | 12 | 33	jmdict
神体	40	33	40 | 40 | 33 40	jmdict
神学	30	33	30 | 33 | 30	jmdict
神学校	27	44	27 | 27 44 | 27	jmdict
神明		12 33 53	33 | 53 | 12	jmdict
神木	54	33	54 | 33 54 | 54	jmdict
神格	13	33	13 | 13 33 | 13	jmdict
神棚	44	40	44 | 40 44 | 44	jmdict
神業	30	13 14	14 30 | 30 | 13	jmdict
神様	20	12	12 | 20 | 20	jmdict
神社	44	27 33	44 | 33 44 | 27 44	jmdict
神経	56	30	56 | 56 | 30 56	jmdict
神経学	33	56	56 | 33 | 33	jmdict
神経戦	35	30	35 | 35 | 30	jmdict
神経症	57	56	57 | 57 | 56	jmdict
神輿	40	33	40 | 40 | 33 40	jmdict
票田	36	26	26 36 | 36 | 36	jmdict
票読み	36	30	36 | 36 | 30 36	jmdict
祭主	24	33	24 | 24 | 24 33	jmdict
祭壇	40	44	40 | 44 | 40	jmdict
祭日	16	33	16 | 16 33 | 16	jmdict
禁固	34	36	34 | 36 | 34	corpus
禁止法	34	36	34 | 34 | 34 36	jmdict
禁煙	34	15	34 | 15 | 34	jmdict
禁酒	33	34	33 | 33 34 | 33	jmdict
禁錮	36	34	36 | 34 | 36	jmdict
禅	33	30	30 33 | 33 | 33	jmdict
禅譲	36	15	36 | 15 36 | 36	jmdict
福利	33	13	33 | 33 | 13	corpus
福音	33	10 31	10 31 33 | 33 | 33	jmdict
禿び		15 18 20 40	40 | 15 20 | 18	jmdict
秀才	20	24	20 | 20 | 24	jmdict
私事	25	10	10 25 | 25 | 25	jmdict
私兵	24	36	24 | 24 36 | 24	jmdict
私利	37	30	37 | 30 | 37	jmdict
私営	25	38	25 | 25 38 | 25	jmdict
私塾	27	44	27 44 | 27 | 27	jmdict
私書箱	45	40 44	44 45 | 45 | 40	jmdict
私生児	21	20	21 | 21 | 20 21	jmdict
私鉄	38	27	27 | 38 | 38	jmdict
秋分	16	50	16 50 | 16 | 16	jmdict
秋風	50	16	16 50 | 50 | 50	jmdict
科	11 27 33	37	11 27 33 37 | 11 27 33 | 11 27	corpus
科学	33	30	33 | 33 | 30 33	corpus
科目	11	33	11 | 11 | 11 33	jmdict
秘伝	30	33	30 | 30 33 | 30	jmdict
秘匿	15	30	15 | 15 | 30	corpus
秘蔵	15	30	15 | 30 | 15	jmdict
秘話	31	10	31 | 31 | 10	jmdict
称	31	11	31 | 11 31 | 31	corpus
称号	25	13	13 | 25 | 25	jmdict
移入	15	37	15 | 15 37 | 15	jmdict
移動平均	19	30	19 30 | 19 | 19	jmdict
移植	15 56	54	15 | 15 56 | 15 54 56	corpus
移民	20	24	24 | 20 | 20	jmdict
移管	15	36	15 36 | 15 | 15	jmdict
移籍	15	38	15 38 | 15 | 15	jmdict
移譲	15	34	15 | 15 34 | 15	jmdict
税務	37	36 38	37 | 37 | 36 38	corpus
税率	37	19	19 | 37 | 37	jmdict
税金	37	34	34 37 | 37 | 37	corpus
種	11 54	53	11 54 | 11 53 54 | 11 54	corpus
種子	54	30	30 54 | 54 | 54	corpus
種痘	15	57	15 | 15 | 15 57	jmdict
種苗	54	41	54 | 41 54 | 54	jmdict
種類豊富	11	13 19	11 19 | 11 | 13	jmdict
稲荷	33	44	33 44 | 33 | 33	jmdict
稽古	30	32 33	30 | 33 | 30 32	jmdict
穀物	43	54	43 | 43 54 | 43	jmdict
積み残し	15	13	15 | 15 | 13	jmdict
積算	19	30 38	19 | 19 30 | 19 38	jmdict
穴	17	13 30	17 30 | 13 17 | 17	corpus
穴埋め	15	30	15 | 15 | 30	corpus
穴熊	55	30	30 55 | 55 | 55	jmdict
究極	19	13	19 | 19 | 13 19	jmdict
空き	17	12	12 17 | 17 | 17	jmdict
空き地	47	17	17 | 47 | 47	jmdict
空っぽ	13	19	13 | 13 19 | 13	jmdict
空位	13	25	25 | 13 | 13	jmdict
空地	47	17	17 | 47 | 47	jmdict
空域	17	52	17 | 17 52 | 17	jmdict
空席	17	12	17 | 12 | 17	jmdict
空振り	15	10 13	15 | 13 | 10 15	jmdict
空港	44	17	44 | 17 44 | 44	corpus
空砲	40	45	40 | 45 | 40	jmdict
空虚	13	30	13 | 13 30 | 13	jmdict
空費	15	37	15 37 | 15 | 15	jmdict
空陸	17	52	17 | 17 | 17 52	jmdict
空集合	19	10	19 | 19 | 10	corpus
突き落とし	15	33	15 33 | 15 | 15	jmdict
突っ張り	15 45	24 30	15 | 24 30 45 | 15 45	jmdict
突出し	18	19	18 19 | 18 | 18	corpus
突堤	44	17	44 | 44 | 17 44	jmdict
突然変異	15 57	53	15 57 | 15 57 | 15 53	jmdict
突破口	30	17	17 30 | 30 | 30	corpus
窃盗	37	10	37 | 37 | 10	jmdict
窒息	57	56	57 | 56 57 | 57	jmdict
窓	16 44	45	16 44 | 16 44 | 16 44 45	corpus
窮余	30	13	13 | 30 | 30	jmdict
窯元	38	24	38 | 24 | 38	jmdict
立ち	18	15	15 | 18 | 18	jmdict
立ち上げ	15	38	15 | 15 38 | 15	corpus
立ち回り	15 30	32	15 30 32 | 30 | 15 30	jmdict
立ち居振る舞い		13 18 30	30 | 13 | 18	jmdict
立ち直り	15	13	13 15 | 15 | 15	jmdict
立て	30	31	30 | 30 | 31	corpus
立て続け	16	15	16 | 15 | 16	corpus
立場	13	30	13 | 13 | 30	corpus
立太子	36	25	25 36 | 36 | 36	jmdict
立方	18	19	18 | 18 | 19	corpus
立直	33	15	33 | 15 | 33	jmdict
立身出世	13	15	13 | 13 15 | 13	jmdict
竜宮	17	44	17 | 44 | 17	jmdict
竜王	55	45	55 | 55 | 45 55	jmdict
端	17	18	17 18 | 17 | 17	corpus
端役	24	32	24 | 24 32 | 24	jmdict
端正	18	13	13 | 18 | 18	jmdict
端緒	15	30	15 30 | 15 | 15	corpus
競	35	15	35 | 35 | 15	corpus
競合	35	13 22	35 | 35 | 13 22	corpus
競合他社	27	22	27 | 22 27 | 27	jmdict
競歩	15	33	15 | 33 | 15	jmdict
競馬場	44	17	17 44 | 44 | 44	jmdict
竹	54	41	41 54 | 54 | 54	jmdict
笑いもの	20	10 22	22 | 20 | 10 20	jmdict
笑い声	50	31	31 | 50 | 50	jmdict
笑い話	31 32	10	10 31 | 32 | 31 32	jmdict
符号化	15	31	15 | 15 31 | 15	corpus
符合	13	10	13 | 10 | 13	corpus
第一印象	30	13	13 | 30 | 30	jmdict
第三勢力	14	26 36	14 | 14 26 | 14 36	jmdict
第三者評価	13	22	13 | 13 | 13 22	corpus
第希蘭	26	20	26 | 26 | 20	jmdict
筆名	32	20 31	32 | 20 | 31 32	jmdict
筆記	31	32	31 | 31 | 31 32	jmdict
筆跡		18 31 32	32 | 31 | 18	jmdict
筆順	30	18	30 | 30 | 18	jmdict
筆頭	13	19	19 | 13 | 13	corpus
筋	18 30 32 56	17 21	18 30 32 56 | 17 18 21 30 32 56 | 30 32 56	jmdict
筋力	14	56	56 | 14 | 14	jmdict
筋合	30	10	30 | 10 | 30	jmdict
筋違い	13	18	13 | 13 18 | 13	jmdict
筒井	44	20	44 | 20 | 44	jmdict
筒抜け	13	10	13 | 13 | 10	jmdict
答	10	31	31 | 10 | 10	corpus
答え	31	10 30	30 31 | 31 | 10 31	corpus
答弁	31	36	31 36 | 31 | 31	corpus
答案	31	40	31 40 | 31 | 31	jmdict
算入	19	15	15 19 | 19 | 19	jmdict
算出	30	19	19 | 30 | 30	corpus
管理	36	38	36 | 36 | 36 38	corpus
管財	38	37	38 | 38 | 37 38	corpus
箪笥	45	40	45 | 45 | 40	jmdict
節	16 18	32	18 | 16 18 | 16 18 32	jmdict
節分	33	16	16 33 | 33 | 33	jmdict
節度	13	19	13 | 13 | 19	jmdict
節操	30	13	30 | 13 | 30	jmdict
節水	15	33	15 | 15 | 15 33	jmdict
節目	16	18	16 | 16 18 | 16	jmdict
築地	17	26	17 | 26 | 17	jmdict
築城	15	44	15 44 | 15 | 15	jmdict
簡	31	40	31 | 40 | 31	corpus
簡体字	31	32	31 32 | 31 | 31	corpus
簿外	13	38	38 | 13 | 13	jmdict
籍		26 27 33	26 | 27 | 33	corpus
籠	45	40	45 | 45 | 40	jmdict
籤	40	10	40 | 40 | 10	jmdict
米寿	16	33	16 | 33 | 16	jmdict
米屋	24	38	24 | 24 | 24 38	jmdict
米産	26	43	26 | 43 | 26	jmdict
米食	43	33	43 | 43 | 33 43	jmdict
籾	43	54	43 | 43 54 | 43	jmdict
粒	51	19	51 | 51 | 19 51	corpus
粗大	19	18	18 19 | 19 | 19	jmdict
粗鋼	41	51	41 51 | 41 | 41	jmdict
粘	13	14	13 | 13 | 14	corpus
粘り	14	13 30	14 | 14 | 13 30	corpus
粘り気	13	51	13 | 13 | 51	jmdict
粛清	36	15	36 | 36 | 15 36	jmdict
粛軍	36	15	15 36 | 36 | 36	jmdict
精	30	14 56 57	57 | 14 30 | 30 56	corpus
精神障害	56	57	56 | 56 | 57	jmdict
精通	30	57	30 57 | 30 | 30	jmdict
精進	30	33	30 33 | 30 | 30	jmdict
精霊		12 53 57	12 | 57 | 53	jmdict
糖	43	51	43 51 | 43 | 43	corpus
糖質	51	43	51 | 51 | 43 51	jmdict
糖類	43	51	43 51 | 43 | 43	jmdict
糞	56	51	51 56 | 56 | 56	jmdict
糠	43	41	43 | 41 43 | 43	jmdict
糸口	30	40	30 | 30 | 30 40	jmdict
系図	33	21	33 | 33 | 21	jmdict
糾合	15	35	15 | 35 | 15	jmdict
糾弾	31	35	31 | 31 | 31 35	jmdict
約束	34	35	34 | 34 | 34 35	corpus
紅	18	51	18 51 | 18 | 18	jmdict
紅海	26 50	17	26 50 | 17 | 26 50	jmdict
紅潮	56	50	50 56 | 56 | 56	jmdict
紅葉	50 54	15	50 54 | 50 54 | 15 54	jmdict
紋切り型	18	30	18 30 | 18 | 18	jmdict
紋章	18	33 40	40 | 18 33 | 18	jmdict
納入	37	15	15 37 | 37 | 37	jmdict
納品	38	15	15 38 | 38 | 38	jmdict
納骨	15	33 57	15 57 | 15 | 33	jmdict
紐	40	41	40 | 40 41 | 40	corpus
純増	15	19	15 19 | 15 | 15	jmdict
純白	18	13	18 | 18 | 13	jmdict
紙くず	41	40	41 | 40 41 | 41	jmdict
紙上	17	40 41	17 41 | 17 | 40	jmdict
紙片	40	41	40 | 40 | 40 41	jmdict
紙芝居	32	33 40	32 40 | 32 33 | 32	jmdict
紙質	13	41	13 41 | 13 | 13	jmdict
紛れ	13	30	30 | 13 | 13	corpus
素人	24	20	20 | 24 | 24	jmdict
素地	13 41	30	13 | 13 41 | 30 41	corpus
素振り	15 18	30	15 18 | 15 30 | 18	jmdict
素案	32	30	32 | 30 32 | 32	jmdict
素行	30	33	30 | 30 | 33	jmdict
素顔	18 56	30	30 56 | 18 56 | 18 56	jmdict
素養	30	33	30 | 30 | 30 33	jmdict
紡ぎ歌	32	33	32 33 | 32 | 32	jmdict
索引	31	40	31 | 31 40 | 31	corpus
紫紺	18	13	13 | 18 | 18	jmdict
紫綬褒章	40	13 33	40 | 13 40 | 33	jmdict
紬	42	41	41 42 | 42 | 42	jmdict
累増	15	19	15 | 15 | 15 19	jmdict
累積	15	19	15 | 19 | 15	corpus
細目	10	11	10 | 10 | 11	jmdict
細胞	53	56	53 | 53 | 56	jmdict
細見	30	18	30 | 30 | 18	jmdict
細面	18	56	18 | 18 | 18 56	jmdict
紳士協定	35	34	34 35 | 35 | 35	jmdict
紳士録	40	31 32	40 | 31 40 | 32	jmdict
紹介	31	35	31 | 31 | 31 35	corpus
紺屋	24	38	24 38 | 24 | 24	jmdict
終末	16	15	15 | 16 | 16	jmdict
終止符	31	15 40	15 40 | 31 | 31	jmdict
終段	16	15	16 | 15 | 16	corpus
終演	15	32	15 32 | 15 | 15	jmdict
終点	17	15	15 17 | 17 | 17	jmdict
終着駅	44	17	44 | 17 44 | 44	jmdict
終電	45	16	16 45 | 45 | 45	jmdict
組	27	11	27 | 11 | 27	corpus
組み	18	11	18 | 11 18 | 18	corpus
組み写真	32	40	32 | 32 40 | 32	jmdict
組み合わせ		15 18 30	30 | 15 | 18	corpus
組織	27	18 56	18 27 56 | 27 | 27	corpus
組長	24	36	24 36 | 24 | 24	jmdict
経	32	41	32 | 32 | 32 41	corpus
経営陣	24	27	24 | 24 | 27	corpus
経学	33	30	33 | 33 | 30	jmdict
経済	38	26	38 | 38 | 26 38	corpus
経済学	30	33	33 | 30 | 30	jmdict
経済封鎖	36	37	36 37 | 36 | 36	jmdict
経由	17	15	17 | 15 17 | 17	corpus
経緯	15	10 13 33	10 | 15 33 | 13 15	corpus
経費	37	38	37 | 37 | 38	jmdict
経験値	19	30	19 | 19 30 | 19	jmdict
経験豊富	13	30	30 | 13 | 13	jmdict
結	15	35	15 | 15 | 35	corpus
結団	15	27	15 27 | 15 | 15	jmdict
結婚	33	35	33 | 35 | 33	jmdict
結局	15 16	10	15 16 | 10 | 15 16	jmdict
結晶	51	15	51 | 51 | 15 51	jmdict
結束	35	15	15 35 | 35 | 35	jmdict
結論	30	10	30 | 10 | 30	corpus
絞殺	15	57	15 | 15 | 15 57	jmdict
絞首刑	36	15	36 | 15 36 | 36	jmdict
給湯	15	44	44 | 15 | 15	corpus
給源		12 17 37	17 | 37 | 12	corpus
絵図	32	17	32 | 17 32 | 32	jmdict
絵柄	18	32	18 32 | 18 | 18	jmdict
絵馬	40	33	40 | 33 40 | 40	jmdict
絶壁	50	17	17 | 50 | 50	jmdict
絶大	19	14	19 | 19 | 14 19	jmdict
絶対	19	13	13 | 19 | 19	corpus
絶対温度	19	50	19 | 19 50 | 19	jmdict
絶版	15 32	13	15 | 15 32 | 13 32	jmdict
絶賛	31	35	31 | 31 | 35	jmdict
絶頂	19	13	13 19 | 19 | 19	jmdict
絹布	41	42	41 | 41 42 | 41	jmdict
絹織物	42	41	42 | 41 42 | 42	jmdict
続伸	15	37	15 37 | 15 | 15	jmdict
維新	15 36	33	15 36 | 15 33 36 | 15	jmdict
綱	41	40	40 | 41 | 41	jmdict
綱引き		14 15 35	14 | 35 | 15	jmdict
綱渡り	13 15	32	13 32 | 13 15 | 13 15	jmdict
綱紀		13 34 36	36 | 34 | 13	jmdict
綱紀粛正	36	34	34 36 | 36 | 36	jmdict
網羅	15	19	19 | 15 | 15	corpus
綴り	31	18 40	18 31 | 31 | 31 40	jmdict
綿	41	54	41 54 | 41 | 41	jmdict
緊張	30	13	13 | 30 | 30	corpus
緊急事態宣言	31 36	13	31 36 | 13 31 | 36	jmdict
緊縮	15	13	15 | 13 15 | 15	jmdict
総出	20	22	20 | 22 | 20	jmdict
総動員	15	36	15 36 | 15 | 15	jmdict
総合	13	30	13 | 30 | 13	corpus
総員	24	19 20	19 24 | 20 | 24	jmdict
総崩れ	15	13	15 | 15 | 13	jmdict
総攻撃	15	14	15 | 14 15 | 15	jmdict
総理大臣	25	24	25 | 25 | 24	jmdict
総目録	31	32 40	32 | 31 40 | 31	jmdict
総督	25	24	25 | 25 | 24 25	jmdict
総統	25	36	25 36 | 25 | 25	jmdict
総花	13	30	30 | 13 | 13	jmdict
総裁	24	25	24 | 25 | 24	jmdict
総見		32 33 35	33 | 32 | 35	jmdict
総評	13	30 31	13 31 | 13 | 30	jmdict
総論	30	32	30 32 | 30 | 30	jmdict
総長	24	19	24 | 19 24 | 24	corpus
総領事	24	25	24 | 24 25 | 24	jmdict
緑	18	13	13 | 18 | 18	corpus
緑化	15	47 54	15 54 | 15 47 | 15	jmdict
緒	15 41	40	15 41 | 15 41 | 40	corpus
緒戦	10	15 16	10 | 15 | 10 16	jmdict
線	18	17	18 | 18 | 17 18	corpus
線引き	30	17	30 | 30 | 17 30	corpus
締	15	16	15 16 | 15 | 15	corpus
締まり屋	20	24	20 | 20 | 24	jmdict
締め出し	15	35	15 | 35 | 15	corpus
締め切り	16	15	16 | 16 | 15 16	jmdict
締約	34	35	34 | 34 | 34 35	jmdict
締結	15	35	15 35 | 15 | 15	jmdict
編み物	32	42	32 42 | 32 | 32	jmdict
編成	15	18	15 18 | 15 | 15	jmdict
編著	32	40	32 | 32 | 32 40	jmdict
編集	32	15	32 | 32 | 15 32	corpus
緩み	15	13	13 | 15 | 15	jmdict
練り	15	43	15 | 15 43 | 15	jmdict
練達	13	14	14 | 13 | 13	jmdict
縁の下	17	44	17 | 17 44 | 17	jmdict
縁台		40 44 45	44 | 45 | 40	jmdict
縁起	13	33	13 33 | 13 | 13	jmdict
縄	40	41	40 | 41 | 40	jmdict
縄張り	17	36	17 36 | 17 | 17	jmdict
縄文	33	18	18 33 | 33 | 33	jmdict
縛	34	15	34 | 34 | 15 34	corpus
縛り首	15	57	15 | 57 | 15	jmdict
縦割り	27	18	18 27 | 27 | 27	jmdict
縦書き	31	18	31 | 18 31 | 31	jmdict
縦横無尽	13	17	13 | 13 | 17	jmdict
縫製	38	15	15 | 38 | 38	jmdict
縮刷版	32	40	32 | 32 40 | 32	jmdict
縮図	18	11	11 18 | 18 | 18	jmdict
縮小	15	19	15 | 15 | 15 19	corpus
繁華街	17	26	17 26 | 17 | 17	jmdict
織り	42	15 32 41	32 | 15 42 | 41 42	corpus
繭	55	51	55 | 51 | 55	jmdict
繰り延べ	15	16	16 | 15 | 15	jmdict
繰り越し	15	37	15 | 15 | 15 37	jmdict
纏め	30	15 31	30 | 30 | 15 31	jmdict
罪	34	10	10 | 34 | 34	corpus
罪名	10	34	10 | 10 | 10 34	corpus
置き傘	40	45	40 | 45 | 40	jmdict
罰金	37	34	37 | 34 37 | 37	jmdict
署	27	44	27 | 27 44 | 27	corpus
罷免	36	15	15 36 | 36 | 36	jmdict
羅宇	45	41	41 | 45 | 45	jmdict
羅漢	20	33	33 | 20 | 20	jmdict
羅針盤	45	17	17 45 | 45 | 45	jmdict
美声	56	13	56 | 56 | 13 56	jmdict
美学	32	30	32 | 32 | 30 32	jmdict
美容	33	13 56	33 56 | 13 | 33	jmdict
美白	15	56	15 | 15 | 15 56	jmdict
美観	13	18	13 18 | 13 | 13	jmdict
群落	54	53	54 | 54 | 53	jmdict
群雄割拠	13	36	13 36 | 13 | 13	jmdict
群青	18 41	13	13 41 | 18 41 | 18 41	jmdict
義		13 30 34	30 | 13 | 34	corpus
義士	20	24	24 | 20 | 20	jmdict
義歯	40	45	45 | 40 | 40	jmdict
義理	34	21 35	21 34 | 34 | 34 35	jmdict
義足	56	40 45	45 56 | 56 | 40 56	jmdict
羽化	15	57	15 | 15 57 | 15	jmdict
羽目	13	44	13 | 13 44 | 13	jmdict
習い	30	33	30 33 | 30 | 30	jmdict
習得	30	37	30 | 37 | 30	jmdict
老	16 57	20	16 20 | 57 | 16 57	corpus
老い	57	15	15 | 57 | 57	jmdict
老け役	32	24	32 | 32 | 24 32	jmdict
老中	24 36	25	24 36 | 25 | 24 36	jmdict
老廃	15	13 20	13 20 | 15 | 15	jmdict
老眼鏡	45	42	45 | 42 | 45	jmdict
老若	20	19	20 | 19 | 20	jmdict
耐久	13	14	13 | 14 | 13	jmdict
耐乏	30	13	30 | 13 | 30	jmdict
耐圧	13	14	14 | 13 | 13	jmdict
耐震	13	14	14 | 13 | 13	jmdict
耳より	13	10	13 | 13 | 10	jmdict
耳元	17	56	17 | 17 56 | 17	jmdict
耳飾り	42	40	40 | 42 | 42	jmdict
耳鼻科	27	38	27 | 38 | 27	jmdict
聖典	32	33	32 33 | 32 | 32	jmdict
聖地	17	33	17 33 | 17 | 17	jmdict
聖域	17	13	17 | 13 17 | 17	jmdict
聖戦	36	33	36 | 33 | 36	jmdict
聖書	32 33	40	32 33 | 33 | 32 33 40	jmdict
聖母	20	33	20 | 20 33 | 20	jmdict
聖者	24	33	24 33 | 24 | 24	jmdict
聞き上手	24	20	24 | 24 | 20	jmdict
聞き手	22	24	22 24 | 22 | 22	jmdict
聞き込み捜査	31 36	30	31 36 | 36 | 30 31	jmdict
聞こえ	13 50	56	13 50 | 13 50 | 13 56	jmdict
聡明	13	30	13 | 13 | 30	jmdict
聴取	31	35	31 35 | 31 | 31	jmdict
聴講	31	33	31 | 31 | 33	jmdict
職	24	38	24 | 38 | 24	corpus
職務質問	35 36	31	31 36 | 35 36 | 35	jmdict
職場	17	38 44	17 | 17 44 | 17 38	corpus
職歴	33	38	33 | 38 | 33	jmdict
職種	11	24	11 | 11 | 11 24	jmdict
職能	38	14 30	14 | 30 38 | 38	jmdict
肉	43 56	51	43 51 56 | 43 | 43 56	corpus
肉弾	56	14	14 56 | 56 | 56	jmdict
肉筆	32	31	31 | 32 | 32	jmdict
肉質	13	43	13 | 13 | 13 43	jmdict
肌合い	30	13 35 56	13 30 | 30 | 30 35 56	jmdict
肌色	18	13	13 | 18 | 18	jmdict
肌触り	13	18	13 | 18 | 13	jmdict
肖像	32	18	32 | 32 | 18 32	jmdict
肝	10 56	30	10 56 | 30 56 | 10 56	corpus
肥満	56	13	13 56 | 56 | 56	corpus
肥育	38	15 47	38 | 47 | 15 38	jmdict
肩書き	25	24	25 | 24 | 25	jmdict
肩身	56	13	13 56 | 56 | 56	jmdict
肩透かし	13	15 30	13 15 | 30 | 13	jmdict
肯定	10	31	10 | 10 | 31	jmdict
育児	33	21	33 | 21 | 33	jmdict
育種	15	54	15 | 15 | 15 54	jmdict
育苗	47	15	15 47 | 47 | 47	jmdict
肴	43	31	43 | 31 43 | 43	jmdict
胃潰瘍	56	57	56 | 57 | 56	jmdict
背	19 56	17	19 56 | 56 | 17 19 56	corpus
背信	35	10	10 | 35 | 35	jmdict
背泳ぎ	15	33	15 | 33 | 15	jmdict
胎児	57	53	57 | 53 57 | 57	jmdict
胡坐	18	56	18 | 56 | 18	jmdict
胴	56	18	56 | 56 | 18 56	jmdict
胴上げ	35	15	35 | 35 | 15	jmdict
胸元	56	17	56 | 56 | 17 56	jmdict
能役者	24	32	24 32 | 24 | 24	jmdict
脂肪	51	56	51 56 | 51 | 51	jmdict
脇役	24	32	24 | 24 | 24 32	jmdict
脇見	30	15	30 | 15 | 30	jmdict
脈	56	13	56 | 56 | 13 56	corpus
脈絡	30	10 13	30 | 13 30 | 10	jmdict
脚光	46	13 30	46 | 13 46 | 30 46	jmdict
脚色	32	15	32 | 15 32 | 32	jmdict
脱会	15	35	15 | 15 | 35	jmdict
脱帽	15 42	30	15 42 | 15 30 42 | 15 42	jmdict
脱水	15	56	15 | 15 56 | 15	jmdict
脱皮	15	57	15 | 15 | 15 57	jmdict
脳卒中	57	56	57 | 56 | 57	jmdict
脳梗塞	56	57	56 | 56 | 57	jmdict
脳炎	56	57	56 | 57 | 56	jmdict
脳血栓	56	57	56 | 56 57 | 56	jmdict
腎炎	56	57	56 | 57 | 56	jmdict
腐葉土	41	51	41 | 41 51 | 41	jmdict
腕前	14	30	30 | 14 | 14	corpus
腕立て伏せ		15 33 56	56 | 33 | 15	jmdict
腰砕け	13 15	30	15 30 | 13 | 13 15	jmdict
腸炎	56	57	56 | 57 | 56	jmdict
腹膜炎	57	56	56 | 57 | 57	jmdict
膨らみ	18	19	18 | 18 | 18 19	corpus
膳	43 45	40	43 45 | 45 | 40 43	jmdict
臥児狼徳	20	26	20 | 20 | 26	jmdict
臨検	15	36	15 | 15 | 36	jmdict
臨界	19	13	13 | 19 | 19	jmdict
臨終	57	16	57 | 16 57 | 57	jmdict
自主	30	34	34 | 30 | 30	corpus
自任	30	34	30 34 | 30 | 30	jmdict
自分勝手	30	13 34	13 30 | 30 | 30 34	jmdict
自前	30	25	30 | 25 | 30	corpus
自動制御	36	15	36 | 15 | 36	corpus
自在	30	13	13 | 30 | 30	jmdict
自家用	25	33	25 | 33 | 25	jmdict
自己	20	30	20 | 20 30 | 20	corpus
自律	30	13	13 | 30 | 30	corpus
自律神経失調症	56	57	56 | 56 | 57	jmdict
自明	10	13	10 | 13 | 10	jmdict
自滅	15	57	15 | 15 | 15 57	jmdict
自炊	33	43	33 | 33 | 33 43	jmdict
自然増収	37	15	37 | 15 37 | 37	jmdict
自然淘汰	15	57	15 | 15 | 15 57	jmdict
自然界	50	26	50 | 50 | 26 50	jmdict
自爆	15	10	15 | 15 | 10	jmdict
自由化	15	36	15 | 36 | 15	jmdict
自由形	18	11	18 | 11 | 18	jmdict
自由業	38	24	24 38 | 38 | 38	jmdict
自由経済	38	26	26 38 | 38 | 38	jmdict
自発	30	13	13 | 30 | 30	corpus
自立	13	15 30	13 | 13 | 15 30	jmdict
自筆	31	32	31 | 31 | 32	jmdict
自給自足	33	30	30 33 | 33 | 33	jmdict
自習	33	30	33 | 30 | 33	jmdict
自著	32	40	32 | 32 | 32 40	jmdict
自薦	35	31	31 35 | 35 | 35	jmdict
自衛	36	14 30	14 36 | 36 | 30	corpus
自警	30	36	36 | 30 | 30	jmdict
自販	37	38	37 | 38 | 37	jmdict
自責点	19	10	19 | 10 | 19	jmdict
自賠責保険	37	34	37 | 37 | 34 37	jmdict
自転	15	52	15 52 | 15 | 15	jmdict
自選	30	15	15 | 30 | 30	jmdict
自首		15 34 35	34 | 35 | 15	jmdict
至難	13	19	19 | 13 | 13	jmdict
興国	26	15	26 | 26 | 15 26	corpus
興隆	13	15	13 15 | 13 | 13	jmdict
舌触り	56	13	56 | 13 | 56	jmdict
舌足らず	31	13 56	31 | 31 56 | 13 31	jmdict
舌鼓	56	30	56 | 30 | 56	jmdict
舎利	43 51	33 56	43 56 | 43 51 | 33 51	jmdict
舞台	32 44	17	17 32 | 32 44 | 32 44	jmdict
舞台監督	24	32	24 32 | 24 | 24	jmdict
舞台裏	17	13	13 17 | 17 | 17	jmdict
舞妓	24	33	24 | 24 | 24 33	jmdict
航法	30	17	30 | 17 30 | 30	jmdict
航空学	30	33	30 | 33 | 30	jmdict
舵	45	15 17	15 45 | 17 45 | 45	corpus
舶来	40	26	40 | 40 | 26 40	jmdict
船体	40	45	40 | 45 | 40	jmdict
船倉	44	17	44 | 17 | 44	jmdict
船底	17	45	17 45 | 17 | 17	jmdict
船橋	44	26 45	26 44 | 45 | 44	jmdict
船積み	15	38	15 38 | 15 | 15	jmdict
船腹	19 40	45	19 40 | 19 | 40 45	jmdict
船首	17	45	17 45 | 17 | 17	jmdict
艦	40	45	45 | 40 | 40	corpus
艦艇	45	40	45 | 45 | 40	jmdict
良品	40	13	13 40 | 40 | 40	jmdict
色分け	15	18	15 | 18 | 15	jmdict
色直し	15 42	33	15 42 | 15 33 | 15 42	jmdict
色紙	40	41	40 | 40 41 | 40	jmdict
艶	13	18	13 | 13 | 18	jmdict
芝居	32	30	32 | 30 32 | 32	jmdict
芯	18 41 46	17 40	17 40 41 46 | 18 41 46 | 18 41 46	jmdict
花婿	21	20	20 21 | 21 | 21	jmdict
花嫁	21	20	20 | 21 | 21	jmdict
花屋	38	24 44	38 | 24 44 | 38	jmdict
花押	31	32	31 | 31 32 | 31	jmdict
花瓶	40	45	40 | 40 | 45	jmdict
花盛り	54	13 19	54 | 13 54 | 19 54	jmdict
花粉症	57	56	56 | 57 | 57	jmdict
花鳥風月	50	33	50 | 50 | 33 50	jmdict
芸名	20	32	20 | 20 32 | 20	jmdict
芸域	32	19	19 32 | 32 | 32	jmdict
芸術院	27	32	27 | 27 32 | 27	jmdict
若さ		13 16 57	16 | 57 | 13	jmdict
若宮	20 44	21 33	21 | 20 44 | 20 33 44	jmdict
若菜	54	43	54 | 43 54 | 54	jmdict
苦労	13	30	13 | 13 | 30	jmdict
苦労人	20	24	20 | 20 | 24	jmdict
苦味	13	30	13 | 13 | 30	jmdict
苦手	30	13	30 | 30 | 13	corpus
苦闘	15	14	15 | 15 | 14	jmdict
英	26	31	26 | 26 | 26 31	corpus
英俊	20	24	24 | 20 | 20	jmdict
英数字	31	18	31 | 31 | 18	jmdict
英文	31	32	31 32 | 31 | 31	jmdict
英明	13	30	13 | 13 | 30	jmdict
英霊		12 20 57	20 | 12 | 57	jmdict
茗荷	54	43	54 | 43 54 | 54	jmdict
茜	41 54	13	13 41 54 | 41 54 | 54	jmdict
茶の間	44	17	44 | 44 | 17 44	jmdict
茶会	35	33	33 35 | 35 | 35	jmdict
茶屋	44	38	38 | 44 | 44	jmdict
茶店	44	38	44 | 38 | 44	jmdict
茶碗	45	40	45 | 40 | 45	jmdict
草分け	24	15	15 24 | 24 | 24	jmdict
草取り	15	47	15 47 | 15 | 15	jmdict
草書	32	18	32 | 32 | 18	jmdict
草食		15 43 55	43 | 15 | 55	jmdict
荒れ	13	50	13 50 | 13 | 13	jmdict
荒削り	13	18	13 | 13 | 13 18	jmdict
荒唐無稽	13	10	13 | 10 | 13	jmdict
荒天	50	13	13 50 | 50 | 50	jmdict
荒廃	13	15	13 | 13 15 | 13	jmdict
荒波	50	13	50 | 13 50 | 50	jmdict
菓子屋	38	44	38 | 38 44 | 38	jmdict
菩提寺	44	33	33 44 | 44 | 44	jmdict
菩薩	20	33	20 | 33 | 20	jmdict
華盛頓	26	20	26 | 26 | 20	jmdict
落ちこぼれ	20	24	20 | 24 | 20	jmdict
落ち度	13	10	13 | 10 | 13	jmdict
落ち着き	30	13	13 30 | 30 | 30	jmdict
落とし穴	13	17 30 40	13 | 17 30 | 13 40	corpus
落日	52	50	52 | 50 52 | 52	jmdict
落盤	15	50	50 | 15 | 15	jmdict
落石	50	51	50 51 | 50 | 50	jmdict
落第	15	13 33	15 33 | 15 | 13	jmdict
落語家	24	32	24 | 24 | 24 32	jmdict
落選	10	15 36	15 36 | 10 | 10	jmdict
葉巻	40	43	40 | 43 | 40	jmdict
葉書	40	31	40 | 31 40 | 40	jmdict
著書	32	40	32 | 32 40 | 32	jmdict
著者	24	32	24 | 24 32 | 24	corpus
蒸し		15 30 43	15 | 43 | 30	jmdict
蓮華	54	40 45	54 | 45 54 | 40 54	jmdict
蔵相	24 25	36	24 36 | 24 25 | 25	jmdict
蕎麦屋	38	44	38 44 | 38 | 38	jmdict
蕨	54	43	43 54 | 54 | 54	jmdict
薄	19	13 54	54 | 19 | 13 19	jmdict
薄切り	15	19	15 19 | 15 | 15	jmdict
薄弱	14	13	14 | 13 | 14	jmdict
薄手		18 19 42	42 | 19 | 18	jmdict
薄皮	56	51	56 | 51 56 | 56	jmdict
薬	40	51	40 | 40 51 | 40	corpus
薬剤	40 51	41	41 51 | 40 | 40 51	jmdict
薬効	14	13	14 | 14 | 13	jmdict
薬品	41	40 51	41 51 | 41 | 40 41	corpus
薬害	10	13 56	13 | 10 56 | 10	jmdict
薬局	38 44	27	38 44 | 38 | 27 44	corpus
薬師如来	33	20	33 | 33 | 20	jmdict
薬理		10 30 57	30 | 10 | 57	jmdict
藍綬褒章	33	40	33 | 33 | 40	jmdict
虐待	35	15	15 | 35 | 35	jmdict
虚	10	13	10 13 | 10 | 10	corpus
虚々実々	30	10	30 | 10 30 | 30	jmdict
虚弱	13	56	13 | 13 | 56	jmdict
虚無	13	12 30	12 30 | 13 | 13	jmdict
虚礼	35	33	35 | 33 35 | 35	jmdict
虚空	17	52	17 | 17 52 | 17	jmdict
虚脱	13	14 56	13 14 | 13 56 | 13	jmdict
虜		20 22 24	20 | 24 | 22	jmdict
虫垂炎	57	56	57 | 57 | 56	jmdict
蛇の目	18	40 56	18 40 | 18 56 | 18	jmdict
蛮勇	30	14	30 | 30 | 14	jmdict
蛮行	10	15	10 | 15 | 10	jmdict
蛸	55	43	55 | 43 55 | 55	jmdict
蜂起	36	15	15 | 36 | 36	jmdict
融雪	15	50	15 | 15 | 15 50	jmdict
血	56	51	56 | 56 | 51 56	corpus
血液型	18 56	11	11 56 | 18 | 18 56	jmdict
血液検査	56	15	56 | 15 | 56	corpus
血清	51	56	51 | 51 56 | 51	jmdict
血痕	51	56	56 | 51 | 51	jmdict
血行	56	15	56 | 56 | 15 56	jmdict
衆目	22	20 30	22 | 22 30 | 20	jmdict
行	15 18	17 27 30	17 | 15 18 27 30 | 15 18	corpus
行き過ぎ	19	15	15 19 | 19 | 19	jmdict
行使	34	15	34 | 34 | 15 34	corpus
行列	17 18	19	17 18 | 17 18 19 | 17 18	corpus
行列演算	30	15	15 | 30 | 30	corpus
行商	38	37	38 | 37 38 | 38	jmdict
行政法	36	34	36 | 36 | 34	corpus
行方不明	13	17	13 17 | 13 | 13	jmdict
行書	32	18	18 32 | 32 | 32	jmdict
行程	15 16	17	15 16 17 | 15 16 | 15	jmdict
行間	17	30 31	17 30 | 17 31 | 17	jmdict
術中	30	16	16 30 | 30 | 30	jmdict
街づくり	47	26	26 | 47 | 47	jmdict
街宣車	45	36	36 45 | 45 | 45	jmdict
衛生	33	13	13 | 33 | 33	corpus
衝	52	15	15 | 52 | 52	corpus
衣替え	15 42	33	15 33 | 15 42 | 15 42	jmdict
衣食	42 43	33	33 42 43 | 42 43 | 42 43	jmdict
衣食住	33	42 43 44	33 42 43 44 | 33 | 33	jmdict
表	17 18 40	31	17 18 | 17 31 40 | 18 40	corpus
表向き	13	18	13 | 18 | 13	corpus
表層	17	18	18 | 17 | 17	corpus
表情	18	30 56	18 | 18 | 30 56	corpus
表皮	56	54	56 | 54 56 | 56	jmdict
表看板	40	13	40 | 13 40 | 40	jmdict
表示	31	18	31 | 18 31 | 31	corpus
表装	15	32 40	15 | 32 | 15 40	jmdict
表計算	45	30	30 45 | 45 | 45	jmdict
表象	30	18	18 | 30 | 30	jmdict
表面	18	17	18 | 18 | 17	corpus
表面化	15	12	12 15 | 15 | 15	corpus
衰え	15	14	14 | 15 | 15	corpus
衰弱	15	14	15 | 15 | 14 15	jmdict
袖	42	56	42 56 | 42 | 42	jmdict
被	42	40	42 | 40 | 42	corpus
被写体	32	10 40	32 | 32 | 10 40	jmdict
被告	24	22	24 | 24 | 22	corpus
被災	50	10 13 15	10 50 | 15 50 | 13	jmdict
被爆	15	50	15 | 15 50 | 15	jmdict
被疑者	20	24	20 | 24 | 20	jmdict
被覆	15	41	15 41 | 15 | 15	jmdict
裁き	36	34	36 | 34 | 36	jmdict
裁判所命令	36	27 34	34 36 | 27 36 | 36	corpus
裁定	36	30 35	36 | 35 36 | 30	jmdict
裂け目	18	17	17 18 | 18 | 18	jmdict
装丁	32	40	32 40 | 32 | 32	jmdict
装備	40	45	40 | 40 45 | 40	jmdict
装具	40	45	40 | 40 | 45	jmdict
装身具	40	42	40 | 40 42 | 40	jmdict
裏付け	10	30	10 | 10 30 | 10	corpus
裏切り者	24	22	24 | 24 | 22	jmdict
裏打ち	10	41	10 41 | 10 | 10	jmdict
裏書	31 37	34	31 37 | 31 37 | 34	jmdict
裏番組	32	16	32 | 32 | 16 32	jmdict
裏表	18	30	18 | 18 30 | 18	jmdict
裏話	31	33	31 | 31 | 33	jmdict
裏面	17	18	18 | 17 | 17	jmdict
補	24	15	24 | 15 | 24	corpus
補佐	35	30	30 | 35 | 35	jmdict
補償	37	34	37 | 37 | 34 37	corpus
補助		14 30 35	35 | 30 | 14	corpus
補填	37	15	37 | 37 | 15 37	jmdict
補導	15	35	15 | 35 | 15	jmdict
裸		13 18 42 56	13 | 18 | 42 56	corpus
裸体	56	18	18 56 | 56 | 56	jmdict
裸足	56	42	56 | 56 | 42	jmdict
製	40	38	40 | 38 | 40	corpus
製作	15 32	38	15 32 | 32 38 | 15 32	jmdict
製品ライン	11 40	38	40 | 11 38 | 11 40	corpus
製本	32	38	38 | 32 | 32	jmdict
製材	38	15 41	38 | 38 | 15 41	jmdict
製油	38	15	15 38 | 38 | 38	jmdict
製油所	38	44	38 | 38 44 | 38	jmdict
製版	32	38	32 | 32 | 38	jmdict
製鉄所	38	44	38 | 38 | 38 44	jmdict
裾野	17	19 47 50	17 | 17 50 | 19 47	jmdict
複線	18	17	17 | 18 | 18	jmdict
複雑さ	19	13	13 19 | 19 | 19	corpus
複雑性	19	13	19 | 19 | 13	corpus
襖	44	40	44 | 44 | 40 44	jmdict
西日	50	52	50 | 50 | 50 52	jmdict
西洋	26	33	26 | 26 | 26 33	jmdict
西洋人	23	20	20 23 | 23 | 23	jmdict
西瓜	43	54	43 | 43 54 | 43	jmdict
西部	17	26	17 | 17 26 | 17	corpus
要	13	10	13 | 10 | 13	corpus
要人	20	24	24 | 20 | 20	corpus
要件	10	34	10 | 10 34 | 10	corpus
要旨	10	32	10 | 32 | 10	corpus
要求		31 34 35	31 | 34 | 35	corpus
要点	30	10	30 | 10 | 30	corpus
要素	11	10	10 | 11 | 11	corpus
要綱	30	10	30 | 10 | 30	jmdict
要職	25	13	25 | 25 | 13	jmdict
要覧	32	31	31 32 | 32 | 32	jmdict
要請	31	35	31 | 31 | 35	corpus
要領	30	10	30 | 30 | 10 30	jmdict
覆土	41	15 47	15 41 | 47 | 41	jmdict
覇気	14	30	14 | 14 30 | 14	jmdict
覇者	24	36	24 36 | 24 | 24	jmdict
見え隠れ	12	15	12 15 | 12 | 12	jmdict
見せかけ	18	13	13 | 18 | 18	corpus
見せしめ	36	34	34 | 36 | 36	jmdict
見せ掛け	18	10 13	13 18 | 10 18 | 18	jmdict
見出	32	31	31 32 | 32 | 32	corpus
見出し	31	32	32 | 31 | 31	corpus
見切り	15	30 37	15 37 | 15 | 30	jmdict
見取り図	18	17	17 18 | 18 | 18	jmdict
見合わせ	15	35	15 | 15 | 15 35	corpus
見学	33	35	33 | 35 | 33	jmdict
見当違い	13	17 30	30 | 13 | 13 17	jmdict
見物	33	20 32	20 32 | 33 | 33	jmdict
見物人	24	22	22 | 24 | 24	jmdict
見直	15	30	15 | 15 30 | 15	corpus
見積	37	19 30	30 37 | 37 | 19	corpus
見積もり	19 30	37	30 37 | 19 | 19 30	jmdict
見聞き	30	31	30 | 31 | 30	jmdict
見落し	30	10	30 | 10 | 30	jmdict
見逃し	30	10	30 | 30 | 10	corpus
見通	13	17	13 | 13 | 13 17	corpus
見通し	13	17	13 | 13 | 13 17	corpus
規制	36	34	36 | 36 | 34	corpus
規格	18	11	11 | 18 | 18	corpus
視察	15	30	15 | 30 | 15	jmdict
視線	56	17	17 56 | 56 | 56	jmdict
視聴		30 32 56	56 | 30 | 32	jmdict
視聴者	22	24	22 | 22 | 24	jmdict
視角	30	17 19	19 | 30 | 17 30	jmdict
覚醒剤	51	40	51 | 40 51 | 51	jmdict
親不孝	34	21	34 | 34 | 21	jmdict
親代わり	21	20 24	20 21 | 21 | 21 24	jmdict
親分	24	25	24 | 25 | 24	jmdict
親和	35	30	35 | 35 | 30	jmdict
親孝行	21	33 34	21 34 | 21 | 33	jmdict
親密	13	35	13 | 13 | 35	jmdict
親日	30	13	30 | 13 | 30	jmdict
親権	34	21	21 34 | 34 | 34	jmdict
親身	30	13	30 | 30 | 13 30	jmdict
親鳥	55	21	21 55 | 55 | 55	jmdict
観光客	24	20	24 | 24 | 20	jmdict
観戦	33	30	30 | 33 | 33	jmdict
観覧	32	33	32 | 32 | 33	jmdict
観閲	35	15 36	35 36 | 35 | 15	jmdict
角	17 18 56	55	17 18 56 | 17 18 56 | 17 18 55	corpus
角地	47	17	17 47 | 47 | 47	jmdict
角界	26	33	26 | 26 33 | 26	jmdict
解	30	10	30 | 10 30 | 30	corpus
解任	15	25 36	15 36 | 15 25 | 15	jmdict
解剖学		30 33 56	30 | 56 | 33	jmdict
解熱	15	56	15 | 15 | 15 56	jmdict
解答	10	30	10 | 10 | 10 30	corpus
解職	15	36	15 36 | 15 | 15	jmdict
触	31	35	35 | 31 | 31	corpus
触れ	31	15	31 | 31 | 15 31	corpus
触れ込み	31	10	10 31 | 31 | 31	jmdict
触媒	41	51	41 | 51 | 41	jmdict
触発	15	30	15 30 | 15 | 15	jmdict
言いなり	35	36	35 | 35 | 36	jmdict
言い争い	35	31	35 | 31 35 | 35	jmdict
言い渡し	31	36	31 36 | 31 | 31	jmdict
言い訳	30	31	30 | 30 | 30 31	jmdict
言明	31	10	31 | 10 31 | 31	jmdict
言行	31	15	15 31 | 31 | 31	jmdict
計上	37	38	37 | 38 | 37	corpus
計算	30	19	19 30 | 30 | 30	corpus
討論	31	35	31 35 | 31 | 31	corpus
討議	31	30	30 31 | 31 | 31	jmdict
訓令	36	31	36 | 31 36 | 36	jmdict
訓告		31 34 35	35 | 34 | 31	jmdict
記	31	32	31 | 32 | 31	corpus
記号	18	31	31 | 18 | 18	jmdict
記帳	31	38	31 | 31 | 38	jmdict
記念	33	30	33 | 30 33 | 33	jmdict
記念日	16	33	16 33 | 16 | 16	jmdict
記念碑	44	33	44 | 44 | 33 44	jmdict
記述子	31	40	31 40 | 31 | 31	corpus
記録	31	19 32 40	31 40 | 19 32 | 31	corpus
訪れ	15	35	15 | 15 35 | 15	jmdict
訪問者	22	24	22 | 22 | 24	corpus
設定		13 15 30	13 | 15 | 30	corpus
許し	34	30	34 | 30 34 | 34	corpus
訳	10 31	30	10 31 | 10 31 | 30 31	corpus
訳書	32	40	32 40 | 32 | 32	jmdict
訴	31	34	31 | 31 34 | 31	corpus
訴状	31	40	31 | 31 | 31 40	corpus
診察	15	35	15 | 35 | 15	jmdict
診療	15	38	15 | 38 | 15	corpus
証文	31	40	31 40 | 31 | 31	jmdict
証明	10	31	10 | 10 31 | 10	corpus
証書	40	31	31 40 | 40 | 40	jmdict
証状	40	31	31 40 | 40 | 40	corpus
詔書	31 36	33	31 36 | 31 33 | 31 36	jmdict
評定	13	30	30 | 13 | 13	jmdict
試し	30	15	30 | 30 | 15 30	corpus
試み	15	30	15 | 30 | 15	corpus
試作	38	40	38 | 38 | 38 40	corpus
試合	10	33	33 | 10 | 10	corpus
試掘	15 38	47	38 | 15 38 | 15 47	jmdict
試金石	30	10 41 45	10 41 | 30 45 | 30	jmdict
試食	43	15	43 | 15 43 | 43	jmdict
試飲	15	43	43 | 15 | 15	jmdict
詩人	24	32	24 32 | 24 | 24	jmdict
詩碑	40	32	32 40 | 40 | 40	jmdict
詩集	32	40	32 | 32 40 | 32	jmdict
詭弁	31	30	30 | 31 | 31	jmdict
詰	15	19	19 | 15 | 15	corpus
詰め	15	30 40	15 | 15 | 15 30 40	corpus
詰め合わせ	40	11	11 | 40 | 40	jmdict
詰め所	44	17	17 | 44 | 44	jmdict
詰将棋	33	30 32	32 | 33 | 30 33	jmdict
話	10 31	32	10 31 | 10 31 32 | 10 31	corpus
話し声	31 56	50	31 56 | 50 56 | 31	jmdict
話者	20	24	20 | 24 | 20	corpus
詳細	10	13	10 | 13 | 10	corpus
誇	30	13	30 | 30 | 13	corpus
誇張	31	19	31 | 31 | 19	corpus
誌面	17	32 40	40 | 17 32 | 17	jmdict
認め	10	30	10 | 30 | 10	corpus
認否	10	31	10 | 10 31 | 10	corpus
認容	30	34	30 | 30 | 34	jmdict
認証	30	10	30 | 30 | 10	corpus
誓約書	34 40	31	31 40 | 34 40 | 34 40	jmdict
誕生	57	15	57 | 57 | 15 57	jmdict
誘	35	30	35 | 35 | 30	corpus
誘い水	30	51	30 51 | 30 | 30	jmdict
誘因	10	30	10 | 30 | 10	corpus
誘引	15	30 35	15 | 30 35 | 15	jmdict
誘致	15	35	35 | 15 | 15	jmdict
語り口	31	18	31 | 18 31 | 31	jmdict
語り草	31	33	31 | 31 | 31 33	jmdict
語尾	31	18	18 31 | 31 | 31	jmdict
語源	31	33	31 | 31 | 31 33	jmdict
語録	32	31	32 | 32 | 31 32	jmdict
誠	30	10 13	13 30 | 10 30 | 30	jmdict
誤判	30	10 36	10 30 | 30 | 36	corpus
誤報	10	31	10 | 10 31 | 10	corpus
誤植	32	10 31	10 32 | 32 | 31	jmdict
誤用	15	31	15 | 15 31 | 15	corpus
誤記	31	10	31 | 31 | 10	corpus
誤診	10	30	30 | 10 | 10	jmdict
説	30	10	30 | 10 | 30	corpus
説得	35	31	35 | 35 | 31	corpus
説法	31	33	31 33 | 31 | 31	jmdict
読み方	31	30	30 31 | 31 | 31	jmdict
読み物	32	40	32 | 32 40 | 32	corpus
読者	24	22	24 | 22 | 24	corpus
課外	33	16	16 | 33 | 33	jmdict
課題	10	30	10 | 10 30 | 10	corpus
調べ	30	32	30 | 30 | 30 32	corpus
調剤	15	38	15 38 | 15 | 15	jmdict
調印	35	31	31 | 35 | 35	jmdict
調味	15	43	43 | 15 | 15	jmdict
調子	13	32	13 32 | 13 | 13	jmdict
調査報告	31 32	40	31 32 | 31 32 | 31 40	corpus
調理	43	15 33	33 43 | 15 | 43	jmdict
談合	35	36 37	35 | 35 36 | 35 37	jmdict
談笑	35	31	31 35 | 35 | 35	jmdict
談義	31	35	31 | 31 | 31 35	jmdict
談話	31	35	31 | 31 | 31 35	jmdict
談論	31	30	31 | 31 | 30 31	jmdict
請求書	37	40	37 | 37 40 | 37	corpus
請託	35	31	31 | 35 | 35	jmdict
論争	31	35	31 35 | 31 | 31	corpus
論功行賞	37	35	35 | 37 | 37	jmdict
論拠	10	30	10 | 10 | 30	corpus
論文	32	31	32 | 31 32 | 32	corpus
論結	30	10	30 | 10 | 30	corpus
論考	32	31	32 | 32 | 31 32	corpus
論評	31	32	31 | 31 | 32	corpus
諜報	30	36	30 | 30 | 36	corpus
諸	19	11	19 | 19 | 11	corpus
諸刃	45	18	18 45 | 45 | 45	jmdict
諸君	22	20	22 | 22 | 20	jmdict
諸島		17 26 50	17 | 26 | 50	jmdict
諾		10 30 35	30 | 10 | 35	corpus
諾否	10	35	10 | 10 | 35	jmdict
謀略	30	36	30 36 | 30 | 30	jmdict
謄本	40	31	40 | 40 | 31 40	jmdict
謙虚	13	30	13 | 30 | 13	jmdict
講	31	27	31 | 31 | 27 31	corpus
講和	36	35	36 | 36 | 35	jmdict
講習	33	30	33 | 30 | 33	jmdict
謝恩会	35	33	35 | 33 35 | 35	jmdict
謹慎	34	30	30 | 34 | 34	jmdict
警備	15	35	15 | 35 | 15	corpus
警句	31	30	31 | 31 | 30 31	jmdict
警笛	45	50	45 | 45 50 | 45	jmdict
警護	35	15	15 | 35 | 35	jmdict
警鐘	10	46	10 | 10 | 10 46	corpus
議事録	31	32	32 | 31 | 31	corpus
議定書	31	33 34	31 | 31 34 | 31 33	jmdict
議案	10 36	31	31 | 10 36 | 10 36	jmdict
議長	24	27	24 | 24 27 | 24	jmdict
議題	10	31	31 | 10 | 10	corpus
護	15	34	34 | 15 | 15	corpus
護岸	44	47	44 47 | 44 | 44	jmdict
護衛	24 35	15	15 24 | 24 35 | 35	jmdict
谷	17	50	17 | 50 | 17	jmdict
豆知識	30	10	30 | 30 | 10	jmdict
豊年	16	13	13 16 | 16 | 16	jmdict
豊満	18	13	18 | 18 | 13	jmdict
豊漁		13 19 50	19 | 50 | 13	jmdict
豚	55	43	43 55 | 55 | 55	jmdict
象牙	41 56	51	41 56 | 41 51 | 41 56	jmdict
豪傑	20	24	20 | 24 | 20	jmdict
豪華版		11 18 40	18 | 11 | 40	jmdict
負	19	13	19 | 13 | 19	corpus
負け	13	15	13 | 15 | 13	jmdict
負荷	14	19	14 | 14 19 | 14	corpus
負託	34	35	35 | 34 | 34	jmdict
財	37	40	37 | 37 | 37 40	corpus
財務	37	38	37 | 37 | 38	corpus
財務相	25	24	24 25 | 25 | 25	corpus
財務省	27	36	27 36 | 27 | 27	corpus
財政	37	36	37 | 36 37 | 37	jmdict
財閥	27	38	27 38 | 27 | 27	jmdict
貢献	15	35	15 | 15 | 35	corpus
貧富	13 19	37	13 19 | 13 19 | 13 37	jmdict
貧相	13	18	13 | 18 | 13	jmdict
販促	38	37	38 | 38 | 37 38	jmdict
販路	38	17 37	37 38 | 17 38 | 38	jmdict
責め	30	35	30 35 | 30 | 30	jmdict
責任感	30	34	30 | 30 34 | 30	jmdict
責任転嫁	34	30	34 | 34 | 30	jmdict
貴人	25	20	25 | 20 25 | 25	jmdict
貴公子	20	25	20 | 20 | 25	jmdict
買い主	22	24	24 | 22 | 22	jmdict
買い得	37	13	37 | 37 | 13 37	jmdict
買い手	24	22 37	22 | 24 | 24 37	jmdict
買収	37	36	36 37 | 37 | 37	corpus
貸し	37	35	35 37 | 37 | 37	corpus
貸し手	24	37	24 37 | 24 | 24	jmdict
費消	37	15	15 37 | 37 | 37	jmdict
費目	37	11	37 | 11 | 37	jmdict
貿易	38	37	37 38 | 38 | 38	jmdict
賃上げ	37	15	15 37 | 37 | 37	jmdict
賃下げ	37	15	15 37 | 37 | 37	jmdict
賃貸	37	44	37 | 37 44 | 37	jmdict
賃貸借	37	34	37 | 34 37 | 37	jmdict
資料	40	31	31 40 | 40 | 40	corpus
資本主義	36	38	38 | 36 | 36	jmdict
資本財	40	38	38 40 | 40 | 40	jmdict
賛	30	13	13 | 30 | 30	corpus
賛同	30	35	30 | 35 | 30	jmdict
賛辞	31	35	31 | 31 | 35	jmdict
賞	37	40	40 | 37 | 37	corpus
賞味	43	30	43 | 43 | 30	jmdict
賞罰	36	35	36 | 36 | 35 36	jmdict
賞賛	35	30 31	30 | 35 | 31 35	jmdict
賠償	37	34	37 | 34 37 | 37	corpus
質	13 37	51	13 | 13 37 51 | 13 37	corpus
質屋	38	27	38 | 27 38 | 38	jmdict
質感	18	13	13 18 | 18 | 18	jmdict
購買力	14	37	14 | 14 | 14 37	jmdict
贈収賄	37	36	37 | 37 | 36	jmdict
贋作	32	40	32 | 32 | 32 40	jmdict
贔屓	35	30	35 | 35 | 30	jmdict
赤信号	46	45	45 | 46 | 46	jmdict
赤毛	56	20	56 | 56 | 20 56	jmdict
赤身	43	56	43 | 43 56 | 43	jmdict
赤道	17	52	17 | 17 | 17 52	jmdict
赦免	34	36	34 | 34 | 34 36	jmdict
走り幅跳び	33	15	15 | 33 | 33	jmdict
走法	30	15 18	30 | 18 30 | 15 30	jmdict
赴任	15	38	15 38 | 15 | 15	jmdict
起こり	15	12	12 | 15 | 15	corpus
起伏	18	13	18 | 13 18 | 18	jmdict
起因	10	15	10 | 15 | 10	corpus
起業	38	15	38 | 38 | 15 38	jmdict
起死回生	15	13	13 | 15 | 15	jmdict
起源	15	16	15 | 16 | 15	corpus
起算	16	15 30	16 30 | 16 | 15	jmdict
起訴	34	36	34 | 36 | 34	corpus
超特急	45	15	15 45 | 45 | 45	jmdict
超絶	19	13	13 19 | 19 | 19	jmdict
超自然	50	13	50 | 50 | 13 50	jmdict
超越	15	30	15 | 15 30 | 15	jmdict
超音速	19	14	14 | 19 | 19	jmdict
越歴	16	33	16 | 16 | 33	jmdict
趣	13	30	30 | 13 | 13	corpus
趣味	30	33	30 | 30 | 30 33	jmdict
趣意書	31 40	32	31 40 | 31 40 | 31 32	jmdict
足	56	30	56 | 56 | 30 56	corpus
足し	19	15	19 | 15 | 19	corpus
足し算	19	30	19 | 19 | 30	jmdict
足ずり	15	56	15 | 15 56 | 15	jmdict
足並み	35	15	35 | 15 35 | 35	corpus
足取り	15	56	15 56 | 15 | 15	jmdict
足場	17 45	44	17 44 | 17 45 | 17 45	corpus
足踏み	15	56	15 | 15 | 15 56	jmdict
跡目	21	25	25 | 21 | 21	jmdict
路線	17	30	17 | 17 30 | 17	jmdict
路線図	40	17	40 | 40 | 17 40	jmdict
跳ね	15	19	15 | 15 | 15 19	jmdict
跳ね上がり	15	19	15 | 15 | 15 19	jmdict
踏み絵	40	10 30 33	30 40 | 40 | 10 33 40	jmdict
踏切	17	15 44	15 17 | 17 | 17 44	jmdict
身上	13 20	37	13 20 | 13 20 37 | 13	jmdict
身代わり		20 22 24	20 | 22 | 24	jmdict
身代金要求	37	34	34 37 | 37 | 37	jmdict
身分証明	10	40	10 | 10 | 10 40	corpus
身動き	15	56	15 | 15 | 15 56	jmdict
身勝手	13	30	30 | 13 | 13	jmdict
身投げ	57	15	15 57 | 57 | 57	jmdict
身支度	42	15 30	15 42 | 30 | 42	jmdict
身近	17	13 22	17 | 17 22 | 13	jmdict
身重	56	13 57	57 | 13 56 | 56	jmdict
身震い	56	15	56 | 56 | 15 56	jmdict
躾	33	30	33 | 33 | 30	jmdict
車体	45	40	45 | 45 | 40	jmdict
車窓	44	45	45 | 44 | 44	jmdict
車載	45	15	45 | 45 | 15	corpus
軍事行動	15	36	36 | 15 | 15	corpus
軍備	40	36	40 | 40 | 36 40	corpus
軍務	38	34	34 | 38 | 38	jmdict
軍勢	20	14	14 | 20 | 20	jmdict
軍国	26	36	26 36 | 26 | 26	jmdict
軍部	27	36	27 36 | 27 | 27	jmdict
軍配	45	40	45 | 40 | 45	jmdict
軒並み	19	44	19 | 19 | 19 44	corpus
軟弱	13	14	13 | 14 | 13	jmdict
軟投	15	13	15 | 13 15 | 15	jmdict
軟派		20 22 30 36	22 36 | 20 | 30	jmdict
軟着陸	15	13	15 | 13 15 | 15	jmdict
軟禁	15	36	15 | 36 | 15	jmdict
転任	15	38	15 | 15 | 15 38	jmdict
転写	15	31 32	15 32 | 15 | 15 31	jmdict
転落	15	13	15 | 13 15 | 15	jmdict
転載	32	31	32 | 31 | 32	corpus
軸	18 30	17 45	17 18 | 18 30 | 18 30 45	corpus
軽はずみ	13	30	13 | 30 | 13	jmdict
軽快	13	15	13 | 13 | 13 15	jmdict
軽犯罪	10	34	10 | 10 | 34	jmdict
軽症	56	57	57 | 56 | 56	jmdict
軽視	30	13	30 | 30 | 13	corpus
軽金属	41	51	41 | 41 | 41 51	jmdict
輝度	19	13	19 | 13 | 19	jmdict
輪切り	18	15	18 | 18 | 15 18	jmdict
輪廻	57	15 33	15 | 33 57 | 57	jmdict
輸出入	37	38	37 | 37 | 37 38	corpus
辛	13	43	13 | 13 | 43	jmdict
辛勝	10	13	10 | 13 | 10	jmdict
辛酸	13	30	13 | 30 | 13	jmdict
辞	31	15	31 | 31 | 15 31	corpus
辞世	32	57	32 | 32 57 | 32	jmdict
辞令	31 40	36	31 36 | 31 40 | 40	jmdict
辞典	31 40	32	31 40 | 32 40 | 31 40	jmdict
辞林	31 40	32	31 40 | 32 40 | 31	jmdict
辞表	31	40	31 | 31 | 40	jmdict
辞退	35	15	35 | 35 | 15	jmdict
農地改革	47	15 36	36 47 | 15 47 | 47	jmdict
農学	30	33 38	33 | 30 38 | 30	jmdict
農家	24	44	24 | 24 | 24 44	corpus
農林	38	47	38 | 38 | 38 47	jmdict
農林水産省	27	36	27 | 27 36 | 27	jmdict
農業協同組合	27	38	27 38 | 27 | 27	jmdict
農業試験場	27	44	27 44 | 27 | 27	jmdict
農産物	40	43	40 | 40 | 43	jmdict
農耕	47	38	38 47 | 47 | 47	jmdict
農芸	38	47	38 | 47 | 38	jmdict
辺り	17	19	17 | 17 | 17 19	jmdict
辻堂	44	17	44 | 17 | 44	jmdict
辻褄	10	30	10 30 | 10 | 10	jmdict
込み	13	15 19	13 | 13 15 | 19	corpus
迂回	15	30	15 30 | 15 | 15	corpus
迎	15	16	15 16 | 15 | 15	corpus
迎え	35	15	35 | 15 35 | 35	corpus
近く	17	16	16 17 | 17 | 17	corpus
近作	32	16	16 32 | 32 | 32	jmdict
近刊	32	16 40	32 | 16 32 | 32 40	jmdict
近衛	24	25	24 25 | 24 | 24	jmdict
近道	17	30	17 | 17 | 17 30	jmdict
返し	15 31	42	15 | 15 31 42 | 15 31	corpus
返り咲き	15	54	15 54 | 15 | 15	jmdict
返事	31	35	31 35 | 31 | 31	jmdict
返品	37	15	37 | 37 | 15 37	jmdict
返書	31	40	31 | 31 | 31 40	jmdict
返還	15	37	15 37 | 15 | 15	jmdict
迫	14	15	14 | 14 | 15	corpus
迫害	36	15	36 | 15 | 36	jmdict
迷信	30	10	10 | 30 | 30	jmdict
迷彩	18	30	30 | 18 | 18	jmdict
迷惑メール	31	40	31 | 31 40 | 31	corpus
迷路	17	40	40 | 17 | 17	jmdict
追っかけ	24	22	22 | 24 | 24	jmdict
追っ手	22	24	22 | 22 | 24	jmdict
追及	15	35	35 | 15 | 15	corpus
追悼	30	33	30 | 30 33 | 30	jmdict
追記	32	31	32 | 31 | 32	corpus
追試		10 15 33	10 | 15 | 33	corpus
追認	34	10	34 | 10 34 | 34	corpus
退潮	13 50	15	13 50 | 13 50 | 15	jmdict
送り先	17	22	17 | 17 | 17 22	jmdict
送り手	24	22	24 | 22 | 24	corpus
送信	31	15	31 | 15 31 | 31	corpus
送球	33	15	33 | 33 | 15 33	jmdict
送稿	31	32	31 | 31 | 32	jmdict
逃げ腰	13	18 30	18 30 | 13 | 13	jmdict
逃げ道	17	30	17 | 17 30 | 17	jmdict
逃避	15	30	15 30 | 15 | 15	corpus
逆		13 17 18	17 | 18 | 13	corpus
逆さ	18	17	18 | 17 18 | 18	corpus
逆効果	15	13	15 | 13 | 15	corpus
逆探知	30	15	15 | 30 | 30	jmdict
逆立ち	15 18	56	15 18 | 18 | 15 56	jmdict
逆行	15	17	15 17 | 15 | 15	jmdict
逆説	10	30	10 | 30 | 10	corpus
逆転勝ち	15	10 13	13 15 | 15 | 10	jmdict
透かし	18	40	40 | 18 | 18	jmdict
透明	13	18	18 | 13 | 13	corpus
透析	15	56 57	15 | 15 56 | 57	corpus
途上	15	17	15 17 | 15 | 15	corpus
途方	30	17	17 | 30 | 30	jmdict
通	17	19 20 24	17 | 24 | 17 19 20	corpus
通し	15	16	15 | 15 | 15 16	corpus
通じ	30	17 31	17 30 | 30 | 30 31	corpus
通り魔	20	24	20 | 24 | 20	jmdict
通信簿	40	31	31 40 | 40 | 40	jmdict
通信網	27	15 17	15 27 | 17 | 27	corpus
通信路	17	31	17 31 | 17 | 17	corpus
通勤	15	33	15 33 | 15 | 15	jmdict
通学	15	33	15 33 | 15 | 15	jmdict
通帳	40	37	40 | 37 40 | 40	jmdict
通気	15	17	15 | 17 | 15	jmdict
通産相	25	24	24 25 | 25 | 25	jmdict
通称	31	20	31 | 20 | 31	corpus
通航	15	17	15 17 | 15 | 15	jmdict
通行	15	17	15 | 15 | 15 17	jmdict
通話	31	35	31 | 31 35 | 31	corpus
通説	10	30	10 | 10 30 | 10	jmdict
通達	31	36	31 36 | 31 | 31	jmdict
通関	38	37	38 | 37 | 38	jmdict
通風	15	50	15 50 | 15 | 15	jmdict
逝去	57	15	15 | 57 | 57	jmdict
速力	19	14	14 | 19 | 19	jmdict
速球	15	40 51	15 | 15 51 | 40	jmdict
速記録	31 40	32	32 40 | 31 40 | 31 40	jmdict
速達便		31 38 40	31 | 38 | 40	jmdict
造作	44	18 30	44 | 44 | 18 30	jmdict
造化	50	15	15 | 50 | 50	corpus
造園	47	38	47 | 38 | 47	jmdict
造幣	38	37	38 | 38 | 37	jmdict
造形	32	18	32 | 32 | 18 32	jmdict
造語	31	32	31 | 31 32 | 31	jmdict
連係	35	15	15 35 | 35 | 35	jmdict
連勝		10 13 15	10 | 15 | 13	jmdict
連合	27	35	27 35 | 27 | 27	corpus
連帯保証	34	37	34 | 34 | 34 37	jmdict
連座	34	36	34 | 36 | 34	jmdict
連戦	15	10	15 | 10 | 15	jmdict
連投	15	31	15 | 15 31 | 15	jmdict
連敗		10 13 15	10 | 15 | 13	jmdict
連理	18	54	54 | 18 | 18	jmdict
連立	36	15 30	36 | 30 36 | 15 36	corpus
連絡	35	31	35 | 31 35 | 35	corpus
連絡先		17 22 31 35	17 22 | 35 | 31	jmdict
連続性	15	13	15 | 13 | 15	corpus
連邦政府	27 36	26	27 36 | 26 36 | 27 36	corpus
週刊	16	32	16 32 | 16 | 16	jmdict
進入	15	17	15 | 15 | 15 17	jmdict
進呈	35	37	35 37 | 35 | 35	jmdict
進学	15	33	15 | 15 | 33	jmdict
進駐	15	36	15 | 15 36 | 15	jmdict
進駐軍	27	36	27 36 | 27 | 27	jmdict
逸品	40	13	40 | 13 40 | 40	jmdict
逸材	24	20	24 | 24 | 20	jmdict
逼迫	13	14	13 | 13 14 | 13	corpus
遅咲き	16 54	13 24	16 24 54 | 13 16 54 | 16 54	jmdict
遅滞	15	16	15 | 15 | 16	jmdict
遊園地	44	33 47	47 | 33 44 | 44	jmdict
遊山	33	15	15 | 33 | 33	jmdict
遊牧	33	47	33 47 | 33 | 33	jmdict
遊覧	15	33	33 | 15 | 15	jmdict
運動	15	33	15 | 15 | 15 33	jmdict
運動不足		13 15 19 56	13 | 56 | 15 19	jmdict
運用	38	30	38 | 30 38 | 38	corpus
運転	15	38	15 | 15 | 15 38	corpus
過ぎ	19	15 16	15 16 19 | 19 | 19	jmdict
過保護	30	13	30 | 13 | 30	jmdict
過労	13	57	13 | 13 | 57	jmdict
過失	34	10	34 | 34 | 10 34	corpus
過失致死	10	57	10 | 10 | 10 57	jmdict
過密	13	19	13 19 | 13 | 13	jmdict
過小評価	13	30	13 | 30 | 13	corpus
過少申告	31	37	31 | 31 37 | 31	jmdict
過熱	50	13	13 50 | 50 | 50	corpus
過食	33	43	33 | 43 | 33	jmdict
道	17 30	26	17 30 | 17 30 | 17 26 30	corpus
道のり	17	19	17 | 17 | 17 19	jmdict
道具	45	30	45 | 30 45 | 45	corpus
道徳	30	33	30 | 33 | 30	jmdict
道案内	17	30 35	17 30 | 17 | 35	jmdict
道楽	33	30	30 | 33 | 33	jmdict
道標	17 45	40	17 45 | 17 40 | 17 45	jmdict
道路	17	44	17 | 44 | 17	corpus
達し		15 19 31	31 | 19 | 15	corpus
達磨	40	20	20 40 | 40 | 40	jmdict
達者	13	24 56	13 | 13 24 | 13 56	jmdict
達頼喇嘛	20	24	20 | 20 | 24	jmdict
違	10	13	13 | 10 | 10	corpus
違憲	34	10	34 | 34 | 10	corpus
遠まわし	30	13	13 | 30 | 30	jmdict
遠回り	15 17	30	15 17 | 15 17 | 17 30	jmdict
遠慮	30	35	30 | 30 | 30 35	jmdict
遠来	15	17	17 | 15 | 15	jmdict
遠泳	33	15	33 | 33 | 15	jmdict
遠足	15	33	15 | 33 | 15	jmdict
遠隔操作	15	36	15 | 15 | 15 36	corpus
遡及	16	15	16 | 15 16 | 16	corpus
適否	13	10	13 | 13 | 10	jmdict
適地	47	17	47 | 17 47 | 47	jmdict
適宜	30	13	30 | 30 | 13	jmdict
適性	13	14	13 | 13 14 | 13	jmdict
適性検査	10	30	10 | 30 | 10	jmdict
適温	19	50	19 50 | 19 | 19	jmdict
遭遇	35	15	35 | 35 | 15	jmdict
遭難	13	10	10 | 13 | 13	jmdict
遷都	15 26	36	15 26 | 15 26 | 15 36	jmdict
選りすぐり	11	13	11 | 13 | 11	jmdict
選任	36	15	36 | 36 | 15	jmdict
選出	15	36	15 | 15 | 15 36	jmdict
選奨	30	35	35 | 30 | 30	jmdict
選定	30	15	30 | 30 | 15	corpus
選手権	33	10	10 | 33 | 33	jmdict
選択肢	30	11	11 | 30 | 30	corpus
選考	30	15	15 | 30 | 30	jmdict
遺伝子	57	53	53 | 57 | 57	corpus
遺伝子工学	30	33	30 | 33 | 30	jmdict
遺伝学	33	30	30 | 33 | 33	jmdict
遺児	21	20	21 | 20 21 | 21	jmdict
遺稿	32	40	32 40 | 32 | 32	jmdict
避妊	57	15	57 | 57 | 15	jmdict
避難民	20	24	20 | 20 24 | 20	jmdict
邪魔	15	13	15 | 15 | 13	jmdict
邸内	17	44	17 | 17 44 | 17	jmdict
部	18 27	32	27 | 18 27 32 | 18 27	corpus
部位	56	18	56 | 56 | 18	jmdict
部品	41	40	41 | 41 | 40	corpus
部外	22	17	17 | 22 | 22	jmdict
部活	33	27	33 | 33 | 27	jmdict
郵便	31	38 40	38 | 31 | 31 40	corpus
郵便受け	45	40	40 | 45 | 45	jmdict
郵便局	27	44	27 | 27 | 27 44	corpus
郵政	38	36	36 38 | 38 | 38	jmdict
郷土	26	33	26 | 26 | 26 33	jmdict
郷里	26	17	17 | 26 | 26	jmdict
都内	26	17	26 | 17 26 | 26	jmdict
都市計画	47	26 30	47 | 47 | 26 30	jmdict
都市部	26	17	17 26 | 26 | 26	jmdict
都立	27	25	27 | 27 | 25	jmdict
鄙	26	17	26 | 17 | 26	jmdict
酋長	25	24	24 | 25 | 25	jmdict
配下	17 25	24	25 | 17 25 | 17 24	corpus
配分	19	15 37	19 37 | 19 | 15	corpus
配本	38	32	38 | 32 | 38	jmdict
配給	37	15 38	37 38 | 37 | 15 37	corpus
配線	41	45	45 | 41 | 41	corpus
配車	15	38	15 | 15 | 38	jmdict
配電	15	38	15 | 38 | 15	corpus
酒乱	20	24	20 | 20 | 24	jmdict
酒席	35	33	33 35 | 35 | 35	jmdict
酒気	13	50	50 | 13 | 13	jmdict
酒蔵	44	38	44 | 44 | 38 44	jmdict
酒量	19	43	19 | 19 | 19 43	jmdict
酒飲み	24	20	24 | 24 | 20	jmdict
酔い	13	56	13 | 56 | 13	jmdict
酔っ払い	20	24	24 | 20 | 20	jmdict
酪農	38	47	38 | 38 47 | 38	jmdict
酷寒	50	19	50 | 50 | 19 50	jmdict
酸化	15	50	15 | 15 | 15 50	jmdict
酸素吸入	15 56	57	56 57 | 15 56 | 15 56	jmdict
醍醐味	30	13	30 | 13 | 30	jmdict
醜女	20	13	20 | 20 | 13 20	jmdict
醸造	38	15	15 38 | 38 | 38	jmdict
里	17 19	26	17 19 | 17 19 | 19 26	jmdict
重し	45	14 40	14 40 | 45 | 45	jmdict
重なり	15	13	13 | 15 | 15	corpus
重り	40	45	40 | 45 | 40	jmdict
重心	17	30	17 | 17 30 | 17	corpus
重点		13 19 30	13 | 19 | 30	corpus
重箱	40	45	45 | 40 | 40	jmdict
重罪	10	34	10 | 34 | 10	jmdict
重複	13	15	13 | 13 | 15	corpus
重解	10	11	10 | 11 | 10	corpus
野	47	17	47 | 47 | 17 47	corpus
野原	17	50	50 | 17 | 17	jmdict
野合	35	36	35 36 | 35 | 35	jmdict
野戦	36	33	36 | 36 | 33	jmdict
野良	47	13	47 | 47 | 13	corpus
野菜	43	54	43 54 | 43 | 43	jmdict
量化	19	30	19 | 19 | 19 30	corpus
量子	19	50 51	19 | 50 | 19 51	jmdict
量販店	38	44	38 | 38 44 | 38	jmdict
金券	37	40	37 40 | 37 | 37	jmdict
金力	14	37	14 | 14 37 | 14	corpus
金婚式	33	16	33 | 33 | 16 33	jmdict
金字塔	10 44	13 18	10 44 | 13 18 44 | 10 44	jmdict
金工	38	32	38 | 38 | 32 38	jmdict
金星	52	13	13 52 | 52 | 52	jmdict
金物	40	41 45	40 41 | 40 | 45	jmdict
金目	37	13	37 | 13 37 | 37	jmdict
金網	41	40 45	41 45 | 40 41 | 41	jmdict
釘	45	40	40 | 45 | 45	jmdict
釣り	38	33	38 | 33 | 38	jmdict
釣り堀	17	44	17 | 17 | 44	jmdict
鈍器	45	40	45 | 45 | 40 45	jmdict
鈍感	13	30	13 | 13 | 30	jmdict
鈴	45	40	45 | 40 | 45	jmdict
鉄	51	41	51 | 41 51 | 51	corpus
鉄則	34	30	34 | 30 | 34	jmdict
鉄壁	14	13 44	14 | 14 | 13 44	jmdict
鉄条網		40 41 45	45 | 40 | 41	jmdict
鉄板	41	45	41 | 41 | 41 45	jmdict
鉄柱	40	41	41 | 40 | 40	jmdict
鉄火		10 13 43 51	10 | 43 | 13 51	jmdict
鉄腕	56	14	14 56 | 56 | 56	jmdict
鉄道	45	44	44 | 45 | 45	corpus
鉄道網	17	45	17 45 | 17 | 17	jmdict
鉄鉱	51	41	41 51 | 51 | 51	jmdict
鉱脈	51	50	50 | 51 | 51	jmdict
銀座	17	26	26 | 17 | 17	jmdict
銀行	27	37	27 | 27 | 27 37	corpus
銀製	41	51	51 | 41 | 41	jmdict
銅像	32	40	32 | 32 40 | 32	jmdict
銅線	41	51	41 51 | 41 | 41	jmdict
銅鐸	40	45	40 | 45 | 40	jmdict
銘記	30	32	30 32 | 30 | 30	jmdict
鋭敏	13	30	13 30 | 13 | 13	jmdict
鋳型	45	18	45 | 45 | 18 45	jmdict
鋳物	40	41	40 | 40 | 41	jmdict
鋳造	38	15	38 | 15 | 38	jmdict
鋼管	41	45	41 | 41 | 41 45	jmdict
錆	51	15 50	50 51 | 51 | 15 51	jmdict
錬金術	33	30	30 | 33 | 33	jmdict
錯誤	10	30	30 | 10 | 10	corpus
鍋	45	43	43 45 | 45 | 45	jmdict
鍼灸	15	30	15 | 30 | 15	jmdict
鍾乳洞	50	17	17 | 50 | 50	jmdict
鎖国	36	26 33	26 36 | 36 | 33 36	jmdict
鎧	42	40	40 42 | 42 | 42	jmdict
鎮圧	15	36	15 36 | 15 | 15	jmdict
鎮座	12	17	12 | 12 | 17	jmdict
鏡	45	40	40 | 45 | 45	corpus
鏡台		40 44 45	44 | 45 | 40	jmdict
長	19 24	25	19 24 | 24 | 19 25	corpus
長命	57	16	16 | 57 | 57	corpus
長征	33	15	33 | 33 | 15 33	jmdict
長打	15	33	33 | 15 | 15	jmdict
長持ち	16	13 40	13 40 | 16 | 16	jmdict
長短	19	13	13 19 | 19 | 19	jmdict
長続き	16	15	16 | 16 | 15 16	jmdict
長話	31	35	31 35 | 31 | 31	jmdict
長距離	17	19	17 | 17 | 17 19	corpus
長身	18	56	18 | 56 | 18	jmdict
長髪	56	18	18 56 | 56 | 56	jmdict
門	44	11	11 44 | 44 | 44	corpus
門下生	24	22	24 | 22 | 24	jmdict
門外漢		20 22 24	22 | 24 | 20	jmdict
門戸	44	17	17 44 | 44 | 44	jmdict
閉まり	13	15	13 15 | 13 | 13	jmdict
閉塞	13	15	13 | 13 15 | 13	jmdict
閉廷	15	36	15 36 | 15 | 15	jmdict
閉経	57	56	57 | 56 | 57	jmdict
開口	18	17	17 | 18 | 18	jmdict
開国	15 36	26	36 | 15 26 | 15 36	jmdict
開城	15	26	26 | 15 | 15	jmdict
開店	15	38	15 | 15 38 | 15	jmdict
開明	13	30	13 | 13 30 | 13	jmdict
開演	15	32	15 | 15 | 15 32	jmdict
開発	15 38	47	15 38 | 15 38 47 | 15 38	corpus
開発元	27	38	27 38 | 27 | 27	jmdict
開眼	15 30	56	15 30 | 15 30 | 15 30 56	jmdict
開腹	15	56	15 | 15 | 15 56	jmdict
開花	15 54	50	15 50 | 15 54 | 15 54	jmdict
間に合わせ	13	30	13 | 30 | 13	jmdict
間一髪	16	19	19 | 16 | 16	jmdict
間仕切り	44	40	44 | 40 | 44	jmdict
間伐	47	15	15 47 | 47 | 47	jmdict
間取り	18	44	18 | 18 44 | 18	jmdict
間引き	15	47	15 47 | 15 | 15	jmdict
間接	30	13	13 | 30 | 30	corpus
間柄	35	22	22 | 35 | 35	jmdict
関	17	35 44	17 | 17 35 44 | 17	corpus
関心事	30	10	10 | 30 | 30	jmdict
関数	30	10	10 30 | 30 | 30	corpus
関西人	20	26	20 26 | 20 | 20	jmdict
関西弁	31	33	31 | 31 | 31 33	jmdict
関連	10	35	10 | 10 | 35	corpus
関連性		10 13 35	10 | 13 | 35	corpus
関門	13 17	44	17 44 | 13 17 | 13 17	corpus
閣僚	24	25	24 | 25 | 24	corpus
閣外	25	36	36 | 25 | 25	jmdict
闇	50	13	13 | 50 | 50	corpus
闘病	15	57	15 | 15 57 | 15	jmdict
防ぎ	30	15	15 | 30 | 30	corpus
防備	30	36	36 | 30 | 30	corpus
防寒	30	15	30 | 15 | 30	jmdict
防弾	13	30	13 | 13 | 30	corpus
防御	30	14 15	15 | 14 30 | 30	corpus
防水	15	13	15 | 15 | 13	jmdict
防火	30	15	15 | 30 | 30	jmdict
防虫	30	15	15 | 30 | 30	jmdict
防衛庁	27	36	27 | 27 36 | 27	jmdict
防護	30	15	30 | 15 30 | 30	corpus
阿弥陀	33	12	33 | 12 | 33	jmdict
降伏	36	15	36 | 36 | 15	jmdict
降参	15	35	15 | 15 | 35	jmdict
降板	15	32	15 | 15 | 15 32	jmdict
降順	19	30	19 | 19 | 30	corpus
陣	17 18	22	17 18 22 | 17 | 18	corpus
陣取り	36	15	15 36 | 36 | 36	jmdict
陣営	22	36	22 36 | 22 | 22	jmdict
陣容	18	24	18 | 24 | 18	jmdict
陪審	27	24	27 | 27 | 24	jmdict
陰り	13	15 50	13 15 | 13 50 | 13	jmdict
陰気	13	30	13 30 | 13 | 13	jmdict
陰謀	10	30	30 | 10 | 10	corpus
陰陽		10 30 33	30 | 33 | 10	jmdict
陵	44	50	44 50 | 44 | 44	jmdict
陸地	17	50	17 50 | 17 | 17	jmdict
陸海	17	50	17 | 17 | 17 50	jmdict
陽光	50	52	50 | 50 | 52	jmdict
陽性	13	50	13 50 | 13 | 13	corpus
階	44	17	44 | 17 44 | 44	corpus
階級		13 25 26	13 | 25 | 26	jmdict
随伴	15	35	15 35 | 15 | 15	jmdict
随想	32	30	32 | 32 | 30 32	jmdict
随行	15	35	15 | 15 | 15 35	jmdict
隔たり	17	19	17 19 | 17 | 17	jmdict
隔絶	13	15 17	13 15 | 17 | 13	jmdict
障壁	13	17	13 | 13 | 13 17	corpus
障害	13	10	10 13 | 13 | 13	corpus
隠	15	12	15 | 12 | 15	corpus
隠し		13 15 30	15 | 30 | 13	corpus
隠し引き出し	45	40	45 | 40 | 45	jmdict
隠れ	13	12	12 | 13 | 13	corpus
隠居	24	15 20	15 24 | 24 | 20	jmdict
隣室	17	44	17 | 17 | 44	jmdict
隣近所	22	17 26	22 | 26 | 17 22	jmdict
雅号	20	31 32	20 32 | 31 | 20	jmdict
雅文	31	32	31 | 31 | 31 32	jmdict
雅楽	32	33	32 | 32 33 | 32	jmdict
集まり	35	15	15 | 35 | 35	jmdict
集団	22	27	22 | 22 27 | 22	corpus
集大成	15 32	13	15 32 | 15 32 | 13	jmdict
集荷	38	15	38 | 38 | 15 38	jmdict
集計	19	15	19 | 15 | 19	corpus
雌雄	53	11	11 53 | 53 | 53	jmdict
雑多	11	13	11 | 11 | 13	jmdict
雑学	30	33	30 | 30 | 30 33	jmdict
雑居	33 44	13	13 33 | 33 44 | 44	jmdict
雑木林	54	47	54 | 54 | 47 54	jmdict
雑穀	43	11	11 43 | 43 | 43	jmdict
雑誌	32	40	32 | 32 | 32 40	jmdict
雑踏	13	20	13 | 13 | 13 20	jmdict
雑食		43 53 55 57	43 53 | 57 | 55	jmdict
離れ離れ	13	15	15 | 13 | 13	jmdict
離乳	15	57	15 | 15 57 | 15	jmdict
離反	15	35	15 35 | 15 | 15	jmdict
離婚		15 21 35	15 | 35 | 21	jmdict
離散	15	19	15 | 15 | 15 19	jmdict
離職	15	38	15 | 15 38 | 15	jmdict
離農	15	38 47	15 47 | 15 38 | 15	jmdict
難しさ	19	13	13 | 19 | 19	corpus
難物	13	10	10 13 | 13 | 13	jmdict
難読	13	31	13 31 | 13 | 13	corpus
雨上がり	50	16	16 50 | 50 | 50	jmdict
雨後	16	50	16 50 | 16 | 16	jmdict
雨水	50 51	16	16 50 51 | 50 51 | 50 51	jmdict
雨漏り	50	15 44	44 50 | 50 | 15	jmdict
雨雲	50	52	50 | 52 | 50	jmdict
雪上	17	50	17 50 | 17 | 17	jmdict
雪中	50	17	50 | 17 | 50	jmdict
雪景色	18 50	17	17 50 | 18 50 | 18	jmdict
雪渓	50	17	17 50 | 50 | 50	jmdict
雪解け	50	15	50 | 50 | 15 50	jmdict
雪辱	30	35	30 | 35 | 30	jmdict
雲海	50	52	50 52 | 50 | 50	jmdict
零下	19	50	19 50 | 19 | 19	jmdict
電位	50	19	50 | 19 | 50	jmdict
電動	15	14	15 | 15 | 14	corpus
電圧	50	14 19	50 | 14 50 | 19	jmdict
電子部品	45	40	45 | 45 | 40	jmdict
電柱	45	44	45 | 44 | 45	jmdict
電気通信	31	38	31 | 38 | 31	jmdict
電池切れ	15	13	15 | 15 | 13	jmdict
電波望遠鏡	45	52	45 | 45 52 | 45	jmdict
電源開発	38	27	38 | 27 | 38	jmdict
電荷	50	51	50 | 50 | 51	jmdict
電話口	45	17 35	45 | 17 45 | 35 45	jmdict
電話線	41	45	41 | 41 | 45	jmdict
電送	15	31	15 | 15 | 15 31	jmdict
電離	50	15	50 | 50 | 15	jmdict
需給	37	19	19 37 | 37 | 37	corpus
需要	13	37	37 | 13 | 13	corpus
震源	50	17	50 | 17 50 | 50	jmdict
霊山	17 50	33	17 50 | 50 | 17 33	jmdict
霊長	55	20	20 | 55 | 55	jmdict
霊験	14	13	13 | 14 | 14	jmdict
霊魂	57	30	57 | 30 | 57	jmdict
霜降り	43	18 50	18 43 | 43 50 | 43	jmdict
露	50	26	26 50 | 50 | 50	corpus
露光	15	50	15 50 | 15 | 15	jmdict
露出	13	15	13 | 13 | 13 15	corpus
露店	38	44	38 | 44 | 38	jmdict
露見	10	12	12 | 10 | 10	corpus
青息吐息	13	30	13 30 | 13 | 13	jmdict
青春	16	57	16 57 | 16 | 16	jmdict
青柳	54	20	54 | 20 54 | 54	jmdict
青梅	43 54	26	43 54 | 26 54 | 43	jmdict
青田	47	54	47 54 | 47 | 47	jmdict
青田買い	37	24 38	37 | 24 38 | 37	jmdict
青砥	45	17	45 | 17 | 45	jmdict
青竹	54	41	41 54 | 54 | 54	jmdict
青色	18	13	13 | 18 | 18	jmdict
青色申告	37	34	34 37 | 37 | 37	jmdict
青銅	51	41	41 51 | 51 | 51	jmdict
靖国神社	44	27	44 | 27 44 | 44	jmdict
静物	32	51	32 | 32 | 51	jmdict
非	13	10	13 | 10 | 13	corpus
非営利		13 25 38	13 | 38 | 25	corpus
非国民	20	24	20 | 20 | 24	jmdict
非常時	16	13	13 16 | 16 | 16	jmdict
非情	13	30	13 | 13 30 | 13	jmdict
非戦闘員	24	20	24 | 20 | 24	jmdict
非番	16	13	16 | 13 | 16	jmdict
非行	10	13	10 | 13 | 10	jmdict
非難	31	35	31 | 35 | 31	corpus
面	18	17	18 | 18 | 17 18	corpus
面々	20	22	20 | 20 | 22	jmdict
面倒	13	30	13 | 30 | 13	jmdict
面持ち	18	30	18 30 | 18 | 18	jmdict
面目	13 18	56	13 56 | 13 18 | 13 18	jmdict
靴屋	24 44	38	24 44 | 24 44 | 38	jmdict
鞍馬	45 55	17 26	26 45 55 | 17 45 55 | 45	jmdict
鞘	37 40	54	37 40 54 | 37 40 | 40	jmdict
韓国	26	23	23 26 | 26 | 26	corpus
音痴	20	13 30	20 | 30 | 13 20	jmdict
音程	19	32	19 32 | 19 | 19	jmdict
音色	50	32	32 | 50 | 50	jmdict
音速	19	14	14 | 19 | 19	jmdict
音響効果	32	50	32 | 32 50 | 32	jmdict
音頭	32	36	32 | 32 | 32 36	jmdict
韻律	32	31	31 32 | 32 | 32	jmdict
響き	50	30	30 50 | 50 | 50	jmdict
項	11	56	11 | 11 56 | 11	corpus
順	19	18 30	19 | 19 30 | 18	corpus
順序	18	30	30 | 18 | 18	corpus
順番	18	19	18 | 18 | 19	corpus
順送り	15	30	15 | 15 30 | 15	jmdict
須要		10 13 30	10 | 30 | 13	corpus
預かり	35	37	35 | 35 37 | 35	jmdict
預け	35 37	15	35 37 | 15 37 | 35	jmdict
預り証	37 40	34	34 40 | 37 | 37 40	jmdict
預貸率	37	19	37 | 19 37 | 37	jmdict
頑張り	14	30	14 30 | 14 | 14	jmdict
頒布	15	35	15 35 | 15 | 15	jmdict
領	26	17	26 | 17 26 | 26	corpus
領主	25	36	25 36 | 25 | 25	jmdict
領内	26	17	26 | 26 | 17 26	jmdict
領分	17	26	17 | 17 | 17 26	jmdict
領収書	40	31 37	40 | 31 37 40 | 40	jmdict
領海	26	17	17 26 | 26 | 26	jmdict
頭打ち	13	19	19 | 13 | 13	corpus
題意	10	30	30 | 10 | 10	corpus
題目	32	10	10 32 | 32 | 32	jmdict
額	19 40 56	37 45	19 40 56 | 19 37 45 56 | 19 40 56	corpus
額面割れ	37	13	37 | 37 | 13 37	jmdict
顔	20 56	18	56 | 20 56 | 18 20 56	corpus
顔つき	18	56	18 56 | 18 | 18	jmdict
顔ぶれ	24	20	24 | 24 | 20	jmdict
顔色	56	18	18 56 | 56 | 56	jmdict
顔負け	30	13	30 | 13 | 30	jmdict
顕	13	20	20 | 13 | 13	corpus
願い	30	31	30 | 30 31 | 30	jmdict
願書	40	31	40 | 40 | 31 40	jmdict
顧	30	22	22 | 30 | 30	corpus
顧客満足	13	30	30 | 13 | 13	jmdict
風	50	13 18	18 50 | 50 | 13 50	corpus
風俗	33	38	33 38 | 33 | 33	jmdict
風光		13 17 50	13 | 50 | 17	jmdict
風力	14	50	14 | 14 | 14 50	jmdict
風合い	18	13	18 | 18 | 13	jmdict
風向	17	50	17 | 17 50 | 17	jmdict
風呂屋	44	38	44 | 44 | 38 44	jmdict
風呂敷	40	42	40 | 40 | 42	jmdict
風味	43	13	43 | 43 | 13	jmdict
風当たり	13 50	35	35 50 | 13 50 | 13	jmdict
風景	18	17	17 | 18 | 18	jmdict
風格	13	18	13 | 13 | 13 18	jmdict
風流	13	33	13 | 13 | 33	jmdict
風評	10 31	13	13 31 | 10 31 | 10 31	jmdict
風車	45	40	45 | 45 | 40 45	jmdict
風通し	13 50	17	13 17 | 50 | 13 50	jmdict
風邪気	57	56	57 | 56 | 57	jmdict
風鈴	45	40	45 | 45 | 40	jmdict
飛沫	51	50	51 | 50 51 | 51	jmdict
飛球	15	40	15 | 15 | 40	jmdict
飛行場	44	17	17 | 44 | 44	jmdict
食い	43	15 30	15 43 | 30 | 43	corpus
食い違い	10	13	13 | 10 | 10	corpus
食べ歩き	33	15	33 | 33 | 15	jmdict
食卓	40	45	45 | 40 | 40	jmdict
食器	40	45	40 | 45 | 40	jmdict
食塩	43	51	43 | 43 51 | 43	jmdict
食用	43	30	43 | 30 | 43	jmdict
飢え	57	56	57 | 56 | 57	jmdict
飢饉	13	50	50 | 13 | 13	jmdict
飲み		15 33 43	33 | 43 | 15	corpus
飲み水	43	51	43 51 | 43 | 43	jmdict
飲み過ぎ	19	15	19 | 15 | 19	jmdict
飲み食い	43	15	43 | 15 | 43	jmdict
飲料水	43	51	43 | 43 51 | 43	corpus
飲用	43	15	15 | 43 | 43	jmdict
飲食店	38	44	38 | 38 44 | 38	jmdict
飼育	15	55	15 | 15 55 | 15	jmdict
飽和	13	19	13 | 19 | 13	corpus
飽食	43	13	43 | 13 | 43	jmdict
飾り付け	32	15	32 | 32 | 15	jmdict
飾り気	18	13	18 | 18 | 13	jmdict
養生	57	15 30 56	15 57 | 57 | 30 56	jmdict
養育	33	15	33 | 15 | 33	jmdict
養護	35	15	15 | 35 | 35	jmdict
饗宴	43	35	43 | 43 | 35	jmdict
首	56	24 25	25 56 | 24 56 | 56	corpus
首位	13	19	19 | 13 | 13	corpus
首切り	15	38 56	15 | 15 56 | 15 38	jmdict
首尾	15	16	15 | 16 | 15	jmdict
首班	25	36	25 | 25 | 36	jmdict
首相	25	24	25 | 24 25 | 25	corpus
首脳	24	25	24 25 | 24 | 24	jmdict
首脳部	24	25 27	24 | 24 | 25 27	jmdict
首謀		15 20 30	20 | 30 | 15	jmdict
首長	25	24 36	24 36 | 25 | 25	jmdict
首領	24	36	24 36 | 24 | 24	jmdict
首飾り	40	42	42 | 40 | 40	jmdict
香	50	40	40 50 | 50 | 50	corpus
香典	37	33	37 | 33 37 | 37	jmdict
香味	43	50	43 50 | 43 | 43	jmdict
馬券	40	37	37 | 40 | 40	jmdict
馬力	14	19	14 | 14 19 | 14	jmdict
馬場	17	47	17 47 | 17 | 17	jmdict
馬頭	55	56	56 | 55 | 55	jmdict
馬鹿	13 20	30	20 30 | 13 20 | 13 20	jmdict
駄菓子屋	38	44	38 | 38 44 | 38	jmdict
駅	44	17	17 44 | 44 | 44	jmdict
駆けっこ	15	33	15 | 15 | 15 33	jmdict
駆けつけ三杯	33	35	33 35 | 33 | 33	jmdict
駆け出し	24	15	24 | 15 24 | 24	jmdict
駆使	15	30	15 | 15 | 30	jmdict
駆動	15	14	14 | 15 | 15	corpus
騒	13	10	13 | 13 | 10	corpus
騒動	10	13	10 | 10 | 13	jmdict
験	13	30	13 | 30 | 13	corpus
験し	30	15	15 | 30 | 30	corpus
騙り	10	35	10 | 10 | 10 35	corpus
騰勢	13	14 15	13 15 | 14 | 13	jmdict
騰貴	15	37	15 37 | 15 | 15	jmdict
骨壷	40	45	45 | 40 | 40	jmdict
骨太	13 18	56	13 18 | 13 56 | 18	jmdict
骨子	30	10	10 30 | 30 | 30	jmdict
骨抜き	15	13	15 | 15 | 13 15	jmdict
高まり	15	14	14 | 15 | 15	corpus
高み	17	19	17 19 | 17 | 17	jmdict
高卒	20	24	24 | 20 | 20	jmdict
高周波	50	19	50 | 50 | 19 50	jmdict
高圧	14	50	14 | 14 | 14 50	corpus
高官	24	25	24 | 24 25 | 24	corpus
高射特科	27	11	27 | 27 | 11	jmdict
高層	44	17 19 24	17 44 | 24 44 | 19 44	jmdict
高嶺	50	17	50 | 50 | 17	jmdict
高架	44	17	44 | 17 | 44	jmdict
高温	50	19	50 | 50 | 19 50	jmdict
高熱	56	50	56 | 56 | 50 56	jmdict
高空	52	17	52 | 52 | 17 52	jmdict
高等科	33	27	27 | 33 | 33	jmdict
高級ホテル	44	13	44 | 44 | 13 44	jmdict
高血圧	56	57	57 | 56 | 56	jmdict
高血圧症	57	56	57 | 56 | 57	jmdict
高速	19	15	19 | 19 | 15	corpus
高速道路	17	44	17 | 17 | 44	jmdict
高飛び込み	33	15	33 | 33 | 15	jmdict
高齢	16	19	16 | 16 | 16 19	jmdict
鬼	53	55	53 | 53 | 55	jmdict
鬼ごっこ	33	35	33 | 35 | 33	jmdict
鬼子母神	33	20	33 | 33 | 20	jmdict
鬼才	24	20	24 | 20 | 24	jmdict
鬼神	12	53	12 | 53 | 12	jmdict
魔女	20	24	20 | 20 | 24	jmdict
魔女狩り	36	33 35	33 36 | 36 | 35	jmdict
魔法	30	14	14 30 | 30 | 30	jmdict
魚介	43	55	43 55 | 43 | 43	jmdict
魚市場	44	38	44 | 44 | 38	jmdict
魚釣り	15	33	33 | 15 | 15	jmdict
魚類	55	11	55 | 55 | 11 55	jmdict
鮪	55	43	43 55 | 55 | 55	jmdict
鯛	55	43	43 55 | 55 | 55	jmdict
鯵	55	43	43 55 | 55 | 55	jmdict
鰹	55	43	43 55 | 55 | 55	jmdict
鳥類	55	11	11 55 | 55 | 55	jmdict
鳩首	35	30	30 35 | 35 | 35	jmdict
鳴き声	50	55	50 | 50 55 | 50	jmdict
鳴り物入り	13	31	13 | 13 | 13 31	jmdict
鴨	55	22	55 | 22 55 | 55	jmdict
麹	43	53	43 53 | 43 | 43	jmdict
麻布	41	26 42	41 | 42 | 26 41	jmdict
麻痺	15 56	13	15 56 | 13 56 | 15 56	corpus
麻薬	51	40	51 | 51 | 40 51	jmdict
麻酔	56	15	15 | 56 | 56	jmdict
黄河	50	17 26	26 | 17 50 | 50	jmdict
黄疸	56	57	57 | 56 | 56	jmdict
黄緑	18	13	18 | 13 | 18	jmdict
黒	18	13	13 | 18 | 18	corpus
黒光り	18	13	13 | 18 | 18	jmdict
黒塗り	40	15 41	15 41 | 40 | 40	jmdict
黒字	37	13	13 37 | 37 | 37	jmdict
黒山	22	20	22 | 22 | 20	jmdict
黒幕	24	20	20 | 24 | 24	jmdict
黒星	10 13	18 52	10 13 | 10 52 | 13 18	jmdict
黒曜石	51	41	41 51 | 51 | 51	jmdict
黒木	41	54	41 54 | 41 | 41	jmdict
黒板	40	45	40 | 45 | 40	jmdict
黒白	10 18	19	10 18 | 18 19 | 10	jmdict
黒船	40	33	33 40 | 40 | 40	jmdict
黒衣	42	24	24 42 | 42 | 42	jmdict
黙	31	13	13 | 31 | 31	corpus
黙殺	35	15	15 | 35 | 35	jmdict
黙示	31	10	31 | 31 | 10	jmdict
黙祷	30	33	30 | 30 | 30 33	jmdict
黙認	35	30	35 | 30 | 35	jmdict
鼓動	56 57	15	15 56 57 | 56 57 | 56 57	jmdict
鼓舞	30	35	30 | 30 | 30 35	jmdict
鼠	55	45	45 55 | 55 | 55	jmdict
鼻歌	32	31	31 | 32 | 32	jmdict
鼻炎	56	57	56 | 57 | 56	jmdict
齢	16	19	19 | 16 | 16	corpus
