word	kind	a	b	concrete_split	a_pass	b_pass	a_votes	b_votes	tier	jmdict_priority
いきり勃つ	交わり無し	30 33	56 57	はい	割れた	割れた	3	3	jmdict	いいえ
がちゃつく	交わり無し	15	50	はい	割れた	一致	3	3	jmdict	いいえ
がぶる	交わり無し	33	56	はい	一致	割れた	3	3	jmdict	いいえ
ぐむ	交わり無し	33	57	はい	一致	一致	3	3	jmdict	いいえ
したる	交わり無し	15 33	51	はい	割れた	割れた	3	3	jmdict	いいえ
しゃぶり付く	交わり無し	33	56	はい	割れた	割れた	3	3	jmdict	いいえ
しゃぶる	交わり無し	33	56	はい	一致	一致	3	3	jmdict	いいえ
しょぼつく	交わり無し	13	51 56	はい	一致	割れた	3	3	jmdict	いいえ
そそけ立つ	交わり無し	15	56	はい	割れた	割れた	3	3	jmdict	いいえ
たでる	交わり無し	15	51	はい	一致	割れた	3	3	jmdict	いいえ
どきつく	交わり無し	30	56	はい	一致	割れた	3	3	jmdict	いいえ
のた打ち回る	交わり無し	33	56	はい	割れた	割れた	3	3	jmdict	いいえ
ぱちつかせる	交わり無し	33	56	はい	割れた	一致	3	3	jmdict	いいえ
ぱらつく	交わり無し	15 50	51	はい	一致	割れた	3	3	jmdict	いいえ
ひり出す	交わり無し	15 56	57	はい	一致	一致	3	3	jmdict	いいえ
ぶち殺す	交わり無し	15 34	57	はい	割れた	一致	3	3	jmdict	いいえ
ぶるう	交わり無し	15	56	はい	割れた	割れた	3	3	jmdict	いいえ
へたばる	交わり無し	15 57	56	はい	割れた	割れた	3	3	jmdict	いいえ
へばる	交わり無し	33	56	はい	割れた	割れた	3	3	jmdict	いいえ
ぽちゃる	交わり無し	15	56	はい	割れた	一致	3	3	jmdict	いいえ
オナる	交わり無し	33	56	はい	一致	一致	2	3	jmdict	いいえ
ガシる	交わり無し	15	57	はい	割れた	割れた	3	3	jmdict	いいえ
ガスる	交わり無し	34	50	はい	割れた	割れた	3	3	jmdict	いいえ
シコる	交わり無し	33	56 57	はい	一致	割れた	3	3	jmdict	いいえ
タミフる	交わり無し	33	56	はい	割れた	一致	3	3	jmdict	いいえ
ハウる	交わり無し	31	50	はい	割れた	一致	3	3	jmdict	いいえ
パコる	交わり無し	35	57	はい	一致	割れた	3	3	jmdict	いいえ
ポニョる	交わり無し	15	56	はい	判定 1 回のみ	割れた	1	3	jmdict	いいえ
ラリる	交わり無し	30	56	はい	一致	割れた	2	3	jmdict	いいえ
便じる	交わり無し	15	57	はい	割れた	一致	3	3	jmdict	いいえ
催す	交わり無し	15 38	57	はい	一致	割れた	3	3	jmdict	はい
剃る	交わり無し	33	56	はい	割れた	一致	3	3	jmdict	はい
反りくり返る	交わり無し	15	56	はい	一致	割れた	3	3	jmdict	いいえ
取って食う	交わり無し	33	57	はい	割れた	割れた	3	3	jmdict	いいえ
取り殺す	交わり無し	34	57	はい	一致	一致	3	3	jmdict	いいえ
召される	交わり無し	36	57	はい	一致	一致	3	3	jmdict	いいえ
吐き戻す	交わり無し	15 56	57	はい	一致	割れた	3	3	jmdict	いいえ
吹きまくる	交わり無し	15 50	51	はい	割れた	割れた	3	3	jmdict	いいえ
吹き下ろす	交わり無し	15 50	51	はい	一致	割れた	3	3	jmdict	いいえ
吹き荒む	交わり無し	15 50	51	はい	一致	一致	3	3	jmdict	いいえ
吹き荒れる	交わり無し	15 50	51	はい	一致	割れた	3	3	jmdict	はい
吹き頻る	交わり無し	15 50	51	はい	一致	割れた	3	3	jmdict	いいえ
咥える	交わり無し	15 33	56	はい	割れた	一致	3	3	jmdict	はい
咲き渡る	交わり無し	15 57	50	はい	割れた	割れた	3	3	jmdict	いいえ
唾く	交わり無し	33	56	はい	割れた	割れた	3	3	jmdict	いいえ
嘶く	交わり無し	31	57	はい	割れた	割れた	3	3	jmdict	いいえ
噴く	交わり無し	15 50	51	はい	一致	割れた	3	3	jmdict	いいえ
固肥える	交わり無し	15	57	はい	割れた	一致	3	3	jmdict	いいえ
堕ろす	交わり無し	15 34	57	はい	割れた	一致	3	3	jmdict	いいえ
寒がる	交わり無し	30	56	はい	割れた	割れた	3	3	jmdict	いいえ
寝かしつける	交わり無し	33	57	はい	一致	一致	3	3	jmdict	いいえ
寝すぎる	交わり無し	33	57	はい	一致	割れた	3	3	jmdict	いいえ
寝る	交わり無し	33	57	はい	一致	割れた	3	3	jmdict	はい
寝れる	交わり無し	33	57	はい	一致	割れた	3	3	jmdict	いいえ
寝付く	交わり無し	15 33	57	はい	一致	割れた	3	3	jmdict	はい
寝入る	交わり無し	33	57	はい	一致	一致	3	3	jmdict	いいえ
寝直す	交わり無し	15 33	57	はい	割れた	割れた	3	3	jmdict	いいえ
寝覚める	交わり無し	33	57	はい	割れた	一致	3	3	jmdict	いいえ
尽れる	交わり無し	15 19	56	はい	一致	一致	3	3	jmdict	いいえ
居眠る	交わり無し	33	57	はい	一致	割れた	3	3	jmdict	いいえ
屠る	交わり無し	33 38	57	はい	割れた	割れた	3	3	jmdict	いいえ
崩ずる	交わり無し	15	57	はい	割れた	一致	3	3	jmdict	いいえ
微睡む	交わり無し	33	57	はい	一致	一致	3	3	jmdict	いいえ
打ち眺める	交わり無し	30	56	はい	割れた	割れた	3	3	jmdict	いいえ
打ち震える	交わり無し	15 33	56	はい	割れた	割れた	3	3	jmdict	いいえ
摂る	交わり無し	33 57	56	はい	割れた	割れた	3	3	jmdict	はい
撫ぜる	交わり無し	33	56	はい	割れた	割れた	3	3	jmdict	いいえ
明けはなれる	交わり無し	15	52	はい	一致	割れた	3	3	jmdict	いいえ
明け初める	交わり無し	15 16	52	はい	一致	割れた	3	3	jmdict	いいえ
明け渡る	交わり無し	15 37	52	はい	割れた	割れた	3	3	jmdict	いいえ
晴れ上がる	交わり無し	15 50 52	51	はい	割れた	割れた	3	3	jmdict	いいえ
暑がる	交わり無し	30	56	はい	割れた	一致	3	3	jmdict	いいえ
服む	交わり無し	30	56	はい	割れた	一致	3	3	jmdict	いいえ
朽ち果てる	交わり無し	15 57	51	はい	割れた	割れた	3	3	jmdict	いいえ
杓れる	交わり無し	15	56	はい	一致	一致	3	3	jmdict	いいえ
梳かす	交わり無し	15 33	56	はい	割れた	割れた	3	3	jmdict	はい
梳く	交わり無し	33	56	はい	一致	割れた	3	3	jmdict	はい
殺る	交わり無し	34	57	はい	一致	一致	3	3	jmdict	いいえ
泡立つ	交わり無し	15 50	51	はい	一致	一致	3	3	jmdict	いいえ
泣き立てる	交わり無し	30 33	56	はい	割れた	割れた	3	3	jmdict	いいえ
泥濘む	交わり無し	15	51	はい	割れた	割れた	3	3	jmdict	いいえ
浴す	交わり無し	15 33	56	はい	割れた	割れた	3	3	jmdict	いいえ
渇す	交わり無し	15	57	はい	割れた	割れた	3	3	jmdict	いいえ
溺れ損なう	交わり無し	15 34	57	はい	一致	割れた	3	3	jmdict	いいえ
滑つく	交わり無し	15	51	はい	一致	割れた	3	3	jmdict	いいえ
滴る	交わり無し	15 50	51	はい	一致	割れた	3	3	jmdict	いいえ
漏る	交わり無し	15	51	はい	一致	一致	3	3	jmdict	はい
潮垂れる	交わり無し	57	15 30	はい	割れた	割れた	3	3	jmdict	いいえ
濡れそぼる	交わり無し	15	51	はい	一致	割れた	3	3	jmdict	いいえ
濡れる	交わり無し	15	51	はい	割れた	一致	3	3	jmdict	はい
濡れ光る	交わり無し	15	50 51	はい	割れた	割れた	3	3	jmdict	いいえ
点ずる	交わり無し	32	51	はい	割れた	一致	3	3	jmdict	いいえ
焙じる	交わり無し	15 33	51	はい	割れた	割れた	3	3	jmdict	いいえ
煎ずる	交わり無し	33	51	はい	割れた	割れた	3	3	jmdict	いいえ
煙がる	交わり無し	51	30	はい	割れた	一致	3	3	jmdict	いいえ
照りつける	交わり無し	15 50	52	はい	一致	一致	3	3	jmdict	いいえ
照り合う	交わり無し	15 35	50	はい	一致	一致	3	3	jmdict	いいえ
煮零れる	交わり無し	15	51	はい	一致	割れた	3	3	jmdict	いいえ
熟む	交わり無し	15 57	50	はい	割れた	割れた	3	3	jmdict	いいえ
爆ぜる	交わり無し	15 50	51	はい	割れた	割れた	3	3	jmdict	いいえ
生かる	交わり無し	34	57	はい	割れた	一致	3	3	jmdict	いいえ
生まれ持つ	交わり無し	57	12	はい	一致	割れた	3	3	jmdict	いいえ
疲れきる	交わり無し	30	56	はい	割れた	一致	3	3	jmdict	いいえ
痂せる	交わり無し	15	56	はい	割れた	一致	3	3	jmdict	いいえ
盛り殺す	交わり無し	15	57	はい	一致	割れた	3	3	jmdict	いいえ
目くるめく	交わり無し	13 30	56	はい	割れた	一致	3	3	jmdict	いいえ
眠りこける	交わり無し	33	57	はい	割れた	一致	3	3	jmdict	いいえ
眠り込む	交わり無し	33	57	はい	一致	一致	3	3	jmdict	いいえ
眠れる	交わり無し	13 33	57	はい	割れた	一致	3	3	jmdict	いいえ
眩く	交わり無し	13 50	56	はい	割れた	割れた	3	3	jmdict	いいえ
立ち込む	交わり無し	15 17	50	はい	一致	割れた	3	3	jmdict	いいえ
立ち込める	交わり無し	15 17	50	はい	一致	割れた	3	3	jmdict	いいえ
聞こえる	交わり無し	30	56	はい	割れた	一致	3	3	jmdict	はい
脂ぎる	交わり無し	56	15 51	はい	割れた	割れた	3	3	jmdict	いいえ
舐めずる	交わり無し	34	56	はい	割れた	割れた	3	3	jmdict	いいえ
舐め回す	交わり無し	15 33	56	はい	割れた	割れた	3	3	jmdict	いいえ
苔むす	交わり無し	15 50	57	はい	一致	一致	3	3	jmdict	いいえ
草むす	交わり無し	15 50	57	はい	割れた	一致	3	3	jmdict	いいえ
蒸らす	交わり無し	15 33	51	はい	割れた	一致	3	3	jmdict	いいえ
薫じる	交わり無し	15 50	51	はい	一致	一致	3	3	jmdict	いいえ
視える	交わり無し	30	56	はい	割れた	割れた	3	3	jmdict	はい
触る	交わり無し	15 33	56	はい	一致	一致	3	3	jmdict	はい
診せる	交わり無し	31	56	はい	割れた	割れた	3	3	jmdict	いいえ
診る	交わり無し	30	56	はい	割れた	一致	3	3	jmdict	はい
赤錆びる	交わり無し	15	51	はい	割れた	一致	3	3	jmdict	いいえ
轟かす	交わり無し	50	15 31	はい	割れた	割れた	3	3	jmdict	いいえ
透ける	交わり無し	15	51	はい	一致	割れた	3	3	jmdict	いいえ
酔いつぶれる	交わり無し	15 33	57	はい	割れた	割れた	3	3	jmdict	いいえ
酔っ払う	交わり無し	33	56	はい	割れた	割れた	3	3	jmdict	はい
降らせる	交わり無し	15 50	51	はい	一致	割れた	3	3	jmdict	いいえ
降りしきる	交わり無し	15 50	51	はい	割れた	一致	3	3	jmdict	はい
降り注ぐ	交わり無し	15 50	51	はい	一致	割れた	3	3	jmdict	はい
降り積もる	交わり無し	15 50	51	はい	一致	割れた	3	3	jmdict	はい
降り続く	交わり無し	15 16	51	はい	割れた	割れた	3	3	jmdict	いいえ
降り込める	交わり無し	15 17	50	はい	一致	割れた	3	3	jmdict	いいえ
降る	交わり無し	15 52	51	はい	割れた	一致	3	3	jmdict	はい
陳こびる	交わり無し	15	57	はい	割れた	割れた	3	3	jmdict	いいえ
霜枯れる	交わり無し	15 50	57	はい	割れた	割れた	3	3	jmdict	いいえ
頬張る	交わり無し	33	56	はい	割れた	割れた	3	3	jmdict	いいえ
食いつく	交わり無し	15 35	56	はい	割れた	割れた	3	3	jmdict	いいえ
飲ます	交わり無し	33	56	はい	一致	割れた	3	3	jmdict	はい
飲ませる	交わり無し	33	56	はい	割れた	割れた	3	3	jmdict	はい
飲みつぶれる	交わり無し	33	57	はい	一致	割れた	3	3	jmdict	いいえ
飲み干す	交わり無し	33	56	はい	割れた	一致	3	3	jmdict	はい
飲む	交わり無し	33	56	はい	割れた	割れた	3	3	jmdict	はい
鳴きたてる	交わり無し	31 50	57	はい	割れた	割れた	3	3	jmdict	いいえ
鳴き頻る	交わり無し	50	31	はい	割れた	割れた	2	3	jmdict	いいえ
黴びる	交わり無し	15 50	51	はい	割れた	割れた	3	3	jmdict	いいえ
あやす	交わり無し	33	35	いいえ	一致	一致	3	3	jmdict	いいえ
あり合わせる	交わり無し	15 37	19 34	いいえ	一致	割れた	3	3	jmdict	いいえ
あり得る	交わり無し	10 12	13	いいえ	一致	一致	3	3	jmdict	いいえ
いてこます	交わり無し	15 34	35	いいえ	一致	一致	3	3	jmdict	いいえ
いてまう	交わり無し	15	35 57	いいえ	一致	割れた	3	3	jmdict	いいえ
うらぶれる	交わり無し	30	13 15	いいえ	割れた	割れた	3	3	jmdict	いいえ
おちゃらかす	交わり無し	31 33	35	いいえ	割れた	一致	3	3	jmdict	いいえ
おっ立つ	交わり無し	15	33	いいえ	割れた	割れた	3	3	jmdict	いいえ
お出でなさる	交わり無し	15 33	12 17	いいえ	割れた	割れた	3	3	jmdict	いいえ
かき暮れる	交わり無し	16	30	いいえ	割れた	一致	3	3	jmdict	いいえ
かしめる	交わり無し	36	15	いいえ	割れた	一致	3	3	jmdict	いいえ
かっ込む	交わり無し	15	33	いいえ	一致	一致	3	3	jmdict	いいえ
がかる	交わり無し	15	13	いいえ	一致	一致	3	3	jmdict	いいえ
がさつく	交わり無し	13	33 50	いいえ	割れた	割れた	3	3	jmdict	いいえ
ぎる	交わり無し	19	15	いいえ	割れた	一致	3	3	jmdict	いいえ
くぐもる	交わり無し	15 50	31	いいえ	一致	割れた	3	3	jmdict	いいえ
くり下がる	交わり無し	15 19	16	いいえ	割れた	割れた	3	3	jmdict	いいえ
こじ付ける	交わり無し	15 34	11	いいえ	一致	一致	3	3	jmdict	いいえ
ごった返す	交わり無し	15	13	いいえ	割れた	割れた	3	3	jmdict	いいえ
しくる	交わり無し	15	34	いいえ	一致	一致	3	3	jmdict	いいえ
しけ込む	交わり無し	33	17	いいえ	割れた	一致	3	3	jmdict	いいえ
しとく	交わり無し	15 33	34	いいえ	割れた	割れた	3	3	jmdict	いいえ
しみったれる	交わり無し	30	37	いいえ	割れた	割れた	3	3	jmdict	いいえ
しゃしゃり出る	交わり無し	15 34	35	いいえ	割れた	割れた	3	3	jmdict	いいえ
し慣れる	交わり無し	33	13	いいえ	割れた	一致	3	3	jmdict	いいえ
し続ける	交わり無し	16	15	いいえ	一致	割れた	3	3	jmdict	はい
し腐る	交わり無し	15	34	いいえ	割れた	一致	3	3	jmdict	いいえ
じっと見返す	交わり無し	33 35	30	いいえ	割れた	割れた	3	3	jmdict	いいえ
じわる	交わり無し	15 50	30	いいえ	割れた	一致	3	3	jmdict	いいえ
ずる	交わり無し	34	15	いいえ	割れた	割れた	3	3	jmdict	いいえ
せぐり上げる	交わり無し	15	30 56	いいえ	一致	割れた	3	3	jmdict	いいえ
せせら笑う	交わり無し	30 31	35	いいえ	割れた	割れた	3	3	jmdict	いいえ
せられる	交わり無し	15	34	いいえ	一致	一致	3	3	jmdict	いいえ
せる	交わり無し	15	34	いいえ	一致	割れた	3	3	jmdict	はい
せんとく	交わり無し	31	34	いいえ	割れた	一致	3	3	jmdict	いいえ
そそける	交わり無し	30 35	15	いいえ	一致	割れた	3	3	jmdict	いいえ
そぞろ歩く	交わり無し	33	17	いいえ	一致	割れた	3	3	jmdict	いいえ
そびれる	交わり無し	15	16 34	いいえ	割れた	割れた	3	3	jmdict	いいえ
そぼ降る	交わり無し	50 52	51	いいえ	一致	割れた	3	3	jmdict	いいえ
たくる	交わり無し	33	15	いいえ	一致	一致	3	3	jmdict	いいえ
たげる	交わり無し	15	37	いいえ	割れた	割れた	3	3	jmdict	いいえ
ちょっぱる	交わり無し	15	37	いいえ	一致	一致	3	3	jmdict	いいえ
ちょる	交わり無し	15 37	12	いいえ	割れた	割れた	3	3	jmdict	いいえ
つつある	交わり無し	16	15	いいえ	割れた	割れた	3	3	jmdict	いいえ
でもある	交わり無し	10 11	12	いいえ	割れた	割れた	3	3	jmdict	はい
とっ捕まえる	交わり無し	34 36	15 35	いいえ	割れた	割れた	3	3	jmdict	いいえ
とっ捕まる	交わり無し	34 36	35	いいえ	割れた	割れた	3	3	jmdict	いいえ
どやし付ける	交わり無し	36	35	いいえ	割れた	割れた	3	3	jmdict	いいえ
どやす	交わり無し	36	31 35	いいえ	一致	割れた	3	3	jmdict	いいえ
なう	交わり無し	31	15	いいえ	一致	割れた	3	3	jmdict	はい
にたつく	交わり無し	33	30	いいえ	割れた	割れた	3	3	jmdict	いいえ
ぬるつく	交わり無し	50	51	いいえ	割れた	割れた	3	3	jmdict	いいえ
ねじ伏せる	交わり無し	15 34 36	14 35	いいえ	割れた	割れた	3	3	jmdict	いいえ
のたくる	交わり無し	33	15 17	いいえ	割れた	割れた	3	3	jmdict	いいえ
はめ倒す	交わり無し	15 34	35	いいえ	割れた	割れた	3	3	jmdict	いいえ
はやり立つ	交わり無し	15	30	いいえ	割れた	一致	3	3	jmdict	いいえ
ばれる	交わり無し	31	10	いいえ	割れた	割れた	3	3	jmdict	はい
ぱぐれる	交わり無し	15	17	いいえ	一致	割れた	3	3	jmdict	いいえ
ひっ捕まえる	交わり無し	34 35	15 36	いいえ	一致	割れた	3	3	jmdict	いいえ
ふける	交わり無し	33	16 30 57	いいえ	割れた	割れた	3	3	jmdict	はい
べた付く	交わり無し	13	15	いいえ	割れた	割れた	3	3	jmdict	いいえ
ほっつき歩く	交わり無し	33	17	いいえ	一致	割れた	3	3	jmdict	いいえ
ぼっ手繰る	交わり無し	15	37	いいえ	一致	一致	3	3	jmdict	いいえ
まかり出る	交わり無し	15 34	17	いいえ	一致	割れた	3	3	jmdict	いいえ
まやかす	交わり無し	31 34	10	いいえ	割れた	割れた	3	3	jmdict	いいえ
めく	交わり無し	15	13	いいえ	一致	割れた	3	3	jmdict	はい
もじ付く	交わり無し	15	30	いいえ	割れた	割れた	3	3	jmdict	いいえ
もたつく	交わり無し	15 33	16	いいえ	割れた	割れた	3	3	jmdict	いいえ
やがる	交わり無し	34	30	いいえ	一致	割れた	3	3	jmdict	いいえ
やって行く	交わり無し	34 38	33	いいえ	割れた	割れた	3	3	jmdict	いいえ
やに下がる	交わり無し	15	30	いいえ	一致	割れた	3	3	jmdict	いいえ
らっしゃる	交わり無し	33	12 15 17	いいえ	一致	割れた	3	3	jmdict	いいえ
オケる	交わり無し	34	32	いいえ	一致	割れた	3	3	jmdict	いいえ
オラつく	交わり無し	33	35	いいえ	割れた	一致	3	3	jmdict	いいえ
カンコる	交わり無し	31	12	いいえ	割れた	割れた	3	3	jmdict	いいえ
ケラケラ笑う	交わり無し	33	30	いいえ	割れた	割れた	3	3	jmdict	いいえ
スカす	交わり無し	15 34	33	いいえ	割れた	一致	3	3	jmdict	いいえ
タクる	交わり無し	37	17	いいえ	割れた	割れた	3	3	jmdict	いいえ
ダフる	交わり無し	34	37	いいえ	一致	一致	3	3	jmdict	いいえ
チキる	交わり無し	34	30	いいえ	割れた	割れた	3	3	jmdict	いいえ
チャラ付く	交わり無し	15	33	いいえ	割れた	一致	3	3	jmdict	いいえ
チリつく	交わり無し	15	30	いいえ	一致	割れた	3	3	jmdict	いいえ
チルる	交わり無し	30	33	いいえ	割れた	割れた	3	3	jmdict	いいえ
デモる	交わり無し	31	35 36	いいえ	割れた	割れた	3	3	jmdict	いいえ
トラブる	交わり無し	15 35	13	いいえ	割れた	割れた	3	3	jmdict	いいえ
ドヤる	交わり無し	35	31	いいえ	割れた	割れた	3	3	jmdict	いいえ
ナビる	交わり無し	31 36	17	いいえ	割れた	一致	3	3	jmdict	いいえ
ネグる	交わり無し	35	34	いいえ	割れた	一致	3	3	jmdict	いいえ
ハミる	交わり無し	15	35	いいえ	一致	一致	3	3	jmdict	いいえ
バビる	交わり無し	15	30	いいえ	割れた	一致	3	3	jmdict	いいえ
バミる	交わり無し	32	33	いいえ	一致	一致	3	3	jmdict	いいえ
パサつく	交わり無し	50	51	いいえ	割れた	割れた	3	3	jmdict	いいえ
パチ放く	交わり無し	15	10 31	いいえ	一致	割れた	3	3	jmdict	いいえ
ビニる	交わり無し	15	33	いいえ	割れた	割れた	3	3	jmdict	いいえ
ファブる	交わり無し	32	15 33	いいえ	割れた	割れた	3	3	jmdict	いいえ
ブチる	交わり無し	15 30	34	いいえ	割れた	割れた	3	3	jmdict	いいえ
ホルる	交わり無し	37	15	いいえ	割れた	割れた	3	3	jmdict	いいえ
ヤニる	交わり無し	15	33	いいえ	一致	一致	3	3	jmdict	いいえ
ラグる	交わり無し	15	16	いいえ	割れた	一致	3	3	jmdict	いいえ
リピる	交わり無し	34	15	いいえ	割れた	一致	3	3	jmdict	いいえ
一字空ける	交わり無し	32	17	いいえ	割れた	割れた	3	3	jmdict	いいえ
一札入れる	交わり無し	31 36	34 37	いいえ	一致	割れた	3	3	jmdict	いいえ
一発やる	交わり無し	34	15 57	いいえ	一致	割れた	3	3	jmdict	いいえ
上ずる	交わり無し	15	30	いいえ	一致	割れた	3	3	jmdict	いいえ
上せる	交わり無し	30	15 31	いいえ	割れた	割れた	3	3	jmdict	はい
上汲む	交わり無し	33	15	いいえ	割れた	一致	3	3	jmdict	いいえ
下げ渋る	交わり無し	34	13 19	いいえ	割れた	割れた	3	3	jmdict	いいえ
下げ渡す	交わり無し	15 37	36	いいえ	一致	割れた	3	3	jmdict	いいえ
下卑る	交わり無し	30	13	いいえ	一致	割れた	3	3	jmdict	いいえ
下種張る	交わり無し	34	33	いいえ	割れた	一致	3	3	jmdict	いいえ
不味る	交わり無し	13	34	いいえ	割れた	一致	3	3	jmdict	いいえ
与える	交わり無し	37	34 36	いいえ	一致	割れた	3	3	jmdict	はい
世に出る	交わり無し	15 34	12 32	いいえ	割れた	割れた	3	3	jmdict	いいえ
世慣れる	交わり無し	30 33	13	いいえ	割れた	割れた	3	3	jmdict	いいえ
世離れる	交わり無し	33	17	いいえ	割れた	割れた	3	3	jmdict	いいえ
主立つ	交わり無し	13	36	いいえ	割れた	一致	3	3	jmdict	いいえ
乗りはぐれる	交わり無し	15	16	いいえ	割れた	割れた	3	3	jmdict	いいえ
乗り取る	交わり無し	37	36	いいえ	割れた	一致	3	3	jmdict	いいえ
乗り逃す	交わり無し	15 34	16	いいえ	一致	割れた	3	3	jmdict	いいえ
乗り間違える	交わり無し	15 34	10 17	いいえ	一致	割れた	3	3	jmdict	いいえ
事寄せる	交わり無し	31	34	いいえ	割れた	割れた	3	3	jmdict	いいえ
事故る	交わり無し	15 50	34	いいえ	割れた	割れた	3	3	jmdict	いいえ
事立てる	交わり無し	38	31 35	いいえ	割れた	割れた	3	3	jmdict	いいえ
人慣れる	交わり無し	33	13 35	いいえ	割れた	割れた	3	3	jmdict	いいえ
仄見える	交わり無し	15	12	いいえ	一致	一致	3	3	jmdict	いいえ
付き従う	交わり無し	33 35	36	いいえ	割れた	割れた	3	3	jmdict	いいえ
付け出す	交わり無し	15	37	いいえ	一致	一致	3	3	jmdict	いいえ
付け落とす	交わり無し	15	19	いいえ	割れた	割れた	3	3	jmdict	いいえ
仰向く	交わり無し	33	17	いいえ	割れた	割れた	3	3	jmdict	いいえ
企てる	交わり無し	34	30	いいえ	割れた	一致	3	3	jmdict	はい
伍す	交わり無し	35	11	いいえ	一致	一致	3	3	jmdict	いいえ
休す	交わり無し	33	15	いいえ	割れた	割れた	3	3	jmdict	いいえ
休まる	交わり無し	33	30	いいえ	割れた	割れた	3	3	jmdict	はい
似せる	交わり無し	15 32	11	いいえ	割れた	一致	3	3	jmdict	はい
似つく	交わり無し	13	11	いいえ	一致	一致	3	3	jmdict	いいえ
住む	交わり無し	33	17	いいえ	一致	割れた	3	3	jmdict	はい
佞む	交わり無し	31	35	いいえ	一致	一致	3	3	jmdict	いいえ
併せ持つ	交わり無し	19	11	いいえ	割れた	割れた	3	3	jmdict	はい
使い慣れる	交わり無し	15 33	13	いいえ	一致	割れた	3	3	jmdict	はい
侍る	交わり無し	33 36	35	いいえ	割れた	割れた	3	3	jmdict	いいえ
供える	交わり無し	33	34	いいえ	割れた	割れた	3	3	jmdict	はい
供す	交わり無し	33 37	34	いいえ	一致	一致	3	3	jmdict	いいえ
侵す	交わり無し	34	35	いいえ	割れた	割れた	2	3	jmdict	はい
倣う	交わり無し	34	30	いいえ	割れた	割れた	3	3	jmdict	はい
偽る	交わり無し	31 34	10	いいえ	割れた	割れた	3	3	jmdict	はい
充てる	交わり無し	15 37	19	いいえ	割れた	割れた	3	3	jmdict	はい
先駆ける	交わり無し	15 34	16	いいえ	割れた	一致	3	3	jmdict	はい
入りきる	交わり無し	15	17 19	いいえ	割れた	割れた	3	3	jmdict	いいえ
入れ忘れる	交わり無し	15	30	いいえ	割れた	割れた	3	3	jmdict	いいえ
入れ揚げる	交わり無し	15	30 37	いいえ	割れた	一致	3	3	jmdict	いいえ
入れ違える	交わり無し	15	11 17	いいえ	割れた	割れた	3	3	jmdict	いいえ
具す	交わり無し	15	33	いいえ	割れた	割れた	3	3	jmdict	いいえ
兼ねる	交わり無し	15	11 13	いいえ	割れた	割れた	3	3	jmdict	はい
兼ね仕える	交わり無し	33 38	36	いいえ	割れた	割れた	3	3	jmdict	いいえ
写る	交わり無し	15 32	12	いいえ	割れた	割れた	3	3	jmdict	はい
冴え渡る	交わり無し	13 50	30	いいえ	割れた	割れた	3	3	jmdict	いいえ
冴え返る	交わり無し	15 50	30 51	いいえ	割れた	一致	3	3	jmdict	いいえ
凄む	交わり無し	33	35	いいえ	一致	割れた	3	3	jmdict	いいえ
凝らせる	交わり無し	15	30	いいえ	一致	割れた	3	3	jmdict	いいえ
凭れる	交わり無し	33	11 17	いいえ	割れた	割れた	3	3	jmdict	はい
凭れ掛かる	交わり無し	15 33	17	いいえ	一致	割れた	3	3	jmdict	いいえ
出し切る	交わり無し	15 34	14 19	いいえ	一致	割れた	3	3	jmdict	はい
出し惜しむ	交わり無し	34	19	いいえ	割れた	割れた	3	3	jmdict	いいえ
出すぎる	交わり無し	13 15	19	いいえ	割れた	一致	3	3	jmdict	はい
出で立つ	交わり無し	33	15	いいえ	一致	割れた	3	3	jmdict	いいえ
出来す	交わり無し	15	12	いいえ	割れた	割れた	3	3	jmdict	いいえ
出歩く	交わり無し	33	15 17	いいえ	割れた	割れた	3	3	jmdict	はい
出渋る	交わり無し	15 34	30	いいえ	割れた	一致	3	3	jmdict	いいえ
出盛る	交わり無し	15 19	12	いいえ	割れた	割れた	3	3	jmdict	いいえ
分かち与える	交わり無し	37	34	いいえ	一致	割れた	3	3	jmdict	いいえ
分け持つ	交わり無し	37	34	いいえ	割れた	割れた	3	3	jmdict	いいえ
切り回す	交わり無し	15 34	38	いいえ	割れた	割れた	3	3	jmdict	いいえ
刷く	交わり無し	32	15	いいえ	割れた	一致	3	3	jmdict	いいえ
割り付ける	交わり無し	15 36	32	いいえ	割れた	割れた	3	3	jmdict	いいえ
割り切れる	交わり無し	13	11 19 30	いいえ	割れた	割れた	3	3	jmdict	いいえ
割り当てる	交わり無し	37	36	いいえ	割れた	一致	3	3	jmdict	はい
剽げる	交わり無し	15	33	いいえ	割れた	一致	3	3	jmdict	いいえ
力づく	交わり無し	30	14	いいえ	割れた	一致	3	3	jmdict	いいえ
力んで見せる	交わり無し	33 34	14	いいえ	一致	割れた	3	3	jmdict	いいえ
劣る	交わり無し	13	11	いいえ	割れた	一致	3	3	jmdict	はい
励む	交わり無し	34	33	いいえ	一致	割れた	3	3	jmdict	はい
労う	交わり無し	35	36	いいえ	割れた	一致	3	3	jmdict	いいえ
労る	交わり無し	33	35	いいえ	割れた	割れた	3	3	jmdict	はい
効く	交わり無し	15	14	いいえ	割れた	割れた	3	3	jmdict	はい
勝る	交わり無し	13 34	11	いいえ	一致	一致	3	3	jmdict	はい
募らす	交わり無し	15 19	30	いいえ	割れた	割れた	3	3	jmdict	いいえ
勤め行なう	交わり無し	33 38	34	いいえ	割れた	一致	3	3	jmdict	いいえ
包み隠す	交わり無し	31	15	いいえ	割れた	割れた	3	3	jmdict	いいえ
匿う	交わり無し	36	35	いいえ	割れた	割れた	3	3	jmdict	いいえ
博す	交わり無し	37	34	いいえ	割れた	一致	3	3	jmdict	いいえ
印す	交わり無し	32	31	いいえ	割れた	割れた	3	3	jmdict	いいえ
即す	交わり無し	11	13	いいえ	割れた	一致	3	3	jmdict	いいえ
参じる	交わり無し	33 35	17	いいえ	割れた	割れた	3	3	jmdict	いいえ
参ずる	交わり無し	35	17	いいえ	割れた	割れた	3	3	jmdict	いいえ
参らせる	交わり無し	30 34	35	いいえ	割れた	割れた	3	3	jmdict	いいえ
及ぼす	交わり無し	15	11 14	いいえ	割れた	割れた	3	3	jmdict	はい
取りはぐれる	交わり無し	15 34	37	いいえ	割れた	一致	3	3	jmdict	いいえ
取り入る	交わり無し	37	35	いいえ	割れた	一致	3	3	jmdict	いいえ
取り憑く	交わり無し	30	12	いいえ	割れた	割れた	3	3	jmdict	いいえ
取り拉ぐ	交わり無し	15 35	14	いいえ	割れた	割れた	3	3	jmdict	いいえ
取り澄ます	交わり無し	33	30	いいえ	一致	割れた	3	3	jmdict	いいえ
取り紛れる	交わり無し	15 33	30	いいえ	割れた	割れた	3	3	jmdict	いいえ
取り繕う	交わり無し	31 34	15	いいえ	割れた	割れた	3	3	jmdict	いいえ
取り調べる	交わり無し	30 34 36	35	いいえ	割れた	割れた	3	3	jmdict	はい
取り返す	交わり無し	15 34	37	いいえ	割れた	一致	3	3	jmdict	はい
取り違える	交わり無し	15	11 30	いいえ	割れた	割れた	3	3	jmdict	はい
受け付ける	交わり無し	15	35	いいえ	割れた	一致	3	3	jmdict	はい
叙す	交わり無し	36	31	いいえ	割れた	割れた	3	3	jmdict	いいえ
口ずさむ	交わり無し	31	32	いいえ	割れた	一致	3	3	jmdict	はい
召し入れる	交わり無し	36	17 35	いいえ	一致	一致	3	3	jmdict	いいえ
召し抱える	交わり無し	36 37	38	いいえ	割れた	割れた	3	3	jmdict	いいえ
召し連れる	交わり無し	36	35	いいえ	割れた	割れた	3	3	jmdict	いいえ
吊るし上げる	交わり無し	36	35	いいえ	割れた	割れた	3	3	jmdict	いいえ
同ずる	交わり無し	11	35	いいえ	割れた	割れた	3	3	jmdict	いいえ
含まれる	交わり無し	12 19	11	いいえ	一致	一致	3	3	jmdict	いいえ
含む	交わり無し	19	11 30	いいえ	割れた	割れた	3	3	jmdict	はい
含める	交わり無し	15 19	11	いいえ	割れた	割れた	3	3	jmdict	はい
吹き出る	交わり無し	15	12 51	いいえ	割れた	割れた	3	3	jmdict	いいえ
吹き渡る	交わり無し	15 50	17 51	いいえ	一致	割れた	3	3	jmdict	いいえ
吹く	交わり無し	15 50	32 51 56	いいえ	割れた	割れた	3	3	jmdict	はい
吹雪く	交わり無し	50 52	51	いいえ	一致	一致	3	3	jmdict	いいえ
和ぐ	交わり無し	35	13 50	いいえ	割れた	割れた	3	3	jmdict	いいえ
咎める	交わり無し	36	35	いいえ	一致	一致	3	3	jmdict	はい
嗾ける	交わり無し	36	35	いいえ	割れた	一致	3	3	jmdict	いいえ
噛みこなす	交わり無し	15 33	30 56	いいえ	一致	割れた	3	3	jmdict	いいえ
噛み殺す	交わり無し	33	15 30 57	いいえ	割れた	割れた	3	3	jmdict	いいえ
噛む	交わり無し	15 33	35 56	いいえ	割れた	割れた	3	3	jmdict	はい
困らせる	交わり無し	30	13	いいえ	一致	割れた	3	3	jmdict	いいえ
囲う	交わり無し	15 36	17	いいえ	割れた	割れた	3	3	jmdict	はい
垣間見える	交わり無し	30	12	いいえ	一致	割れた	3	3	jmdict	いいえ
埋め合わす	交わり無し	15 37	19	いいえ	一致	割れた	3	3	jmdict	いいえ
埋め合わせる	交わり無し	15 37	19	いいえ	割れた	一致	3	3	jmdict	はい
執る	交わり無し	34 37	32 36	いいえ	一致	割れた	3	3	jmdict	はい
堪える	交わり無し	30 34	14	いいえ	一致	一致	3	3	jmdict	はい
堪り兼ねる	交わり無し	30	13	いいえ	割れた	割れた	3	3	jmdict	いいえ
堪る	交わり無し	13 30	14	いいえ	一致	割れた	3	3	jmdict	いいえ
報う	交わり無し	35 37	34	いいえ	割れた	割れた	3	3	jmdict	いいえ
奮う	交わり無し	34	14	いいえ	割れた	割れた	3	3	jmdict	はい
妨げる	交わり無し	15 34	14	いいえ	一致	割れた	3	3	jmdict	はい
威張りくさる	交わり無し	30 33 36	35	いいえ	割れた	割れた	3	3	jmdict	いいえ
威張り散らす	交わり無し	34 36	35	いいえ	割れた	割れた	3	3	jmdict	いいえ
威張る	交わり無し	33 36	35	いいえ	割れた	一致	3	3	jmdict	はい
嫁ぐ	交わり無し	33	35	いいえ	割れた	一致	2	3	jmdict	はい
嫁す	交わり無し	37	35	いいえ	割れた	一致	3	3	jmdict	いいえ
嫁入る	交わり無し	33	35	いいえ	一致	一致	3	3	jmdict	いいえ
定まる	交わり無し	12 13	15	いいえ	割れた	割れた	3	3	jmdict	はい
宛がう	交わり無し	37	15 36	いいえ	割れた	割れた	3	3	jmdict	いいえ
寄りすがる	交わり無し	35	17 30	いいえ	一致	割れた	3	3	jmdict	いいえ
寄り集まる	交わり無し	15 35	17	いいえ	割れた	割れた	3	3	jmdict	はい
寝かす	交わり無し	33	15 57	いいえ	割れた	一致	3	3	jmdict	はい
寝かせる	交わり無し	33	15 57	いいえ	一致	割れた	3	3	jmdict	はい
寝忘れる	交わり無し	33	16 57	いいえ	割れた	割れた	3	3	jmdict	いいえ
寝過ごす	交わり無し	15 33	16 57	いいえ	一致	一致	3	3	jmdict	はい
寿く	交わり無し	31	35	いいえ	割れた	一致	3	3	jmdict	いいえ
射すくめる	交わり無し	30 34	14 35	いいえ	割れた	一致	3	3	jmdict	いいえ
射殺す	交わり無し	34	15 57	いいえ	割れた	割れた	3	3	jmdict	いいえ
小ましゃくれる	交わり無し	33	30	いいえ	一致	割れた	3	3	jmdict	いいえ
小洒落る	交わり無し	32	13	いいえ	割れた	割れた	3	3	jmdict	いいえ
就ける	交わり無し	38	36	いいえ	一致	一致	3	3	jmdict	いいえ
居合わす	交わり無し	35	12	いいえ	割れた	割れた	3	3	jmdict	いいえ
居残る	交わり無し	15 33	12 17	いいえ	割れた	割れた	3	3	jmdict	はい
居直る	交わり無し	34	35	いいえ	割れた	割れた	3	3	jmdict	はい
居着く	交わり無し	33	12 17	いいえ	割れた	割れた	3	3	jmdict	いいえ
屯う	交わり無し	17	35	いいえ	割れた	一致	3	3	jmdict	いいえ
屯す	交わり無し	17	33	いいえ	割れた	割れた	3	3	jmdict	いいえ
峙つ	交わり無し	15 35	17	いいえ	割れた	割れた	3	3	jmdict	いいえ
嵌まる	交わり無し	15	13 17 30	いいえ	割れた	一致	3	3	jmdict	はい
巣食う	交わり無し	15 38	12 17	いいえ	割れた	一致	3	3	jmdict	はい
巧む	交わり無し	34	30	いいえ	一致	一致	2	3	jmdict	いいえ
差し招く	交わり無し	35	33	いいえ	割れた	割れた	3	3	jmdict	いいえ
差し許す	交わり無し	36	34	いいえ	一致	割れた	3	3	jmdict	いいえ
差し越す	交わり無し	15 34	16	いいえ	割れた	割れた	3	3	jmdict	いいえ
差し障る	交わり無し	15 35	13	いいえ	割れた	割れた	3	3	jmdict	いいえ
差し響く	交わり無し	31	11	いいえ	割れた	一致	3	3	jmdict	いいえ
帯びる	交わり無し	15	13 34 51	いいえ	割れた	割れた	3	3	jmdict	はい
平らげる	交わり無し	34	33	いいえ	割れた	割れた	3	3	jmdict	いいえ
庇う	交わり無し	34 36	35	いいえ	一致	割れた	3	3	jmdict	はい
廃れる	交わり無し	15 38	12	いいえ	割れた	割れた	3	3	jmdict	いいえ
延べる	交わり無し	19 31	15 16	いいえ	割れた	割れた	3	3	jmdict	いいえ
建て込む	交わり無し	15 38	17	いいえ	割れた	割れた	3	3	jmdict	いいえ
引き合う	交わり無し	35	11 14 37	いいえ	割れた	割れた	3	3	jmdict	いいえ
引き渡す	交わり無し	15 37	35 36	いいえ	一致	割れた	3	3	jmdict	はい
引っくるめる	交わり無し	15	11	いいえ	割れた	割れた	3	3	jmdict	いいえ
弥立つ	交わり無し	15	30 56	いいえ	一致	割れた	2	3	jmdict	いいえ
弱る	交わり無し	13 15	14	いいえ	割れた	割れた	3	3	jmdict	はい
張り込む	交わり無し	15 34	33 37	いいえ	割れた	割れた	3	3	jmdict	はい
弾ずる	交わり無し	15	32	いいえ	割れた	一致	3	3	jmdict	いいえ
当てはまる	交わり無し	11	13	いいえ	割れた	割れた	3	3	jmdict	はい
形式張る	交わり無し	33	13	いいえ	割れた	一致	3	3	jmdict	いいえ
役立つ	交わり無し	34	13	いいえ	割れた	一致	3	3	jmdict	はい
征く	交わり無し	15 34	17	いいえ	割れた	割れた	3	3	jmdict	いいえ
待ちくたびれる	交わり無し	30	16 56	いいえ	割れた	割れた	3	3	jmdict	いいえ
待ち惚ける	交わり無し	30	16	いいえ	一致	割れた	3	3	jmdict	いいえ
待ち構える	交わり無し	34	16 35	いいえ	一致	割れた	3	3	jmdict	はい
待ち設ける	交わり無し	34	16	いいえ	割れた	一致	3	3	jmdict	いいえ
忍ばせる	交わり無し	33	15	いいえ	割れた	割れた	3	3	jmdict	いいえ
忍び込む	交わり無し	15 34	17	いいえ	一致	割れた	3	3	jmdict	はい
忍ぶ	交わり無し	30 34	14 17	いいえ	一致	割れた	3	3	jmdict	はい
怠ける	交わり無し	34	33	いいえ	割れた	一致	3	3	jmdict	はい
急がせる	交わり無し	15	16	いいえ	割れた	割れた	3	3	jmdict	いいえ
急き立てる	交わり無し	15	16 36	いいえ	割れた	割れた	3	3	jmdict	いいえ
悪たれる	交わり無し	31	34 35	いいえ	一致	割れた	3	3	jmdict	いいえ
愚図つく	交わり無し	33	16 50	いいえ	割れた	一致	3	3	jmdict	いいえ
愚図る	交わり無し	33	30	いいえ	割れた	一致	3	3	jmdict	いいえ
愚集む	交わり無し	35	15	いいえ	割れた	割れた	3	3	jmdict	いいえ
愛嬌付く	交わり無し	30	13	いいえ	割れた	一致	3	3	jmdict	いいえ
愛敬付く	交わり無し	30	13	いいえ	割れた	一致	3	3	jmdict	いいえ
慣らす	交わり無し	15 30 33	13	いいえ	割れた	割れた	3	3	jmdict	はい
成り代わる	交わり無し	15 36	11	いいえ	一致	一致	3	3	jmdict	いいえ
成り切る	交わり無し	34	15	いいえ	割れた	割れた	3	3	jmdict	いいえ
戦ぐ	交わり無し	33	15 50	いいえ	割れた	割れた	3	3	jmdict	いいえ
所帯じみる	交わり無し	13	15 33	いいえ	割れた	割れた	3	3	jmdict	いいえ
手向ける	交わり無し	37	34	いいえ	割れた	割れた	3	3	jmdict	いいえ
手渡す	交わり無し	15 37	35	いいえ	一致	割れた	3	3	jmdict	はい
才弾ける	交わり無し	15	30	いいえ	割れた	一致	3	3	jmdict	いいえ
打ち噛ます	交わり無し	35	15	いいえ	割れた	割れた	3	3	jmdict	いいえ
打ち萎れる	交わり無し	15	30	いいえ	割れた	一致	3	3	jmdict	いいえ
打っ手繰る	交わり無し	15	37	いいえ	一致	割れた	3	3	jmdict	いいえ
払い清める	交わり無し	37	15 33	いいえ	割れた	割れた	3	3	jmdict	いいえ
扱う	交わり無し	33 34	15 36 38	いいえ	割れた	割れた	3	3	jmdict	はい
抜きん出る	交わり無し	15 34	13	いいえ	割れた	一致	3	3	jmdict	いいえ
抱える	交わり無し	15	33 38	いいえ	割れた	割れた	3	3	jmdict	はい
抱きすくめる	交わり無し	15 33	35 56	いいえ	一致	割れた	3	3	jmdict	いいえ
拐かす	交わり無し	34	35	いいえ	割れた	割れた	3	3	jmdict	いいえ
拘う	交わり無し	35	11	いいえ	割れた	割れた	3	3	jmdict	いいえ
持ちこたえる	交わり無し	34	14	いいえ	割れた	一致	3	3	jmdict	はい
持ち合う	交わり無し	35	11 37	いいえ	割れた	割れた	3	3	jmdict	いいえ
持てる	交わり無し	13 34	14 35	いいえ	割れた	一致	3	3	jmdict	はい
挙る	交わり無し	15 34	33	いいえ	割れた	割れた	3	3	jmdict	いいえ
挫ける	交わり無し	34	30	いいえ	割れた	一致	3	3	jmdict	いいえ
振り当てる	交わり無し	37	36	いいえ	割れた	一致	3	3	jmdict	いいえ
振り返す	交わり無し	30	15	いいえ	割れた	割れた	3	3	jmdict	いいえ
捕まえる	交わり無し	34	15 36	いいえ	割れた	一致	3	3	jmdict	はい
捕まる	交わり無し	34	35	いいえ	割れた	割れた	3	3	jmdict	はい
捕る	交わり無し	34	15 37	いいえ	一致	割れた	3	3	jmdict	はい
捕れる	交わり無し	34	37	いいえ	割れた	割れた	3	3	jmdict	いいえ
捧げる	交わり無し	15 37	34	いいえ	割れた	一致	3	3	jmdict	はい
据わる	交わり無し	15 17	33	いいえ	割れた	割れた	3	3	jmdict	いいえ
捲し上げる	交わり無し	31 35	15	いいえ	割れた	一致	3	3	jmdict	いいえ
掏る	交わり無し	15 34	37	いいえ	割れた	一致	3	3	jmdict	いいえ
掛け合わす	交わり無し	35	11 15	いいえ	割れた	割れた	3	3	jmdict	いいえ
掛け持つ	交わり無し	38	33	いいえ	割れた	割れた	3	3	jmdict	いいえ
掛け違う	交わり無し	15	11	いいえ	割れた	割れた	3	3	jmdict	いいえ
探す	交わり無し	34	30	いいえ	割れた	一致	3	3	jmdict	はい
掻い摘む	交わり無し	15	31	いいえ	割れた	割れた	3	3	jmdict	いいえ
掻い込む	交わり無し	15 37	33 56	いいえ	一致	割れた	3	3	jmdict	いいえ
掻っ払う	交わり無し	15	37	いいえ	割れた	一致	3	3	jmdict	いいえ
握り締める	交わり無し	33	15 56	いいえ	割れた	割れた	3	3	jmdict	はい
握り返す	交わり無し	15	35 56	いいえ	割れた	割れた	3	3	jmdict	いいえ
握る	交わり無し	15 33	36 56	いいえ	一致	割れた	3	3	jmdict	はい
損ずる	交わり無し	19 37	15	いいえ	割れた	一致	3	3	jmdict	いいえ
携える	交わり無し	33	17	いいえ	割れた	割れた	3	3	jmdict	はい
撫で回す	交わり無し	33	15	いいえ	割れた	一致	3	3	jmdict	いいえ
擬す	交わり無し	32	11	いいえ	一致	割れた	3	3	jmdict	いいえ
攻め取る	交わり無し	34 35	37	いいえ	割れた	割れた	3	3	jmdict	いいえ
放っぽる	交わり無し	15	34	いいえ	一致	割れた	3	3	jmdict	いいえ
教え諭す	交わり無し	30 36	31	いいえ	割れた	割れた	3	3	jmdict	いいえ
散り残る	交わり無し	15	12	いいえ	割れた	割れた	3	3	jmdict	いいえ
数え直す	交わり無し	30	19	いいえ	割れた	割れた	3	3	jmdict	いいえ
数に入れる	交わり無し	11	19	いいえ	割れた	割れた	3	3	jmdict	いいえ
敵う	交わり無し	34 35	14	いいえ	割れた	割れた	3	3	jmdict	いいえ
斎く	交わり無し	33	34	いいえ	一致	割れた	3	3	jmdict	いいえ
断る	交わり無し	31 34	35	いいえ	割れた	割れた	3	3	jmdict	はい
方向付ける	交わり無し	15	17 36	いいえ	割れた	割れた	3	3	jmdict	いいえ
旅慣れる	交わり無し	33	13	いいえ	一致	割れた	3	3	jmdict	いいえ
明け渡す	交わり無し	15 37	36	いいえ	割れた	割れた	3	3	jmdict	はい
映り込む	交わり無し	15	12	いいえ	割れた	割れた	3	3	jmdict	いいえ
映る	交わり無し	15 50	12	いいえ	一致	割れた	3	3	jmdict	はい
時雨れる	交わり無し	50 52	51	いいえ	一致	一致	3	3	jmdict	いいえ
晦ます	交わり無し	15 31	12	いいえ	割れた	割れた	3	3	jmdict	いいえ
晴れる	交わり無し	15 50	30 51	いいえ	割れた	割れた	3	3	jmdict	はい
晴れ渡る	交わり無し	50 52	51	いいえ	割れた	一致	3	3	jmdict	いいえ
暴れ狂う	交わり無し	15 34	33 35	いいえ	割れた	割れた	3	3	jmdict	いいえ
曇る	交わり無し	15 50	30 51	いいえ	割れた	一致	3	3	jmdict	はい
書きなぐる	交わり無し	32	31	いいえ	割れた	割れた	3	3	jmdict	いいえ
書き入れる	交わり無し	15 32	31	いいえ	割れた	割れた	3	3	jmdict	はい
書き抜く	交わり無し	32	31	いいえ	割れた	一致	3	3	jmdict	いいえ
書き添える	交わり無し	32	31	いいえ	割れた	割れた	3	3	jmdict	はい
書き漏らす	交わり無し	32	31	いいえ	割れた	割れた	3	3	jmdict	いいえ
書き落とす	交わり無し	15 32	31	いいえ	割れた	割れた	3	3	jmdict	いいえ
書き誤る	交わり無し	32	31	いいえ	割れた	割れた	3	3	jmdict	いいえ
書き違える	交わり無し	15 32	31	いいえ	一致	割れた	3	3	jmdict	いいえ
書き間違える	交わり無し	32	10 31	いいえ	割れた	一致	3	3	jmdict	いいえ
書き集める	交わり無し	32	31	いいえ	割れた	割れた	3	3	jmdict	いいえ
朝日る	交わり無し	50	52	いいえ	一致	割れた	3	3	jmdict	いいえ
来つける	交わり無し	15	17	いいえ	一致	割れた	3	3	jmdict	いいえ
架かる	交わり無し	12 15	17	いいえ	割れた	一致	3	3	jmdict	いいえ
棚引く	交わり無し	15 52	17 50	いいえ	割れた	一致	3	3	jmdict	いいえ
棲む	交わり無し	33	12 17	いいえ	割れた	割れた	3	3	jmdict	はい
植わる	交わり無し	15 57	12	いいえ	割れた	割れた	3	3	jmdict	いいえ
極める	交わり無し	34	30	いいえ	一致	割れた	3	3	jmdict	はい
極め尽くす	交わり無し	15 34	30	いいえ	割れた	一致	3	3	jmdict	いいえ
模す	交わり無し	32	11	いいえ	一致	一致	3	3	jmdict	いいえ
欠かす	交わり無し	19	34	いいえ	割れた	割れた	3	3	jmdict	はい
欹てる	交わり無し	15	33	いいえ	割れた	割れた	3	3	jmdict	いいえ
歩む	交わり無し	17 33	15	いいえ	割れた	割れた	3	3	jmdict	はい
気張る	交わり無し	33 34	14	いいえ	割れた	割れた	3	3	jmdict	いいえ
求まる	交わり無し	12	19	いいえ	割れた	割れた	3	3	jmdict	いいえ
決す	交わり無し	10 34	30	いいえ	割れた	一致	3	3	jmdict	いいえ
決め込む	交わり無し	34	30	いいえ	一致	一致	3	3	jmdict	はい
決る	交わり無し	10 15	34	いいえ	一致	割れた	3	3	jmdict	はい
決定づける	交わり無し	15 34	11	いいえ	割れた	一致	3	3	jmdict	いいえ
沸き立つ	交わり無し	15 50	30 51	いいえ	割れた	一致	3	3	jmdict	いいえ
沸き起こる	交わり無し	15 50	12 30	いいえ	割れた	割れた	3	3	jmdict	はい
沸き返る	交わり無し	15 50	30 51	いいえ	一致	一致	3	3	jmdict	はい
泣きはらす	交わり無し	33	30 56	いいえ	割れた	割れた	3	3	jmdict	いいえ
泣き明かす	交わり無し	30 33	16 56	いいえ	一致	割れた	3	3	jmdict	いいえ
泣き潰す	交わり無し	33 56	30	いいえ	割れた	一致	3	3	jmdict	いいえ
泥む	交わり無し	15 33	13 30	いいえ	割れた	割れた	3	3	jmdict	いいえ
洒落る	交わり無し	32	13 33	いいえ	一致	割れた	3	3	jmdict	はい
浮かされる	交わり無し	15	30 57	いいえ	一致	割れた	3	3	jmdict	いいえ
浮かび出る	交わり無し	15	12	いいえ	割れた	割れた	3	3	jmdict	いいえ
浮き出す	交わり無し	15	12	いいえ	一致	割れた	3	3	jmdict	いいえ
涸れる	交わり無し	15 50	12 51	いいえ	一致	割れた	3	3	jmdict	いいえ
混ぜっ返す	交わり無し	35	15 31	いいえ	割れた	一致	3	3	jmdict	いいえ
混み合う	交わり無し	15	17	いいえ	割れた	割れた	3	3	jmdict	はい
混む	交わり無し	15 19	13	いいえ	割れた	割れた	3	3	jmdict	はい
添う	交わり無し	15 35	11 17	いいえ	一致	割れた	3	3	jmdict	はい
湛える	交わり無し	15	19	いいえ	割れた	割れた	3	3	jmdict	いいえ
湯がく	交わり無し	33 38	15 51	いいえ	割れた	割れた	3	3	jmdict	いいえ
湯引く	交わり無し	33	15	いいえ	一致	割れた	3	3	jmdict	いいえ
溺れる	交わり無し	15	30 57	いいえ	割れた	一致	3	3	jmdict	はい
滅ぼす	交わり無し	12 36	15	いいえ	割れた	割れた	3	3	jmdict	はい
滾らせる	交わり無し	15	30 51	いいえ	割れた	一致	3	3	jmdict	いいえ
滾る	交わり無し	15 50	30 51	いいえ	一致	一致	3	3	jmdict	いいえ
漁す	交わり無し	15	38	いいえ	割れた	割れた	3	3	jmdict	いいえ
漁夫る	交わり無し	34	37	いいえ	一致	割れた	3	3	jmdict	いいえ
潜む	交わり無し	17	12	いいえ	割れた	割れた	3	3	jmdict	はい
潜める	交わり無し	15	17 31	いいえ	割れた	割れた	3	3	jmdict	いいえ
潤う	交わり無し	15 30	19 37 51	いいえ	割れた	割れた	3	3	jmdict	はい
澄む	交わり無し	15 50	13 51	いいえ	割れた	割れた	3	3	jmdict	はい
濁す	交わり無し	15	31 51	いいえ	割れた	割れた	3	3	jmdict	はい
炊ける	交わり無し	33	15 51	いいえ	一致	割れた	3	3	jmdict	いいえ
炒める	交わり無し	33	15 51	いいえ	一致	割れた	3	3	jmdict	はい
炒る	交わり無し	33 38	15 51	いいえ	割れた	一致	3	3	jmdict	はい
為される	交わり無し	15	34	いいえ	割れた	一致	3	3	jmdict	いいえ
為熟す	交わり無し	15	34	いいえ	一致	一致	3	3	jmdict	いいえ
焚きつける	交わり無し	30	35 51	いいえ	割れた	割れた	3	3	jmdict	いいえ
焚き染める	交わり無し	32	15 51	いいえ	一致	割れた	3	3	jmdict	いいえ
照り渡る	交わり無し	50	52	いいえ	割れた	割れた	3	3	jmdict	いいえ
照り込む	交わり無し	15 50	17 52	いいえ	一致	割れた	3	3	jmdict	いいえ
煮殺す	交わり無し	33	15 57	いいえ	割れた	割れた	3	3	jmdict	いいえ
煽てる	交わり無し	31 36	35	いいえ	一致	割れた	3	3	jmdict	はい
煽り立てる	交わり無し	30	35 51	いいえ	割れた	割れた	3	3	jmdict	いいえ
燥ぐ	交わり無し	15	33	いいえ	割れた	割れた	3	3	jmdict	はい
物慣れる	交わり無し	30 33	13	いいえ	割れた	一致	3	3	jmdict	いいえ
特徴付ける	交わり無し	15	11	いいえ	一致	割れた	3	3	jmdict	いいえ
犇めく	交わり無し	15	17	いいえ	割れた	一致	3	3	jmdict	いいえ
犯る	交わり無し	34	35	いいえ	一致	割れた	3	3	jmdict	いいえ
狎れる	交わり無し	30	35	いいえ	割れた	一致	3	3	jmdict	いいえ
狙い撃つ	交わり無し	34	15	いいえ	割れた	割れた	3	3	jmdict	いいえ
献じる	交わり無し	37	34	いいえ	一致	割れた	3	3	jmdict	いいえ
献ずる	交わり無し	37	34 36	いいえ	一致	割れた	3	3	jmdict	いいえ
理論づける	交わり無し	31	30	いいえ	割れた	割れた	3	3	jmdict	いいえ
甘ったれる	交わり無し	30 34	35	いいえ	割れた	割れた	3	3	jmdict	いいえ
用いる	交わり無し	15 34	33	いいえ	割れた	割れた	3	3	jmdict	はい
申し受ける	交わり無し	31 36	37	いいえ	割れた	割れた	3	3	jmdict	いいえ
画す	交わり無し	32	11 17	いいえ	一致	割れた	3	3	jmdict	いいえ
略す	交わり無し	15	31	いいえ	割れた	割れた	3	3	jmdict	はい
番う	交わり無し	33 35	11 57	いいえ	割れた	一致	3	3	jmdict	いいえ
番える	交わり無し	33 38	11 15	いいえ	割れた	割れた	3	3	jmdict	いいえ
白ばっくれる	交わり無し	34	10	いいえ	割れた	割れた	3	3	jmdict	いいえ
盗み見る	交わり無し	33 34	30	いいえ	割れた	一致	3	3	jmdict	いいえ
目す	交わり無し	10	30	いいえ	割れた	一致	3	3	jmdict	いいえ
目立つ	交わり無し	15	13	いいえ	割れた	一致	3	3	jmdict	はい
相伴う	交わり無し	35	11	いいえ	一致	割れた	3	3	jmdict	いいえ
相容れる	交わり無し	11 35	13	いいえ	一致	一致	3	3	jmdict	いいえ
相済む	交わり無し	35	15	いいえ	一致	一致	3	3	jmdict	いいえ
相照らす	交わり無し	15 35	11	いいえ	割れた	一致	3	3	jmdict	いいえ
真で書く	交わり無し	32	31	いいえ	一致	割れた	3	3	jmdict	いいえ
真似る	交わり無し	32 34	33	いいえ	割れた	割れた	3	3	jmdict	はい
真面目くさる	交わり無し	30	33	いいえ	割れた	割れた	3	3	jmdict	いいえ
眩ます	交わり無し	15 30	10 12 56	いいえ	割れた	割れた	3	3	jmdict	いいえ
着膨れる	交わり無し	15	33	いいえ	割れた	一致	3	3	jmdict	いいえ
祓う	交わり無し	33	15	いいえ	割れた	割れた	3	3	jmdict	いいえ
祭り込む	交わり無し	36	33	いいえ	割れた	割れた	3	3	jmdict	いいえ
秘す	交わり無し	30 31	34	いいえ	割れた	割れた	3	3	jmdict	いいえ
秩序立つ	交わり無し	12	13	いいえ	割れた	一致	3	3	jmdict	いいえ
空かす	交わり無し	15	12 19 57	いいえ	一致	割れた	3	3	jmdict	いいえ
空かせる	交わり無し	15	19 57	いいえ	割れた	割れた	3	3	jmdict	いいえ
空っ惚ける	交わり無し	33	30 34	いいえ	一致	割れた	3	3	jmdict	いいえ
突っ張る	交わり無し	15 34	14	いいえ	割れた	割れた	3	3	jmdict	はい
窮す	交わり無し	19	13	いいえ	割れた	割れた	3	3	jmdict	いいえ
窶す	交わり無し	15 56 57	33	いいえ	割れた	割れた	3	3	jmdict	いいえ
立ちふさがる	交わり無し	15 35	17	いいえ	割れた	割れた	3	3	jmdict	いいえ
立ち勝る	交わり無し	13	11	いいえ	割れた	一致	3	3	jmdict	いいえ
立ち回る	交わり無し	15 34	17 33 35	いいえ	割れた	割れた	3	3	jmdict	いいえ
立ち行く	交わり無し	12 34	38	いいえ	一致	割れた	3	3	jmdict	いいえ
立てこもる	交わり無し	33 36	17	いいえ	割れた	割れた	3	3	jmdict	いいえ
立て引く	交わり無し	15	35	いいえ	一致	一致	3	3	jmdict	いいえ
立て込む	交わり無し	15 38	19	いいえ	割れた	割れた	3	3	jmdict	はい
竦む	交わり無し	33	30 56	いいえ	割れた	割れた	3	3	jmdict	いいえ
笑いこける	交わり無し	33	30	いいえ	一致	一致	3	3	jmdict	いいえ
篠突く	交わり無し	50	51	いいえ	割れた	一致	3	3	jmdict	いいえ
精出す	交わり無し	34	33 38	いいえ	割れた	割れた	3	3	jmdict	いいえ
糺す	交わり無し	34 36	10 31	いいえ	割れた	割れた	3	3	jmdict	はい
糾う	交わり無し	35	31	いいえ	割れた	割れた	3	3	jmdict	いいえ
約まる	交わり無し	11 13	15 19	いいえ	割れた	割れた	3	3	jmdict	いいえ
約める	交わり無し	34	15 31	いいえ	割れた	割れた	3	3	jmdict	いいえ
納まり返る	交わり無し	15	13	いいえ	割れた	割れた	3	3	jmdict	いいえ
紛れる	交わり無し	15	11 30	いいえ	割れた	割れた	3	3	jmdict	はい
組み伏せる	交わり無し	15 35	14	いいえ	割れた	割れた	3	3	jmdict	いいえ
組み合わさる	交わり無し	15	11	いいえ	一致	割れた	3	3	jmdict	いいえ
組織立つ	交わり無し	12 38	13	いいえ	一致	一致	3	3	jmdict	いいえ
絆す	交わり無し	35	15 36	いいえ	割れた	割れた	3	3	jmdict	いいえ
絎ける	交わり無し	32	33	いいえ	割れた	一致	3	3	jmdict	いいえ
締め出す	交わり無し	15 36	35	いいえ	割れた	割れた	3	3	jmdict	はい
練れる	交わり無し	13	30	いいえ	割れた	割れた	3	3	jmdict	いいえ
縁付ける	交わり無し	37	35	いいえ	割れた	一致	3	3	jmdict	いいえ
縢る	交わり無し	15	33	いいえ	割れた	一致	3	3	jmdict	いいえ
繁吹く	交わり無し	50	51	いいえ	一致	割れた	3	3	jmdict	いいえ
織り交ざる	交わり無し	15	11	いいえ	割れた	割れた	3	3	jmdict	いいえ
繰り合わす	交わり無し	15 37	16	いいえ	割れた	一致	3	3	jmdict	いいえ
繰り合わせる	交わり無し	15 37	16	いいえ	一致	割れた	3	3	jmdict	いいえ
纏わる	交わり無し	15	11 17	いいえ	割れた	一致	3	3	jmdict	いいえ
置き忘れる	交わり無し	15 33	30	いいえ	割れた	割れた	3	3	jmdict	はい
置き違える	交わり無し	15	11 17	いいえ	割れた	割れた	3	3	jmdict	いいえ
群がる	交わり無し	15 35	17	いいえ	一致	割れた	3	3	jmdict	はい
群れ立つ	交わり無し	15 35	12	いいえ	一致	割れた	3	3	jmdict	いいえ
耐えかねる	交わり無し	30 34	13 14	いいえ	割れた	割れた	3	3	jmdict	いいえ
耐えきれる	交わり無し	13 34	14	いいえ	割れた	一致	3	3	jmdict	いいえ
耐えしのぐ	交わり無し	34	14	いいえ	一致	一致	3	3	jmdict	いいえ
耐える	交わり無し	34	14	いいえ	一致	割れた	3	3	jmdict	はい
耐え忍ぶ	交わり無し	30 34	14	いいえ	割れた	割れた	3	3	jmdict	いいえ
耐え抜く	交わり無し	34	14	いいえ	一致	一致	3	3	jmdict	いいえ
耳慣れる	交わり無し	30	13	いいえ	一致	割れた	3	3	jmdict	はい
聞きなれる	交わり無し	30	13	いいえ	割れた	割れた	3	3	jmdict	はい
肩つく	交わり無し	35	33 56	いいえ	一致	割れた	3	3	jmdict	いいえ
興じる	交わり無し	33	30	いいえ	割れた	一致	3	3	jmdict	はい
舐め上げる	交わり無し	33 35	15	いいえ	割れた	割れた	3	3	jmdict	いいえ
舫う	交わり無し	15 33	17	いいえ	割れた	割れた	3	3	jmdict	いいえ
芋る	交わり無し	34	33	いいえ	一致	割れた	3	3	jmdict	いいえ
芝居がかる	交わり無し	32	13	いいえ	割れた	割れた	3	3	jmdict	いいえ
若やぐ	交わり無し	30 33	15	いいえ	割れた	割れた	3	3	jmdict	いいえ
若気る	交わり無し	30	33	いいえ	一致	割れた	3	3	jmdict	いいえ
茶目る	交わり無し	35	33	いいえ	割れた	一致	3	3	jmdict	いいえ
草生える	交わり無し	50	57	いいえ	割れた	割れた	3	3	jmdict	いいえ
草臥れる	交わり無し	30 57	15 56	いいえ	割れた	割れた	3	3	jmdict	はい
荒げる	交わり無し	15 30	31	いいえ	割れた	割れた	3	3	jmdict	いいえ
荒らげる	交わり無し	15	31 35	いいえ	割れた	割れた	3	3	jmdict	はい
華やぐ	交わり無し	15 30	13	いいえ	割れた	一致	3	3	jmdict	はい
蔓延る	交わり無し	15 50	12	いいえ	一致	割れた	3	3	jmdict	はい
藻掻く	交わり無し	33 34	14 15	いいえ	一致	割れた	3	3	jmdict	はい
行き付ける	交わり無し	15 17	33	いいえ	一致	割れた	3	3	jmdict	いいえ
行き悩む	交わり無し	30 34	13 15	いいえ	割れた	一致	3	3	jmdict	いいえ
行き暮れる	交わり無し	15 33	16 17	いいえ	割れた	割れた	3	3	jmdict	いいえ
衒う	交わり無し	31 34	33	いいえ	割れた	割れた	3	3	jmdict	いいえ
衒らかす	交わり無し	31 34	33	いいえ	一致	割れた	3	3	jmdict	いいえ
表立つ	交わり無し	15	12	いいえ	一致	一致	3	3	jmdict	はい
被く	交わり無し	15	33	いいえ	割れた	割れた	3	3	jmdict	いいえ
被ける	交わり無し	15	36	いいえ	一致	割れた	3	3	jmdict	いいえ
被る	交わり無し	15	33 34	いいえ	割れた	割れた	3	3	jmdict	はい
要る	交わり無し	19	13	いいえ	一致	割れた	3	3	jmdict	はい
見せかける	交わり無し	31 34	10	いいえ	割れた	一致	3	3	jmdict	いいえ
見合わす	交わり無し	35	11	いいえ	割れた	割れた	3	3	jmdict	いいえ
見合わせる	交わり無し	34	16 35	いいえ	割れた	割れた	3	3	jmdict	はい
見回す	交わり無し	15 33	17	いいえ	割れた	割れた	3	3	jmdict	はい
見捨てる	交わり無し	34 36	35	いいえ	割れた	一致	3	3	jmdict	はい
見栄張る	交わり無し	30	33	いいえ	割れた	一致	3	3	jmdict	いいえ
見比べる	交わり無し	30	11	いいえ	割れた	一致	3	3	jmdict	はい
見渡す	交わり無し	30	17	いいえ	割れた	割れた	3	3	jmdict	はい
見繕う	交わり無し	33	30 34	いいえ	割れた	割れた	3	3	jmdict	いいえ
見舞われる	交わり無し	15 30	35 50	いいえ	割れた	割れた	3	3	jmdict	いいえ
見識張る	交わり無し	34	33	いいえ	割れた	割れた	3	3	jmdict	いいえ
見返る	交わり無し	30 35	33	いいえ	一致	割れた	3	3	jmdict	いいえ
見逸れる	交わり無し	15	30	いいえ	一致	一致	3	3	jmdict	いいえ
見違える	交わり無し	30	11	いいえ	一致	割れた	3	3	jmdict	はい
覗かせる	交わり無し	15	12 17	いいえ	割れた	割れた	3	3	jmdict	いいえ
覗き見る	交わり無し	34	30	いいえ	割れた	割れた	3	3	jmdict	いいえ
覗き込む	交わり無し	33	17	いいえ	割れた	割れた	3	3	jmdict	いいえ
角目立つ	交わり無し	15	13	いいえ	一致	割れた	3	3	jmdict	いいえ
角立つ	交わり無し	13 15	35	いいえ	割れた	割れた	3	3	jmdict	いいえ
解け合う	交わり無し	15 35	11	いいえ	一致	割れた	3	3	jmdict	いいえ
解す	交わり無し	30 31	15	いいえ	割れた	割れた	3	3	jmdict	はい
言いつかる	交わり無し	31 35	36	いいえ	割れた	割れた	3	3	jmdict	いいえ
言い逃れる	交わり無し	35	31 34	いいえ	割れた	割れた	3	3	jmdict	いいえ
計り直す	交わり無し	15 30	19	いいえ	割れた	一致	3	3	jmdict	いいえ
討ち滅ぼす	交わり無し	34 35	15	いいえ	割れた	割れた	3	3	jmdict	いいえ
託ける	交わり無し	36	34	いいえ	割れた	割れた	3	3	jmdict	はい
証拠だてる	交わり無し	31 34	10	いいえ	割れた	割れた	3	3	jmdict	いいえ
評す	交わり無し	31	30	いいえ	割れた	割れた	3	3	jmdict	いいえ
詰ます	交わり無し	15 34	35	いいえ	割れた	割れた	3	3	jmdict	いいえ
誤字る	交わり無し	15 32	31	いいえ	割れた	一致	3	3	jmdict	いいえ
読み慣れる	交わり無し	30	13	いいえ	割れた	一致	3	3	jmdict	いいえ
読み損じる	交わり無し	15	31	いいえ	割れた	割れた	3	3	jmdict	いいえ
読み損なう	交わり無し	15 34	31	いいえ	割れた	割れた	3	3	jmdict	いいえ
請い受ける	交わり無し	34 35	37	いいえ	割れた	割れた	3	3	jmdict	いいえ
請い求める	交わり無し	35	31	いいえ	割れた	割れた	3	3	jmdict	いいえ
請じる	交わり無し	31 36	35	いいえ	一致	一致	3	3	jmdict	いいえ
諜す	交わり無し	31 34	30	いいえ	割れた	一致	3	3	jmdict	いいえ
諮る	交わり無し	31	35	いいえ	割れた	一致	2	3	jmdict	はい
謙る	交わり無し	33	35	いいえ	割れた	割れた	3	3	jmdict	いいえ
負ぶう	交わり無し	33	15	いいえ	一致	割れた	3	3	jmdict	いいえ
負ぶる	交わり無し	33	15 56	いいえ	一致	割れた	3	3	jmdict	いいえ
貪り尽くす	交わり無し	30 37	33	いいえ	割れた	割れた	3	3	jmdict	いいえ
責める	交わり無し	36	35	いいえ	一致	割れた	3	3	jmdict	はい
費える	交わり無し	37	19	いいえ	一致	一致	3	3	jmdict	いいえ
資す	交わり無し	37	34	いいえ	割れた	一致	3	3	jmdict	いいえ
賑あう	交わり無し	15 35	13	いいえ	割れた	割れた	3	3	jmdict	いいえ
賑わう	交わり無し	30 35	13	いいえ	割れた	割れた	3	3	jmdict	はい
贖う	交わり無し	37	34	いいえ	割れた	一致	3	3	jmdict	いいえ
起きる	交わり無し	15 33	12 56	いいえ	割れた	割れた	3	3	jmdict	はい
起こる	交わり無し	15	12	いいえ	割れた	一致	3	3	jmdict	はい
足掻く	交わり無し	33 34	14	いいえ	割れた	割れた	3	3	jmdict	いいえ
跡づける	交わり無し	34	30	いいえ	割れた	割れた	3	3	jmdict	いいえ
踊らされる	交わり無し	34 35	36	いいえ	割れた	割れた	3	3	jmdict	はい
踏みこたえる	交わり無し	34	14	いいえ	一致	割れた	3	3	jmdict	いいえ
踏みとどまる	交わり無し	34	15	いいえ	割れた	割れた	3	3	jmdict	いいえ
踏ん張る	交わり無し	33 34	14	いいえ	割れた	割れた	3	3	jmdict	はい
蹌踉ける	交わり無し	33	15 56	いいえ	割れた	一致	3	3	jmdict	いいえ
辞める	交わり無し	34 38	15	いいえ	割れた	割れた	3	3	jmdict	はい
返り咲く	交わり無し	15	34	いいえ	割れた	割れた	3	3	jmdict	いいえ
追いつく	交わり無し	15 17	16	いいえ	割れた	割れた	3	3	jmdict	はい
追い求める	交わり無し	34	15 30	いいえ	割れた	割れた	3	3	jmdict	はい
追っつく	交わり無し	15	16	いいえ	一致	割れた	3	3	jmdict	いいえ
通い慣れる	交わり無し	33	13 17	いいえ	割れた	割れた	3	3	jmdict	いいえ
連れる	交わり無し	15 35	17	いいえ	割れた	割れた	3	3	jmdict	はい
遇す	交わり無し	35	36	いいえ	割れた	割れた	3	3	jmdict	いいえ
過疎る	交わり無し	12 19	15	いいえ	割れた	割れた	3	3	jmdict	いいえ
遣って退ける	交わり無し	15 35	34	いいえ	一致	一致	3	3	jmdict	いいえ
遣られる	交わり無し	15 34	35	いいえ	割れた	一致	3	3	jmdict	いいえ
遣わす	交わり無し	31 36	15	いいえ	一致	割れた	3	3	jmdict	いいえ
選び出す	交わり無し	34	30	いいえ	割れた	割れた	3	3	jmdict	はい
選び取る	交わり無し	34	30	いいえ	一致	割れた	3	3	jmdict	いいえ
選び抜く	交わり無し	34	30	いいえ	一致	割れた	3	3	jmdict	いいえ
選ぶ	交わり無し	34	30	いいえ	一致	割れた	3	3	jmdict	はい
選りすぐる	交わり無し	34	30	いいえ	割れた	割れた	3	3	jmdict	いいえ
邌る	交わり無し	16	15 17	いいえ	割れた	割れた	3	3	jmdict	はい
醂す	交わり無し	38	15	いいえ	割れた	割れた	3	3	jmdict	いいえ
重る	交わり無し	13	19	いいえ	一致	割れた	3	3	jmdict	はい
鋳直す	交わり無し	32	15 51	いいえ	割れた	割れた	3	3	jmdict	いいえ
鍛える	交わり無し	30 33 34	15	いいえ	割れた	割れた	3	3	jmdict	はい
鍛え抜く	交わり無し	15	33	いいえ	割れた	割れた	3	3	jmdict	いいえ
長じる	交わり無し	15	13 30 57	いいえ	割れた	割れた	3	3	jmdict	いいえ
長ずる	交わり無し	15	13 30 57	いいえ	割れた	割れた	3	3	jmdict	いいえ
閉じこもる	交わり無し	33	17	いいえ	割れた	割れた	3	3	jmdict	はい
開き直す	交わり無し	30 34	15	いいえ	割れた	一致	3	3	jmdict	いいえ
間違える	交わり無し	30 34	10	いいえ	割れた	割れた	3	3	jmdict	はい
閲す	交わり無し	31	30	いいえ	一致	割れた	3	3	jmdict	いいえ
防ぐ	交わり無し	34	14	いいえ	割れた	割れた	3	3	jmdict	はい
阻む	交わり無し	15 34	14	いいえ	割れた	一致	3	3	jmdict	はい
降りしく	交わり無し	50	51	いいえ	割れた	一致	3	3	jmdict	いいえ
降り込む	交わり無し	15	17 51	いいえ	割れた	割れた	3	3	jmdict	いいえ
陥れる	交わり無し	34	15 35	いいえ	割れた	割れた	3	3	jmdict	いいえ
陳ねる	交わり無し	31	15	いいえ	一致	割れた	3	3	jmdict	いいえ
障る	交わり無し	15 30	13	いいえ	割れた	割れた	3	3	jmdict	はい
隠れ潜む	交わり無し	15 33	12 17	いいえ	割れた	割れた	3	3	jmdict	いいえ
集く	交わり無し	15	12 50	いいえ	割れた	割れた	3	3	jmdict	いいえ
集る	交わり無し	15 35	12 37	いいえ	割れた	割れた	3	3	jmdict	はい
霾る	交わり無し	50 52	51	いいえ	一致	割れた	3	3	jmdict	いいえ
響きあう	交わり無し	15 35	13 50	いいえ	割れた	割れた	3	3	jmdict	いいえ
響もす	交わり無し	31	15 50	いいえ	割れた	割れた	3	3	jmdict	いいえ
預かる	交わり無し	37	36	いいえ	一致	一致	3	3	jmdict	はい
頷ける	交わり無し	33	30	いいえ	割れた	一致	3	3	jmdict	いいえ
頼りに出来る	交わり無し	34	13	いいえ	割れた	割れた	3	3	jmdict	いいえ
頼る	交わり無し	35 36	11	いいえ	割れた	割れた	3	3	jmdict	はい
願い求める	交わり無し	30 34	31	いいえ	割れた	割れた	3	3	jmdict	いいえ
風立つ	交わり無し	50	51	いいえ	一致	割れた	3	3	jmdict	いいえ
食い延ばす	交わり無し	15 33	16	いいえ	一致	割れた	3	3	jmdict	いいえ
食い逸れる	交わり無し	34	19 33	いいえ	割れた	割れた	3	3	jmdict	いいえ
食える	交わり無し	34 37	33	いいえ	割れた	割れた	3	3	jmdict	いいえ
食べ慣れる	交わり無し	33	13	いいえ	割れた	割れた	3	3	jmdict	いいえ
食べ比べる	交わり無し	33	11	いいえ	割れた	割れた	3	3	jmdict	いいえ
食べ飽きる	交わり無し	33	30	いいえ	一致	割れた	3	3	jmdict	いいえ
飲み倒す	交わり無し	33 34	37	いいえ	割れた	割れた	3	3	jmdict	いいえ
飼いならす	交わり無し	33 38	36	いいえ	割れた	割れた	3	3	jmdict	いいえ
駆り立てる	交わり無し	15 34 36	14	いいえ	割れた	割れた	3	3	jmdict	はい
騒がす	交わり無し	31	15 35	いいえ	割れた	割れた	3	3	jmdict	いいえ
騒ぎ立てる	交わり無し	31 35	33	いいえ	割れた	割れた	3	3	jmdict	いいえ
騒めく	交わり無し	31 35	33 50	いいえ	割れた	割れた	3	3	jmdict	はい
鳴く	交わり無し	33 50	31	いいえ	割れた	割れた	3	3	jmdict	はい
黄昏れる	交わり無し	15 50	30 52	いいえ	割れた	割れた	3	3	jmdict	いいえ
齧り付く	交わり無し	33	15 56	いいえ	割れた	割れた	3	3	jmdict	いいえ
齧る	交わり無し	33	30 56	いいえ	一致	割れた	3	3	jmdict	いいえ
勃つ	部分的に重なる	15 56	56 57	はい	一致	割れた	3	3	jmdict	いいえ
咽ぶ	部分的に重なる	56 57	30 56	はい	割れた	一致	3	3	jmdict	いいえ
唸る	部分的に重なる	31 50	50 56	はい	割れた	一致	3	3	jmdict	はい
啄ばむ	部分的に重なる	33 57	56 57	はい	割れた	割れた	3	3	jmdict	いいえ
喘ぐ	部分的に重なる	56 57	13 56	はい	割れた	割れた	3	3	jmdict	いいえ
寝込む	部分的に重なる	33 57	56 57	はい	一致	割れた	3	3	jmdict	はい
射す	部分的に重なる	15 50	50 52	はい	割れた	割れた	3	3	jmdict	はい
息つく	部分的に重なる	33 56	56 57	はい	割れた	割れた	3	3	jmdict	いいえ
息む	部分的に重なる	33 56	56 57	はい	一致	割れた	3	3	jmdict	いいえ
焼けただれる	部分的に重なる	15 56	51 56	はい	割れた	割れた	3	3	jmdict	いいえ
照り上がる	部分的に重なる	15 50	50 52	はい	一致	割れた	3	3	jmdict	いいえ
痛む	部分的に重なる	56 57	15 30 56	はい	割れた	割れた	3	3	jmdict	はい
痩せこける	部分的に重なる	56 57	15 56	はい	割れた	一致	3	3	jmdict	いいえ
痩せさらばえる	部分的に重なる	56 57	15 56	はい	割れた	割れた	3	3	jmdict	いいえ
瞬く	部分的に重なる	15 56	52 56	はい	割れた	一致	3	3	jmdict	はい
窶れる	部分的に重なる	56 57	15 56	はい	割れた	一致	3	3	jmdict	はい
絞め殺す	部分的に重なる	34 57	56 57	はい	割れた	一致	3	3	jmdict	いいえ
脈打つ	部分的に重なる	15 56	56 57	はい	割れた	割れた	3	3	jmdict	いいえ
赤らむ	部分的に重なる	15 56	50 56	はい	一致	割れた	3	3	jmdict	いいえ
鳴りはためく	部分的に重なる	15 50	50 51	はい	割れた	割れた	3	3	jmdict	いいえ
いかす	部分的に重なる	32 34	34 57	いいえ	割れた	割れた	3	3	jmdict	はい
かき抱く	部分的に重なる	33 35	33 56	いいえ	割れた	割れた	3	3	jmdict	いいえ
かき起こす	部分的に重なる	15 30	15 51	いいえ	一致	割れた	3	3	jmdict	いいえ
かけ離れる	部分的に重なる	11 15	11 17	いいえ	割れた	一致	3	3	jmdict	はい
かみ合わせる	部分的に重なる	15 35	11 15	いいえ	一致	割れた	3	3	jmdict	いいえ
くすむ	部分的に重なる	15 50	15 51	いいえ	割れた	割れた	3	3	jmdict	いいえ
こき下ろす	部分的に重なる	31 36	31 35	いいえ	一致	割れた	3	3	jmdict	いいえ
こける	部分的に重なる	15 33	15 34	いいえ	割れた	一致	3	3	jmdict	いいえ
こます	部分的に重なる	15 34	34 35	いいえ	一致	割れた	3	3	jmdict	いいえ
こみ上げる	部分的に重なる	15 56	15 30	いいえ	割れた	割れた	3	3	jmdict	はい
ささくれ立つ	部分的に重なる	15 56	15 30	いいえ	割れた	一致	3	3	jmdict	いいえ
しな垂れかかる	部分的に重なる	15 33	17 33	いいえ	一致	割れた	3	3	jmdict	いいえ
しめる	部分的に重なる	15 33	15 19	いいえ	割れた	割れた	3	3	jmdict	はい
すくみ上がる	部分的に重なる	15 30 33	30 56	いいえ	割れた	割れた	3	3	jmdict	いいえ
すすり泣く	部分的に重なる	30 33	30 56	いいえ	一致	一致	3	3	jmdict	いいえ
すっ飛ばす	部分的に重なる	15 34	15 16	いいえ	割れた	割れた	3	3	jmdict	いいえ
すり寄せる	部分的に重なる	15 17	11 15	いいえ	割れた	割れた	3	3	jmdict	いいえ
すれ違う	部分的に重なる	15 35	11 15	いいえ	割れた	割れた	3	3	jmdict	いいえ
ずっこける	部分的に重なる	15 33	15 34	いいえ	一致	一致	3	3	jmdict	いいえ
ずらかる	部分的に重なる	15 34	15 17	いいえ	一致	割れた	3	3	jmdict	いいえ
せり上げる	部分的に重なる	15 37	15 19	いいえ	割れた	割れた	3	3	jmdict	いいえ
そびえ立つ	部分的に重なる	15 17	12 17	いいえ	割れた	割れた	3	3	jmdict	いいえ
ちびる	部分的に重なる	15 19	15 57	いいえ	一致	割れた	3	3	jmdict	いいえ
ちらつく	部分的に重なる	15 50	12 50	いいえ	割れた	一致	3	3	jmdict	いいえ
ついて行く	部分的に重なる	15 17	17 35	いいえ	一致	割れた	3	3	jmdict	はい
つま弾く	部分的に重なる	32 33	15 32 35	いいえ	割れた	割れた	3	3	jmdict	いいえ
でっち上げる	部分的に重なる	15 32	10 32	いいえ	割れた	割れた	3	3	jmdict	いいえ
ねじ向ける	部分的に重なる	15 36	15 17	いいえ	割れた	一致	3	3	jmdict	いいえ
のし上がる	部分的に重なる	15 34	15 36	いいえ	一致	割れた	3	3	jmdict	いいえ
のし歩く	部分的に重なる	33 34	17 33	いいえ	割れた	割れた	3	3	jmdict	いいえ
のた打つ	部分的に重なる	33 56	15 56	いいえ	割れた	割れた	3	3	jmdict	いいえ
のめり込む	部分的に重なる	30 33	17 30	いいえ	割れた	割れた	3	3	jmdict	いいえ
のめる	部分的に重なる	15 30	15 56	いいえ	割れた	割れた	3	3	jmdict	いいえ
はって行く	部分的に重なる	15 33	15 17 56	いいえ	割れた	割れた	3	3	jmdict	いいえ
はっ倒す	部分的に重なる	15 34	15 35	いいえ	割れた	割れた	3	3	jmdict	いいえ
はまり込む	部分的に重なる	15 30	15 17	いいえ	割れた	割れた	3	3	jmdict	いいえ
はみ出す	部分的に重なる	15 17	17 19	いいえ	一致	一致	3	3	jmdict	はい
はみ出る	部分的に重なる	15 17	17 19	いいえ	一致	割れた	3	3	jmdict	はい
ばらつく	部分的に重なる	15 19	11 19	いいえ	一致	割れた	3	3	jmdict	いいえ
ひき殺す	部分的に重なる	34 57	15 57	いいえ	割れた	一致	3	3	jmdict	いいえ
ひねり殺す	部分的に重なる	34 57	15 57	いいえ	割れた	割れた	3	3	jmdict	いいえ
ふん捕まえる	部分的に重なる	34 35	15 35	いいえ	割れた	割れた	3	3	jmdict	いいえ
ふん捕まる	部分的に重なる	34 35	35 36	いいえ	一致	割れた	3	3	jmdict	いいえ
ぶっ飛ばす	部分的に重なる	15 34	14 15	いいえ	割れた	割れた	3	3	jmdict	いいえ
ぶらつく	部分的に重なる	15 33	17 33	いいえ	割れた	割れた	3	3	jmdict	いいえ
ぶれる	部分的に重なる	13 15	15 30	いいえ	一致	一致	3	3	jmdict	いいえ
へたる	部分的に重なる	15 33	14 15	いいえ	割れた	割れた	3	3	jmdict	いいえ
ほっつき回る	部分的に重なる	15 33	15 17	いいえ	割れた	割れた	3	3	jmdict	いいえ
ぼやける	部分的に重なる	15 50	13 15	いいえ	割れた	割れた	3	3	jmdict	はい
まとめ上げる	部分的に重なる	15 34	15 32	いいえ	割れた	割れた	3	3	jmdict	いいえ
もがき苦しむ	部分的に重なる	30 33	14 30	いいえ	一致	割れた	3	3	jmdict	いいえ
もみ消す	部分的に重なる	15 36	36 51	いいえ	一致	割れた	3	3	jmdict	いいえ
やり過ごす	部分的に重なる	15 34	15 16	いいえ	一致	割れた	3	3	jmdict	はい
ゆすり取る	部分的に重なる	15 37	35 37	いいえ	一致	一致	3	3	jmdict	いいえ
アジる	部分的に重なる	31 36	31 35	いいえ	割れた	割れた	3	3	jmdict	いいえ
パクる	部分的に重なる	34 37	32 36 37	いいえ	一致	割れた	3	3	jmdict	いいえ
ビクつく	部分的に重なる	30 33	30 56	いいえ	一致	割れた	3	3	jmdict	いいえ
上げる	部分的に重なる	15 17 37	15 19 31 34	いいえ	割れた	割れた	3	3	jmdict	はい
上す	部分的に重なる	15 17	15 31	いいえ	割れた	割れた	3	3	jmdict	いいえ
下ろす	部分的に重なる	15 17	15 37	いいえ	一致	割れた	3	3	jmdict	はい
下向く	部分的に重なる	17 33	17 30	いいえ	一致	割れた	3	3	jmdict	いいえ
並び立つ	部分的に重なる	15 17	11 17	いいえ	割れた	割れた	3	3	jmdict	いいえ
並べ立てる	部分的に重なる	15 31	17 31	いいえ	割れた	割れた	3	3	jmdict	いいえ
中てる	部分的に重なる	15 34	15 30	いいえ	割れた	割れた	3	3	jmdict	いいえ
乗じる	部分的に重なる	15 34	19 34	いいえ	一致	割れた	3	3	jmdict	はい
乗りかかる	部分的に重なる	15 34	15 17	いいえ	割れた	割れた	3	3	jmdict	いいえ
乗り出す	部分的に重なる	15 34	15 17 38	いいえ	一致	割れた	3	3	jmdict	はい
乗り回す	部分的に重なる	15 33	15 17	いいえ	割れた	割れた	3	3	jmdict	はい
乗り回る	部分的に重なる	15 33	15 17	いいえ	一致	割れた	3	3	jmdict	いいえ
乗り戻す	部分的に重なる	15 37	15 17	いいえ	割れた	一致	3	3	jmdict	いいえ
乗り掛ける	部分的に重なる	15 34	15 17	いいえ	一致	一致	3	3	jmdict	いいえ
乗り越す	部分的に重なる	15 34	15 17	いいえ	一致	一致	3	3	jmdict	はい
乗り込む	部分的に重なる	15 34	15 17	いいえ	割れた	割れた	3	3	jmdict	はい
乗り通る	部分的に重なる	15 34	15 17	いいえ	一致	割れた	3	3	jmdict	いいえ
交える	部分的に重なる	15 35	11 35	いいえ	一致	割れた	3	3	jmdict	はい
介す	部分的に重なる	35 36	11 35	いいえ	割れた	割れた	3	3	jmdict	いいえ
仕付ける	部分的に重なる	33 38	33 34	いいえ	一致	割れた	3	3	jmdict	いいえ
仕掛ける	部分的に重なる	34 35	15 35	いいえ	割れた	割れた	3	3	jmdict	はい
仕立て直す	部分的に重なる	15 32 38	15 33	いいえ	割れた	割れた	3	3	jmdict	いいえ
付きまとう	部分的に重なる	15 35	17 35	いいえ	一致	割れた	3	3	jmdict	いいえ
付け回す	部分的に重なる	15 35	17 35	いいえ	割れた	割れた	3	3	jmdict	いいえ
付け回る	部分的に重なる	15 35	17 35	いいえ	割れた	割れた	3	3	jmdict	いいえ
伝い歩く	部分的に重なる	15 33	15 17	いいえ	割れた	割れた	3	3	jmdict	いいえ
伸し掛かる	部分的に重なる	15 17	14 15	いいえ	一致	一致	3	3	jmdict	いいえ
伸び上がる	部分的に重なる	15 33	15 17	いいえ	一致	割れた	3	3	jmdict	いいえ
低まる	部分的に重なる	13 15	15 19	いいえ	割れた	一致	3	3	jmdict	いいえ
住み替える	部分的に重なる	15 33	15 17	いいえ	割れた	割れた	3	3	jmdict	はい
作す	部分的に重なる	15 32	32 34	いいえ	割れた	一致	3	3	jmdict	いいえ
作り損なう	部分的に重なる	15 34	32 34	いいえ	割れた	一致	3	3	jmdict	いいえ
作り込む	部分的に重なる	32 38	15 32	いいえ	一致	割れた	3	3	jmdict	いいえ
併せ用いる	部分的に重なる	15 38	11 15 34	いいえ	一致	割れた	3	3	jmdict	いいえ
使い慣らす	部分的に重なる	15 33	13 33	いいえ	割れた	割れた	3	3	jmdict	いいえ
使い込む	部分的に重なる	15 33	33 37	いいえ	割れた	割れた	3	3	jmdict	はい
俯ける	部分的に重なる	15 33	17 33	いいえ	割れた	割れた	3	3	jmdict	いいえ
倉庫に納める	部分的に重なる	15 37	15 17	いいえ	割れた	割れた	3	3	jmdict	いいえ
倒す	部分的に重なる	15 34	15 35	いいえ	一致	割れた	3	3	jmdict	はい
値下がる	部分的に重なる	15 37	19 37	いいえ	一致	割れた	3	3	jmdict	いいえ
偏る	部分的に重なる	13 15	13 30	いいえ	一致	割れた	3	3	jmdict	はい
偽り誓う	部分的に重なる	31 34	10 31	いいえ	割れた	割れた	3	3	jmdict	いいえ
傷つく	部分的に重なる	15 56	30 56	いいえ	一致	割れた	3	3	jmdict	はい
働かす	部分的に重なる	33 38	15 38	いいえ	一致	割れた	3	3	jmdict	はい
働かせる	部分的に重なる	33 36	30 33	いいえ	割れた	割れた	3	3	jmdict	はい
働きかける	部分的に重なる	15 34 35	14 35	いいえ	割れた	一致	3	3	jmdict	はい
働きすぎる	部分的に重なる	33 38	19 33	いいえ	割れた	割れた	3	3	jmdict	いいえ
働き通す	部分的に重なる	33 38	16 33	いいえ	割れた	一致	3	3	jmdict	いいえ
先立つ	部分的に重なる	16 34	16 57	いいえ	割れた	一致	3	3	jmdict	はい
光らす	部分的に重なる	15 50	15 51	いいえ	一致	割れた	3	3	jmdict	いいえ
入り揚げる	部分的に重なる	15 37	30 37	いいえ	割れた	割れた	3	3	jmdict	いいえ
入り浸る	部分的に重なる	15 33	17 33	いいえ	割れた	一致	3	3	jmdict	いいえ
入り組む	部分的に重なる	15 17	13 17	いいえ	一致	割れた	3	3	jmdict	はい
入れ合わせる	部分的に重なる	15 35	11 15	いいえ	割れた	割れた	3	3	jmdict	いいえ
入れ違う	部分的に重なる	15 35	11 15	いいえ	割れた	割れた	3	3	jmdict	いいえ
冷める	部分的に重なる	15 30	30 51	いいえ	割れた	割れた	3	3	jmdict	はい
凌ぐ	部分的に重なる	34 35	14 34	いいえ	割れた	割れた	3	3	jmdict	はい
凍る	部分的に重なる	15 51	30 51	いいえ	一致	一致	3	3	jmdict	はい
凝る	部分的に重なる	15 30	30 32 56	いいえ	割れた	割れた	3	3	jmdict	はい
出かける	部分的に重なる	15 33	15 17	いいえ	一致	割れた	3	3	jmdict	はい
出し渋る	部分的に重なる	34 36	34 37	いいえ	割れた	割れた	3	3	jmdict	いいえ
出尽くす	部分的に重なる	15 19	12 19	いいえ	一致	割れた	3	3	jmdict	はい
出払う	部分的に重なる	15 17	12 15	いいえ	割れた	割れた	3	3	jmdict	いいえ
分かれる	部分的に重なる	15 17	11 15	いいえ	割れた	一致	3	3	jmdict	はい
分かれ出る	部分的に重なる	15 17	11 12 15	いいえ	一致	割れた	3	3	jmdict	いいえ
分捕る	部分的に重なる	34 37	35 37	いいえ	一致	割れた	3	3	jmdict	はい
切りつける	部分的に重なる	15 34	15 35	いいえ	一致	一致	3	3	jmdict	いいえ
切り伏せる	部分的に重なる	15 34	15 35	いいえ	一致	割れた	3	3	jmdict	いいえ
切り殺す	部分的に重なる	15 34	15 57	いいえ	割れた	一致	3	3	jmdict	いいえ
切り組む	部分的に重なる	15 35	15 38	いいえ	割れた	割れた	3	3	jmdict	いいえ
切り込む	部分的に重なる	15 34	15 17 31	いいえ	一致	割れた	3	3	jmdict	はい
切り進む	部分的に重なる	15 34	15 17	いいえ	割れた	一致	3	3	jmdict	いいえ
刈り上げる	部分的に重なる	15 33	15 56	いいえ	一致	割れた	3	3	jmdict	いいえ
刈り葺く	部分的に重なる	15 33	15 38	いいえ	割れた	一致	3	3	jmdict	いいえ
刺し殺す	部分的に重なる	15 34	15 57	いいえ	割れた	一致	3	3	jmdict	はい
刻みつける	部分的に重なる	15 32	15 30	いいえ	一致	割れた	3	3	jmdict	いいえ
刻み込む	部分的に重なる	15 32	15 30	いいえ	割れた	割れた	3	3	jmdict	いいえ
割り込む	部分的に重なる	15 35	17 35	いいえ	一致	一致	3	3	jmdict	はい
力む	部分的に重なる	14 33	14 56	いいえ	一致	割れた	3	3	jmdict	はい
加わる	部分的に重なる	15 35	19 35	いいえ	一致	割れた	3	3	jmdict	はい
励ます	部分的に重なる	30 34	30 35	いいえ	割れた	割れた	3	3	jmdict	はい
動かす	部分的に重なる	15 34	15 30 36	いいえ	割れた	割れた	3	3	jmdict	はい
動き回る	部分的に重なる	15 33	15 17	いいえ	割れた	割れた	3	3	jmdict	はい
募る	部分的に重なる	19 30	30 35	いいえ	割れた	割れた	3	3	jmdict	はい
勧める	部分的に重なる	31 36	31 34	いいえ	一致	割れた	3	3	jmdict	はい
包み飾る	部分的に重なる	15 32	32 33	いいえ	割れた	割れた	3	3	jmdict	いいえ
卸す	部分的に重なる	37 38	15 37	いいえ	割れた	割れた	3	3	jmdict	はい
参る	部分的に重なる	30 34	17 34 56 57	いいえ	割れた	割れた	3	3	jmdict	はい
及ぶ	部分的に重なる	11 15	15 17 19	いいえ	割れた	一致	3	3	jmdict	はい
収める	部分的に重なる	15 36	15 34 37	いいえ	割れた	割れた	3	3	jmdict	はい
取って参る	部分的に重なる	15 37	17 37	いいえ	一致	割れた	3	3	jmdict	いいえ
取りこぼす	部分的に重なる	15 19	19 34	いいえ	割れた	割れた	3	3	jmdict	はい
取りまとめる	部分的に重なる	15 34	15 38	いいえ	割れた	割れた	3	3	jmdict	はい
取り上げる	部分的に重なる	15 34	15 31 36	いいえ	割れた	割れた	3	3	jmdict	はい
取り付ける	部分的に重なる	15 37	15 35	いいえ	一致	割れた	3	3	jmdict	いいえ
取り入れる	部分的に重なる	15 37	15 30 38	いいえ	割れた	割れた	3	3	jmdict	はい
取り分ける	部分的に重なる	15 37	15 19	いいえ	一致	割れた	3	3	jmdict	いいえ
取り切る	部分的に重なる	15 37	15 19	いいえ	一致	割れた	2	3	jmdict	いいえ
取り合わせる	部分的に重なる	15 32	11 15	いいえ	一致	一致	3	3	jmdict	はい
取り回す	部分的に重なる	15 33	15 38	いいえ	一致	割れた	3	3	jmdict	いいえ
取り扱う	部分的に重なる	15 38	33 38	いいえ	割れた	割れた	3	3	jmdict	はい
取り押さえる	部分的に重なる	34 35	14 35	いいえ	割れた	割れた	3	3	jmdict	いいえ
取り損なう	部分的に重なる	15 34	34 37	いいえ	割れた	一致	3	3	jmdict	いいえ
取り決める	部分的に重なる	34 36	34 35	いいえ	割れた	割れた	3	3	jmdict	はい
取り潰す	部分的に重なる	15 36	15 38	いいえ	割れた	割れた	3	3	jmdict	いいえ
取り留める	部分的に重なる	15 34	15 57	いいえ	一致	割れた	3	3	jmdict	はい
受け止める	部分的に重なる	15 34 35	15 30	いいえ	割れた	一致	3	3	jmdict	はい
受け渡す	部分的に重なる	15 37	35 37	いいえ	割れた	割れた	3	3	jmdict	いいえ
受け続ける	部分的に重なる	15 34	15 37	いいえ	割れた	一致	3	3	jmdict	いいえ
口付ける	部分的に重なる	33 35	35 56	いいえ	一致	一致	2	3	jmdict	いいえ
古び衰える	部分的に重なる	15 50	14 15	いいえ	割れた	割れた	3	3	jmdict	はい
叩き伏せる	部分的に重なる	15 34	15 35	いいえ	割れた	割れた	3	3	jmdict	いいえ
叩き出す	部分的に重なる	15 34	15 35	いいえ	割れた	割れた	3	3	jmdict	いいえ
叩き殺す	部分的に重なる	15 34	15 57	いいえ	割れた	一致	3	3	jmdict	いいえ
叩き起こす	部分的に重なる	15 33	15 57	いいえ	一致	一致	3	3	jmdict	いいえ
叫びだす	部分的に重なる	31 33	15 31	いいえ	一致	割れた	3	3	jmdict	いいえ
合う	部分的に重なる	11 15	11 13 35	いいえ	割れた	割れた	3	3	jmdict	はい
合わす	部分的に重なる	15 35	11 15	いいえ	割れた	割れた	3	3	jmdict	はい
合わせる	部分的に重なる	15 35	11 13 15	いいえ	割れた	割れた	3	3	jmdict	はい
吊り出す	部分的に重なる	15 34	15 35	いいえ	割れた	割れた	3	3	jmdict	いいえ
吐きかける	部分的に重なる	15 33	15 56	いいえ	割れた	割れた	3	3	jmdict	いいえ
吐き散らす	部分的に重なる	31 33	15 31	いいえ	一致	一致	3	3	jmdict	いいえ
吐く	部分的に重なる	33 56	31 56	いいえ	割れた	割れた	3	3	jmdict	はい
向かい合わせる	部分的に重なる	15 17	17 35	いいえ	一致	割れた	3	3	jmdict	いいえ
向かう	部分的に重なる	15 17	17 35	いいえ	一致	割れた	3	3	jmdict	はい
向く	部分的に重なる	15 17	13 17	いいえ	一致	割れた	3	3	jmdict	はい
否む	部分的に重なる	10 31	10 34	いいえ	一致	割れた	3	3	jmdict	いいえ
含ます	部分的に重なる	15 30	15 19	いいえ	割れた	割れた	3	3	jmdict	いいえ
吹かす	部分的に重なる	15 31	31 33 51	いいえ	割れた	割れた	3	3	jmdict	はい
吹き上がる	部分的に重なる	15 50	15 51	いいえ	一致	一致	3	3	jmdict	いいえ
吹き上げる	部分的に重なる	15 50	15 51	いいえ	一致	一致	3	3	jmdict	いいえ
吹き出す	部分的に重なる	15 31	15 30 51	いいえ	一致	一致	3	3	jmdict	はい
吹き始める	部分的に重なる	15 50	15 51	いいえ	一致	割れた	3	3	jmdict	いいえ
吹き寄せる	部分的に重なる	15 50	15 51	いいえ	割れた	一致	3	3	jmdict	いいえ
吹き散らす	部分的に重なる	15 50	15 51	いいえ	割れた	割れた	3	3	jmdict	いいえ
吹き込む	部分的に重なる	15 31	15 30 32	いいえ	一致	割れた	3	3	jmdict	はい
吹き通す	部分的に重なる	15 50	15 51	いいえ	一致	割れた	3	3	jmdict	いいえ
吹っかける	部分的に重なる	15 35	35 37	いいえ	割れた	割れた	3	3	jmdict	いいえ
味あう	部分的に重なる	30 33	30 56	いいえ	一致	一致	3	3	jmdict	いいえ
味わう	部分的に重なる	30 33	30 56	いいえ	一致	一致	3	3	jmdict	はい
呼び回る	部分的に重なる	31 35	17 31	いいえ	割れた	割れた	3	3	jmdict	いいえ
呼び寄せる	部分的に重なる	15 31	31 35	いいえ	一致	割れた	3	3	jmdict	はい
呼び慣れる	部分的に重なる	31 33	30 31	いいえ	割れた	割れた	3	3	jmdict	いいえ
呼び止める	部分的に重なる	31 35	15 31	いいえ	割れた	割れた	3	3	jmdict	はい
呼び起こす	部分的に重なる	15 31	15 30	いいえ	一致	割れた	3	3	jmdict	はい
呼び込む	部分的に重なる	15 31 35	15 31 38	いいえ	割れた	割れた	3	3	jmdict	はい
命じ終わる	部分的に重なる	16 36	15 36	いいえ	割れた	一致	3	3	jmdict	いいえ
和める	部分的に重なる	30 35	13 30	いいえ	割れた	割れた	3	3	jmdict	いいえ
咲き残る	部分的に重なる	15 57	12 57	いいえ	一致	割れた	3	3	jmdict	いいえ
喜び歌う	部分的に重なる	30 31	30 32	いいえ	割れた	割れた	3	3	jmdict	いいえ
嗅ぎつける	部分的に重なる	30 34	30 56	いいえ	一致	割れた	3	3	jmdict	いいえ
嗅ぎ分ける	部分的に重なる	30 56	11 56	いいえ	一致	割れた	3	3	jmdict	いいえ
嗅ぎ回る	部分的に重なる	15 33	15 56	いいえ	割れた	一致	3	3	jmdict	いいえ
嗅ぎ当てる	部分的に重なる	30 34	30 56	いいえ	割れた	割れた	3	3	jmdict	いいえ
噛ませる	部分的に重なる	15 33	15 35 56	いいえ	割れた	割れた	3	3	jmdict	いいえ
噛みしだく	部分的に重なる	15 33	15 56	いいえ	割れた	割れた	3	3	jmdict	いいえ
噛み切る	部分的に重なる	15 33	15 56	いいえ	一致	一致	3	3	jmdict	いいえ
噛み合う	部分的に重なる	11 35	11 13	いいえ	割れた	割れた	3	3	jmdict	いいえ
噛み潰す	部分的に重なる	15 33	15 56	いいえ	割れた	一致	3	3	jmdict	いいえ
噛み締める	部分的に重なる	30 33	30 56	いいえ	割れた	一致	3	3	jmdict	いいえ
囲い込む	部分的に重なる	15 36	17 36	いいえ	割れた	割れた	3	3	jmdict	いいえ
垂れ込む	部分的に重なる	15 31	31 35	いいえ	割れた	割れた	3	3	jmdict	いいえ
垂れ込める	部分的に重なる	15 17	17 51	いいえ	一致	割れた	3	3	jmdict	いいえ
垢抜ける	部分的に重なる	15 33	13 15	いいえ	割れた	割れた	3	3	jmdict	いいえ
埋ける	部分的に重なる	15 17	15 51	いいえ	割れた	一致	3	3	jmdict	いいえ
埋まる	部分的に重なる	15 17	12 17	いいえ	一致	割れた	3	3	jmdict	はい
堕ちる	部分的に重なる	15 34	15 30	いいえ	一致	割れた	3	3	jmdict	いいえ
売り広める	部分的に重なる	37 38	31 37	いいえ	一致	割れた	3	3	jmdict	いいえ
売り急ぐ	部分的に重なる	15 37	16 37	いいえ	割れた	一致	3	3	jmdict	いいえ
売れ切れる	部分的に重なる	15 37	12 37	いいえ	割れた	割れた	3	3	jmdict	いいえ
売れ残る	部分的に重なる	15 37	12 37	いいえ	一致	一致	3	3	jmdict	いいえ
大人びる	部分的に重なる	13 15	15 57	いいえ	割れた	割れた	3	3	jmdict	いいえ
失う	部分的に重なる	15 37	12 37 57	いいえ	一致	割れた	3	3	jmdict	はい
奉じる	部分的に重なる	34 36	30 36	いいえ	一致	一致	3	3	jmdict	いいえ
嬲り殺す	部分的に重なる	34 35	35 57	いいえ	割れた	割れた	3	3	jmdict	いいえ
定める	部分的に重なる	34 36	30 36	いいえ	割れた	割れた	3	3	jmdict	はい
宛てる	部分的に重なる	15 17	17 31	いいえ	割れた	割れた	3	3	jmdict	いいえ
実る	部分的に重なる	15 57	34 57	いいえ	割れた	一致	3	3	jmdict	はい
宿す	部分的に重なる	12 15	12 30 57	いいえ	割れた	一致	3	3	jmdict	はい
寄せては返す	部分的に重なる	15 17	15 50	いいえ	一致	割れた	3	3	jmdict	いいえ
寄せ合う	部分的に重なる	15 35	17 35	いいえ	一致	割れた	3	3	jmdict	いいえ
寄り付く	部分的に重なる	15 17	17 35	いいえ	割れた	割れた	3	3	jmdict	いいえ
寄越す	部分的に重なる	15 37	35 37	いいえ	一致	割れた	3	3	jmdict	はい
寝損なう	部分的に重なる	33 34	34 57	いいえ	割れた	割れた	3	3	jmdict	いいえ
寝静まる	部分的に重なる	15 33	15 57	いいえ	割れた	割れた	3	3	jmdict	はい
射し込む	部分的に重なる	15 17	17 50	いいえ	一致	割れた	3	3	jmdict	いいえ
尋ねる	部分的に重なる	31 35	17 31	いいえ	一致	一致	3	3	jmdict	はい
導く	部分的に重なる	15 36	17 36	いいえ	割れた	割れた	3	3	jmdict	はい
就く	部分的に重なる	34 38	33 38	いいえ	割れた	割れた	3	3	jmdict	はい
尽かす	部分的に重なる	15 19	19 30	いいえ	割れた	一致	3	3	jmdict	いいえ
尽き果てる	部分的に重なる	15 19	12 19	いいえ	割れた	割れた	3	3	jmdict	いいえ
居続ける	部分的に重なる	15 16	12 16	いいえ	割れた	割れた	3	3	jmdict	いいえ
届ける	部分的に重なる	15 17	15 31	いいえ	割れた	割れた	3	3	jmdict	はい
山なす	部分的に重なる	15 19	12 19	いいえ	割れた	割れた	3	3	jmdict	いいえ
差し付ける	部分的に重なる	15 36	15 35	いいえ	割れた	割れた	3	3	jmdict	いいえ
差し入れる	部分的に重なる	15 37	15 35	いいえ	割れた	割れた	3	3	jmdict	はい
差し向ける	部分的に重なる	15 36	15 17	いいえ	割れた	一致	3	3	jmdict	いいえ
差し回す	部分的に重なる	15 36	15 17	いいえ	一致	割れた	3	3	jmdict	いいえ
差し掛かる	部分的に重なる	15 16	16 17	いいえ	割れた	一致	3	3	jmdict	はい
差し立てる	部分的に重なる	15 36	15 35	いいえ	一致	割れた	3	3	jmdict	いいえ
干す	部分的に重なる	15 33	15 36 51	いいえ	割れた	割れた	3	3	jmdict	はい
広める	部分的に重なる	15 38	15 31	いいえ	割れた	一致	3	3	jmdict	はい
建つ	部分的に重なる	12 15	12 17	いいえ	一致	割れた	3	3	jmdict	はい
弁じる	部分的に重なる	31 34	31 35	いいえ	割れた	割れた	3	3	jmdict	いいえ
弄う	部分的に重なる	15 33	15 35	いいえ	一致	割れた	3	3	jmdict	いいえ
弓引く	部分的に重なる	34 35	15 35	いいえ	割れた	割れた	3	3	jmdict	いいえ
弔う	部分的に重なる	33 35	35 57	いいえ	割れた	一致	3	3	jmdict	はい
引きずり出す	部分的に重なる	15 17	15 35	いいえ	割れた	割れた	3	3	jmdict	いいえ
引きずる	部分的に重なる	15 17	15 30	いいえ	一致	割れた	3	3	jmdict	はい
引き下がる	部分的に重なる	15 34	15 35	いいえ	一致	割れた	3	3	jmdict	はい
引き下げる	部分的に重なる	15 36	15 19 37	いいえ	割れた	割れた	3	3	jmdict	はい
引き出す	部分的に重なる	15 34	15 31 37	いいえ	割れた	割れた	3	3	jmdict	はい
引き払う	部分的に重なる	15 37	15 17	いいえ	割れた	割れた	3	3	jmdict	はい
引き締まる	部分的に重なる	13 15	15 30	いいえ	割れた	割れた	3	3	jmdict	はい
引き込む	部分的に重なる	15 17	15 30	いいえ	一致	割れた	3	3	jmdict	はい
引き連れる	部分的に重なる	15 17	17 36	いいえ	割れた	割れた	3	3	jmdict	はい
引き離す	部分的に重なる	15 17	15 35	いいえ	割れた	割れた	3	3	jmdict	はい
引ける	部分的に重なる	15 34	15 30	いいえ	割れた	割れた	3	3	jmdict	いいえ
引っかぶる	部分的に重なる	15 33	15 34	いいえ	割れた	一致	3	3	jmdict	いいえ
引っ張り下ろす	部分的に重なる	15 36	14 15	いいえ	割れた	割れた	3	3	jmdict	いいえ
引っ張り合う	部分的に重なる	15 35	14 35	いいえ	一致	割れた	3	3	jmdict	いいえ
引っ張り込む	部分的に重なる	15 35	15 17	いいえ	割れた	割れた	3	3	jmdict	いいえ
引っ攫う	部分的に重なる	15 37	15 35	いいえ	割れた	割れた	3	3	jmdict	いいえ
引っ立てる	部分的に重なる	15 36	15 35	いいえ	一致	割れた	3	3	jmdict	いいえ
弱まる	部分的に重なる	13 15	14 15	いいえ	割れた	一致	3	3	jmdict	はい
弱める	部分的に重なる	13 15	14 15	いいえ	割れた	一致	3	3	jmdict	はい
弱りきる	部分的に重なる	13 15	14 15 56	いいえ	一致	割れた	3	3	jmdict	いいえ
張り倒す	部分的に重なる	15 34	15 35	いいえ	割れた	一致	3	3	jmdict	いいえ
張り出す	部分的に重なる	15 17	17 31	いいえ	一致	割れた	3	3	jmdict	はい
張り詰める	部分的に重なる	13 15	13 30	いいえ	一致	割れた	3	3	jmdict	はい
強める	部分的に重なる	13 14	14 15	いいえ	割れた	一致	3	3	jmdict	はい
弾く	部分的に重なる	15 32 33	15 32 34	いいえ	割れた	割れた	3	3	jmdict	はい
弾ける	部分的に重なる	15 50	15 51	いいえ	一致	割れた	3	3	jmdict	いいえ
弾む	部分的に重なる	15 50	15 30	いいえ	一致	割れた	3	3	jmdict	はい
当たる	部分的に重なる	11 15 34	10 15 17 34 50	いいえ	割れた	割れた	3	3	jmdict	はい
当てはめる	部分的に重なる	15 34	11 15	いいえ	一致	一致	3	3	jmdict	はい
当てる	部分的に重なる	15 34	15 30 36 37	いいえ	一致	割れた	3	3	jmdict	はい
微笑みかける	部分的に重なる	30 33	33 35	いいえ	割れた	一致	3	3	jmdict	いいえ
忍び入る	部分的に重なる	15 34	15 17	いいえ	割れた	割れた	3	3	jmdict	いいえ
忍び出る	部分的に重なる	15 33	15 17	いいえ	一致	一致	3	3	jmdict	いいえ
忍び泣く	部分的に重なる	30 33	30 57	いいえ	割れた	割れた	3	3	jmdict	いいえ
応える	部分的に重なる	34 35	31 35	いいえ	割れた	割れた	3	3	jmdict	はい
応ずる	部分的に重なる	34 35	31 35	いいえ	割れた	割れた	3	3	jmdict	はい
急きたてられる	部分的に重なる	15 36	16 36	いいえ	割れた	割れた	3	3	jmdict	いいえ
息張る	部分的に重なる	33 56	14 56	いいえ	一致	割れた	3	3	jmdict	いいえ
息詰まる	部分的に重なる	13 30	13 56	いいえ	割れた	一致	3	3	jmdict	はい
惹きつける	部分的に重なる	30 35	14 15 30	いいえ	一致	割れた	3	3	jmdict	いいえ
慕い寄る	部分的に重なる	30 35	17 30	いいえ	割れた	割れた	3	3	jmdict	いいえ
慣れ親しむ	部分的に重なる	30 33	30 35	いいえ	一致	割れた	3	3	jmdict	はい
懸け隔てる	部分的に重なる	15 17	11 17	いいえ	一致	一致	3	3	jmdict	いいえ
成り上がる	部分的に重なる	15 34	15 36	いいえ	割れた	一致	3	3	jmdict	いいえ
成り込む	部分的に重なる	15 34	15 17	いいえ	割れた	一致	3	3	jmdict	いいえ
手がける	部分的に重なる	34 38	32 38	いいえ	一致	割れた	3	3	jmdict	はい
手仕舞う	部分的に重なる	37 38	15 38	いいえ	割れた	割れた	3	3	jmdict	いいえ
手馴れる	部分的に重なる	30 34	13 30	いいえ	割れた	割れた	3	3	jmdict	いいえ
打ちのめす	部分的に重なる	15 34	14 15 35	いいえ	割れた	割れた	3	3	jmdict	はい
打ち伏す	部分的に重なる	15 34	14 15	いいえ	一致	割れた	3	3	jmdict	いいえ
打ち倒す	部分的に重なる	15 34	15 35	いいえ	一致	割れた	3	3	jmdict	いいえ
打ち出す	部分的に重なる	15 32 34	15 31	いいえ	割れた	一致	3	3	jmdict	はい
打ち取る	部分的に重なる	15 34	34 57	いいえ	一致	割れた	2	3	jmdict	はい
打ち払う	部分的に重なる	15 34	15 35	いいえ	一致	割れた	3	3	jmdict	いいえ
打ち据える	部分的に重なる	15 34	15 35	いいえ	一致	割れた	3	3	jmdict	いいえ
打ち滅ぼす	部分的に重なる	15 34	15 35	いいえ	割れた	一致	3	3	jmdict	いいえ
打ち込む	部分的に重なる	15 34	15 30 31	いいえ	一致	割れた	3	3	jmdict	はい
打って出る	部分的に重なる	34 35	15 34	いいえ	割れた	一致	3	3	jmdict	いいえ
抓る	部分的に重なる	15 33	15 56	いいえ	割れた	割れた	3	3	jmdict	いいえ
投げ与える	部分的に重なる	15 37	15 34	いいえ	一致	割れた	3	3	jmdict	いいえ
投げ渡す	部分的に重なる	15 37	15 35	いいえ	割れた	一致	3	3	jmdict	いいえ
投ずる	部分的に重なる	15 34	15 37	いいえ	一致	一致	3	3	jmdict	いいえ
抗う	部分的に重なる	34 35	14 35	いいえ	割れた	割れた	3	3	jmdict	いいえ
折れる	部分的に重なる	13 15	15 17 30 35	いいえ	割れた	割れた	3	3	jmdict	はい
抜き出る	部分的に重なる	15 17	15 34	いいえ	割れた	割れた	3	3	jmdict	いいえ
抜く	部分的に重なる	15 37	15 34	いいえ	割れた	割れた	3	3	jmdict	はい
抜け上がる	部分的に重なる	15 34	15 56	いいえ	一致	一致	3	3	jmdict	いいえ
抱きしめる	部分的に重なる	33 35	35 56	いいえ	割れた	一致	3	3	jmdict	はい
抱きとめる	部分的に重なる	15 33	15 56	いいえ	一致	割れた	3	3	jmdict	いいえ
抱き合う	部分的に重なる	33 35	35 56	いいえ	一致	割れた	3	3	jmdict	はい
抱き合わせる	部分的に重なる	15 37	11 15	いいえ	一致	割れた	3	3	jmdict	いいえ
抱き起こす	部分的に重なる	15 33	15 56	いいえ	割れた	割れた	3	3	jmdict	いいえ
押さえる	部分的に重なる	15 34 36	14 36	いいえ	一致	割れた	3	3	jmdict	はい
押しまくる	部分的に重なる	15 34	14 15	いいえ	割れた	割れた	3	3	jmdict	いいえ
押し下げる	部分的に重なる	15 36	15 17	いいえ	一致	割れた	3	3	jmdict	はい
押し付ける	部分的に重なる	15 36	14 36	いいえ	一致	割れた	3	3	jmdict	はい
押し倒す	部分的に重なる	15 34	14 15	いいえ	一致	割れた	3	3	jmdict	はい
押し合う	部分的に重なる	15 35	14 35	いいえ	割れた	割れた	3	3	jmdict	いいえ
押し広める	部分的に重なる	15 38	15 31	いいえ	一致	割れた	3	3	jmdict	いいえ
押し破る	部分的に重なる	15 34	14 15	いいえ	割れた	割れた	3	3	jmdict	いいえ
押し負ける	部分的に重なる	34 35	14 34	いいえ	割れた	一致	3	3	jmdict	いいえ
押し込める	部分的に重なる	15 17	15 36	いいえ	割れた	割れた	3	3	jmdict	いいえ
押し通す	部分的に重なる	15 34	14 34	いいえ	割れた	割れた	3	3	jmdict	はい
担ぎ出す	部分的に重なる	15 34	15 36	いいえ	一致	一致	3	3	jmdict	はい
担ぐ	部分的に重なる	15 33	33 36	いいえ	一致	割れた	3	3	jmdict	はい
拗ける	部分的に重なる	13 30	15 30	いいえ	割れた	割れた	3	3	jmdict	いいえ
拗らせる	部分的に重なる	15 30	15 57	いいえ	割れた	割れた	3	3	jmdict	いいえ
拗れる	部分的に重なる	15 35	13 35	いいえ	割れた	一致	3	3	jmdict	はい
招き入れる	部分的に重なる	15 35	17 35	いいえ	一致	割れた	3	3	jmdict	いいえ
招き寄せる	部分的に重なる	15 17	15 35	いいえ	割れた	割れた	3	3	jmdict	いいえ
招じ入れる	部分的に重なる	15 35	17 35	いいえ	一致	一致	3	3	jmdict	いいえ
拝む	部分的に重なる	31 33	30 33	いいえ	割れた	割れた	3	3	jmdict	はい
持ち出す	部分的に重なる	15 34	15 17 31	いいえ	割れた	割れた	3	3	jmdict	はい
持ち去る	部分的に重なる	15 37	15 17	いいえ	割れた	割れた	3	3	jmdict	はい
持て余す	部分的に重なる	19 34	13 19	いいえ	割れた	割れた	3	3	jmdict	はい
振りかざす	部分的に重なる	15 33	15 36	いいえ	割れた	一致	3	3	jmdict	はい
振り分ける	部分的に重なる	15 17	15 36	いいえ	割れた	割れた	3	3	jmdict	はい
振り切る	部分的に重なる	15 34	15 35	いいえ	一致	割れた	3	3	jmdict	はい
振り向く	部分的に重なる	15 33	15 17	いいえ	割れた	一致	3	3	jmdict	はい
振り向ける	部分的に重なる	15 17	17 36	いいえ	一致	割れた	3	3	jmdict	いいえ
振り回す	部分的に重なる	15 33	15 36	いいえ	一致	一致	3	3	jmdict	はい
振り立てる	部分的に重なる	15 34	15 33	いいえ	割れた	一致	3	3	jmdict	いいえ
振る	部分的に重なる	15 33	15 35 36	いいえ	一致	割れた	3	3	jmdict	はい
振るう	部分的に重なる	15 34	14 15	いいえ	割れた	割れた	3	3	jmdict	いいえ
振舞う	部分的に重なる	33 34	33 35	いいえ	割れた	一致	3	3	jmdict	はい
捗る	部分的に重なる	15 34	15 38	いいえ	割れた	割れた	3	3	jmdict	はい
捨てる	部分的に重なる	15 37	15 34	いいえ	割れた	割れた	3	3	jmdict	はい
捻くれる	部分的に重なる	13 30	15 30	いいえ	割れた	割れた	3	3	jmdict	いいえ
捻り出す	部分的に重なる	15 34	15 30	いいえ	割れた	一致	3	3	jmdict	いいえ
授ける	部分的に重なる	31 37	31 36	いいえ	割れた	割れた	3	3	jmdict	はい
採り込む	部分的に重なる	15 37	15 38	いいえ	一致	一致	3	3	jmdict	いいえ
採る	部分的に重なる	15 37 38	34 37 38	いいえ	割れた	割れた	3	3	jmdict	はい
探し出す	部分的に重なる	30 34	12 30	いいえ	一致	割れた	3	3	jmdict	いいえ
探る	部分的に重なる	30 34	15 30	いいえ	一致	割れた	3	3	jmdict	はい
控える	部分的に重なる	34 36	17 31 34	いいえ	割れた	割れた	3	3	jmdict	はい
掲げる	部分的に重なる	15 34	15 31	いいえ	一致	一致	3	3	jmdict	はい
掻い潜る	部分的に重なる	15 34	15 17	いいえ	割れた	一致	3	3	jmdict	いいえ
掻き毟る	部分的に重なる	15 33	15 56	いいえ	一致	割れた	3	3	jmdict	いいえ
掻く	部分的に重なる	15 33	15 56	いいえ	一致	割れた	3	3	jmdict	はい
揃う	部分的に重なる	13 15	11 12 13	いいえ	割れた	割れた	3	3	jmdict	はい
揉みほぐす	部分的に重なる	15 33	15 56	いいえ	割れた	一致	3	3	jmdict	いいえ
揉む	部分的に重なる	15 33	15 56	いいえ	一致	割れた	3	3	jmdict	はい
握らせる	部分的に重なる	15 33	15 37	いいえ	割れた	割れた	3	3	jmdict	いいえ
損じる	部分的に重なる	15 37	15 34	いいえ	一致	一致	3	3	jmdict	はい
摘む	部分的に重なる	15 33	15 38	いいえ	割れた	割れた	3	3	jmdict	はい
撃ちまくる	部分的に重なる	15 34	15 35	いいえ	一致	一致	3	3	jmdict	いいえ
撃ち抜く	部分的に重なる	15 34	15 35	いいえ	一致	割れた	3	3	jmdict	いいえ
撃ち止める	部分的に重なる	15 34	15 57	いいえ	一致	割れた	3	3	jmdict	いいえ
擽る	部分的に重なる	15 56	30 56	いいえ	割れた	割れた	3	3	jmdict	はい
攫う	部分的に重なる	15 37	15 35	いいえ	一致	一致	2	3	jmdict	いいえ
支え合う	部分的に重なる	15 35	14 35	いいえ	割れた	割れた	3	3	jmdict	いいえ
攻めあぐねる	部分的に重なる	13 34	13 35	いいえ	一致	一致	3	3	jmdict	いいえ
攻めあぐむ	部分的に重なる	13 34	13 35	いいえ	割れた	割れた	3	3	jmdict	いいえ
攻め入る	部分的に重なる	34 35	17 35	いいえ	割れた	割れた	3	3	jmdict	いいえ
攻め滅ぼす	部分的に重なる	35 36	15 35	いいえ	割れた	一致	3	3	jmdict	いいえ
攻め落とす	部分的に重なる	15 34 35	35 36	いいえ	割れた	割れた	3	3	jmdict	いいえ
整える	部分的に重なる	15 33	13 15	いいえ	一致	割れた	3	3	jmdict	はい
敷く	部分的に重なる	15 33	15 17 36	いいえ	一致	割れた	3	3	jmdict	はい
断じる	部分的に重なる	10 30 34	10 30 31	いいえ	割れた	割れた	3	3	jmdict	いいえ
断ずる	部分的に重なる	10 31	10 30	いいえ	割れた	割れた	3	3	jmdict	いいえ
断つ	部分的に重なる	15 34	15 35	いいえ	一致	割れた	3	3	jmdict	はい
施す	部分的に重なる	34 37	34 36	いいえ	割れた	割れた	3	3	jmdict	はい
明らむ	部分的に重なる	15 50 52	10 52	いいえ	割れた	割れた	3	3	jmdict	いいえ
時化る	部分的に重なる	50 52	50 51	いいえ	割れた	割れた	3	3	jmdict	いいえ
暮れかける	部分的に重なる	15 16	16 52	いいえ	割れた	一致	3	3	jmdict	いいえ
暮れなずむ	部分的に重なる	16 50	16 52	いいえ	割れた	一致	3	3	jmdict	いいえ
暮れゆく	部分的に重なる	15 16 52	16 50	いいえ	一致	割れた	3	3	jmdict	いいえ
暮れ果てる	部分的に重なる	15 16	16 50	いいえ	割れた	割れた	3	3	jmdict	いいえ
暮れ残る	部分的に重なる	15 16	12 16 50	いいえ	割れた	割れた	3	3	jmdict	いいえ
暴れだす	部分的に重なる	15 34	15 35	いいえ	割れた	一致	3	3	jmdict	いいえ
暴れまわる	部分的に重なる	15 34	15 35	いいえ	一致	割れた	3	3	jmdict	いいえ
暴れる	部分的に重なる	15 34	15 35	いいえ	割れた	割れた	3	3	jmdict	はい
暴れ込む	部分的に重なる	15 34 35	15 17 35	いいえ	割れた	割れた	3	3	jmdict	いいえ
曇らす	部分的に重なる	15 50	15 30 51	いいえ	割れた	割れた	3	3	jmdict	いいえ
曇らせる	部分的に重なる	15 50	15 30 51	いいえ	一致	割れた	3	3	jmdict	いいえ
書き損じる	部分的に重なる	15 32	32 34	いいえ	一致	割れた	3	3	jmdict	いいえ
書き損なう	部分的に重なる	15 32 34	31 32	いいえ	割れた	割れた	3	3	jmdict	いいえ
書き続ける	部分的に重なる	31 32	15 31	いいえ	割れた	割れた	3	3	jmdict	いいえ
書き起こす	部分的に重なる	15 32	31 32	いいえ	割れた	割れた	3	3	jmdict	いいえ
服す	部分的に重なる	34 36	36 56	いいえ	割れた	割れた	3	3	jmdict	いいえ
朽ちる	部分的に重なる	15 57	15 51	いいえ	割れた	割れた	3	3	jmdict	いいえ
来はじめる	部分的に重なる	15 16	15 17	いいえ	割れた	割れた	3	3	jmdict	いいえ
架ける	部分的に重なる	15 38	15 17	いいえ	割れた	一致	3	3	jmdict	いいえ
染め上げる	部分的に重なる	15 32	15 51	いいえ	一致	一致	3	3	jmdict	いいえ
染め出す	部分的に重なる	15 32	15 51	いいえ	一致	割れた	3	3	jmdict	いいえ
染め抜く	部分的に重なる	15 32	15 51	いいえ	割れた	割れた	3	3	jmdict	いいえ
染め直す	部分的に重なる	15 32	15 33	いいえ	割れた	割れた	3	3	jmdict	いいえ
染め込む	部分的に重なる	15 32	15 51	いいえ	割れた	一致	3	3	jmdict	いいえ
根ざす	部分的に重なる	12 17	11 12	いいえ	一致	一致	3	3	jmdict	はい
棒で殴る	部分的に重なる	15 34	15 35	いいえ	割れた	割れた	3	3	jmdict	いいえ
構える	部分的に重なる	33 34	15 33 38	いいえ	一致	割れた	3	3	jmdict	はい
欠ける	部分的に重なる	12 15 19	15 19 52	いいえ	割れた	割れた	3	3	jmdict	はい
欺く	部分的に重なる	31 35	10 35	いいえ	割れた	一致	3	3	jmdict	はい
歌い合う	部分的に重なる	31 35	32 35	いいえ	割れた	割れた	3	3	jmdict	いいえ
正す	部分的に重なる	15 34	10 15	いいえ	割れた	割れた	3	3	jmdict	はい
歩き去る	部分的に重なる	15 33	15 17	いいえ	割れた	一致	3	3	jmdict	いいえ
歩き疲れる	部分的に重なる	15 33	15 56	いいえ	割れた	割れた	3	3	jmdict	いいえ
歩み寄る	部分的に重なる	15 35	17 35	いいえ	割れた	割れた	3	3	jmdict	はい
殴り倒す	部分的に重なる	15 34	15 35	いいえ	割れた	一致	3	3	jmdict	いいえ
殴り飛ばす	部分的に重なる	15 34	15 35	いいえ	割れた	一致	3	3	jmdict	いいえ
求むる	部分的に重なる	34 37	30 37	いいえ	割れた	割れた	3	3	jmdict	いいえ
求める	部分的に重なる	30 34 37	30 31 37	いいえ	割れた	割れた	3	3	jmdict	はい
沈める	部分的に重なる	15 17	15 30	いいえ	割れた	割れた	3	3	jmdict	はい
没す	部分的に重なる	12 15	15 52	いいえ	割れた	割れた	3	3	jmdict	いいえ
沸かす	部分的に重なる	15 51	30 51	いいえ	一致	割れた	3	3	jmdict	はい
沸く	部分的に重なる	15 51	30 51	いいえ	一致	一致	3	3	jmdict	はい
治す	部分的に重なる	15 57	15 56	いいえ	割れた	割れた	3	3	jmdict	はい
沿う	部分的に重なる	11 17	13 17	いいえ	一致	一致	3	3	jmdict	はい
泣きじゃくる	部分的に重なる	30 33	30 56	いいえ	割れた	割れた	3	3	jmdict	はい
泣き出す	部分的に重なる	15 30	15 57	いいえ	一致	一致	3	3	jmdict	はい
泣き別れる	部分的に重なる	15 35	30 35	いいえ	割れた	割れた	3	3	jmdict	いいえ
泣き喚く	部分的に重なる	30 33	30 31	いいえ	割れた	一致	3	3	jmdict	いいえ
泣き崩れる	部分的に重なる	30 33	30 57	いいえ	一致	割れた	3	3	jmdict	はい
泣き止む	部分的に重なる	15 30	15 56	いいえ	割れた	割れた	3	3	jmdict	いいえ
泣き通す	部分的に重なる	30 33	16 30 57	いいえ	割れた	割れた	3	3	jmdict	いいえ
泣く	部分的に重なる	30 33	30 57	いいえ	一致	割れた	3	3	jmdict	はい
泳ぎだす	部分的に重なる	15 33	15 56	いいえ	一致	割れた	3	3	jmdict	いいえ
泳ぎ回る	部分的に重なる	15 33	15 17	いいえ	一致	割れた	3	3	jmdict	いいえ
洗い出す	部分的に重なる	15 34	15 30	いいえ	一致	割れた	3	3	jmdict	いいえ
洗い直す	部分的に重なる	15 33	15 30	いいえ	一致	割れた	3	3	jmdict	はい
洗い立てる	部分的に重なる	31 34	15 30 31	いいえ	割れた	割れた	3	3	jmdict	いいえ
流される	部分的に重なる	15 30	15 17	いいえ	一致	割れた	3	3	jmdict	いいえ
流し込む	部分的に重なる	15 17	15 56	いいえ	割れた	割れた	3	3	jmdict	はい
流す	部分的に重なる	15 17	15 31	いいえ	割れた	割れた	3	3	jmdict	はい
流行らす	部分的に重なる	15 38	15 35	いいえ	一致	一致	3	3	jmdict	いいえ
浮かす	部分的に重なる	15 17	15 19	いいえ	割れた	割れた	3	3	jmdict	はい
浮かせる	部分的に重なる	15 17	15 19	いいえ	一致	割れた	3	3	jmdict	いいえ
浮かび上がる	部分的に重なる	15 17	12 15	いいえ	割れた	割れた	3	3	jmdict	はい
浮かぶ	部分的に重なる	15 17	15 30	いいえ	割れた	割れた	3	3	jmdict	はい
浮き出る	部分的に重なる	15 17	12 15	いいえ	一致	割れた	3	3	jmdict	はい
浮く	部分的に重なる	15 17	13 15	いいえ	一致	割れた	3	3	jmdict	はい
浴びせかける	部分的に重なる	15 35	15 31	いいえ	一致	割れた	3	3	jmdict	いいえ
消える	部分的に重なる	12 15	12 51	いいえ	割れた	割れた	3	3	jmdict	はい
淀む	部分的に重なる	15 50	15 31	いいえ	割れた	割れた	3	3	jmdict	はい
深まる	部分的に重なる	13 15	15 30 35	いいえ	割れた	割れた	3	3	jmdict	はい
混じり合う	部分的に重なる	15 35	11 15	いいえ	割れた	割れた	3	3	jmdict	いいえ
渇く	部分的に重なる	56 57	51 57	いいえ	割れた	割れた	3	3	jmdict	はい
温める	部分的に重なる	15 51	30 51	いいえ	一致	割れた	3	3	jmdict	はい
湧き上がる	部分的に重なる	15 50	12 30 50	いいえ	一致	割れた	3	3	jmdict	いいえ
湧き出す	部分的に重なる	15 50	12 50	いいえ	割れた	割れた	3	3	jmdict	いいえ
湧き出る	部分的に重なる	15 50	12 50	いいえ	一致	割れた	3	3	jmdict	いいえ
湧き立つ	部分的に重なる	15 30	30 51	いいえ	一致	割れた	3	3	jmdict	いいえ
湧く	部分的に重なる	15 50	12 50	いいえ	割れた	割れた	3	3	jmdict	はい
満たす	部分的に重なる	15 19	19 34	いいえ	一致	割れた	3	3	jmdict	はい
満ち溢れる	部分的に重なる	15 19	19 30	いいえ	一致	割れた	3	3	jmdict	いいえ
溜め込む	部分的に重なる	15 37	19 37	いいえ	割れた	割れた	3	3	jmdict	いいえ
滾らす	部分的に重なる	15 30	30 51	いいえ	割れた	割れた	3	3	jmdict	いいえ
漲る	部分的に重なる	15 19	14 19 30	いいえ	一致	割れた	3	3	jmdict	いいえ
濁る	部分的に重なる	15 50	15 51	いいえ	割れた	割れた	3	3	jmdict	はい
炒りつける	部分的に重なる	15 33	15 51	いいえ	割れた	割れた	3	3	jmdict	いいえ
焦げ付く	部分的に重なる	15 51	37 51	いいえ	一致	一致	3	3	jmdict	いいえ
焼きあがる	部分的に重なる	15 38	15 51	いいえ	割れた	一致	3	3	jmdict	いいえ
焼きすぎる	部分的に重なる	15 19	15 51	いいえ	割れた	一致	3	3	jmdict	いいえ
焼きなます	部分的に重なる	15 33	15 51	いいえ	割れた	割れた	3	3	jmdict	いいえ
焼き上げる	部分的に重なる	15 32	15 51	いいえ	一致	一致	3	3	jmdict	はい
焼く	部分的に重なる	15 33 38	15 33 51	いいえ	割れた	割れた	3	3	jmdict	はい
焼け出される	部分的に重なる	15 33	15 51	いいえ	割れた	割れた	3	3	jmdict	はい
焼け失せる	部分的に重なる	15 51	12 51	いいえ	一致	割れた	3	3	jmdict	いいえ
焼け残る	部分的に重なる	15 51	12 51	いいえ	一致	割れた	3	3	jmdict	はい
煎じる	部分的に重なる	15 33	33 51	いいえ	割れた	割れた	3	3	jmdict	いいえ
照らし出す	部分的に重なる	15 50	15 51	いいえ	一致	割れた	3	3	jmdict	いいえ
照らす	部分的に重なる	15 50	11 15	いいえ	一致	割れた	3	3	jmdict	はい
照り返す	部分的に重なる	15 50	15 51	いいえ	一致	割れた	3	3	jmdict	いいえ
煮える	部分的に重なる	15 51	30 51	いいえ	一致	割れた	3	3	jmdict	はい
煮え返る	部分的に重なる	15 51	30 51	いいえ	一致	一致	3	3	jmdict	いいえ
煮出す	部分的に重なる	15 38	15 51	いいえ	割れた	割れた	3	3	jmdict	いいえ
煮切る	部分的に重なる	15 33	15 51	いいえ	割れた	割れた	3	3	jmdict	いいえ
煮詰める	部分的に重なる	15 38	15 30 51	いいえ	一致	割れた	3	3	jmdict	はい
煮返す	部分的に重なる	15 33	15 51	いいえ	一致	割れた	3	3	jmdict	いいえ
煽る	部分的に重なる	30 31 35	15 35 51	いいえ	割れた	一致	3	3	jmdict	はい
燃え上がる	部分的に重なる	15 51	30 51	いいえ	一致	一致	3	3	jmdict	はい
燃え盛る	部分的に重なる	15 51	30 51	いいえ	割れた	割れた	3	3	jmdict	いいえ
燃え立つ	部分的に重なる	15 51	30 51	いいえ	割れた	一致	3	3	jmdict	いいえ
燻る	部分的に重なる	15 51	30 51	いいえ	一致	割れた	3	3	jmdict	いいえ
片付く	部分的に重なる	15 33	15 34	いいえ	一致	割れた	3	3	jmdict	はい
特色づける	部分的に重なる	15 32	11 15	いいえ	割れた	割れた	3	3	jmdict	いいえ
狭まる	部分的に重なる	13 15	15 17	いいえ	割れた	割れた	3	3	jmdict	はい
生き別れる	部分的に重なる	15 57	15 35	いいえ	割れた	割れた	3	3	jmdict	いいえ
生き埋める	部分的に重なる	15 34	15 57	いいえ	割れた	割れた	3	3	jmdict	いいえ
生け込む	部分的に重なる	15 38	15 32 33	いいえ	割れた	割れた	3	3	jmdict	いいえ
生み出す	部分的に重なる	15 32	32 38	いいえ	割れた	割れた	3	3	jmdict	はい
畳む	部分的に重なる	15 33	15 38	いいえ	割れた	一致	3	3	jmdict	はい
病み惚ける	部分的に重なる	30 57	30 56	いいえ	割れた	割れた	3	3	jmdict	いいえ
痛めつける	部分的に重なる	15 34 35	15 56	いいえ	割れた	割れた	3	3	jmdict	いいえ
痞える	部分的に重なる	30 56	15 56	いいえ	割れた	割れた	3	3	jmdict	いいえ
癒す	部分的に重なる	30 57	30 56	いいえ	一致	一致	3	3	jmdict	いいえ
盗み出す	部分的に重なる	34 37	15 37	いいえ	割れた	一致	3	3	jmdict	いいえ
目指す	部分的に重なる	30 34	17 30	いいえ	一致	割れた	3	3	jmdict	はい
目覚める	部分的に重なる	15 30	30 57	いいえ	割れた	一致	3	3	jmdict	はい
相勤める	部分的に重なる	34 35	34 38	いいえ	一致	割れた	3	3	jmdict	いいえ
相次ぐ	部分的に重なる	15 16	12 16	いいえ	割れた	割れた	3	3	jmdict	はい
相知る	部分的に重なる	30 35	11 30	いいえ	一致	割れた	3	3	jmdict	いいえ
相通じる	部分的に重なる	11 35	11 31	いいえ	割れた	割れた	3	3	jmdict	いいえ
省く	部分的に重なる	19 34	15 19	いいえ	一致	割れた	3	3	jmdict	はい
着せる	部分的に重なる	15 33	33 36	いいえ	割れた	割れた	3	3	jmdict	はい
矯める	部分的に重なる	15 36	15 34	いいえ	一致	割れた	3	3	jmdict	いいえ
磨く	部分的に重なる	15 32	15 30	いいえ	割れた	割れた	3	3	jmdict	はい
秩序立てる	部分的に重なる	15 36	13 15	いいえ	一致	割れた	3	3	jmdict	いいえ
移り行く	部分的に重なる	15 17	15 16	いいえ	一致	一致	3	3	jmdict	いいえ
移ろう	部分的に重なる	15 50	15 16	いいえ	割れた	割れた	3	3	jmdict	いいえ
積み出す	部分的に重なる	15 37	15 38	いいえ	割れた	一致	3	3	jmdict	はい
積み立てる	部分的に重なる	15 37 38	19 37	いいえ	割れた	割れた	3	3	jmdict	はい
積み重ねる	部分的に重なる	15 38	15 19	いいえ	割れた	一致	3	3	jmdict	はい
積もる	部分的に重なる	15 19	19 51	いいえ	一致	割れた	3	3	jmdict	はい
空く	部分的に重なる	12 15	12 19	いいえ	割れた	割れた	3	3	jmdict	はい
突きつける	部分的に重なる	15 35	15 31	いいえ	割れた	割れた	3	3	jmdict	はい
突き倒す	部分的に重なる	15 34	15 35	いいえ	一致	割れた	3	3	jmdict	いいえ
突き動かす	部分的に重なる	14 15	15 30	いいえ	一致	割れた	3	3	jmdict	いいえ
突き当たる	部分的に重なる	15 35	13 15	いいえ	割れた	割れた	3	3	jmdict	はい
突き通る	部分的に重なる	15 34	15 17	いいえ	割れた	割れた	3	3	jmdict	いいえ
突き進む	部分的に重なる	15 34	15 17	いいえ	割れた	一致	3	3	jmdict	はい
突き飛ばす	部分的に重なる	15 34	15 35	いいえ	割れた	割れた	3	3	jmdict	はい
突っかける	部分的に重なる	15 35	15 33	いいえ	割れた	割れた	3	3	jmdict	はい
突っ込む	部分的に重なる	15 35	15 17 31	いいえ	割れた	割れた	3	3	jmdict	はい
立ちはだかる	部分的に重なる	15 34	15 17	いいえ	割れた	割れた	3	3	jmdict	はい
立ち上る	部分的に重なる	15 50	15 51	いいえ	割れた	割れた	3	3	jmdict	いいえ
立てる	部分的に重なる	15 34 36	15 32 38	いいえ	一致	割れた	3	3	jmdict	はい
立て直す	部分的に重なる	15 34	15 38	いいえ	一致	割れた	3	3	jmdict	はい
端折る	部分的に重なる	15 33	15 31	いいえ	割れた	割れた	3	3	jmdict	いいえ
競り上がる	部分的に重なる	15 35	15 19	いいえ	一致	割れた	3	3	jmdict	いいえ
笑い出す	部分的に重なる	30 33	15 30	いいえ	一致	割れた	3	3	jmdict	いいえ
簸る	部分的に重なる	15 33	15 38	いいえ	割れた	割れた	3	3	jmdict	いいえ
粘つく	部分的に重なる	13 50	13 51	いいえ	割れた	割れた	3	3	jmdict	いいえ
紐解く	部分的に重なる	30 31	15 30	いいえ	一致	割れた	3	3	jmdict	いいえ
組み敷く	部分的に重なる	15 35	14 35	いいえ	割れた	割れた	3	3	jmdict	いいえ
経巡る	部分的に重なる	15 16	15 17	いいえ	一致	一致	3	3	jmdict	いいえ
結び合わす	部分的に重なる	15 35	11 15	いいえ	一致	一致	3	3	jmdict	いいえ
結び合わせる	部分的に重なる	15 35	11 15	いいえ	一致	割れた	3	3	jmdict	いいえ
絡み合う	部分的に重なる	15 35	11 15	いいえ	一致	割れた	3	3	jmdict	はい
絡める	部分的に重なる	15 35	11 15	いいえ	一致	割れた	3	3	jmdict	いいえ
統べ合わせる	部分的に重なる	15 36	11 36	いいえ	一致	割れた	3	3	jmdict	いいえ
綯う	部分的に重なる	32 33	15 33	いいえ	割れた	割れた	3	3	jmdict	いいえ
締め上げる	部分的に重なる	15 36	15 35	いいえ	割れた	割れた	3	3	jmdict	いいえ
編み出す	部分的に重なる	32 34	30 32	いいえ	割れた	割れた	3	3	jmdict	はい
編み合わせる	部分的に重なる	15 32	11 15	いいえ	一致	割れた	3	3	jmdict	いいえ
縁取る	部分的に重なる	15 32	15 17	いいえ	一致	割れた	3	3	jmdict	いいえ
縛る	部分的に重なる	15 33	15 36	いいえ	割れた	一致	3	3	jmdict	はい
縫い上げる	部分的に重なる	15 32	15 33	いいえ	割れた	一致	3	3	jmdict	いいえ
繋ぐ	部分的に重なる	15 35	11 15	いいえ	一致	割れた	3	3	jmdict	はい
繋げる	部分的に重なる	15 35	11 15	いいえ	割れた	一致	3	3	jmdict	いいえ
纏まる	部分的に重なる	12 15	13 15	いいえ	割れた	割れた	3	3	jmdict	はい
纏める	部分的に重なる	15 34	15 31 35	いいえ	一致	割れた	3	3	jmdict	はい
置き去る	部分的に重なる	15 17	15 35	いいえ	一致	割れた	3	3	jmdict	いいえ
群れ居る	部分的に重なる	33 35	12 35	いいえ	一致	割れた	3	3	jmdict	いいえ
群れ集う	部分的に重なる	15 35	12 35	いいえ	割れた	割れた	3	3	jmdict	いいえ
習わす	部分的に重なる	30 33	30 31	いいえ	割れた	割れた	3	3	jmdict	いいえ
翳す	部分的に重なる	15 17	15 33	いいえ	一致	割れた	3	3	jmdict	いいえ
老成る	部分的に重なる	15 57	15 30	いいえ	割れた	割れた	3	3	jmdict	いいえ
耕す	部分的に重なる	33 38	15 38	いいえ	割れた	一致	3	3	jmdict	はい
聞きそびれる	部分的に重なる	15 31	31 34	いいえ	割れた	割れた	3	3	jmdict	いいえ
聞き届ける	部分的に重なる	31 36	31 34	いいえ	割れた	割れた	3	3	jmdict	いいえ
聞く	部分的に重なる	30 31	31 56	いいえ	一致	割れた	3	3	jmdict	はい
肉付く	部分的に重なる	15 57	15 19 56	いいえ	割れた	割れた	3	3	jmdict	いいえ
肥える	部分的に重なる	15 56	30 50 56	いいえ	割れた	割れた	3	3	jmdict	はい
肩肘張る	部分的に重なる	33 34	13 33	いいえ	一致	割れた	3	3	jmdict	いいえ
肯んじる	部分的に重なる	30 34	10 34	いいえ	一致	割れた	3	3	jmdict	いいえ
育ちすぎる	部分的に重なる	15 57	19 57	いいえ	割れた	一致	3	3	jmdict	いいえ
背負う	部分的に重なる	33 34	15 34	いいえ	割れた	一致	3	3	jmdict	はい
腐らす	部分的に重なる	15 57	15 51	いいえ	割れた	一致	3	3	jmdict	いいえ
腐り果てる	部分的に重なる	15 57	15 51	いいえ	割れた	割れた	3	3	jmdict	いいえ
腐れる	部分的に重なる	15 57	15 51	いいえ	割れた	割れた	3	3	jmdict	いいえ
臨む	部分的に重なる	34 35	17 35	いいえ	割れた	割れた	3	3	jmdict	はい
舐め取る	部分的に重なる	15 33	15 56	いいえ	割れた	一致	3	3	jmdict	いいえ
舐め尽くす	部分的に重なる	15 33	15 56	いいえ	割れた	割れた	3	3	jmdict	いいえ
色褪せる	部分的に重なる	15 50	15 51	いいえ	一致	割れた	3	3	jmdict	いいえ
色褪める	部分的に重なる	15 50	15 51	いいえ	一致	割れた	3	3	jmdict	いいえ
茹でる	部分的に重なる	15 33	15 51	いいえ	割れた	割れた	3	3	jmdict	はい
荒れる	部分的に重なる	15 50	13 50 56	いいえ	一致	割れた	3	3	jmdict	はい
荒れ狂う	部分的に重なる	15 50	30 50	いいえ	一致	一致	3	3	jmdict	いいえ
萎える	部分的に重なる	15 57	15 30	いいえ	一致	割れた	3	3	jmdict	はい
葬る	部分的に重なる	33 57	15 57	いいえ	一致	割れた	3	3	jmdict	はい
蒸し返す	部分的に重なる	15 31 35	15 31 51	いいえ	割れた	割れた	3	3	jmdict	はい
蕩ける	部分的に重なる	15 30	30 51	いいえ	割れた	割れた	3	3	jmdict	いいえ
蘇る	部分的に重なる	15 57	30 57	いいえ	一致	割れた	3	3	jmdict	はい
行きそびれる	部分的に重なる	15 34	16 34	いいえ	割れた	割れた	3	3	jmdict	いいえ
行き交う	部分的に重なる	15 35	15 17	いいえ	一致	割れた	3	3	jmdict	はい
行き届く	部分的に重なる	13 15	13 17	いいえ	一致	一致	3	3	jmdict	はい
行き違う	部分的に重なる	11 15 35	11 17	いいえ	割れた	割れた	3	3	jmdict	いいえ
行ける	部分的に重なる	13 34	13 17	いいえ	割れた	割れた	3	3	jmdict	いいえ
表す	部分的に重なる	31 32	11 31	いいえ	一致	割れた	3	3	jmdict	はい
裏付ける	部分的に重なる	11 34	10 11	いいえ	割れた	割れた	3	3	jmdict	はい
裏目る	部分的に重なる	13 34	11 34	いいえ	一致	割れた	3	3	jmdict	いいえ
補い合う	部分的に重なる	15 35	19 35	いいえ	割れた	割れた	3	3	jmdict	いいえ
褒め歌う	部分的に重なる	31 36	32 36	いいえ	一致	割れた	3	3	jmdict	いいえ
見え始める	部分的に重なる	15 30	12 15	いいえ	割れた	一致	3	3	jmdict	いいえ
見せつける	部分的に重なる	31 35	31 33	いいえ	割れた	割れた	3	3	jmdict	はい
見下げる	部分的に重なる	30 36	17 30	いいえ	一致	一致	3	3	jmdict	いいえ
見下す	部分的に重なる	30 36	17 30	いいえ	一致	割れた	3	3	jmdict	はい
見逃す	部分的に重なる	30 34	30 36	いいえ	割れた	割れた	3	3	jmdict	はい
見開く	部分的に重なる	15 33	15 56	いいえ	割れた	割れた	3	3	jmdict	はい
見限る	部分的に重なる	30 34	30 35	いいえ	割れた	割れた	3	3	jmdict	はい
覚ます	部分的に重なる	15 30	15 57	いいえ	一致	割れた	3	3	jmdict	はい
触れさせる	部分的に重なる	15 33	15 56	いいえ	一致	割れた	3	3	jmdict	いいえ
触れる	部分的に重なる	15 31	31 56	いいえ	割れた	割れた	3	3	jmdict	はい
言い当てる	部分的に重なる	31 34	10 30 31	いいえ	割れた	割れた	3	3	jmdict	いいえ
計らう	部分的に重なる	30 34	34 36	いいえ	割れた	割れた	3	3	jmdict	いいえ
討ち果たす	部分的に重なる	34 35	35 57	いいえ	一致	割れた	3	3	jmdict	いいえ
訪れる	部分的に重なる	15 17 35	16 35	いいえ	割れた	一致	3	3	jmdict	はい
訴え出る	部分的に重なる	31 34	31 35	いいえ	割れた	一致	3	3	jmdict	いいえ
詐欺る	部分的に重なる	34 35	35 37	いいえ	一致	割れた	3	3	jmdict	いいえ
詰まる	部分的に重なる	12 15	15 19 31	いいえ	割れた	割れた	3	3	jmdict	はい
詰む	部分的に重なる	15 34	13 15	いいえ	割れた	割れた	3	3	jmdict	はい
詰める	部分的に重なる	15 34	15 17 19	いいえ	割れた	割れた	3	3	jmdict	はい
認め合う	部分的に重なる	30 35	11 35	いいえ	割れた	割れた	3	3	jmdict	いいえ
誤魔化す	部分的に重なる	31 34	10 31	いいえ	一致	割れた	3	3	jmdict	はい
読みふける	部分的に重なる	30 33	30 31	いいえ	割れた	割れた	3	3	jmdict	いいえ
読み替える	部分的に重なる	15 31	30 31	いいえ	割れた	割れた	3	3	jmdict	いいえ
調べ合わす	部分的に重なる	30 35	11 30	いいえ	割れた	一致	3	3	jmdict	いいえ
諌める	部分的に重なる	31 36	35 36	いいえ	割れた	割れた	3	3	jmdict	いいえ
講じる	部分的に重なる	34 38	31 34	いいえ	割れた	一致	3	3	jmdict	はい
講ずる	部分的に重なる	34 38	31 34	いいえ	割れた	一致	3	3	jmdict	はい
負う	部分的に重なる	34 37	15 34 56	いいえ	一致	割れた	3	3	jmdict	はい
賑やかす	部分的に重なる	15 33	13 15	いいえ	割れた	割れた	3	3	jmdict	いいえ
赤らめる	部分的に重なる	15 56	30 56	いいえ	一致	割れた	3	3	jmdict	いいえ
走り出る	部分的に重なる	15 33	15 17	いいえ	一致	一致	3	3	jmdict	いいえ
跳ね上がる	部分的に重なる	15 17	15 19	いいえ	割れた	一致	3	3	jmdict	はい
踏み出す	部分的に重なる	15 34	15 17	いいえ	一致	割れた	3	3	jmdict	はい
踏み越える	部分的に重なる	15 34	15 17	いいえ	一致	割れた	3	3	jmdict	いいえ
踏み越す	部分的に重なる	15 34	15 17	いいえ	一致	割れた	3	3	jmdict	いいえ
踏み迷う	部分的に重なる	15 30 34	17 30	いいえ	割れた	割れた	3	3	jmdict	いいえ
踏み違える	部分的に重なる	15 34	10 15	いいえ	一致	割れた	3	3	jmdict	いいえ
踏む	部分的に重なる	15 33	15 34	いいえ	一致	割れた	3	3	jmdict	はい
蹌踉つく	部分的に重なる	15 33	15 56	いいえ	割れた	割れた	3	3	jmdict	いいえ
蹴り殺す	部分的に重なる	15 34	15 57	いいえ	割れた	割れた	3	3	jmdict	いいえ
蹴り飛ばす	部分的に重なる	15 34	14 15	いいえ	割れた	割れた	3	3	jmdict	いいえ
蹴る	部分的に重なる	15 33	15 34	いいえ	一致	割れた	3	3	jmdict	はい
蹴出す	部分的に重なる	15 34	15 35	いいえ	一致	割れた	3	3	jmdict	いいえ
躍り上がる	部分的に重なる	15 33	15 30	いいえ	一致	一致	3	3	jmdict	いいえ
躍り込む	部分的に重なる	15 33	15 17	いいえ	割れた	一致	3	3	jmdict	いいえ
身悶える	部分的に重なる	33 56	30 56	いいえ	割れた	割れた	3	3	jmdict	いいえ
載る	部分的に重なる	15 17	17 31	いいえ	割れた	割れた	3	3	jmdict	はい
込み入る	部分的に重なる	13 15	13 17	いいえ	割れた	割れた	3	3	jmdict	いいえ
返す	部分的に重なる	15 35	15 31 37	いいえ	割れた	割れた	3	3	jmdict	はい
迫る	部分的に重なる	15 35	16 17 35	いいえ	一致	割れた	3	3	jmdict	はい
迷い込む	部分的に重なる	15 30	15 17	いいえ	一致	一致	3	3	jmdict	いいえ
迷う	部分的に重なる	30 34	17 30	いいえ	割れた	一致	3	3	jmdict	はい
追いやる	部分的に重なる	15 36	15 35	いいえ	割れた	割れた	3	3	jmdict	いいえ
追い上げる	部分的に重なる	15 34	15 16	いいえ	一致	割れた	3	3	jmdict	はい
追い抜く	部分的に重なる	15 34	15 16	いいえ	一致	一致	3	3	jmdict	はい
追い散らす	部分的に重なる	15 34	15 35	いいえ	割れた	一致	3	3	jmdict	いいえ
追い越す	部分的に重なる	15 17	15 16	いいえ	割れた	割れた	3	3	jmdict	はい
追い込む	部分的に重なる	15 34	15 35	いいえ	一致	割れた	3	3	jmdict	はい
追い迫る	部分的に重なる	15 35	15 17	いいえ	一致	割れた	3	3	jmdict	いいえ
追っ払う	部分的に重なる	15 34	15 35	いいえ	一致	割れた	3	3	jmdict	いいえ
退かす	部分的に重なる	15 17	15 35	いいえ	一致	割れた	3	3	jmdict	いいえ
退く	部分的に重なる	15 34	15 17	いいえ	一致	割れた	3	3	jmdict	はい
退る	部分的に重なる	15 34	15 17	いいえ	割れた	一致	3	3	jmdict	いいえ
送る	部分的に重なる	15 17 37	15 31 33 35	いいえ	割れた	割れた	3	3	jmdict	はい
逃げ失せる	部分的に重なる	15 34	12 15	いいえ	一致	割れた	3	3	jmdict	いいえ
逃げ帰る	部分的に重なる	15 34	15 17	いいえ	一致	一致	3	3	jmdict	いいえ
逃げ延びる	部分的に重なる	15 34	15 57	いいえ	一致	一致	3	3	jmdict	いいえ
逃げ落ちる	部分的に重なる	15 34	15 17	いいえ	一致	割れた	3	3	jmdict	いいえ
逃げ込む	部分的に重なる	15 34	15 17	いいえ	割れた	一致	3	3	jmdict	はい
逃げ遅れる	部分的に重なる	15 34	15 16	いいえ	割れた	一致	3	3	jmdict	いいえ
透き通す	部分的に重なる	15 50	15 17	いいえ	割れた	割れた	3	3	jmdict	いいえ
透き通る	部分的に重なる	13 50	13 51	いいえ	割れた	割れた	3	3	jmdict	はい
透けて写る	部分的に重なる	15 50	15 51	いいえ	一致	割れた	3	3	jmdict	いいえ
這いずる	部分的に重なる	15 33	15 17	いいえ	割れた	割れた	3	3	jmdict	いいえ
這う	部分的に重なる	15 33	15 56	いいえ	一致	割れた	3	3	jmdict	はい
通い始める	部分的に重なる	15 33	15 17	いいえ	割れた	一致	3	3	jmdict	いいえ
通じる	部分的に重なる	11 31 35	11 17 31	いいえ	割れた	割れた	3	3	jmdict	はい
連なる	部分的に重なる	11 15	11 17	いいえ	一致	一致	3	3	jmdict	はい
連れ去る	部分的に重なる	15 17	15 35	いいえ	割れた	割れた	3	3	jmdict	はい
連れ回す	部分的に重なる	15 33	15 17 35	いいえ	割れた	割れた	3	3	jmdict	いいえ
連れ歩く	部分的に重なる	33 35	15 35	いいえ	割れた	割れた	3	3	jmdict	いいえ
連れ立つ	部分的に重なる	15 35	17 35	いいえ	一致	割れた	3	3	jmdict	はい
進む	部分的に重なる	15 16	15 17	いいえ	割れた	割れた	3	3	jmdict	はい
違える	部分的に重なる	11 15	11 34	いいえ	一致	割れた	3	3	jmdict	いいえ
遣る	部分的に重なる	15 33 34	15 34 37	いいえ	割れた	割れた	3	3	jmdict	はい
選り分ける	部分的に重なる	15 34	11 15	いいえ	割れた	割れた	3	3	jmdict	はい
酌む	部分的に重なる	33 35	30 33	いいえ	一致	割れた	3	3	jmdict	いいえ
配す	部分的に重なる	15 36	17 36	いいえ	割れた	一致	3	3	jmdict	いいえ
酔わす	部分的に重なる	15 57	30 57	いいえ	割れた	割れた	3	3	jmdict	いいえ
重なり合う	部分的に重なる	15 17	11 17	いいえ	割れた	割れた	3	3	jmdict	はい
釣り出す	部分的に重なる	15 34	15 35	いいえ	割れた	割れた	3	3	jmdict	いいえ
釣り込まれる	部分的に重なる	15 35	30 35	いいえ	割れた	割れた	3	3	jmdict	いいえ
釣る	部分的に重なる	15 34 37	15 35	いいえ	割れた	割れた	3	3	jmdict	はい
鋤く	部分的に重なる	15 33	15 38	いいえ	割れた	一致	3	3	jmdict	いいえ
鋳る	部分的に重なる	32 38	15 38	いいえ	割れた	割れた	3	3	jmdict	はい
鋳潰す	部分的に重なる	15 38	15 51	いいえ	割れた	割れた	3	3	jmdict	いいえ
鋳込む	部分的に重なる	32 38	15 38 51	いいえ	割れた	割れた	3	3	jmdict	いいえ
錆び付く	部分的に重なる	15 50	15 51	いいえ	一致	割れた	3	3	jmdict	いいえ
錬る	部分的に重なる	32 38	15 30 32	いいえ	割れた	割れた	3	3	jmdict	はい
鍛え直す	部分的に重なる	15 33 34	15 30	いいえ	割れた	割れた	3	3	jmdict	いいえ
閉じ込める	部分的に重なる	15 36	15 17	いいえ	一致	割れた	3	3	jmdict	はい
間引く	部分的に重なる	15 38	15 19	いいえ	割れた	一致	3	3	jmdict	はい
降らす	部分的に重なる	15 50	15 51	いいえ	割れた	割れた	3	3	jmdict	はい
降り出す	部分的に重なる	15 50	15 51	いいえ	一致	一致	3	3	jmdict	はい
降り募る	部分的に重なる	15 50 52	15 51	いいえ	割れた	割れた	3	3	jmdict	いいえ
陥る	部分的に重なる	15 30	13 15	いいえ	割れた	割れた	3	3	jmdict	はい
陰る	部分的に重なる	15 50	30 50	いいえ	一致	割れた	3	3	jmdict	いいえ
隠れる	部分的に重なる	15 17	12 17	いいえ	割れた	割れた	3	3	jmdict	はい
隠れ伏す	部分的に重なる	15 33	17 33	いいえ	割れた	割れた	3	3	jmdict	いいえ
難じる	部分的に重なる	30 31	31 35	いいえ	割れた	割れた	3	3	jmdict	いいえ
靡かせる	部分的に重なる	15 36	15 35	いいえ	一致	割れた	3	3	jmdict	いいえ
響かす	部分的に重なる	31 50	15 30 50	いいえ	割れた	割れた	3	3	jmdict	いいえ
響き渡る	部分的に重なる	15 31	15 50	いいえ	割れた	割れた	3	3	jmdict	はい
響く	部分的に重なる	31 50	30 50	いいえ	割れた	割れた	3	3	jmdict	はい
頼む	部分的に重なる	35 36	31 35	いいえ	割れた	割れた	3	3	jmdict	はい
飛び抜ける	部分的に重なる	15 34	13 15	いいえ	一致	一致	3	3	jmdict	はい
飛び退く	部分的に重なる	15 33	15 17	いいえ	一致	割れた	3	3	jmdict	いいえ
飛び退る	部分的に重なる	15 33	15 17	いいえ	割れた	一致	3	3	jmdict	いいえ
飛び離れる	部分的に重なる	15 17	11 17	いいえ	一致	割れた	3	3	jmdict	いいえ
食いすぎる	部分的に重なる	19 33	19 57	いいえ	一致	割れた	3	3	jmdict	いいえ
食い尽くす	部分的に重なる	15 19	19 33	いいえ	割れた	割れた	3	3	jmdict	いいえ
食べ始める	部分的に重なる	15 33	15 57	いいえ	一致	割れた	3	3	jmdict	いいえ
食べ過ぎる	部分的に重なる	19 33	19 56	いいえ	割れた	割れた	3	3	jmdict	はい
食らいつく	部分的に重なる	15 35	35 56	いいえ	割れた	割れた	3	3	jmdict	はい
飲み残す	部分的に重なる	15 33	19 33	いいえ	一致	一致	3	3	jmdict	いいえ
飲み潰す	部分的に重なる	15 33	33 57	いいえ	割れた	割れた	3	3	jmdict	いいえ
飲み込む	部分的に重なる	15 33	15 30 56 57	いいえ	割れた	割れた	3	3	jmdict	はい
飾り付ける	部分的に重なる	15 32	32 33	いいえ	割れた	割れた	3	3	jmdict	いいえ
馳せる	部分的に重なる	15 17	15 30	いいえ	一致	割れた	3	3	jmdict	いいえ
駆けずり回る	部分的に重なる	15 33	15 17	いいえ	一致	一致	3	3	jmdict	いいえ
駆る	部分的に重なる	15 34	15 30	いいえ	割れた	割れた	3	3	jmdict	はい
騒ぎ出す	部分的に重なる	15 31	15 35	いいえ	割れた	割れた	3	3	jmdict	いいえ
騒つく	部分的に重なる	31 35	30 35	いいえ	割れた	割れた	3	3	jmdict	いいえ
高まる	部分的に重なる	15 19	15 30	いいえ	一致	割れた	3	3	jmdict	はい
鳴き出す	部分的に重なる	15 50	15 57	いいえ	一致	割れた	3	3	jmdict	いいえ
鴨る	部分的に重なる	34 35	35 37	いいえ	割れた	割れた	3	3	jmdict	いいえ
黒ずむ	部分的に重なる	15 50	15 51	いいえ	一致	一致	3	3	jmdict	はい
黒ばむ	部分的に重なる	15 50	15 51	いいえ	割れた	割れた	3	3	jmdict	いいえ
黙り込む	部分的に重なる	31 33	15 31	いいえ	割れた	一致	3	3	jmdict	いいえ
かき曇る	包含	15 50 52	50	はい	割れた	割れた	3	3	jmdict	いいえ
しゃくり上げる	包含	15 56	56	はい	割れた	割れた	3	3	jmdict	いいえ
じゃら付く	包含	15 50	50	はい	割れた	割れた	3	3	jmdict	いいえ
すすり上げる	包含	33 56	56	はい	割れた	割れた	3	3	jmdict	いいえ
そそり勃つ	包含	15 56	56	はい	一致	割れた	3	3	jmdict	いいえ
はげ上がる	包含	15 56	56	はい	一致	割れた	3	3	jmdict	いいえ
ぶっ殺す	包含	15 57	57	はい	割れた	割れた	3	3	jmdict	いいえ
べとつく	包含	13 51	51	はい	割れた	割れた	3	3	jmdict	いいえ
やせ衰える	包含	15 56 57	56 57	はい	割れた	割れた	3	3	jmdict	いいえ
デブる	包含	15 56	56	はい	割れた	割れた	3	3	jmdict	いいえ
ピクつく	包含	15 56	56	はい	割れた	割れた	3	3	jmdict	いいえ
上枯れる	包含	15 57	57	はい	割れた	一致	3	3	jmdict	いいえ
乱れ咲く	包含	15 57	57	はい	割れた	一致	3	3	jmdict	いいえ
乾ききる	包含	15 51	51	はい	割れた	割れた	3	3	jmdict	いいえ
乾く	包含	15 51	51	はい	一致	割れた	3	3	jmdict	はい
伝染る	包含	15 57	57	はい	一致	割れた	3	3	jmdict	いいえ
冴え輝く	包含	15 50	50	はい	一致	割れた	3	3	jmdict	いいえ
冷え入る	包含	15 51	51	はい	一致	一致	3	3	jmdict	いいえ
凍てつく	包含	15 51	51	はい	割れた	一致	3	3	jmdict	いいえ
凍みる	包含	15 51	51	はい	割れた	一致	3	3	jmdict	いいえ
凍りつく	包含	15 51	51	はい	一致	割れた	3	3	jmdict	いいえ
凍れる	包含	15 51	51	はい	割れた	割れた	3	3	jmdict	いいえ
匂い立つ	包含	15 50	50	はい	一致	割れた	3	3	jmdict	いいえ
呪い殺す	包含	30 57	57	はい	一致	割れた	3	3	jmdict	いいえ
咲きこぼれる	包含	15 57	57	はい	一致	一致	3	3	jmdict	いいえ
咲きそろう	包含	15 57	57	はい	割れた	一致	3	3	jmdict	いいえ
咲き乱れる	包含	15 57	57	はい	割れた	一致	3	3	jmdict	はい
咲き誇る	包含	15 57	57	はい	割れた	一致	3	3	jmdict	はい
嗄らす	包含	56	15 56	はい	割れた	割れた	3	3	jmdict	いいえ
夏めく	包含	50	15 50	はい	割れた	割れた	3	3	jmdict	いいえ
太る	包含	15 56	56	はい	割れた	割れた	3	3	jmdict	はい
孕む	包含	57	12 57	はい	一致	一致	3	3	jmdict	はい
巣立つ	包含	15 33 57	57	はい	割れた	割れた	3	3	jmdict	はい
干し殺す	包含	15 57	57	はい	割れた	割れた	3	3	jmdict	いいえ
干割れる	包含	15 51	51	はい	割れた	割れた	3	3	jmdict	いいえ
引きつる	包含	15 56	56	はい	一致	割れた	3	3	jmdict	はい
引きつれる	包含	15 56	56	はい	割れた	割れた	3	3	jmdict	はい
感染す	包含	15 57	57	はい	一致	一致	3	3	jmdict	いいえ
擦りむく	包含	15 56	56	はい	一致	一致	3	3	jmdict	いいえ
明る	包含	15 50	50	はい	割れた	割れた	3	3	jmdict	いいえ
暗れ塞がる	包含	15 50	50	はい	割れた	割れた	3	3	jmdict	いいえ
枯ればむ	包含	15 57	57	はい	一致	割れた	3	3	jmdict	いいえ
枯れ果てる	包含	15 57	57	はい	一致	割れた	3	3	jmdict	いいえ
死に別れる	包含	57	35 57	はい	一致	割れた	3	3	jmdict	いいえ
死に絶える	包含	57	12 57	はい	一致	割れた	3	3	jmdict	いいえ
殺める	包含	34 57	57	はい	割れた	一致	3	3	jmdict	いいえ
沸き上げる	包含	15 51	51	はい	一致	割れた	3	3	jmdict	いいえ
治る	包含	15 57	57	はい	割れた	一致	3	3	jmdict	はい
泣き頻る	包含	33 56	56	はい	割れた	割れた	3	3	jmdict	いいえ
浴びる	包含	15 56	56	はい	一致	割れた	3	3	jmdict	はい
温まる	包含	15 51	51	はい	一致	割れた	3	3	jmdict	はい
湿す	包含	15 51	51	はい	一致	割れた	3	3	jmdict	いいえ
湿る	包含	15 51	51	はい	割れた	一致	3	3	jmdict	はい
湿気る	包含	15 51	51	はい	一致	一致	3	3	jmdict	いいえ
潤む	包含	15 56	56	はい	一致	割れた	3	3	jmdict	はい
澄み渡る	包含	15 50	50	はい	割れた	割れた	3	3	jmdict	いいえ
灯る	包含	15 51	51	はい	割れた	一致	3	3	jmdict	いいえ
灼く	包含	15 51	51	はい	一致	割れた	3	3	jmdict	いいえ
点く	包含	15 51	51	はい	一致	割れた	3	3	jmdict	はい
焚く	包含	15 51	51	はい	割れた	一致	3	3	jmdict	はい
焦がす	包含	15 51	51	はい	一致	割れた	3	3	jmdict	はい
焦げる	包含	15 51	51	はい	割れた	一致	3	3	jmdict	はい
焼ける	包含	15 51	51	はい	一致	割れた	3	3	jmdict	はい
焼け焦げる	包含	15 51	51	はい	一致	一致	3	3	jmdict	いいえ
焼べる	包含	15 33 51	51	はい	割れた	割れた	3	3	jmdict	いいえ
煮えたぎる	包含	15 51	51	はい	一致	割れた	3	3	jmdict	いいえ
煮え立つ	包含	15 51	51	はい	一致	割れた	3	3	jmdict	いいえ
煮立つ	包含	15 51	51	はい	一致	一致	3	3	jmdict	はい
熟れすぎる	包含	15 57	57	はい	一致	割れた	3	3	jmdict	いいえ
熟れる	包含	15 57	57	はい	一致	割れた	3	3	jmdict	いいえ
熾きる	包含	15 51	51	はい	割れた	一致	3	3	jmdict	いいえ
熾す	包含	15 51	51	はい	一致	割れた	3	3	jmdict	いいえ
熾る	包含	15 51	51	はい	一致	一致	3	3	jmdict	いいえ
燃えたぎる	包含	51	30 51	はい	割れた	一致	3	3	jmdict	いいえ
燃えつく	包含	15 51	51	はい	割れた	一致	3	3	jmdict	いいえ
燻す	包含	15 51	51	はい	一致	一致	3	3	jmdict	いいえ
燻べる	包含	15 51	51	はい	割れた	割れた	3	3	jmdict	いいえ
燻らす	包含	15 51	51	はい	一致	一致	3	3	jmdict	いいえ
爛れる	包含	15 56 57	56	はい	割れた	割れた	3	3	jmdict	いいえ
生え出る	包含	15 57	57	はい	割れた	一致	3	3	jmdict	いいえ
生え揃う	包含	15 57	57	はい	一致	一致	3	3	jmdict	いいえ
生き抜く	包含	34 57	57	はい	一致	一致	3	3	jmdict	いいえ
生き返る	包含	15 57	57	はい	割れた	一致	3	3	jmdict	はい
生す	包含	15 57	57	はい	割れた	一致	3	3	jmdict	いいえ
生む	包含	57	11 15 38 57	はい	一致	割れた	3	3	jmdict	はい
生やす	包含	15 57	57	はい	一致	一致	3	3	jmdict	はい
疲らす	包含	15 56	56	はい	割れた	一致	3	3	jmdict	いいえ
病み付く	包含	30 57	57	はい	割れた	一致	3	3	jmdict	いいえ
病む	包含	57	30 57	はい	一致	一致	3	3	jmdict	はい
痒がる	包含	30 56	56	はい	割れた	一致	3	3	jmdict	いいえ
痛がる	包含	30 56	56	はい	一致	一致	3	3	jmdict	いいえ
痩ける	包含	15 56	56	はい	割れた	割れた	3	3	jmdict	いいえ
癒える	包含	15 57	57	はい	一致	一致	3	3	jmdict	いいえ
相果てる	包含	15 57	57	はい	割れた	一致	3	3	jmdict	いいえ
看取る	包含	30 57	57	はい	一致	一致	3	3	jmdict	いいえ
眠らせる	包含	33 57	57	はい	割れた	一致	3	3	jmdict	いいえ
眠る	包含	33 57	57	はい	割れた	一致	3	3	jmdict	はい
眩む	包含	30 56	56	はい	割れた	割れた	3	3	jmdict	いいえ
瞑る	包含	33 56	56	はい	割れた	割れた	3	3	jmdict	はい
立ち枯れる	包含	15 57	57	はい	一致	一致	3	3	jmdict	いいえ
筋張る	包含	56	15 56	はい	割れた	割れた	3	3	jmdict	いいえ
絶え入る	包含	15 57	57	はい	割れた	割れた	3	3	jmdict	いいえ
老ける	包含	15 57	57	はい	割れた	一致	3	3	jmdict	はい
老け込む	包含	15 56 57	57	はい	割れた	割れた	3	3	jmdict	いいえ
肥え太る	包含	15 57	57	はい	割れた	割れた	3	3	jmdict	いいえ
育つ	包含	15 57	57	はい	割れた	一致	3	3	jmdict	はい
育む	包含	15 57	57	はい	割れた	割れた	3	3	jmdict	はい
腫らす	包含	15 56	56	はい	割れた	一致	3	3	jmdict	いいえ
腫れる	包含	15 56	56	はい	割れた	一致	3	3	jmdict	はい
腫れ上がる	包含	15 56	56	はい	一致	割れた	3	3	jmdict	いいえ
膿む	包含	15 57	57	はい	割れた	割れた	3	3	jmdict	いいえ
舐る	包含	33 56	56	はい	割れた	一致	3	3	jmdict	いいえ
花開く	包含	15 57	57	はい	一致	一致	3	3	jmdict	いいえ
茂る	包含	15 57	57	はい	割れた	一致	3	3	jmdict	はい
茹だる	包含	15 51	51	はい	割れた	一致	3	3	jmdict	いいえ
萎れる	包含	15 57	57	はい	割れた	一致	3	3	jmdict	はい
蒸す	包含	33 51	51	はい	割れた	割れた	3	3	jmdict	はい
蒸れる	包含	15 51	51	はい	一致	一致	3	3	jmdict	いいえ
薫ずる	包含	15 51	51	はい	割れた	割れた	3	3	jmdict	いいえ
軋む	包含	15 50	50	はい	割れた	割れた	3	3	jmdict	いいえ
轟き渡る	包含	15 50	50	はい	割れた	割れた	3	3	jmdict	いいえ
轟く	包含	31 50	50	はい	割れた	割れた	3	3	jmdict	いいえ
錆びる	包含	15 51	51	はい	一致	一致	3	3	jmdict	はい
震い付く	包含	15 56	56	はい	割れた	割れた	3	3	jmdict	いいえ
震える	包含	15 56	56	はい	一致	割れた	3	3	jmdict	はい
青ざめる	包含	30 56	56	はい	割れた	割れた	3	3	jmdict	はい
響めく	包含	31 50	50	はい	割れた	割れた	3	3	jmdict	はい
食いしばる	包含	33 56	56	はい	割れた	割れた	3	3	jmdict	いいえ
食われる	包含	15 57	57	はい	割れた	割れた	3	3	jmdict	いいえ
飢える	包含	57	30 57	はい	一致	割れた	3	3	jmdict	はい
飲み下す	包含	33 56	56	はい	割れた	割れた	3	3	jmdict	いいえ
餌付く	包含	33 57	57	はい	割れた	一致	3	3	jmdict	いいえ
饐える	包含	15 51	51	はい	割れた	一致	3	3	jmdict	いいえ
鳥肌立つ	包含	30 56	56	はい	割れた	割れた	3	3	jmdict	いいえ
鳴り渡る	包含	15 50	50	はい	割れた	割れた	3	3	jmdict	いいえ
あざ笑う	包含	30 31 35	35	いいえ	割れた	割れた	3	3	jmdict	いいえ
いかれる	包含	30	15 30	いいえ	一致	一致	3	3	jmdict	いいえ
いじくり回す	包含	15 33	15	いいえ	一致	一致	3	3	jmdict	いいえ
いじめ抜く	包含	34 35	35	いいえ	割れた	割れた	3	3	jmdict	いいえ
いじり回す	包含	15 33	15	いいえ	一致	割れた	3	3	jmdict	いいえ
いぶし出す	包含	15 34	15	いいえ	割れた	割れた	3	3	jmdict	いいえ
うねくる	包含	15	15 17	いいえ	割れた	割れた	3	3	jmdict	いいえ
えぐり出す	包含	15 30	15	いいえ	割れた	割れた	3	3	jmdict	いいえ
おっ広げる	包含	15	15 17	いいえ	割れた	割れた	3	3	jmdict	いいえ
おっ立てる	包含	15 33	15	いいえ	割れた	一致	3	3	jmdict	いいえ
かき乱す	包含	15	15 30	いいえ	割れた	一致	3	3	jmdict	いいえ
かき口説く	包含	35	31 35	いいえ	割れた	一致	3	3	jmdict	いいえ
かき回す	包含	15	15 35	いいえ	一致	割れた	3	3	jmdict	はい
かき寄せる	包含	15 17	15	いいえ	一致	割れた	3	3	jmdict	いいえ
かき撫でる	包含	33	33 56	いいえ	割れた	割れた	3	3	jmdict	いいえ
かき込む	包含	15 33	33	いいえ	一致	割れた	3	3	jmdict	いいえ
かき集める	包含	15 37	15	いいえ	一致	割れた	3	3	jmdict	いいえ
かき鳴らす	包含	15 32	32	いいえ	一致	割れた	3	3	jmdict	いいえ
かけ直す	包含	15	15 31	いいえ	一致	一致	3	3	jmdict	いいえ
かち上げる	包含	15 34	15	いいえ	割れた	割れた	3	3	jmdict	いいえ
かち合う	包含	15 35	11 15 35	いいえ	一致	割れた	3	3	jmdict	いいえ
かっこ付ける	包含	33 34	33	いいえ	割れた	一致	3	3	jmdict	いいえ
かっ飛ばす	包含	15 17	15	いいえ	割れた	割れた	3	3	jmdict	いいえ
かなぐり捨てる	包含	15 34	15	いいえ	割れた	割れた	3	3	jmdict	いいえ
がたつく	包含	15 50	15	いいえ	一致	割れた	3	3	jmdict	いいえ
がなり立てる	包含	31 33	31	いいえ	一致	割れた	3	3	jmdict	いいえ
がぶり付く	包含	33	33 56	いいえ	一致	割れた	3	3	jmdict	いいえ
くぐり抜ける	包含	15 34	15 17 34	いいえ	割れた	割れた	3	3	jmdict	いいえ
くっ付く	包含	15	11 15	いいえ	一致	割れた	3	3	jmdict	はい
くねる	包含	15 33	15	いいえ	割れた	一致	3	3	jmdict	いいえ
くびり殺す	包含	15 57	15 56 57	いいえ	割れた	割れた	3	3	jmdict	いいえ
くわえ込む	包含	15	15 56	いいえ	割れた	割れた	3	3	jmdict	いいえ
ぐら付く	包含	13 15	15	いいえ	一致	割れた	3	3	jmdict	いいえ
こき落とす	包含	15 36	15	いいえ	割れた	割れた	3	3	jmdict	いいえ
こぎ着ける	包含	15 34	34	いいえ	一致	割れた	3	3	jmdict	いいえ
こじ入れる	包含	15	15 17	いいえ	一致	割れた	3	3	jmdict	いいえ
こじ開ける	包含	15	14 15	いいえ	一致	割れた	3	3	jmdict	いいえ
こねくり回す	包含	15 33	15	いいえ	一致	一致	3	3	jmdict	いいえ
こね回す	包含	15	15 30	いいえ	割れた	割れた	3	3	jmdict	いいえ
こね返す	包含	15 31	15	いいえ	一致	一致	3	3	jmdict	いいえ
こんがらがる	包含	13 15	13 15 30	いいえ	一致	割れた	3	3	jmdict	いいえ
ごちゃつく	包含	13 15	13	いいえ	割れた	割れた	3	3	jmdict	いいえ
ごろつく	包含	33 34	33	いいえ	割れた	割れた	3	3	jmdict	いいえ
ささくれる	包含	15	15 56	いいえ	割れた	割れた	3	3	jmdict	いいえ
さざめく	包含	31 50	31	いいえ	割れた	割れた	3	3	jmdict	いいえ
さす	包含	15 33	15 17 33 50	いいえ	一致	割れた	3	3	jmdict	はい
さらけ出す	包含	15 31	31	いいえ	割れた	割れた	3	3	jmdict	いいえ
さらす	包含	15 33	15	いいえ	割れた	割れた	3	3	jmdict	はい
ざらつく	包含	13 50	13	いいえ	割れた	割れた	3	3	jmdict	いいえ
しがみ付く	包含	15 33	15	いいえ	割れた	割れた	3	3	jmdict	いいえ
しっくり行く	包含	13 15	13	いいえ	割れた	一致	3	3	jmdict	いいえ
して遣る	包含	15 34	34	いいえ	割れた	割れた	3	3	jmdict	いいえ
しな垂れる	包含	15 33	15	いいえ	割れた	割れた	3	3	jmdict	いいえ
しばく	包含	15 34	15	いいえ	割れた	割れた	3	3	jmdict	いいえ
しまい込む	包含	15 33	15	いいえ	割れた	割れた	3	3	jmdict	いいえ
しみ出る	包含	15	15 51	いいえ	割れた	割れた	3	3	jmdict	いいえ
しょっ引く	包含	15 36	36	いいえ	割れた	割れた	3	3	jmdict	いいえ
し兼ねる	包含	13 34	13	いいえ	一致	割れた	3	3	jmdict	いいえ
し始める	包含	15 16	15	いいえ	一致	一致	3	3	jmdict	いいえ
し残す	包含	15	15 34	いいえ	割れた	割れた	3	3	jmdict	いいえ
じゃれ合う	包含	33 35	35	いいえ	一致	割れた	3	3	jmdict	いいえ
じょっぴんかる	包含	15	15 33	いいえ	割れた	割れた	3	3	jmdict	いいえ
すくい取る	包含	15 37	15	いいえ	割れた	一致	3	3	jmdict	いいえ
すっこける	包含	15 34	15	いいえ	一致	割れた	3	3	jmdict	いいえ
すっぱ抜く	包含	31 34	31	いいえ	一致	割れた	3	3	jmdict	いいえ
すっぽかす	包含	34	34 35	いいえ	一致	割れた	3	3	jmdict	いいえ
すっ転ぶ	包含	15 33	15	いいえ	一致	一致	3	3	jmdict	いいえ
すり替える	包含	15	11 15	いいえ	割れた	割れた	3	3	jmdict	いいえ
すり替わる	包含	15	11 15	いいえ	一致	割れた	3	3	jmdict	いいえ
ずらす	包含	15 17	15 16 17	いいえ	一致	割れた	3	3	jmdict	はい
ずり下ろす	包含	15 17	15	いいえ	一致	割れた	3	3	jmdict	いいえ
ずり落ちる	包含	15 17	15	いいえ	一致	一致	3	3	jmdict	いいえ
ずれる	包含	15	11 15 16 17	いいえ	割れた	割れた	3	3	jmdict	はい
せびる	包含	37	35 37	いいえ	割れた	一致	3	3	jmdict	いいえ
せめぎ合う	包含	15 35	35	いいえ	割れた	一致	3	3	jmdict	いいえ
そぐう	包含	11 13	13	いいえ	割れた	割れた	3	3	jmdict	いいえ
そそり立つ	包含	15 17	17	いいえ	一致	割れた	3	3	jmdict	いいえ
そっくり返る	包含	15 33	33	いいえ	割れた	割れた	3	3	jmdict	いいえ
そり上げる	包含	15	15 56	いいえ	一致	割れた	3	3	jmdict	いいえ
そり立つ	包含	15 17	17	いいえ	一致	割れた	3	3	jmdict	いいえ
たじろぐ	包含	30	15 30	いいえ	割れた	割れた	3	3	jmdict	いいえ
たたっ斬る	包含	15 34	15	いいえ	一致	割れた	3	3	jmdict	いいえ
たらし込む	包含	30 35	35	いいえ	割れた	一致	3	3	jmdict	いいえ
だまし取る	包含	34 37	37	いいえ	一致	一致	3	3	jmdict	いいえ
ちょろまかす	包含	34	34 37	いいえ	割れた	割れた	3	3	jmdict	いいえ
ちらつかせる	包含	15 31	15 31 50	いいえ	割れた	割れた	3	3	jmdict	いいえ
ついて回る	包含	15 17	17	いいえ	割れた	一致	3	3	jmdict	いいえ
つまみ出す	包含	15	15 35	いいえ	割れた	割れた	3	3	jmdict	いいえ
つり上がる	包含	15 19	15 17 19 56	いいえ	割れた	割れた	3	3	jmdict	いいえ
てく	包含	15 17	17	いいえ	割れた	割れた	3	3	jmdict	いいえ
とく	包含	15	15 30 31	いいえ	割れた	割れた	3	3	jmdict	はい
とっ散らかる	包含	15	13 15	いいえ	一致	一致	3	3	jmdict	いいえ
なぞる	包含	15	15 32	いいえ	割れた	割れた	3	3	jmdict	いいえ
なだれ落ちる	包含	15 50	15	いいえ	割れた	一致	3	3	jmdict	いいえ
にじみ出る	包含	15	15 30	いいえ	割れた	割れた	3	3	jmdict	いいえ
にらみ合わせる	包含	35	11 35	いいえ	一致	割れた	3	3	jmdict	いいえ
ぬたうつ	包含	33	15 33	いいえ	割れた	割れた	3	3	jmdict	いいえ
ねじり上げる	包含	15	14 15	いいえ	一致	割れた	3	3	jmdict	いいえ
ねじ曲げる	包含	15	10 15	いいえ	一致	一致	3	3	jmdict	いいえ
ねじ込む	包含	15 34	15	いいえ	一致	一致	3	3	jmdict	いいえ
のさばる	包含	15 34 36	15 36	いいえ	割れた	割れた	3	3	jmdict	いいえ
のぼせ上がる	包含	30 56	30	いいえ	割れた	割れた	3	3	jmdict	いいえ
はぎ合わせる	包含	15 33	15	いいえ	割れた	割れた	3	3	jmdict	いいえ
はぐらかす	包含	31 35	35	いいえ	一致	割れた	3	3	jmdict	いいえ
はじき出す	包含	15	15 36	いいえ	割れた	割れた	3	3	jmdict	いいえ
はためく	包含	15 50	15	いいえ	割れた	割れた	3	3	jmdict	いいえ
はめ込む	包含	15	15 17	いいえ	割れた	一致	3	3	jmdict	いいえ
はる	包含	15 33	15	いいえ	割れた	割れた	3	3	jmdict	はい
はわく	包含	15 33	33	いいえ	割れた	一致	3	3	jmdict	いいえ
ばたつく	包含	15	15 33	いいえ	一致	一致	3	3	jmdict	いいえ
ばっくれる	包含	34 35	34	いいえ	割れた	一致	3	3	jmdict	いいえ
ばら撒く	包含	15 37	15	いいえ	割れた	一致	3	3	jmdict	はい
ひしめき合う	包含	35	17 35	いいえ	割れた	割れた	3	3	jmdict	いいえ
ひた走る	包含	15 33	15	いいえ	一致	割れた	3	3	jmdict	いいえ
ひっ捕らえる	包含	34 36	34	いいえ	一致	割れた	3	3	jmdict	いいえ
ひねくり回す	包含	15 33	15	いいえ	割れた	割れた	3	3	jmdict	いいえ
ひび割れる	包含	15	15 51	いいえ	一致	一致	3	3	jmdict	いいえ
ひょろける	包含	15 33	33	いいえ	割れた	割れた	3	3	jmdict	いいえ
ひょろつく	包含	15	15 33	いいえ	割れた	割れた	3	3	jmdict	いいえ
ひれ伏す	包含	33 36	33	いいえ	割れた	一致	3	3	jmdict	いいえ
ふらつく	包含	15	15 30 56	いいえ	割れた	割れた	3	3	jmdict	いいえ
ふるい落とす	包含	15	15 34	いいえ	割れた	一致	3	3	jmdict	いいえ
ふんぞり返る	包含	33 36	33	いいえ	割れた	一致	3	3	jmdict	いいえ
ふん縛る	包含	15 33	15	いいえ	割れた	一致	3	3	jmdict	いいえ
ぶち上げる	包含	15 31 34	31	いいえ	割れた	割れた	3	3	jmdict	いいえ
ぶち当たる	包含	15 34	15	いいえ	一致	割れた	3	3	jmdict	いいえ
ぶち抜く	包含	15 34	15	いいえ	一致	割れた	3	3	jmdict	いいえ
ぶった切る	包含	15 34	15	いいえ	割れた	一致	3	3	jmdict	いいえ
ぶっち切る	包含	15	15 34	いいえ	割れた	割れた	3	3	jmdict	いいえ
ぶっ倒れる	包含	15 57	15	いいえ	割れた	割れた	3	3	jmdict	いいえ
ぶっ叩く	包含	15 34 35	15	いいえ	割れた	割れた	3	3	jmdict	いいえ
ぶっ掛ける	包含	15	15 51	いいえ	一致	割れた	3	3	jmdict	いいえ
ぶっ放す	包含	15 34	15	いいえ	割れた	一致	3	3	jmdict	いいえ
ぶら下がる	包含	15 17	17	いいえ	一致	割れた	3	3	jmdict	はい
ぶり返す	包含	15	15 57	いいえ	一致	一致	3	3	jmdict	いいえ
ぶん回す	包含	15 33	15	いいえ	割れた	割れた	3	3	jmdict	いいえ
へし曲げる	包含	15	14 15	いいえ	一致	割れた	3	3	jmdict	いいえ
へたり込む	包含	15 33	33	いいえ	一致	一致	3	3	jmdict	いいえ
ほくそ笑む	包含	30 33	30	いいえ	割れた	割れた	3	3	jmdict	いいえ
ほつく	包含	15 33	15	いいえ	割れた	一致	3	3	jmdict	いいえ
ぼやかす	包含	15	15 31	いいえ	割れた	割れた	3	3	jmdict	いいえ
まう	包含	15	15 33	いいえ	一致	割れた	3	3	jmdict	はい
まかり越す	包含	15 17	17	いいえ	割れた	割れた	3	3	jmdict	いいえ
まかり通る	包含	34 36	34	いいえ	割れた	割れた	3	3	jmdict	いいえ
みっける	包含	30	12 30	いいえ	一致	割れた	3	3	jmdict	いいえ
むかつく	包含	30	30 56	いいえ	一致	割れた	3	3	jmdict	いいえ
むさぼり読む	包含	30 31	31	いいえ	割れた	一致	3	3	jmdict	いいえ
むしり取る	包含	15	15 37	いいえ	割れた	一致	3	3	jmdict	いいえ
むせび泣く	包含	30 33	30	いいえ	割れた	割れた	3	3	jmdict	いいえ
めくり上げる	包含	15	15 17	いいえ	一致	割れた	3	3	jmdict	いいえ
めくれ上がる	包含	15	15 17	いいえ	一致	割れた	3	3	jmdict	いいえ
めぐり合う	包含	15 35	35	いいえ	一致	一致	3	3	jmdict	はい
もぎ取る	包含	15	15 37	いいえ	一致	割れた	3	3	jmdict	いいえ
もたれ合う	包含	15 35	35	いいえ	割れた	一致	3	3	jmdict	いいえ
もつれ込む	包含	15 35	15	いいえ	一致	割れた	3	3	jmdict	いいえ
もみ合う	包含	15 35	35	いいえ	割れた	一致	3	3	jmdict	いいえ
もみ込む	包含	15 33	15	いいえ	一致	割れた	3	3	jmdict	いいえ
やせ細る	包含	15 56 57	15 56	いいえ	割れた	一致	3	3	jmdict	いいえ
やり出す	包含	15 34	15	いいえ	一致	一致	3	3	jmdict	いいえ
やり始める	包含	15 34	15	いいえ	割れた	一致	3	3	jmdict	いいえ
やり込める	包含	34 35	35	いいえ	一致	一致	3	3	jmdict	いいえ
やり過ぎる	包含	19 34	19	いいえ	一致	一致	3	3	jmdict	いいえ
よる	包含	11 17	11 15 17	いいえ	割れた	割れた	3	3	jmdict	はい
アピる	包含	31 34	31	いいえ	割れた	一致	3	3	jmdict	いいえ
イキる	包含	30 33	33	いいえ	割れた	割れた	3	3	jmdict	いいえ
ウィキる	包含	30 31	30	いいえ	一致	割れた	3	3	jmdict	いいえ
ギャグる	包含	31 32	32	いいえ	一致	一致	3	3	jmdict	いいえ
ググる	包含	30 31	30	いいえ	一致	一致	3	3	jmdict	いいえ
ケチる	包含	37	19 37	いいえ	一致	一致	3	3	jmdict	いいえ
ゲロる	包含	31	31 57	いいえ	割れた	割れた	3	3	jmdict	いいえ
サボる	包含	33 34	34	いいえ	割れた	割れた	3	3	jmdict	はい
テロる	包含	34 35	35	いいえ	割れた	割れた	3	3	jmdict	いいえ
デコる	包含	32 33	32	いいえ	割れた	一致	3	3	jmdict	いいえ
ド突く	包含	15 35	15	いいえ	割れた	割れた	3	3	jmdict	いいえ
ハモる	包含	31 32	32	いいえ	一致	割れた	3	3	jmdict	いいえ
バズる	包含	31 38	31	いいえ	割れた	一致	3	3	jmdict	いいえ
バテる	包含	56 57	56	いいえ	割れた	一致	3	3	jmdict	はい
パキる	包含	15	15 56	いいえ	一致	割れた	3	3	jmdict	いいえ
パシる	包含	33 34	33	いいえ	割れた	一致	3	3	jmdict	いいえ
ピリつく	包含	13 30	13	いいえ	割れた	割れた	3	3	jmdict	いいえ
ブチ切れる	包含	15 30	30	いいえ	割れた	一致	3	3	jmdict	いいえ
ブログる	包含	31 32	32	いいえ	一致	割れた	3	3	jmdict	いいえ
ヘコむ	包含	30	15 30	いいえ	一致	一致	3	3	jmdict	いいえ
ヘタレる	包含	30 34	30	いいえ	割れた	割れた	3	3	jmdict	いいえ
ボツる	包含	15 34	34	いいえ	割れた	一致	3	3	jmdict	いいえ
ボムる	包含	15	15 51	いいえ	割れた	割れた	3	3	jmdict	いいえ
ポシャる	包含	15 34	34	いいえ	一致	割れた	3	3	jmdict	いいえ
メモる	包含	31 32	31	いいえ	一致	一致	3	3	jmdict	いいえ
モテる	包含	30 35	35	いいえ	一致	一致	3	3	jmdict	いいえ
ヤフる	包含	31 38	31	いいえ	割れた	割れた	3	3	jmdict	いいえ
リロる	包含	15 38	15	いいえ	割れた	一致	3	3	jmdict	いいえ
一発放つ	包含	15 34	15	いいえ	割れた	一致	3	3	jmdict	いいえ
一節歌う	包含	31 32	32	いいえ	一致	一致	3	3	jmdict	いいえ
上がる	包含	15 17	13 15 17 19 30 34 50	いいえ	一致	割れた	3	3	jmdict	はい
上り詰める	包含	15 34	15 17 34	いいえ	一致	割れた	3	3	jmdict	はい
上る	包含	15 17	15 17 19	いいえ	一致	割れた	3	3	jmdict	はい
下がる	包含	15 17	15 17 19	いいえ	割れた	一致	3	3	jmdict	はい
下げる	包含	15 17	15 17 19 36	いいえ	一致	割れた	3	3	jmdict	はい
下す	包含	15 36	15 34 36 57	いいえ	割れた	割れた	3	3	jmdict	はい
下る	包含	15 17	15 17 36	いいえ	一致	割れた	3	3	jmdict	はい
与る	包含	35	35 37	いいえ	一致	一致	3	3	jmdict	いいえ
並び替える	包含	15	15 16	いいえ	割れた	一致	3	3	jmdict	はい
並べる	包含	15 17	17	いいえ	割れた	割れた	3	3	jmdict	はい
並べ直す	包含	15	15 17	いいえ	割れた	割れた	3	3	jmdict	いいえ
並み居る	包含	12	12 17	いいえ	割れた	割れた	3	3	jmdict	はい
丸め込む	包含	35 36	35	いいえ	割れた	割れた	3	3	jmdict	はい
乏しくなる	包含	19	15 19	いいえ	一致	割れた	3	3	jmdict	いいえ
乗ずる	包含	34 37	34	いいえ	一致	割れた	3	3	jmdict	はい
乗せる	包含	15 17	15 17 35	いいえ	一致	割れた	3	3	jmdict	はい
乗っかかる	包含	15	15 17	いいえ	割れた	割れた	3	3	jmdict	いいえ
乗っかる	包含	15 17	17	いいえ	割れた	割れた	3	3	jmdict	はい
乗っける	包含	15	15 17	いいえ	割れた	一致	3	3	jmdict	いいえ
乗っ取る	包含	36 37	36	いいえ	割れた	割れた	3	3	jmdict	はい
乗りつぶす	包含	15 33	15	いいえ	一致	一致	3	3	jmdict	いいえ
乗り合わす	包含	15 35	35	いいえ	一致	割れた	3	3	jmdict	いいえ
乗り捨てる	包含	15 34	15	いいえ	一致	割れた	3	3	jmdict	はい
乗り換える	包含	15	15 17	いいえ	割れた	割れた	3	3	jmdict	はい
乗り続ける	包含	15	15 16	いいえ	割れた	割れた	3	3	jmdict	いいえ
乗り遅れる	包含	15 16	16	いいえ	割れた	割れた	3	3	jmdict	はい
乗り過ごす	包含	15 16	16	いいえ	割れた	割れた	3	3	jmdict	いいえ
乗り飛ばす	包含	15 17	15	いいえ	割れた	割れた	3	3	jmdict	いいえ
乗る	包含	15 17	15 17 35	いいえ	一致	割れた	3	3	jmdict	はい
乞い取る	包含	34 37	37	いいえ	割れた	一致	3	3	jmdict	いいえ
乞う	包含	31 35	31	いいえ	一致	割れた	3	3	jmdict	はい
乱す	包含	15	13 15 30	いいえ	一致	割れた	3	3	jmdict	はい
乱れ飛ぶ	包含	15 17	15	いいえ	割れた	割れた	3	3	jmdict	はい
乾かす	包含	15	15 51	いいえ	割れた	一致	3	3	jmdict	はい
争い怒る	包含	35	30 35	いいえ	一致	一致	3	3	jmdict	いいえ
交わし合う	包含	35	31 35	いいえ	割れた	割れた	3	3	jmdict	いいえ
交わす	包含	35	31 35	いいえ	割れた	一致	3	3	jmdict	はい
交わる	包含	35	11 35	いいえ	割れた	割れた	3	3	jmdict	はい
今めかす	包含	15 32	15	いいえ	割れた	割れた	3	3	jmdict	いいえ
仕える	包含	33 36	36	いいえ	割れた	割れた	3	3	jmdict	はい
仕え奉る	包含	33 36	36	いいえ	一致	割れた	3	3	jmdict	いいえ
仕分ける	包含	15 33	15	いいえ	割れた	割れた	3	3	jmdict	いいえ
仕切り直す	包含	15 34	15	いいえ	一致	一致	3	3	jmdict	いいえ
仕切る	包含	36 38	36	いいえ	割れた	割れた	3	3	jmdict	はい
仕掛かる	包含	15 34	15	いいえ	割れた	一致	3	3	jmdict	いいえ
仕留める	包含	34	34 57	いいえ	一致	割れた	3	3	jmdict	はい
仕立てる	包含	15 32 38	15 32	いいえ	割れた	割れた	3	3	jmdict	はい
付いてくる	包含	15 17	17	いいえ	割れた	割れた	3	3	jmdict	はい
付き切る	包含	33 35	35	いいえ	割れた	一致	3	3	jmdict	いいえ
付き合う	包含	33 35	35	いいえ	割れた	一致	3	3	jmdict	はい
付き添う	包含	33 35	35	いいえ	一致	一致	3	3	jmdict	はい
付く	包含	12 15	12 15 17 30 51	いいえ	割れた	割れた	3	3	jmdict	はい
付ける	包含	15	15 31 36 51	いいえ	割れた	割れた	3	3	jmdict	はい
付け上がる	包含	15 30	30	いいえ	割れた	一致	3	3	jmdict	いいえ
付け加える	包含	15 19	15	いいえ	割れた	一致	3	3	jmdict	はい
付け合せる	包含	15 33	15	いいえ	割れた	割れた	3	3	jmdict	いいえ
付け狙う	包含	34 35	35	いいえ	一致	割れた	3	3	jmdict	いいえ
付け足す	包含	15	15 19	いいえ	割れた	割れた	3	3	jmdict	はい
代わり合う	包含	15 35	35	いいえ	割れた	割れた	3	3	jmdict	いいえ
仰ぎ奉る	包含	30 36	36	いいえ	割れた	一致	3	3	jmdict	いいえ
仰ぎ見る	包含	30	17 30	いいえ	割れた	一致	3	3	jmdict	いいえ
仰ぐ	包含	36	17 36	いいえ	割れた	割れた	3	3	jmdict	はい
仰け反る	包含	15 33	33	いいえ	割れた	割れた	3	3	jmdict	いいえ
仰せられる	包含	31 36	31	いいえ	一致	割れた	3	3	jmdict	いいえ
仰のく	包含	33	17 33	いいえ	割れた	一致	3	3	jmdict	いいえ
仰のける	包含	15	15 56	いいえ	割れた	割れた	3	3	jmdict	いいえ
仰向ける	包含	15 33	33	いいえ	一致	割れた	3	3	jmdict	いいえ
企む	包含	30 34	30	いいえ	一致	一致	3	3	jmdict	はい
伏し倒れる	包含	15 33	15	いいえ	一致	割れた	3	3	jmdict	いいえ
伏し拝む	包含	33 35	33	いいえ	一致	割れた	3	3	jmdict	いいえ
伏せる	包含	15 33	15	いいえ	一致	割れた	3	3	jmdict	はい
休める	包含	33	15 33	いいえ	一致	割れた	3	3	jmdict	はい
会わせる	包含	15 35	35	いいえ	割れた	一致	3	3	jmdict	いいえ
伝う	包含	15 17	17	いいえ	一致	割れた	3	3	jmdict	はい
伝わる	包含	15 31	31	いいえ	一致	割れた	3	3	jmdict	はい
伴う	包含	11 15	11	いいえ	一致	割れた	3	3	jmdict	はい
伸し上げる	包含	15	15 36	いいえ	一致	割れた	3	3	jmdict	いいえ
伸ばす	包含	15	15 16 17	いいえ	割れた	割れた	3	3	jmdict	はい
伸びる	包含	15 19	15 16 19 57	いいえ	割れた	割れた	3	3	jmdict	はい
伸び広がる	包含	15	15 17	いいえ	割れた	割れた	3	3	jmdict	いいえ
住み分ける	包含	17	11 17	いいえ	割れた	割れた	3	3	jmdict	いいえ
住み慣れる	包含	33	13 33	いいえ	一致	割れた	3	3	jmdict	はい
住み着く	包含	33	17 33	いいえ	一致	割れた	3	3	jmdict	いいえ
作り付ける	包含	15 32 38	15	いいえ	割れた	割れた	3	3	jmdict	いいえ
作り変える	包含	15 32	15	いいえ	割れた	割れた	3	3	jmdict	いいえ
作り立てる	包含	15 32	32	いいえ	一致	一致	3	3	jmdict	いいえ
使いこなす	包含	15 34	34	いいえ	割れた	割れた	3	3	jmdict	はい
使い倒す	包含	15	15 33	いいえ	割れた	割れた	3	3	jmdict	いいえ
使い分ける	包含	34	11 34	いいえ	割れた	割れた	3	3	jmdict	はい
使い捨てる	包含	15 37	15	いいえ	割れた	割れた	3	3	jmdict	いいえ
使い果たす	包含	19	15 19	いいえ	割れた	割れた	3	3	jmdict	はい
使い残す	包含	15 19	19	いいえ	一致	一致	3	3	jmdict	いいえ
使える	包含	13 34	13	いいえ	割れた	一致	3	3	jmdict	いいえ
例える	包含	31	11 31	いいえ	一致	割れた	3	3	jmdict	はい
侍らす	包含	33 36	36	いいえ	割れた	割れた	3	3	jmdict	いいえ
侍らせる	包含	33 36	36	いいえ	一致	一致	3	3	jmdict	いいえ
依る	包含	11 36	11	いいえ	割れた	一致	3	3	jmdict	はい
侮る	包含	30 35	30	いいえ	一致	割れた	3	3	jmdict	はい
係る	包含	11 15	11	いいえ	割れた	一致	3	3	jmdict	はい
促す	包含	34 36	36	いいえ	割れた	割れた	3	3	jmdict	はい
修まる	包含	13 15	13	いいえ	割れた	一致	3	3	jmdict	いいえ
俯す	包含	33	33 56	いいえ	割れた	割れた	3	3	jmdict	いいえ
倒れこむ	包含	15 56	15	いいえ	割れた	一致	3	3	jmdict	いいえ
倒れる	包含	15 56 57	15	いいえ	割れた	割れた	3	3	jmdict	はい
倒れ伏す	包含	15 33	15	いいえ	割れた	割れた	3	3	jmdict	いいえ
倒れ掛かる	包含	15	15 17	いいえ	割れた	割れた	3	3	jmdict	いいえ
借金で苦しむ	包含	30 37	30	いいえ	一致	割れた	3	3	jmdict	いいえ
偽り語る	包含	31	10 31	いいえ	一致	一致	3	3	jmdict	いいえ
傅く	包含	33 36	36	いいえ	一致	割れた	3	3	jmdict	いいえ
備える	包含	34 38	34	いいえ	割れた	割れた	3	3	jmdict	はい
備え付ける	包含	15 38	15	いいえ	一致	割れた	3	3	jmdict	はい
備わる	包含	12 15	12	いいえ	割れた	一致	3	3	jmdict	はい
傷つける	包含	15 56	15 30 56	いいえ	一致	一致	3	3	jmdict	はい
傾く	包含	15	15 17	いいえ	割れた	割れた	3	3	jmdict	はい
傾ぐ	包含	15	15 17	いいえ	割れた	割れた	3	3	jmdict	いいえ
傾げる	包含	15	15 30 33	いいえ	一致	割れた	3	3	jmdict	はい
働き出す	包含	15 33	15 33 38	いいえ	割れた	割れた	3	3	jmdict	いいえ
働き続ける	包含	33 38	33	いいえ	一致	割れた	3	3	jmdict	いいえ
働く	包含	33 38	14 33 38	いいえ	一致	割れた	3	3	jmdict	はい
兆す	包含	12 50	12	いいえ	割れた	一致	3	3	jmdict	いいえ
先んじる	包含	16 34	16	いいえ	割れた	一致	3	3	jmdict	はい
先んずる	包含	16 34	16	いいえ	一致	割れた	3	3	jmdict	いいえ
先取る	包含	37	16 37	いいえ	割れた	割れた	3	3	jmdict	いいえ
先立てる	包含	16 37	16	いいえ	割れた	割れた	3	3	jmdict	いいえ
先細る	包含	15	15 19	いいえ	割れた	一致	3	3	jmdict	いいえ
先走る	包含	15 16	15 16 34	いいえ	一致	割れた	3	3	jmdict	はい
光る	包含	50 51	50	いいえ	割れた	割れた	3	3	jmdict	はい
免じる	包含	36	34 36	いいえ	一致	一致	3	3	jmdict	いいえ
免ずる	包含	36	34 36	いいえ	一致	割れた	3	3	jmdict	いいえ
免れる	包含	15 34	34	いいえ	一致	一致	3	3	jmdict	はい
入り乱れる	包含	15	13 15	いいえ	割れた	割れた	3	3	jmdict	はい
入り掛ける	包含	15	15 17	いいえ	一致	一致	3	3	jmdict	いいえ
入り替わる	包含	15	11 15	いいえ	割れた	割れた	3	3	jmdict	いいえ
入り混じる	包含	15	11 15	いいえ	割れた	割れた	3	3	jmdict	はい
入り直す	包含	15	15 17	いいえ	割れた	一致	3	3	jmdict	いいえ
入る	包含	15 17	17	いいえ	一致	割れた	3	3	jmdict	はい
入れ替わる	包含	15	11 15	いいえ	一致	割れた	3	3	jmdict	はい
兼ね備える	包含	12	11 12	いいえ	割れた	割れた	3	3	jmdict	はい
再び取る	包含	15 37	37	いいえ	割れた	一致	3	3	jmdict	いいえ
写し取る	包含	15 32	32	いいえ	一致	一致	3	3	jmdict	いいえ
写し撮る	包含	15 32	32	いいえ	割れた	一致	3	3	jmdict	いいえ
写す	包含	15 32	32	いいえ	一致	割れた	3	3	jmdict	はい
冴える	包含	13 30	13 30 50	いいえ	割れた	割れた	3	3	jmdict	はい
冷える	包含	15 51	15 30 51	いいえ	一致	割れた	3	3	jmdict	はい
冷え募る	包含	15	15 51	いいえ	割れた	割れた	3	3	jmdict	いいえ
冷ます	包含	15 51	15 30 51	いいえ	割れた	割れた	3	3	jmdict	はい
冷やかす	包含	35	35 37	いいえ	一致	一致	3	3	jmdict	はい
凍え死ぬ	包含	57	51 57	いいえ	一致	一致	3	3	jmdict	いいえ
凝らす	包含	30 33	30	いいえ	割れた	割れた	3	3	jmdict	はい
凝りだす	包含	15	15 30	いいえ	一致	一致	3	3	jmdict	いいえ
凝り固まる	包含	15	15 30 51	いいえ	割れた	割れた	3	3	jmdict	いいえ
凸る	包含	35	17 35	いいえ	一致	割れた	3	3	jmdict	いいえ
凹ませる	包含	15	15 30	いいえ	一致	一致	3	3	jmdict	いいえ
凹める	包含	15 30	15	いいえ	割れた	一致	3	3	jmdict	いいえ
出かかる	包含	15	12 15	いいえ	一致	割れた	3	3	jmdict	いいえ
出しすぎる	包含	19	15 19	いいえ	割れた	割れた	3	3	jmdict	いいえ
出しゃばる	包含	34 35	35	いいえ	一致	一致	3	3	jmdict	いいえ
出し合う	包含	35	35 37	いいえ	割れた	割れた	3	3	jmdict	はい
出し違う	包含	15	11 15	いいえ	割れた	割れた	3	3	jmdict	いいえ
出す	包含	15	15 31 32 37	いいえ	割れた	割れた	2	3	jmdict	はい
出っ張る	包含	15 17	17	いいえ	割れた	一致	3	3	jmdict	いいえ
出でる	包含	15 17	12 15 17	いいえ	割れた	割れた	3	3	jmdict	いいえ
出る	包含	15 17	12 15 17 32 37	いいえ	割れた	割れた	3	3	jmdict	はい
出会う	包含	15 35	35	いいえ	割れた	一致	3	3	jmdict	はい
出切る	包含	15 34	15	いいえ	割れた	割れた	3	3	jmdict	いいえ
出回る	包含	15 37	37	いいえ	割れた	割れた	3	3	jmdict	はい
出外れる	包含	15	15 17	いいえ	一致	一致	3	3	jmdict	いいえ
出始める	包含	15	12 15	いいえ	一致	一致	3	3	jmdict	いいえ
出張る	包含	15 17	17	いいえ	一致	割れた	2	3	jmdict	いいえ
出揃う	包含	12 15	12	いいえ	割れた	一致	3	3	jmdict	はい
出損なう	包含	15 34	34	いいえ	割れた	割れた	3	3	jmdict	いいえ
出来かねる	包含	13 34	13	いいえ	一致	一致	3	3	jmdict	いいえ
出来る	包含	13 34	12 13 34	いいえ	割れた	割れた	3	3	jmdict	はい
出直す	包含	15 34	15	いいえ	一致	一致	3	3	jmdict	はい
出迎える	包含	33 35	35	いいえ	一致	一致	3	3	jmdict	はい
出遅れる	包含	15 16	16	いいえ	割れた	一致	3	3	jmdict	はい
出違う	包含	15 35	35	いいえ	割れた	割れた	3	3	jmdict	いいえ
分かち合う	包含	35 37	35	いいえ	一致	一致	3	3	jmdict	いいえ
分かち持つ	包含	35 37	35	いいえ	割れた	一致	3	3	jmdict	いいえ
分かつ	包含	15	11 15	いいえ	一致	一致	3	3	jmdict	はい
分かりかねる	包含	13 30	30	いいえ	割れた	一致	3	3	jmdict	いいえ
分かりきる	包含	30	10 30	いいえ	一致	割れた	3	3	jmdict	いいえ
分かり出す	包含	30	15 30	いいえ	割れた	一致	3	3	jmdict	いいえ
分ける	包含	15 19	11 15 19	いいえ	一致	割れた	3	3	jmdict	はい
分け取る	包含	37	19 37	いいえ	一致	割れた	3	3	jmdict	いいえ
分け合う	包含	35 37	35	いいえ	一致	割れた	3	3	jmdict	はい
分け離す	包含	15	11 15	いいえ	一致	割れた	3	3	jmdict	いいえ
切り上げる	包含	15	15 19	いいえ	割れた	一致	3	3	jmdict	はい
切り下げる	包含	15 37	15 19 37	いいえ	一致	一致	3	3	jmdict	はい
切り入る	包含	15 34	15	いいえ	割れた	割れた	3	3	jmdict	いいえ
切り分ける	包含	15	11 15	いいえ	一致	一致	3	3	jmdict	いいえ
切り崩す	包含	15	15 35	いいえ	割れた	割れた	3	3	jmdict	はい
切り払う	包含	15 34	15	いいえ	割れた	一致	3	3	jmdict	いいえ
切り抜く	包含	15 34	15	いいえ	割れた	一致	3	3	jmdict	いいえ
切り抜ける	包含	15 34	34	いいえ	一致	一致	3	3	jmdict	いいえ
切り据える	包含	15	15 35	いいえ	一致	割れた	3	3	jmdict	いいえ
切り整える	包含	15 33	15	いいえ	割れた	一致	3	3	jmdict	いいえ
切り立つ	包含	15 17	17	いいえ	割れた	割れた	3	3	jmdict	はい
切り苛む	包含	15	15 35	いいえ	割れた	一致	3	3	jmdict	いいえ
切り起こす	包含	15	15 38	いいえ	割れた	一致	3	3	jmdict	いいえ
切り返す	包含	15 35	15 31 35	いいえ	一致	割れた	3	3	jmdict	はい
切り通す	包含	15	15 34	いいえ	割れた	割れた	3	3	jmdict	いいえ
切り開く	包含	15 34	15	いいえ	一致	割れた	3	3	jmdict	いいえ
切り離す	包含	15	11 15	いいえ	一致	割れた	3	3	jmdict	はい
切れる	包含	15	13 15 16 19 30	いいえ	一致	割れた	3	3	jmdict	はい
切れ込む	包含	15	15 17	いいえ	割れた	割れた	3	3	jmdict	いいえ
切羽詰まる	包含	13 30	13	いいえ	割れた	割れた	3	3	jmdict	はい
刈り込む	包含	15 38	15	いいえ	一致	割れた	3	3	jmdict	はい
刎ねる	包含	15	15 56	いいえ	割れた	割れた	2	3	jmdict	いいえ
別れる	包含	15 35	35	いいえ	一致	割れた	3	3	jmdict	はい
利かす	包含	14 15	14 15 30	いいえ	一致	割れた	3	3	jmdict	はい
利かせる	包含	14 15	14	いいえ	割れた	割れた	3	3	jmdict	はい
利口ぶる	包含	33	30 33	いいえ	一致	割れた	3	3	jmdict	いいえ
刮ぐ	包含	15 33	15	いいえ	割れた	一致	3	3	jmdict	いいえ
刷り上げる	包含	15 32	32	いいえ	一致	一致	3	3	jmdict	いいえ
刷り損なう	包含	34	32 34	いいえ	割れた	一致	3	3	jmdict	いいえ
刷り込む	包含	30	15 30 32	いいえ	割れた	割れた	3	3	jmdict	はい
刷る	包含	32 38	32	いいえ	割れた	割れた	3	3	jmdict	はい
刺し通す	包含	15 34	15	いいえ	一致	一致	3	3	jmdict	いいえ
刺す	包含	15	15 56	いいえ	割れた	割れた	3	3	jmdict	はい
刻む	包含	15 32	15 16 30 32	いいえ	一致	割れた	3	3	jmdict	はい
剃り落とす	包含	15 33	15	いいえ	割れた	割れた	3	3	jmdict	いいえ
則る	包含	11 34	34	いいえ	割れた	一致	3	3	jmdict	いいえ
削がれる	包含	15	15 30	いいえ	一致	一致	3	3	jmdict	いいえ
削ぐ	包含	15	15 19	いいえ	一致	割れた	3	3	jmdict	いいえ
削げる	包含	15	15 19	いいえ	一致	割れた	3	3	jmdict	いいえ
削る	包含	15	15 19	いいえ	一致	一致	3	3	jmdict	はい
削れる	包含	15	15 19	いいえ	一致	割れた	3	3	jmdict	いいえ
割り入れる	包含	15 35	15 17 35	いいえ	一致	割れた	3	3	jmdict	いいえ
割り出す	包含	30 34	30	いいえ	一致	割れた	3	3	jmdict	はい
割り引く	包含	37	19 37	いいえ	一致	一致	3	3	jmdict	はい
割り戻す	包含	15 37	37	いいえ	一致	一致	3	3	jmdict	いいえ
割り振る	包含	36	19 36	いいえ	割れた	割れた	3	3	jmdict	はい
割る	包含	15	15 19	いいえ	一致	一致	3	3	jmdict	はい
割れる	包含	15	11 15	いいえ	一致	割れた	3	3	jmdict	はい
割れ返る	包含	15	15 50	いいえ	一致	割れた	3	3	jmdict	いいえ
力尽きる	包含	14 15	14	いいえ	一致	一致	3	3	jmdict	いいえ
助かる	包含	34	34 57	いいえ	割れた	一致	3	3	jmdict	はい
助ける	包含	34 35	35	いいえ	割れた	割れた	3	3	jmdict	はい
助け出す	包含	15 34	34	いいえ	割れた	一致	3	3	jmdict	いいえ
助け守る	包含	34 36	34	いいえ	一致	一致	3	3	jmdict	いいえ
励み合う	包含	30 35	35	いいえ	割れた	一致	3	3	jmdict	いいえ
務まる	包含	13 34	34	いいえ	割れた	一致	3	3	jmdict	いいえ
勝ち取る	包含	34	34 37	いいえ	割れた	一致	3	3	jmdict	はい
勝ち得る	包含	34 37	34	いいえ	割れた	割れた	3	3	jmdict	はい
勝ち抜く	包含	34 35	34	いいえ	割れた	割れた	3	3	jmdict	いいえ
勝ち残る	包含	34 35	34	いいえ	一致	割れた	3	3	jmdict	はい
勝ち越す	包含	34	19 34	いいえ	割れた	割れた	3	3	jmdict	はい
勝ち通す	包含	34 35	34	いいえ	割れた	一致	3	3	jmdict	いいえ
勝つ	包含	34 35	34	いいえ	一致	割れた	3	3	jmdict	はい
勢いづく	包含	14 15	14	いいえ	割れた	一致	3	3	jmdict	いいえ
勤しむ	包含	33 38	33	いいえ	一致	割れた	3	3	jmdict	いいえ
勤め上げる	包含	34	34 38	いいえ	割れた	割れた	3	3	jmdict	いいえ
勤め働く	包含	33 38	33	いいえ	一致	割れた	3	3	jmdict	いいえ
勾引す	包含	35 36	35	いいえ	割れた	一致	3	3	jmdict	いいえ
匂わす	包含	31	31 50	いいえ	一致	割れた	3	3	jmdict	いいえ
包まる	包含	15	15 17 33	いいえ	一致	割れた	3	3	jmdict	いいえ
包み直す	包含	15 33	15	いいえ	割れた	一致	3	3	jmdict	いいえ
化かす	包含	30 35	35	いいえ	割れた	割れた	3	3	jmdict	いいえ
化ける	包含	15 30	15	いいえ	割れた	一致	3	3	jmdict	はい
占める	包含	17	17 19	いいえ	割れた	一致	3	3	jmdict	はい
印象付ける	包含	30 31	30	いいえ	割れた	割れた	3	3	jmdict	はい
反り返る	包含	15	15 33	いいえ	割れた	割れた	3	3	jmdict	いいえ
収まる	包含	15	15 17	いいえ	割れた	割れた	3	3	jmdict	はい
取って代わる	包含	15	11 15	いいえ	割れた	一致	3	3	jmdict	いいえ
取っ付く	包含	15 35	15	いいえ	一致	割れた	3	3	jmdict	いいえ
取りこめる	包含	15 34	15	いいえ	一致	割れた	3	3	jmdict	いいえ
取りなす	包含	35 36	35	いいえ	一致	一致	3	3	jmdict	いいえ
取りやめる	包含	15 34	15	いいえ	割れた	割れた	3	3	jmdict	いいえ
取り付かれる	包含	30	12 30	いいえ	一致	割れた	3	3	jmdict	いいえ
取り付く	包含	15 35	15	いいえ	一致	割れた	3	3	jmdict	いいえ
取り囲む	包含	15 17	17	いいえ	割れた	割れた	3	3	jmdict	はい
取り寄せる	包含	15 37	37	いいえ	一致	一致	3	3	jmdict	はい
取り巻く	包含	15 17	17	いいえ	割れた	割れた	3	3	jmdict	はい
取り広げる	包含	15	15 17	いいえ	割れた	割れた	3	3	jmdict	いいえ
取り急ぐ	包含	16 34	16	いいえ	一致	一致	3	3	jmdict	いいえ
取り捌く	包含	37 38	38	いいえ	割れた	割れた	3	3	jmdict	いいえ
取り捨てる	包含	15 34	15	いいえ	一致	一致	3	3	jmdict	いいえ
取り掛かる	包含	15 34	15	いいえ	割れた	一致	3	3	jmdict	はい
取り揃える	包含	15 37 38	15	いいえ	割れた	割れた	3	3	jmdict	はい
取り損ねる	包含	34	34 37	いいえ	割れた	一致	3	3	jmdict	いいえ
取り散らかす	包含	15 33	15	いいえ	割れた	割れた	3	3	jmdict	いいえ
取り残す	包含	15 34	15	いいえ	割れた	一致	3	3	jmdict	はい
取り消す	包含	15 34	15	いいえ	割れた	割れた	3	3	jmdict	はい
取り直す	包含	15 34	15	いいえ	一致	割れた	3	3	jmdict	はい
取り締まる	包含	36 38	36	いいえ	割れた	一致	3	3	jmdict	はい
取り置く	包含	37	15 37	いいえ	割れた	一致	3	3	jmdict	いいえ
取り計らう	包含	34 36	34	いいえ	割れた	一致	3	3	jmdict	いいえ
取り込む	包含	15 37	15 17 37	いいえ	割れた	割れた	3	3	jmdict	はい
取り運ぶ	包含	15 38	15	いいえ	一致	割れた	3	3	jmdict	いいえ
取り鎮める	包含	36	35 36	いいえ	割れた	割れた	3	3	jmdict	いいえ
取る	包含	15 34 37	15 37	いいえ	一致	割れた	3	3	jmdict	はい
取れる	包含	15 37	15 30 37	いいえ	割れた	割れた	3	3	jmdict	はい
受ける	包含	15 34 35	15 34 35 37	いいえ	割れた	割れた	3	3	jmdict	はい
受け取る	包含	15 37	37	いいえ	一致	割れた	3	3	jmdict	はい
受け持つ	包含	34 36	36	いいえ	一致	割れた	3	3	jmdict	はい
受け継ぐ	包含	15 37	15	いいえ	割れた	割れた	3	3	jmdict	はい
口説き落とす	包含	31 35	35	いいえ	割れた	割れた	3	3	jmdict	いいえ
叩きのめす	包含	15 34 35	15 35	いいえ	割れた	一致	3	3	jmdict	いいえ
叩き消す	包含	15	15 51	いいえ	一致	一致	3	3	jmdict	いいえ
叩き潰す	包含	15	15 35	いいえ	一致	割れた	3	3	jmdict	いいえ
叩き直す	包含	15 32	15	いいえ	割れた	割れた	3	3	jmdict	いいえ
叩く	包含	15 31	15 30 31	いいえ	一致	割れた	3	3	jmdict	はい
召し寄せる	包含	15 36	36	いいえ	割れた	割れた	3	3	jmdict	いいえ
召し集める	包含	36	15 36	いいえ	一致	割れた	3	3	jmdict	いいえ
召す	包含	33 36	33 36 56 57	いいえ	割れた	割れた	3	3	jmdict	はい
叱り付ける	包含	31 36	36	いいえ	割れた	一致	3	3	jmdict	いいえ
叱り飛ばす	包含	31 36	36	いいえ	割れた	一致	3	3	jmdict	いいえ
司る	包含	36 38	36	いいえ	割れた	一致	3	3	jmdict	はい
合す	包含	11 15	11	いいえ	割れた	割れた	3	3	jmdict	はい
合わさる	包含	15	11 15	いいえ	割れた	一致	3	3	jmdict	はい
吊り上げる	包含	15	15 19 37	いいえ	割れた	割れた	3	3	jmdict	いいえ
吊り下がる	包含	15 17	17	いいえ	一致	割れた	3	3	jmdict	いいえ
吊るす	包含	15	15 17	いいえ	割れた	一致	3	3	jmdict	はい
同じる	包含	11	11 35	いいえ	一致	割れた	3	3	jmdict	はい
名乗り出る	包含	31 34	31	いいえ	一致	割れた	3	3	jmdict	はい
名乗る	包含	31 34	31	いいえ	割れた	一致	3	3	jmdict	はい
吐き出す	包含	15 31	15 31 56	いいえ	割れた	割れた	3	3	jmdict	はい
吐き捨てる	包含	15 31 33	15 31	いいえ	割れた	割れた	3	3	jmdict	いいえ
向き合う	包含	35	17 35	いいえ	一致	一致	3	3	jmdict	はい
向ける	包含	15 17	15 17 30	いいえ	一致	割れた	3	3	jmdict	はい
吟ずる	包含	31 32	32	いいえ	一致	割れた	3	3	jmdict	いいえ
吠える	包含	31 56	31	いいえ	割れた	一致	3	3	jmdict	はい
吠え付く	包含	31 35	35	いいえ	一致	一致	3	3	jmdict	いいえ
吠え出す	包含	15	15 31	いいえ	割れた	割れた	3	3	jmdict	いいえ
吠え立てる	包含	31 33	31	いいえ	一致	一致	3	3	jmdict	いいえ
含ませる	包含	15	11 15	いいえ	割れた	割れた	3	3	jmdict	はい
吸い上げる	包含	15	15 37	いいえ	一致	割れた	3	3	jmdict	はい
吸い入れる	包含	15	15 56	いいえ	一致	一致	2	3	jmdict	いいえ
吸い込む	包含	15	15 56	いいえ	一致	割れた	3	3	jmdict	はい
吸う	包含	15 33 56	15 56	いいえ	割れた	割れた	3	3	jmdict	はい
吹きこぼれる	包含	15	15 51	いいえ	一致	割れた	3	3	jmdict	いいえ
吹き付ける	包含	15	15 51	いいえ	割れた	一致	3	3	jmdict	はい
吹き倒す	包含	15	15 51	いいえ	一致	割れた	3	3	jmdict	いいえ
吹き分ける	包含	15	15 51	いいえ	割れた	割れた	3	3	jmdict	いいえ
吹き抜く	包含	15	15 51	いいえ	割れた	割れた	3	3	jmdict	いいえ
吹き抜ける	包含	15 17	15 17 51	いいえ	一致	割れた	3	3	jmdict	いいえ
吹き替える	包含	15 32	32	いいえ	一致	割れた	3	3	jmdict	いいえ
吹き流す	包含	15	15 51	いいえ	割れた	一致	3	3	jmdict	いいえ
吹き消す	包含	15	15 51	いいえ	割れた	一致	3	3	jmdict	いいえ
吹き落とす	包含	15	15 51	いいえ	一致	割れた	3	3	jmdict	いいえ
吹き返す	包含	15	15 50 51 57	いいえ	割れた	割れた	3	3	jmdict	はい
吹き送る	包含	15 50	15	いいえ	一致	一致	3	3	jmdict	いいえ
吹き飛ぶ	包含	15 17	15	いいえ	割れた	割れた	3	3	jmdict	はい
吹き鳴らす	包含	31 32	32	いいえ	割れた	一致	3	3	jmdict	いいえ
吹っ切る	包含	15 30	30	いいえ	割れた	一致	3	3	jmdict	いいえ
吹っ切れる	包含	15 30	30	いいえ	一致	一致	3	3	jmdict	はい
吹っ飛ばす	包含	15	14 15	いいえ	割れた	一致	2	3	jmdict	いいえ
呈す	包含	31 34	31	いいえ	一致	割れた	3	3	jmdict	いいえ
告る	包含	31 35	31	いいえ	一致	一致	3	3	jmdict	いいえ
呪う	包含	30 31	30	いいえ	割れた	割れた	3	3	jmdict	はい
呼ばわる	包含	31	31 35	いいえ	一致	割れた	3	3	jmdict	いいえ
呼びにやる	包含	31 33	31	いいえ	割れた	割れた	3	3	jmdict	いいえ
呼び入れる	包含	15 35	35	いいえ	割れた	割れた	3	3	jmdict	いいえ
呼び出す	包含	31	31 35	いいえ	割れた	割れた	3	3	jmdict	はい
呼び慕う	包含	30 31 35	30 31	いいえ	割れた	一致	3	3	jmdict	いいえ
呼び立てる	包含	31	31 35	いいえ	割れた	割れた	3	3	jmdict	いいえ
呼び習わす	包含	31 33	31	いいえ	一致	一致	3	3	jmdict	いいえ
呼び覚ます	包含	30	15 30	いいえ	割れた	割れた	3	3	jmdict	いいえ
呼び返す	包含	31	15 31	いいえ	一致	一致	3	3	jmdict	いいえ
命ずる	包含	31 36	36	いいえ	割れた	一致	3	3	jmdict	はい
哭く	包含	30	30 56	いいえ	割れた	割れた	3	3	jmdict	いいえ
唆す	包含	30 35	35	いいえ	割れた	一致	3	3	jmdict	はい
唆る	包含	30 36	30	いいえ	割れた	割れた	3	3	jmdict	いいえ
唸り出す	包含	15 31	15	いいえ	割れた	割れた	3	3	jmdict	いいえ
問いかける	包含	31 35	31	いいえ	一致	割れた	3	3	jmdict	はい
問いただす	包含	31 35	31	いいえ	一致	割れた	3	3	jmdict	いいえ
問い合わす	包含	31 35	31	いいえ	割れた	割れた	3	3	jmdict	いいえ
問い合わせる	包含	31 35	31	いいえ	一致	一致	3	3	jmdict	はい
問い直す	包含	31	30 31	いいえ	一致	一致	3	3	jmdict	いいえ
問い返す	包含	31 35	31	いいえ	一致	一致	3	3	jmdict	いいえ
問う	包含	31 34	31	いいえ	割れた	割れた	3	3	jmdict	はい
営む	包含	38	33 38	いいえ	割れた	一致	3	3	jmdict	はい
嗅ぎ出す	包含	30	30 56	いいえ	割れた	一致	3	3	jmdict	いいえ
嗜む	包含	33	30 33	いいえ	一致	割れた	3	3	jmdict	いいえ
嘆く	包含	30 31	30	いいえ	一致	割れた	3	3	jmdict	はい
嘆ずる	包含	30 31	30	いいえ	一致	一致	3	3	jmdict	いいえ
嘔吐く	包含	56 57	57	いいえ	割れた	割れた	3	3	jmdict	いいえ
嘲り笑う	包含	31 35	35	いいえ	割れた	割れた	3	3	jmdict	いいえ
噎せる	包含	56 57	56	いいえ	割れた	割れた	3	3	jmdict	いいえ
噛み付く	包含	15 35	15 35 56	いいえ	一致	割れた	3	3	jmdict	はい
噛み分ける	包含	30	11 30	いいえ	一致	割れた	3	3	jmdict	いいえ
噛み千切る	包含	15	15 56	いいえ	割れた	割れた	3	3	jmdict	いいえ
噛み砕く	包含	31	15 31 56	いいえ	割れた	割れた	3	3	jmdict	いいえ
噛み裂く	包含	15	15 56	いいえ	一致	一致	3	3	jmdict	いいえ
噤む	包含	31	31 56	いいえ	一致	割れた	3	3	jmdict	いいえ
囀る	包含	31	31 50	いいえ	割れた	割れた	3	3	jmdict	はい
囚われる	包含	30 36	30	いいえ	割れた	割れた	3	3	jmdict	はい
四角張る	包含	13 15	13	いいえ	一致	割れた	3	3	jmdict	いいえ
固まる	包含	15	15 51	いいえ	割れた	割れた	3	3	jmdict	はい
圧し合う	包含	15 35	14 15 35	いいえ	一致	割れた	3	3	jmdict	いいえ
垂らし込む	包含	15 34	15	いいえ	割れた	割れた	3	3	jmdict	はい
垂れる	包含	15 17	15 17 51	いいえ	割れた	割れた	3	3	jmdict	はい
垂れ下がる	包含	15 17	17	いいえ	一致	割れた	3	3	jmdict	はい
垂れ流す	包含	15	15 51	いいえ	割れた	割れた	3	3	jmdict	いいえ
埋け込む	包含	15 17	15	いいえ	割れた	割れた	3	3	jmdict	いいえ
埋める	包含	15 17	15 17 19	いいえ	割れた	割れた	3	3	jmdict	はい
埋め尽くす	包含	15	15 19	いいえ	割れた	割れた	3	3	jmdict	いいえ
埋め込む	包含	15 17	15	いいえ	割れた	一致	3	3	jmdict	いいえ
執り行う	包含	34 38	34	いいえ	一致	一致	3	3	jmdict	いいえ
培う	包含	15 30 38	30	いいえ	割れた	割れた	3	3	jmdict	はい
堕す	包含	15 34	15	いいえ	一致	一致	3	3	jmdict	いいえ
報いる	包含	34 35	35	いいえ	一致	割れた	3	3	jmdict	はい
塗す	包含	15 33	15	いいえ	割れた	一致	3	3	jmdict	いいえ
塗りたくる	包含	15 33	15	いいえ	割れた	一致	3	3	jmdict	いいえ
塗りたてる	包含	15 32	15	いいえ	一致	一致	3	3	jmdict	いいえ
塗りつぶす	包含	15 32	15	いいえ	一致	割れた	3	3	jmdict	いいえ
塗り固める	包含	15	15 51	いいえ	一致	割れた	3	3	jmdict	いいえ
塗り直す	包含	15 32	15	いいえ	割れた	割れた	3	3	jmdict	いいえ
塗り込める	包含	15 32	15	いいえ	一致	一致	3	3	jmdict	いいえ
塗る	包含	15 32	15	いいえ	割れた	割れた	3	3	jmdict	はい
塞がる	包含	15	12 15 17	いいえ	割れた	割れた	3	3	jmdict	はい
塞ぐ	包含	15	15 30	いいえ	一致	一致	3	3	jmdict	はい
増え続ける	包含	15 19	19	いいえ	一致	割れた	3	3	jmdict	いいえ
売り出す	包含	37 38	37	いいえ	割れた	割れた	3	3	jmdict	はい
売り切れる	包含	37	19 37	いいえ	割れた	割れた	3	3	jmdict	はい
売り抜く	包含	37	34 37	いいえ	一致	割れた	3	3	jmdict	いいえ
売り歩く	包含	37 38	37	いいえ	割れた	割れた	3	3	jmdict	いいえ
外す	包含	15	15 17 34	いいえ	割れた	割れた	3	3	jmdict	はい
外れる	包含	15	11 15 17	いいえ	一致	割れた	3	3	jmdict	はい
大きすぎる	包含	13 19	19	いいえ	割れた	一致	3	3	jmdict	いいえ
天下る	包含	15 36	36	いいえ	割れた	割れた	3	3	jmdict	いいえ
天翔ける	包含	15 17	17	いいえ	一致	一致	3	3	jmdict	いいえ
天翔る	包含	15 17	17	いいえ	一致	割れた	3	3	jmdict	いいえ
失せ去る	包含	12 15	12	いいえ	一致	割れた	3	3	jmdict	いいえ
奉ずる	包含	34 36	30 34 36	いいえ	一致	割れた	3	3	jmdict	いいえ
奏す	包含	32	31 32	いいえ	一致	割れた	3	3	jmdict	いいえ
契る	包含	35	34 35	いいえ	割れた	割れた	3	3	jmdict	いいえ
奢る	包含	37	30 37	いいえ	一致	割れた	3	3	jmdict	はい
奪い取る	包含	37	15 35 37	いいえ	割れた	割れた	3	3	jmdict	はい
奪い返す	包含	15 37	37	いいえ	割れた	割れた	3	3	jmdict	いいえ
奪う	包含	37	15 35 37	いいえ	割れた	割れた	3	3	jmdict	はい
奮い立つ	包含	15 30	30	いいえ	一致	一致	3	3	jmdict	はい
奮い起こす	包含	15 30	30	いいえ	割れた	一致	3	3	jmdict	いいえ
好き合う	包含	30 35	30	いいえ	一致	割れた	3	3	jmdict	いいえ
守り抜く	包含	34 36	34	いいえ	一致	割れた	2	3	jmdict	いいえ
守る	包含	34 36	34	いいえ	一致	割れた	3	3	jmdict	はい
安らう	包含	30	30 33	いいえ	割れた	割れた	3	3	jmdict	いいえ
宥める	包含	35 36	35	いいえ	割れた	割れた	3	3	jmdict	はい
宿る	包含	12 17	12	いいえ	一致	割れた	3	3	jmdict	はい
寂れる	包含	15 38	15	いいえ	割れた	割れた	3	3	jmdict	いいえ
寄える	包含	15	15 17	いいえ	一致	割れた	3	3	jmdict	いいえ
寄せる	包含	15 17	15 17 30 31	いいえ	一致	割れた	3	3	jmdict	はい
寄せ付ける	包含	15 17	17	いいえ	一致	割れた	3	3	jmdict	はい
寄っかかる	包含	15 17	17	いいえ	一致	一致	3	3	jmdict	いいえ
寄りかかる	包含	15 17	17	いいえ	割れた	割れた	3	3	jmdict	はい
寄り切る	包含	15 34 35	15 35	いいえ	割れた	割れた	3	3	jmdict	いいえ
寄り合う	包含	35	17 35	いいえ	割れた	割れた	3	3	jmdict	いいえ
寄る	包含	15 17	17	いいえ	割れた	割れた	3	3	jmdict	はい
富ます	包含	37	19 37	いいえ	一致	割れた	3	3	jmdict	いいえ
富む	包含	19 37	19	いいえ	一致	割れた	3	3	jmdict	はい
寒気立つ	包含	50 56	56	いいえ	割れた	割れた	3	3	jmdict	いいえ
寛げる	包含	30 33	33	いいえ	割れた	割れた	3	3	jmdict	いいえ
寝ぼける	包含	30	30 57	いいえ	一致	割れた	3	3	jmdict	はい
寝足りる	包含	19	19 57	いいえ	割れた	一致	3	3	jmdict	いいえ
寝返る	包含	33 35	35	いいえ	割れた	割れた	3	3	jmdict	はい
対す	包含	11 35	11 17 35	いいえ	一致	割れた	3	3	jmdict	いいえ
対応付ける	包含	11 15	11	いいえ	一致	一致	3	3	jmdict	いいえ
寿ぐ	包含	31 35	35	いいえ	割れた	割れた	3	3	jmdict	いいえ
射る	包含	15 34	15	いいえ	割れた	一致	3	3	jmdict	はい
射抜く	包含	15 34	15	いいえ	割れた	割れた	3	3	jmdict	いいえ
射止める	包含	34	15 34	いいえ	一致	割れた	3	3	jmdict	はい
射落とす	包含	15 34	15	いいえ	一致	割れた	3	3	jmdict	いいえ
尊ぶ	包含	30 36	30	いいえ	割れた	割れた	3	3	jmdict	はい
尋ね求める	包含	30 31 34	30	いいえ	割れた	一致	3	3	jmdict	いいえ
導き入れる	包含	15 17 36	15 17	いいえ	割れた	一致	3	3	jmdict	いいえ
導き出す	包含	30	15 30	いいえ	割れた	割れた	3	3	jmdict	はい
小突く	包含	15 35	15	いいえ	割れた	一致	3	3	jmdict	いいえ
少なすぎる	包含	13 19	19	いいえ	割れた	一致	3	3	jmdict	いいえ
尖む	包含	13 15	15	いいえ	割れた	一致	3	3	jmdict	いいえ
尖る	包含	13 15	15	いいえ	割れた	割れた	3	3	jmdict	はい
尽くす	包含	34	19 34	いいえ	割れた	割れた	3	3	jmdict	はい
尾ける	包含	15	15 17	いいえ	割れた	割れた	3	3	jmdict	いいえ
居らっしゃる	包含	12	12 15 17	いいえ	一致	割れた	3	3	jmdict	はい
居合わせる	包含	12 35	12	いいえ	一致	割れた	3	3	jmdict	はい
居座る	包含	17 33	17	いいえ	一致	割れた	3	3	jmdict	はい
届く	包含	15 17	17	いいえ	一致	割れた	3	3	jmdict	はい
届け出でる	包含	31 36	31	いいえ	一致	一致	3	3	jmdict	いいえ
届け出る	包含	31 36	31	いいえ	割れた	割れた	3	3	jmdict	はい
履きつぶす	包含	15 33	15	いいえ	割れた	一致	3	3	jmdict	いいえ
履き古す	包含	15	15 33	いいえ	割れた	割れた	3	3	jmdict	いいえ
履き違える	包含	15 30	30	いいえ	割れた	割れた	3	3	jmdict	いいえ
崇めたてる	包含	30 36	36	いいえ	一致	割れた	3	3	jmdict	いいえ
崇める	包含	30 36	30	いいえ	一致	割れた	3	3	jmdict	いいえ
崩す	包含	15	15 37	いいえ	一致	割れた	3	3	jmdict	はい
崩れる	包含	15	13 15	いいえ	一致	割れた	3	3	jmdict	はい
崩れ去る	包含	15	12 15	いいえ	一致	一致	3	3	jmdict	はい
嵌める	包含	15	15 35	いいえ	一致	割れた	3	3	jmdict	はい
嵩む	包含	19	15 19	いいえ	一致	割れた	3	3	jmdict	いいえ
巡らす	包含	15 17	15 17 30	いいえ	一致	割れた	3	3	jmdict	いいえ
差し上げる	包含	37	15 37	いいえ	割れた	一致	3	3	jmdict	はい
差し出す	包含	15	15 35	いいえ	割れた	割れた	3	3	jmdict	はい
差し出る	包含	15 17	17	いいえ	一致	一致	3	3	jmdict	いいえ
差し引く	包含	15 19	19	いいえ	割れた	一致	3	3	jmdict	いいえ
差し戻す	包含	15 36	15	いいえ	一致	割れた	3	3	jmdict	はい
差し押さえる	包含	36 37	36	いいえ	一致	割れた	3	3	jmdict	はい
差し支える	包含	13 34	13	いいえ	割れた	割れた	3	3	jmdict	はい
差し止める	包含	36	15 36	いいえ	割れた	一致	3	3	jmdict	いいえ
差し繰る	包含	15	15 16	いいえ	割れた	割れた	3	3	jmdict	いいえ
差し置く	包含	15 17	15	いいえ	一致	割れた	3	3	jmdict	いいえ
差し越える	包含	15	15 17	いいえ	割れた	一致	2	3	jmdict	いいえ
差し込む	包含	15 17	15 17 56	いいえ	一致	割れた	3	3	jmdict	はい
差し違える	包含	15 35	35	いいえ	割れた	割れた	3	3	jmdict	いいえ
差す	包含	15 17	15 17 30 52	いいえ	一致	割れた	3	3	jmdict	はい
巻き付く	包含	15	15 17	いいえ	割れた	一致	3	3	jmdict	いいえ
巻き戻す	包含	15	15 16	いいえ	割れた	一致	3	3	jmdict	いいえ
巻き起こす	包含	15 50	15	いいえ	一致	割れた	3	3	jmdict	はい
巻き起こる	包含	15 50	12 15 50	いいえ	一致	割れた	3	3	jmdict	いいえ
巻く	包含	15 33	15	いいえ	一致	一致	3	3	jmdict	はい
師と仰ぐ	包含	30 36	30	いいえ	一致	割れた	3	3	jmdict	いいえ
干し固める	包含	15	15 51	いいえ	割れた	一致	3	3	jmdict	いいえ
干上がる	包含	15 51	15 19 51	いいえ	割れた	割れた	3	3	jmdict	はい
平らぐ	包含	15	13 15	いいえ	割れた	割れた	3	3	jmdict	いいえ
年長ける	包含	16	16 57	いいえ	一致	割れた	3	3	jmdict	いいえ
幽明相隔てる	包含	11	11 57	いいえ	割れた	割れた	3	3	jmdict	いいえ
広がる	包含	15 17 19	15 17	いいえ	割れた	一致	3	3	jmdict	はい
広げる	包含	15	15 17	いいえ	割れた	割れた	3	3	jmdict	はい
広まる	包含	15	15 17	いいえ	割れた	割れた	3	3	jmdict	はい
度外れる	包含	13	13 19	いいえ	割れた	割れた	3	3	jmdict	いいえ
廃す	包含	15	15 36	いいえ	割れた	割れた	3	3	jmdict	いいえ
廃る	包含	15	12 15	いいえ	割れた	割れた	3	3	jmdict	いいえ
建てる	包含	15 32 38	15 38	いいえ	割れた	一致	3	3	jmdict	はい
弁じ立てる	包含	31	31 35	いいえ	割れた	一致	3	3	jmdict	いいえ
弁ずる	包含	31	31 34	いいえ	割れた	一致	3	3	jmdict	いいえ
弄くる	包含	15 33	15	いいえ	一致	割れた	3	3	jmdict	いいえ
弄ぶ	包含	33 35	35	いいえ	割れた	割れた	3	3	jmdict	いいえ
弄る	包含	15 33	15	いいえ	一致	割れた	3	3	jmdict	はい
引かされる	包含	15	15 34	いいえ	割れた	割れた	3	3	jmdict	いいえ
引きこもる	包含	33	17 33 35	いいえ	一致	割れた	3	3	jmdict	いいえ
引きずられる	包含	15 30	15	いいえ	割れた	割れた	3	3	jmdict	いいえ
引きつける	包含	15	15 30	いいえ	割れた	一致	3	3	jmdict	はい
引き上げる	包含	15 19	15 17 19	いいえ	割れた	割れた	3	3	jmdict	はい
引き倒す	包含	15 34	15	いいえ	割れた	割れた	3	3	jmdict	いいえ
引き写す	包含	15 32	32	いいえ	割れた	割れた	3	3	jmdict	いいえ
引き分ける	包含	15 35	35	いいえ	割れた	割れた	3	3	jmdict	はい
引き去る	包含	15 17	15	いいえ	一致	割れた	3	3	jmdict	いいえ
引き取る	包含	15 37	37	いいえ	一致	割れた	3	3	jmdict	はい
引き受ける	包含	34 36	34	いいえ	割れた	割れた	3	3	jmdict	はい
引き当てる	包含	37	34 37	いいえ	割れた	割れた	3	3	jmdict	はい
引き戻す	包含	15	15 17	いいえ	割れた	割れた	3	3	jmdict	はい
引き抜く	包含	15	15 37	いいえ	一致	割れた	3	3	jmdict	はい
引き換える	包含	15 37	37	いいえ	割れた	一致	3	3	jmdict	はい
引き摺り込む	包含	15	15 35	いいえ	割れた	割れた	3	3	jmdict	いいえ
引き止める	包含	15 34	15	いいえ	割れた	割れた	3	3	jmdict	はい
引き立つ	包含	13 15	13	いいえ	割れた	一致	3	3	jmdict	いいえ
引き立てる	包含	36	15 36	いいえ	割れた	一致	3	3	jmdict	いいえ
引き絞る	包含	15	14 15	いいえ	一致	一致	3	3	jmdict	いいえ
引き継ぐ	包含	15 36	36	いいえ	割れた	割れた	3	3	jmdict	はい
引き締める	包含	15	15 30	いいえ	割れた	割れた	3	3	jmdict	はい
引き起こす	包含	15	11 15	いいえ	一致	一致	3	3	jmdict	はい
引く	包含	15 17	15 17 19 30 32 57	いいえ	割れた	割れた	3	3	jmdict	はい
引っかく	包含	15	15 56	いいえ	割れた	割れた	3	3	jmdict	いいえ
引っさげる	包含	15 34	15	いいえ	一致	一致	3	3	jmdict	いいえ
引っつれる	包含	15	15 56	いいえ	割れた	割れた	3	3	jmdict	いいえ
引っ付く	包含	15 17	15	いいえ	割れた	割れた	3	3	jmdict	はい
引っ叩く	包含	15 35	15	いいえ	割れた	一致	3	3	jmdict	いいえ
引っ張り出す	包含	15	15 17	いいえ	割れた	割れた	3	3	jmdict	いいえ
引っ張る	包含	15	15 36	いいえ	割れた	割れた	3	3	jmdict	はい
引っ括る	包含	15	15 36	いいえ	一致	割れた	3	3	jmdict	いいえ
引っ掻き回す	包含	15 33	15	いいえ	割れた	割れた	3	3	jmdict	いいえ
引っ越す	包含	15 17 33	15 17	いいえ	割れた	割れた	3	3	jmdict	はい
引っ込ます	包含	15 17	15	いいえ	一致	割れた	3	3	jmdict	いいえ
引っ込める	包含	15 17	15	いいえ	一致	割れた	3	3	jmdict	いいえ
弛む	包含	13 15	15	いいえ	割れた	割れた	3	3	jmdict	はい
弱り果てる	包含	15	14 15	いいえ	割れた	割れた	3	3	jmdict	はい
張り付く	包含	15	15 17	いいえ	割れた	割れた	2	3	jmdict	いいえ
張り切る	包含	30 34	30	いいえ	割れた	一致	3	3	jmdict	はい
張り巡らす	包含	15	15 17	いいえ	割れた	一致	3	3	jmdict	はい
張り渡す	包含	15	15 17	いいえ	一致	一致	3	3	jmdict	いいえ
張り飛ばす	包含	15	15 35	いいえ	割れた	割れた	3	3	jmdict	いいえ
張る	包含	15 33	15	いいえ	割れた	割れた	3	3	jmdict	はい
強いる	包含	36	14 34 36	いいえ	割れた	割れた	3	3	jmdict	はい
強がる	包含	30 33	30	いいえ	一致	一致	3	3	jmdict	いいえ
弾き返す	包含	15 35	15	いいえ	割れた	割れた	3	3	jmdict	いいえ
弾け飛ぶ	包含	15	15 51	いいえ	一致	割れた	3	3	jmdict	いいえ
当てこする	包含	35	31 35	いいえ	割れた	割れた	3	3	jmdict	いいえ
当てられる	包含	15 34	15	いいえ	割れた	割れた	3	3	jmdict	いいえ
当て込む	包含	30 34	30	いいえ	割れた	一致	3	3	jmdict	はい
彩る	包含	15 32	32	いいえ	割れた	一致	3	3	jmdict	はい
彫り上げる	包含	32	15 32	いいえ	割れた	一致	3	3	jmdict	はい
役立てる	包含	15 34	34	いいえ	割れた	割れた	3	3	jmdict	はい
往ぬ	包含	15 17	15	いいえ	割れた	割れた	3	3	jmdict	いいえ
待たす	包含	16 36	16	いいえ	割れた	一致	3	3	jmdict	はい
待ちあぐむ	包含	30	16 30	いいえ	割れた	一致	3	3	jmdict	いいえ
待ちかねる	包含	30	16 30	いいえ	割れた	一致	3	3	jmdict	はい
待ち伏せる	包含	34 35	35	いいえ	一致	一致	3	3	jmdict	いいえ
待ち受ける	包含	35	16 35	いいえ	割れた	割れた	3	3	jmdict	はい
待ち暮らす	包含	33	16 33	いいえ	割れた	一致	3	3	jmdict	いいえ
後ずさる	包含	15 17 33	15 17	いいえ	割れた	一致	3	3	jmdict	いいえ
従う	包含	34 36	36	いいえ	一致	割れた	3	3	jmdict	はい
得る	包含	37	30 37	いいえ	一致	一致	3	3	jmdict	はい
御す	包含	36	14 36	いいえ	一致	割れた	3	3	jmdict	いいえ
微笑む	包含	30 33	33	いいえ	割れた	一致	3	3	jmdict	はい
心がける	包含	30 34	30	いいえ	一致	割れた	3	3	jmdict	はい
志す	包含	30 34	30	いいえ	一致	一致	3	3	jmdict	はい
怒鳴り出す	包含	31	15 31	いいえ	割れた	一致	3	3	jmdict	いいえ
怒鳴り散らす	包含	31	31 35	いいえ	割れた	一致	3	3	jmdict	いいえ
怒鳴り込む	包含	31 35	17 31 35	いいえ	割れた	割れた	3	3	jmdict	はい
怒鳴る	包含	31	31 35	いいえ	一致	割れた	3	3	jmdict	はい
思いとどまる	包含	30 34	30	いいえ	一致	割れた	3	3	jmdict	はい
思いやる	包含	30 35	30	いいえ	一致	一致	3	3	jmdict	はい
思い切る	包含	30 34	30	いいえ	割れた	一致	3	3	jmdict	はい
思い合わせる	包含	30	11 30	いいえ	一致	割れた	3	3	jmdict	いいえ
思い知らす	包含	30 36	30	いいえ	割れた	一致	3	3	jmdict	いいえ
思い知らせる	包含	30 36	30	いいえ	割れた	割れた	3	3	jmdict	はい
急かせる	包含	16 36	16	いいえ	割れた	割れた	3	3	jmdict	いいえ
急がす	包含	15 16	16	いいえ	割れた	割れた	3	3	jmdict	いいえ
急ぐ	包含	16 34	16	いいえ	割れた	一致	3	3	jmdict	はい
怯む	包含	30 34	30	いいえ	一致	一致	3	3	jmdict	いいえ
恐れ入る	包含	30	30 35	いいえ	割れた	割れた	3	3	jmdict	いいえ
恥ずか死ぬ	包含	30 57	30	いいえ	一致	割れた	3	3	jmdict	いいえ
息吹く	包含	56 57	56	いいえ	割れた	一致	3	3	jmdict	いいえ
息巻く	包含	30	30 31	いいえ	割れた	割れた	3	3	jmdict	はい
悔い改める	包含	30 34	30	いいえ	割れた	一致	3	3	jmdict	いいえ
悴む	包含	56 57	56	いいえ	割れた	一致	3	3	jmdict	いいえ
悶える	包含	30	30 56	いいえ	割れた	一致	3	3	jmdict	いいえ
惚れる	包含	30 35	30	いいえ	一致	一致	3	3	jmdict	はい
惹く	包含	30 35	30	いいえ	割れた	割れた	3	3	jmdict	いいえ
意味づける	包含	30 31	30	いいえ	割れた	割れた	3	3	jmdict	はい
意気込む	包含	30 34	30	いいえ	割れた	一致	3	3	jmdict	はい
愚痴る	包含	31	30 31	いいえ	割れた	一致	3	3	jmdict	いいえ
感じる	包含	30	30 56	いいえ	割れた	一致	3	3	jmdict	はい
慕う	包含	30 35	30	いいえ	一致	一致	3	3	jmdict	はい
慣れる	包含	13 30	13	いいえ	割れた	割れた	3	3	jmdict	はい
慰めあう	包含	30 35	35	いいえ	一致	割れた	3	3	jmdict	いいえ
慰める	包含	30 35	35	いいえ	一致	割れた	3	3	jmdict	はい
憑かれる	包含	30	12 30	いいえ	割れた	割れた	3	3	jmdict	いいえ
憚る	包含	30 34	30	いいえ	割れた	割れた	3	3	jmdict	いいえ
懐ける	包含	33 35	35	いいえ	割れた	割れた	3	3	jmdict	いいえ
成す	包含	15 34	34	いいえ	一致	割れた	3	3	jmdict	はい
成り下がる	包含	15 36	15	いいえ	割れた	割れた	3	3	jmdict	いいえ
成り変わる	包含	15	11 15	いいえ	一致	割れた	3	3	jmdict	いいえ
成り果てる	包含	12 15	15	いいえ	割れた	割れた	3	3	jmdict	いいえ
成り立つ	包含	12	12 13	いいえ	一致	割れた	3	3	jmdict	はい
成る	包含	12 15	11 12 15	いいえ	一致	割れた	3	3	jmdict	はい
戦い抜く	包含	34 35	35	いいえ	割れた	一致	3	3	jmdict	いいえ
戦慄く	包含	30	30 56	いいえ	割れた	一致	3	3	jmdict	いいえ
戯かす	包含	30 35	35	いいえ	割れた	一致	3	3	jmdict	いいえ
扇ぎ立てる	包含	15	15 35	いいえ	割れた	割れた	3	3	jmdict	いいえ
扇ぐ	包含	15 33	15	いいえ	一致	割れた	3	3	jmdict	はい
手こずる	包含	13 34	13	いいえ	一致	一致	3	3	jmdict	はい
手伝う	包含	34	33 34	いいえ	割れた	割れた	2	3	jmdict	はい
手招く	包含	33 35	33	いいえ	割れた	割れた	3	3	jmdict	いいえ
手繰りこむ	包含	15 17	15	いいえ	一致	一致	3	3	jmdict	いいえ
手繰り上げる	包含	15	15 16	いいえ	割れた	割れた	3	3	jmdict	いいえ
手繰り出す	包含	15 33	15	いいえ	割れた	一致	3	3	jmdict	いいえ
手繰る	包含	15	15 30	いいえ	割れた	割れた	3	3	jmdict	いいえ
打ちひしぐ	包含	15 30	30	いいえ	割れた	割れた	3	3	jmdict	いいえ
打ちまくる	包含	15 34	15	いいえ	割れた	一致	3	3	jmdict	はい
打ち勝つ	包含	34 35	34	いいえ	一致	割れた	3	3	jmdict	はい
打ち合う	包含	35	15 35	いいえ	割れた	一致	3	3	jmdict	はい
打ち合わせる	包含	35	31 35	いいえ	割れた	割れた	3	3	jmdict	はい
打ち壊す	包含	15 34	15	いいえ	割れた	一致	3	3	jmdict	いいえ
打ち始める	包含	15 16	15	いいえ	割れた	一致	3	3	jmdict	いいえ
打ち守る	包含	34 36	36	いいえ	一致	割れた	3	3	jmdict	いいえ
打ち崩す	包含	15 34	15	いいえ	割れた	割れた	3	3	jmdict	いいえ
打ち明ける	包含	31 35	31	いいえ	割れた	一致	3	3	jmdict	はい
打ち殺す	包含	15 34 57	15 57	いいえ	割れた	一致	3	3	jmdict	いいえ
打ち沈む	包含	15 30	30	いいえ	一致	割れた	3	3	jmdict	いいえ
打ち消す	包含	15	10 15	いいえ	割れた	一致	3	3	jmdict	はい
打ち直す	包含	15 32	15	いいえ	割れた	割れた	3	3	jmdict	いいえ
打ち続く	包含	15 16	16	いいえ	一致	割れた	3	3	jmdict	いいえ
打ち続ける	包含	15 16	15	いいえ	一致	割れた	3	3	jmdict	いいえ
打ち落とす	包含	15 34	15	いいえ	割れた	一致	3	3	jmdict	いいえ
打ち負ける	包含	34 35	34	いいえ	一致	割れた	3	3	jmdict	いいえ
打ち鳴らす	包含	15 32	15	いいえ	割れた	割れた	3	3	jmdict	いいえ
打っちゃる	包含	15 34	15	いいえ	一致	割れた	3	3	jmdict	いいえ
打って掛かる	包含	15 35	35	いいえ	割れた	割れた	3	3	jmdict	いいえ
打っ遣らかす	包含	15 34	34	いいえ	割れた	一致	3	3	jmdict	いいえ
払いきる	包含	15 37	37	いいえ	一致	一致	3	3	jmdict	いいえ
払いのける	包含	15 34	15	いいえ	割れた	一致	3	3	jmdict	いいえ
払い戻す	包含	15 37	37	いいえ	割れた	一致	3	3	jmdict	はい
払い込む	包含	15 37	37	いいえ	割れた	一致	3	3	jmdict	はい
払う	包含	15 37	15 30 37	いいえ	一致	割れた	3	3	jmdict	はい
扱く	包含	15	15 34	いいえ	割れた	割れた	3	3	jmdict	いいえ
扱ぐ	包含	15 33	15	いいえ	一致	一致	3	3	jmdict	いいえ
扼す	包含	36	14 36	いいえ	割れた	割れた	3	3	jmdict	いいえ
承る	包含	31 36	31	いいえ	一致	割れた	3	3	jmdict	はい
抉る	包含	15	15 30	いいえ	一致	一致	3	3	jmdict	いいえ
抑える	包含	14 36	14 30 36	いいえ	割れた	割れた	3	3	jmdict	はい
投げつける	包含	15 34	15	いいえ	一致	一致	3	3	jmdict	はい
投げ上げる	包含	15	15 17	いいえ	割れた	割れた	3	3	jmdict	いいえ
投げ倒す	包含	15 34	15	いいえ	一致	割れた	3	3	jmdict	いいえ
投げ返す	包含	15 35	15	いいえ	一致	割れた	3	3	jmdict	いいえ
折り敷く	包含	15 33	33	いいえ	割れた	割れた	3	3	jmdict	いいえ
折り込む	包含	15 32	15	いいえ	割れた	一致	3	3	jmdict	いいえ
折り返す	包含	15	15 17 31	いいえ	割れた	一致	3	3	jmdict	はい
折り重なる	包含	15	15 17	いいえ	割れた	一致	3	3	jmdict	はい
折れ込む	包含	15	15 17	いいえ	一致	割れた	3	3	jmdict	いいえ
折れ返る	包含	15	15 17	いいえ	一致	一致	3	3	jmdict	いいえ
抜き去る	包含	15	15 16	いいえ	割れた	割れた	3	3	jmdict	はい
抜き合わせる	包含	35	15 35	いいえ	割れた	割れた	3	3	jmdict	いいえ
抜ける	包含	15	12 15 17	いいえ	一致	割れた	3	3	jmdict	はい
抱え込む	包含	15	15 34	いいえ	割れた	割れた	3	3	jmdict	はい
抱きつく	包含	15 33 35	33 35	いいえ	割れた	割れた	3	3	jmdict	いいえ
抱き上げる	包含	15 33	15	いいえ	一致	割れた	2	3	jmdict	はい
抱き寄せる	包含	15 33	33	いいえ	一致	割れた	3	3	jmdict	いいえ
抱き抱える	包含	33	15 33	いいえ	割れた	割れた	3	3	jmdict	いいえ
押さえつける	包含	15 36	14 15 36	いいえ	一致	割れた	3	3	jmdict	いいえ
押さえ込む	包含	15 36	14 15 36	いいえ	割れた	割れた	3	3	jmdict	はい
押しかける	包含	15 35	15 17 35	いいえ	割れた	割れた	3	3	jmdict	はい
押しこくる	包含	15 35	15	いいえ	割れた	一致	3	3	jmdict	いいえ
押しつぶす	包含	15	14 15	いいえ	一致	一致	3	3	jmdict	はい
押しやる	包含	15 36	15	いいえ	割れた	割れた	3	3	jmdict	いいえ
押し上げる	包含	15	15 19 36	いいえ	割れた	割れた	3	3	jmdict	はい
押し入る	包含	15	15 17	いいえ	割れた	割れた	3	3	jmdict	はい
押し出す	包含	15 34	15	いいえ	割れた	割れた	3	3	jmdict	はい
押し切る	包含	34	14 15 34	いいえ	割れた	割れた	3	3	jmdict	はい
押し動かす	包含	15	14 15	いいえ	一致	一致	3	3	jmdict	いいえ
押し戻す	包含	15	14 15	いいえ	割れた	割れた	3	3	jmdict	はい
押し殺す	包含	15 30	15 30 57	いいえ	一致	割れた	3	3	jmdict	いいえ
押し渡る	包含	15	15 17	いいえ	割れた	割れた	3	3	jmdict	いいえ
押し返す	包含	15 35	15	いいえ	一致	割れた	3	3	jmdict	いいえ
押し迫る	包含	15 16	16	いいえ	一致	割れた	3	3	jmdict	いいえ
押し通る	包含	15 34	15 17 34	いいえ	一致	割れた	3	3	jmdict	いいえ
押し進める	包含	15 34	15	いいえ	一致	割れた	3	3	jmdict	いいえ
押し頂く	包含	33	33 36 37	いいえ	割れた	割れた	3	3	jmdict	いいえ
押し黙る	包含	31 33	31	いいえ	割れた	一致	3	3	jmdict	はい
押す	包含	15 34	15	いいえ	割れた	割れた	3	3	jmdict	はい
押っ被さる	包含	15	15 17	いいえ	割れた	一致	3	3	jmdict	いいえ
担う	包含	34 36	34	いいえ	一致	一致	3	3	jmdict	はい
担ぎ回る	包含	15 33	15	いいえ	一致	割れた	3	3	jmdict	いいえ
拉ぐ	包含	15	14 15	いいえ	一致	一致	3	3	jmdict	いいえ
拉致る	包含	34 35	35	いいえ	割れた	一致	3	3	jmdict	いいえ
拒む	包含	34 35	35	いいえ	一致	割れた	3	3	jmdict	はい
拒否る	包含	34 35	34	いいえ	一致	割れた	3	3	jmdict	いいえ
拗らす	包含	15	15 57	いいえ	割れた	割れた	3	3	jmdict	いいえ
拘る	包含	30 34	30	いいえ	一致	一致	3	3	jmdict	はい
招く	包含	35	11 35	いいえ	割れた	一致	3	3	jmdict	はい
拝す	包含	33 35	33	いいえ	割れた	一致	3	3	jmdict	いいえ
括り出す	包含	15 34	15	いいえ	割れた	一致	3	3	jmdict	いいえ
括る	包含	15	15 30	いいえ	割れた	割れた	3	3	jmdict	はい
拭う	包含	15 33	15	いいえ	一致	一致	3	3	jmdict	はい
拭き取る	包含	15 33	15	いいえ	一致	一致	3	3	jmdict	いいえ
拭き落とす	包含	15 33	15	いいえ	割れた	一致	3	3	jmdict	いいえ
拭く	包含	15 33	15	いいえ	割れた	一致	3	3	jmdict	はい
拵える	包含	32 33	15 32 33	いいえ	割れた	割れた	3	3	jmdict	はい
拾い上げる	包含	15 37	15	いいえ	一致	割れた	3	3	jmdict	はい
拾い出す	包含	15	15 37	いいえ	割れた	割れた	3	3	jmdict	いいえ
拾う	包含	37	15 37	いいえ	一致	割れた	3	3	jmdict	はい
持たせる	包含	15	15 36	いいえ	一致	割れた	3	3	jmdict	いいえ
持ち上げる	包含	15	15 36	いいえ	割れた	割れた	3	3	jmdict	はい
持ち切る	包含	15 34	15	いいえ	割れた	一致	3	3	jmdict	いいえ
持ち回る	包含	15 36	15	いいえ	割れた	割れた	3	3	jmdict	いいえ
持ち崩す	包含	15 37	37	いいえ	割れた	割れた	3	3	jmdict	いいえ
持ち扱う	包含	33	33 36	いいえ	割れた	割れた	3	3	jmdict	いいえ
持ち歩く	包含	15 33	15	いいえ	割れた	割れた	3	3	jmdict	いいえ
持ち添える	包含	15 33	15	いいえ	割れた	割れた	3	3	jmdict	いいえ
持ち直す	包含	15 30	15	いいえ	割れた	割れた	3	3	jmdict	はい
持ち越す	包含	15 16	16	いいえ	一致	割れた	3	3	jmdict	はい
持ち運ぶ	包含	15 17	15	いいえ	割れた	一致	3	3	jmdict	いいえ
持つ	包含	37	12 15 34 37	いいえ	割れた	割れた	3	3	jmdict	はい
持てはやす	包含	30 36	36	いいえ	割れた	一致	3	3	jmdict	いいえ
持て成す	包含	33 35	35	いいえ	割れた	一致	3	3	jmdict	はい
指す	包含	17 31 36	17 31	いいえ	割れた	一致	3	3	jmdict	はい
指折り数える	包含	19	19 30	いいえ	割れた	割れた	3	3	jmdict	いいえ
挑みかかる	包含	34 35	35	いいえ	割れた	割れた	3	3	jmdict	いいえ
挑む	包含	34 35	34	いいえ	一致	割れた	3	3	jmdict	はい
挙がる	包含	15	12 15 34	いいえ	割れた	割れた	3	3	jmdict	いいえ
挙げる	包含	15 34	15 31 33 34	いいえ	一致	割れた	3	3	jmdict	いいえ
挟み込む	包含	15	15 17	いいえ	割れた	割れた	3	3	jmdict	いいえ
挟む	包含	15 17	15 17 31	いいえ	割れた	割れた	3	3	jmdict	はい
挫く	包含	15 34	15 30 34 56	いいえ	割れた	割れた	3	3	jmdict	いいえ
振りかぶる	包含	33	15 33	いいえ	一致	割れた	3	3	jmdict	いいえ
振りほどく	包含	15 33	15	いいえ	割れた	一致	3	3	jmdict	いいえ
振りまく	包含	15 17	15	いいえ	割れた	割れた	3	3	jmdict	いいえ
振り上げる	包含	15 33	15	いいえ	割れた	割れた	3	3	jmdict	はい
振り付ける	包含	32 33	32	いいえ	割れた	一致	3	3	jmdict	いいえ
振り仰ぐ	包含	33	17 33	いいえ	一致	割れた	3	3	jmdict	いいえ
振り出す	包含	15	15 37	いいえ	割れた	一致	3	3	jmdict	はい
振り切れる	包含	15 34	15	いいえ	一致	割れた	3	3	jmdict	いいえ
振り動かす	包含	15 33	15	いいえ	割れた	一致	3	3	jmdict	いいえ
振り抜く	包含	15 33	15	いいえ	割れた	一致	3	3	jmdict	いいえ
振り替える	包含	15	15 37	いいえ	一致	割れた	3	3	jmdict	はい
振り絞る	包含	15	14 15	いいえ	割れた	割れた	3	3	jmdict	はい
振れる	包含	15	15 17	いいえ	一致	割れた	3	3	jmdict	いいえ
挵る	包含	15	15 35	いいえ	一致	割れた	3	3	jmdict	いいえ
挽く	包含	15 38	15	いいえ	一致	割れた	3	3	jmdict	いいえ
挿す	包含	15	15 17	いいえ	割れた	割れた	3	3	jmdict	いいえ
捉える	包含	30	15 30	いいえ	割れた	割れた	3	3	jmdict	はい
捌く	包含	15 38	15 35 37 38	いいえ	割れた	割れた	3	3	jmdict	いいえ
捏ねくり返す	包含	15 33	15	いいえ	割れた	一致	3	3	jmdict	いいえ
捏ねる	包含	15 33	15	いいえ	一致	割れた	3	3	jmdict	いいえ
捥げる	包含	15	15 56	いいえ	一致	割れた	3	3	jmdict	いいえ
捨て去る	包含	15 37	15	いいえ	割れた	一致	3	3	jmdict	いいえ
捨て置く	包含	15 34	15	いいえ	割れた	割れた	3	3	jmdict	いいえ
捩じ取る	包含	15 34	15	いいえ	一致	割れた	3	3	jmdict	いいえ
捩じ開ける	包含	15	14 15	いいえ	一致	割れた	3	3	jmdict	いいえ
据え置く	包含	15 17	15	いいえ	一致	割れた	3	3	jmdict	いいえ
捻くる	包含	15	15 30	いいえ	割れた	割れた	3	3	jmdict	いいえ
捻る	包含	15	15 30	いいえ	割れた	割れた	3	3	jmdict	はい
掃き出す	包含	15 33	15	いいえ	一致	割れた	3	3	jmdict	いいえ
掃き寄せる	包含	15 33	15	いいえ	割れた	割れた	3	3	jmdict	いいえ
掃き捨てる	包含	15 33	15	いいえ	一致	割れた	3	3	jmdict	いいえ
掃き清める	包含	33	15 33	いいえ	割れた	割れた	3	3	jmdict	いいえ
掃き集める	包含	15 33	15	いいえ	一致	一致	3	3	jmdict	いいえ
授かる	包含	37 57	37	いいえ	割れた	割れた	3	3	jmdict	はい
排す	包含	15	15 35	いいえ	割れた	割れた	3	3	jmdict	いいえ
掘り出す	包含	15 37	15	いいえ	一致	割れた	3	3	jmdict	はい
掘り尽くす	包含	15	15 19	いいえ	一致	割れた	3	3	jmdict	いいえ
掘り進む	包含	15	15 17	いいえ	割れた	割れた	3	3	jmdict	いいえ
掛かる	包含	15	11 15 16 17 19 31	いいえ	一致	割れた	3	3	jmdict	はい
掛ける	包含	15 37	15 17 19 31 37	いいえ	割れた	割れた	3	3	jmdict	はい
掛け合う	包含	35	31 35	いいえ	割れた	割れた	3	3	jmdict	はい
掛け合わせる	包含	15	15 19	いいえ	割れた	割れた	3	3	jmdict	いいえ
掠める	包含	15	15 37	いいえ	割れた	割れた	3	3	jmdict	いいえ
掠め取る	包含	15 37	37	いいえ	一致	一致	3	3	jmdict	いいえ
掠め奪う	包含	15 37	37	いいえ	割れた	割れた	3	3	jmdict	いいえ
掠る	包含	15 17	15	いいえ	割れた	割れた	3	3	jmdict	いいえ
採れる	包含	15 37 38	37	いいえ	割れた	割れた	3	3	jmdict	いいえ
探し回る	包含	15 30	30	いいえ	割れた	割れた	3	3	jmdict	はい
探し求める	包含	30 34	30	いいえ	一致	一致	3	3	jmdict	はい
探り出す	包含	15 30	30	いいえ	割れた	割れた	3	3	jmdict	いいえ
探り当てる	包含	30 34	30	いいえ	一致	割れた	3	3	jmdict	いいえ
接ぐ	包含	15	11 15	いいえ	割れた	割れた	3	3	jmdict	いいえ
掴みかかる	包含	15 35	35	いいえ	一致	割れた	3	3	jmdict	いいえ
掴み取る	包含	15 34 37	15 37	いいえ	割れた	一致	3	3	jmdict	いいえ
掴む	包含	15	15 30	いいえ	割れた	割れた	3	3	jmdict	はい
掻き分ける	包含	15 17	15	いいえ	割れた	一致	3	3	jmdict	いいえ
掻き消える	包含	15	12 15	いいえ	割れた	割れた	3	3	jmdict	いいえ
掻き立てる	包含	15 30	30	いいえ	一致	割れた	3	3	jmdict	いいえ
掻き退ける	包含	15 33	15	いいえ	一致	一致	3	3	jmdict	いいえ
掻っ捌く	包含	15 33	15	いいえ	割れた	割れた	3	3	jmdict	いいえ
掻っ攫う	包含	15 37	37	いいえ	一致	割れた	3	3	jmdict	いいえ
掻っ穿る	包含	15 33	15	いいえ	割れた	一致	3	3	jmdict	いいえ
揉み立てる	包含	15	15 35	いいえ	割れた	一致	3	3	jmdict	いいえ
描き足す	包含	15 32	32	いいえ	割れた	割れた	3	3	jmdict	いいえ
描き込む	包含	15 32	32	いいえ	割れた	一致	3	3	jmdict	いいえ
提げる	包含	15	15 33	いいえ	割れた	割れた	3	3	jmdict	はい
揚がる	包含	15	15 51	いいえ	一致	割れた	3	3	jmdict	いいえ
握らす	包含	15 33	15	いいえ	割れた	割れた	3	3	jmdict	はい
握りつぶす	包含	15	15 36	いいえ	割れた	割れた	3	3	jmdict	いいえ
揶揄う	包含	31 35	35	いいえ	一致	一致	3	3	jmdict	はい
揺さぶる	包含	15	15 30	いいえ	割れた	一致	3	3	jmdict	はい
揺すぶる	包含	15	15 30	いいえ	一致	割れた	3	3	jmdict	いいえ
揺すり起こす	包含	15	15 56	いいえ	一致	割れた	3	3	jmdict	いいえ
揺らぐ	包含	15	15 30	いいえ	一致	一致	3	3	jmdict	はい
揺り動かす	包含	15	15 30	いいえ	一致	割れた	3	3	jmdict	いいえ
揺り起こす	包含	15	15 56	いいえ	割れた	割れた	3	3	jmdict	いいえ
揺り返す	包含	15	15 50	いいえ	割れた	割れた	3	3	jmdict	いいえ
揺るがす	包含	15	15 30	いいえ	一致	割れた	3	3	jmdict	はい
揺るぐ	包含	15	15 30	いいえ	割れた	一致	3	3	jmdict	はい
揺れる	包含	15	15 30	いいえ	割れた	割れた	3	3	jmdict	はい
揺れ動く	包含	15	15 30	いいえ	割れた	一致	3	3	jmdict	いいえ
損なう	包含	15 19	15	いいえ	割れた	一致	3	3	jmdict	はい
搗く	包含	15 33	15	いいえ	割れた	割れた	3	3	jmdict	いいえ
摘み取る	包含	15	15 38	いいえ	割れた	一致	3	3	jmdict	はい
摩る	包含	15 33	15	いいえ	割れた	一致	3	3	jmdict	はい
撃ち出す	包含	15 34	15	いいえ	割れた	割れた	3	3	jmdict	いいえ
撃ち合う	包含	35	15 35	いいえ	割れた	割れた	3	3	jmdict	いいえ
撃ち当てる	包含	15 34	15	いいえ	一致	割れた	3	3	jmdict	いいえ
撃ち殺す	包含	15 34 57	15 57	いいえ	割れた	一致	3	3	jmdict	いいえ
撃ち込む	包含	15 34	15	いいえ	一致	割れた	3	3	jmdict	いいえ
撃つ	包含	15 34	15	いいえ	一致	割れた	3	3	jmdict	はい
撒き散らす	包含	15 17	15	いいえ	一致	一致	3	3	jmdict	いいえ
撥ねる	包含	15	15 34	いいえ	割れた	一致	3	3	jmdict	はい
撥ね付ける	包含	15 35	35	いいえ	一致	一致	3	3	jmdict	いいえ
撥ね飛ばす	包含	15	14 15	いいえ	一致	割れた	3	3	jmdict	いいえ
撫でさする	包含	33	33 56	いいえ	割れた	割れた	3	3	jmdict	いいえ
撫で上げる	包含	33	15 33	いいえ	割れた	割れた	3	3	jmdict	いいえ
撮りためる	包含	32	19 32	いいえ	割れた	一致	3	3	jmdict	いいえ
擡げる	包含	15	12 15	いいえ	割れた	割れた	3	3	jmdict	いいえ
擦り寄る	包含	15 17 35	17 35	いいえ	一致	一致	3	3	jmdict	いいえ
擦れ合う	包含	15 35	15	いいえ	一致	一致	3	3	jmdict	いいえ
支える	包含	14 36	14	いいえ	割れた	割れた	3	3	jmdict	はい
攻める	包含	34 35	35	いいえ	一致	一致	3	3	jmdict	はい
攻め抜く	包含	34 35	35	いいえ	割れた	割れた	3	3	jmdict	いいえ
攻め立てる	包含	15 35	35	いいえ	割れた	割れた	3	3	jmdict	はい
放く	包含	15	15 31 57	いいえ	一致	割れた	3	3	jmdict	いいえ
放す	包含	15 34	15	いいえ	割れた	一致	3	3	jmdict	はい
放つ	包含	15 34	15	いいえ	割れた	割れた	3	3	jmdict	はい
放り投げる	包含	15	15 34	いいえ	割れた	一致	3	3	jmdict	いいえ
放る	包含	15	15 34	いいえ	割れた	一致	3	3	jmdict	はい
放れる	包含	15	15 17	いいえ	一致	割れた	3	3	jmdict	はい
救い上げる	包含	34	15 34	いいえ	割れた	一致	3	3	jmdict	いいえ
教える	包含	30 31 36	31	いいえ	割れた	割れた	3	3	jmdict	はい
教え導く	包含	30 31	30 31 34	いいえ	割れた	割れた	3	3	jmdict	いいえ
教え込む	包含	30 31	31	いいえ	割れた	割れた	3	3	jmdict	はい
散じる	包含	15	15 19 30	いいえ	割れた	割れた	3	3	jmdict	いいえ
散らばる	包含	15	15 17	いいえ	一致	割れた	3	3	jmdict	はい
散り乱れる	包含	15 17	15	いいえ	割れた	一致	3	3	jmdict	いいえ
敬う	包含	30 36	36	いいえ	一致	割れた	3	3	jmdict	はい
数える	包含	19 30	19	いいえ	割れた	割れた	3	3	jmdict	はい
数え違える	包含	30	19 30	いいえ	一致	割れた	3	3	jmdict	いいえ
斬り合う	包含	15 35	35	いいえ	割れた	割れた	3	3	jmdict	いいえ
斬る	包含	15 34	15	いいえ	一致	一致	3	3	jmdict	はい
断ち切る	包含	15	15 35	いいえ	一致	割れた	3	3	jmdict	はい
旅立つ	包含	15 17	15	いいえ	割れた	割れた	3	3	jmdict	はい
日和る	包含	30 34	34	いいえ	一致	一致	3	3	jmdict	いいえ
明かす	包含	31	16 31	いいえ	割れた	一致	3	3	jmdict	はい
明け残る	包含	16	16 52	いいえ	割れた	割れた	3	3	jmdict	いいえ
明し暮らす	包含	33	16 33	いいえ	一致	一致	3	3	jmdict	いいえ
映える	包含	13 15 50	13	いいえ	割れた	一致	3	3	jmdict	はい
映ずる	包含	15 50	15	いいえ	一致	割れた	3	3	jmdict	いいえ
時期に差し掛ける	包含	15 16	16	いいえ	割れた	割れた	3	3	jmdict	いいえ
晴らす	包含	30	30 50	いいえ	一致	割れた	3	3	jmdict	はい
暈ける	包含	15 51	15	いいえ	割れた	割れた	3	3	jmdict	はい
暈す	包含	15	15 31	いいえ	割れた	一致	3	3	jmdict	はい
暮れる	包含	16 52	16 30 52	いいえ	割れた	一致	3	3	jmdict	はい
暴き出す	包含	15 31 34	31	いいえ	割れた	割れた	3	3	jmdict	いいえ
暴き立てる	包含	15 31 34	31	いいえ	割れた	一致	3	3	jmdict	いいえ
暴く	包含	31	15 31	いいえ	割れた	割れた	3	3	jmdict	いいえ
曝す	包含	15 31	15	いいえ	割れた	割れた	3	3	jmdict	はい
曲がる	包含	15	15 17	いいえ	割れた	一致	3	3	jmdict	はい
更かす	包含	16 33	16	いいえ	割れた	割れた	3	3	jmdict	いいえ
書きまくる	包含	31 32	32	いいえ	割れた	割れた	3	3	jmdict	いいえ
書き下す	包含	31 32	32	いいえ	割れた	割れた	3	3	jmdict	いいえ
書き付ける	包含	31 32	31	いいえ	割れた	割れた	3	3	jmdict	いいえ
書き伝える	包含	31 32	31	いいえ	一致	割れた	3	3	jmdict	いいえ
書き分ける	包含	32	11 32	いいえ	割れた	割れた	3	3	jmdict	いいえ
書き加える	包含	32	19 32	いいえ	割れた	割れた	3	3	jmdict	いいえ
書き取る	包含	31 32	31	いいえ	割れた	一致	3	3	jmdict	はい
書き始める	包含	15 32	15 31 32	いいえ	割れた	割れた	3	3	jmdict	いいえ
書き尽くす	包含	15 32	32	いいえ	割れた	一致	3	3	jmdict	いいえ
書き換える	包含	15 32	15 31 32	いいえ	一致	割れた	3	3	jmdict	はい
書き改める	包含	15 32	32	いいえ	一致	割れた	3	3	jmdict	いいえ
書き残す	包含	32	31 32	いいえ	割れた	割れた	3	3	jmdict	はい
書き溜める	包含	32	31 32	いいえ	割れた	割れた	3	3	jmdict	いいえ
書き留める	包含	31 32	31	いいえ	割れた	一致	3	3	jmdict	はい
書き著す	包含	31 32	32	いいえ	割れた	一致	3	3	jmdict	いいえ
書き込む	包含	31 32	31	いいえ	一致	割れた	3	3	jmdict	はい
書き送る	包含	31 32	31	いいえ	割れた	割れた	3	3	jmdict	いいえ
書き連ねる	包含	31 32	32	いいえ	割れた	割れた	3	3	jmdict	いいえ
書き飛ばす	包含	31 32	32	いいえ	割れた	割れた	3	3	jmdict	いいえ
替わる	包含	15	11 15	いいえ	一致	割れた	3	3	jmdict	はい
有り合う	包含	12 37	12	いいえ	割れた	一致	3	3	jmdict	いいえ
束ねる	包含	15	15 36	いいえ	一致	割れた	3	3	jmdict	はい
束ね積む	包含	15 33	15	いいえ	一致	割れた	3	3	jmdict	いいえ
来す	包含	15	11 15	いいえ	割れた	割れた	3	3	jmdict	いいえ
来る	包含	15 17	17	いいえ	一致	割れた	3	3	jmdict	はい
来合わせる	包含	15	15 35	いいえ	割れた	割れた	3	3	jmdict	いいえ
来向かう	包含	15 17	17	いいえ	割れた	割れた	3	3	jmdict	いいえ
来掛かる	包含	15	15 17	いいえ	割れた	一致	3	3	jmdict	いいえ
果てる	包含	15	15 57	いいえ	割れた	割れた	3	3	jmdict	はい
枝垂れる	包含	15 17	15	いいえ	割れた	割れた	3	3	jmdict	いいえ
染まる	包含	15 30	15 30 51	いいえ	割れた	割れた	3	3	jmdict	はい
染みる	包含	15	15 30	いいえ	割れた	一致	3	3	jmdict	はい
染み出す	包含	15	15 51	いいえ	割れた	一致	3	3	jmdict	いいえ
染める	包含	15 30	15	いいえ	割れた	割れた	3	3	jmdict	はい
染め分ける	包含	15 32	15	いいえ	割れた	割れた	3	3	jmdict	いいえ
染め返す	包含	15	15 51	いいえ	割れた	割れた	3	3	jmdict	いいえ
栄える	包含	15 38	38	いいえ	割れた	一致	3	3	jmdict	はい
格好つける	包含	33 34	33	いいえ	割れた	一致	3	3	jmdict	いいえ
桁上げる	包含	19	15 19	いいえ	割れた	割れた	3	3	jmdict	いいえ
梳る	包含	33	33 56	いいえ	割れた	割れた	3	3	jmdict	いいえ
植える	包含	15 38	15	いいえ	一致	割れた	3	3	jmdict	はい
植え付ける	包含	15 38	15 30 38	いいえ	割れた	割れた	3	3	jmdict	はい
植え替える	包含	15 38	15	いいえ	一致	割れた	3	3	jmdict	いいえ
楯突く	包含	35	35 36	いいえ	割れた	割れた	3	3	jmdict	はい
極まる	包含	13 15	13	いいえ	一致	割れた	3	3	jmdict	はい
楽しませる	包含	30	30 35	いいえ	一致	割れた	3	3	jmdict	いいえ
横たわる	包含	33	17 33	いいえ	一致	割れた	3	3	jmdict	はい
横向く	包含	15 17	17	いいえ	一致	割れた	3	3	jmdict	いいえ
欠く	包含	19	19 34	いいえ	割れた	割れた	3	3	jmdict	はい
次ぐ	包含	15 16	16	いいえ	一致	一致	3	3	jmdict	はい
歌い込む	包含	31 32	32	いいえ	割れた	一致	3	3	jmdict	いいえ
歌う	包含	31 32	32	いいえ	一致	一致	3	3	jmdict	はい
止す	包含	15 34	15	いいえ	割れた	一致	3	3	jmdict	はい
止む	包含	15	15 50	いいえ	一致	一致	3	3	jmdict	はい
止めておく	包含	15 34	15	いいえ	一致	一致	3	3	jmdict	いいえ
止める	包含	15 34 36	15 34	いいえ	割れた	一致	3	3	jmdict	はい
武張る	包含	13 33	33	いいえ	割れた	一致	3	3	jmdict	いいえ
歩き出す	包含	15 33	15	いいえ	割れた	割れた	3	3	jmdict	いいえ
歩き回る	包含	15 17 33	15 17	いいえ	割れた	割れた	3	3	jmdict	はい
歩き始める	包含	15 33	15	いいえ	一致	割れた	3	3	jmdict	いいえ
歩き続ける	包含	15 17	15	いいえ	割れた	割れた	3	3	jmdict	いいえ
歩き通す	包含	15 33	15	いいえ	割れた	割れた	3	3	jmdict	いいえ
歩く	包含	15 33	15	いいえ	一致	割れた	3	3	jmdict	はい
歩み続ける	包含	15 33	15	いいえ	割れた	割れた	3	3	jmdict	いいえ
歪める	包含	15	10 15	いいえ	割れた	割れた	3	3	jmdict	いいえ
残る	包含	12 15	12	いいえ	一致	一致	3	3	jmdict	はい
殴りこむ	包含	15 34 35	15 35	いいえ	割れた	一致	3	3	jmdict	いいえ
殴り殺す	包含	15 34 57	15 57	いいえ	割れた	割れた	3	3	jmdict	いいえ
殴る	包含	15 34 35	15 35	いいえ	割れた	割れた	3	3	jmdict	はい
段取る	包含	34 38	34	いいえ	一致	割れた	3	3	jmdict	いいえ
殺し合う	包含	35	35 57	いいえ	割れた	一致	3	3	jmdict	いいえ
比べる	包含	11 30	11	いいえ	割れた	一致	3	3	jmdict	はい
毛羽立つ	包含	15	15 51	いいえ	割れた	割れた	3	3	jmdict	いいえ
毟る	包含	15 33	15	いいえ	割れた	割れた	3	3	jmdict	いいえ
気取る	包含	30 33	33	いいえ	一致	一致	3	3	jmdict	はい
気圧される	包含	30	14 30	いいえ	割れた	一致	3	3	jmdict	いいえ
気触れる	包含	30	30 56	いいえ	一致	割れた	3	3	jmdict	いいえ
気違いじみる	包含	13	13 30	いいえ	一致	一致	3	3	jmdict	いいえ
水がかかる	包含	15	15 51	いいえ	割れた	割れた	3	3	jmdict	いいえ
水で薄める	包含	15	15 19	いいえ	一致	割れた	3	3	jmdict	いいえ
汗ばむ	包含	56 57	57	いいえ	一致	一致	3	3	jmdict	はい
汚れる	包含	15	15 51	いいえ	割れた	割れた	3	3	jmdict	はい
汲み上げる	包含	15	15 31	いいえ	割れた	割れた	3	3	jmdict	いいえ
汲み干す	包含	15	15 19	いいえ	一致	割れた	3	3	jmdict	いいえ
汲む	包含	15	15 30	いいえ	割れた	割れた	3	3	jmdict	はい
決まる	包含	12 34	12 13 34	いいえ	割れた	割れた	3	3	jmdict	はい
決める	包含	34	30 34	いいえ	一致	割れた	3	3	jmdict	はい
沈み込む	包含	15	15 30	いいえ	割れた	一致	3	3	jmdict	いいえ
油染みる	包含	15	15 51	いいえ	割れた	一致	3	3	jmdict	いいえ
治まる	包含	15 36	15	いいえ	一致	割れた	3	3	jmdict	はい
泡立てる	包含	15	15 51	いいえ	割れた	一致	3	3	jmdict	いいえ
波立つ	包含	15 50	15 30 50	いいえ	一致	割れた	3	3	jmdict	いいえ
泣き付く	包含	30 35	35	いいえ	割れた	一致	3	3	jmdict	いいえ
泣き叫ぶ	包含	30 31 33	30 31	いいえ	割れた	一致	3	3	jmdict	はい
泣き始める	包含	15 30	15	いいえ	割れた	割れた	3	3	jmdict	いいえ
泣き悲しむ	包含	30 33	30	いいえ	一致	割れた	3	3	jmdict	いいえ
泣き濡れる	包含	30 33 56	30	いいえ	割れた	割れた	3	3	jmdict	いいえ
泣ける	包含	30	30 56	いいえ	割れた	割れた	3	3	jmdict	いいえ
注ぎ出す	包含	15	15 51	いいえ	割れた	割れた	3	3	jmdict	いいえ
注ぐ	包含	15	15 30	いいえ	割れた	割れた	3	3	jmdict	はい
泳がす	包含	15	15 33	いいえ	割れた	割れた	3	3	jmdict	いいえ
泳がせる	包含	36	15 36	いいえ	割れた	割れた	3	3	jmdict	いいえ
泳ぐ	包含	15 33	15	いいえ	一致	割れた	3	3	jmdict	はい
洒落のめす	包含	31 35	31	いいえ	割れた	一致	3	3	jmdict	いいえ
洒落込む	包含	33 34	33	いいえ	割れた	一致	3	3	jmdict	いいえ
洗い上げる	包含	15 33	15	いいえ	一致	割れた	3	3	jmdict	はい
洗い分ける	包含	15	15 33	いいえ	割れた	割れた	3	3	jmdict	いいえ
洗い晒す	包含	15 33	15	いいえ	一致	割れた	3	3	jmdict	いいえ
洗い落とす	包含	15 33	15	いいえ	一致	割れた	3	3	jmdict	いいえ
洗う	包含	15 33	15	いいえ	一致	割れた	3	3	jmdict	はい
活気付く	包含	15 30	15	いいえ	一致	一致	3	3	jmdict	いいえ
流れる	包含	15 17	15 16 17	いいえ	一致	割れた	3	3	jmdict	はい
流れ下る	包含	15 17	15 17 50	いいえ	一致	割れた	3	3	jmdict	いいえ
流れ出る	包含	15	15 17	いいえ	割れた	割れた	3	3	jmdict	はい
流れ歩く	包含	15 17	17	いいえ	一致	割れた	3	3	jmdict	いいえ
流れ落ちる	包含	15	15 17	いいえ	割れた	割れた	3	3	jmdict	いいえ
流行らせる	包含	15	15 35	いいえ	割れた	割れた	3	3	jmdict	いいえ
流離う	包含	15 17	17	いいえ	割れた	割れた	3	3	jmdict	いいえ
浮かばれる	包含	30	30 57	いいえ	割れた	割れた	3	3	jmdict	いいえ
浮き上がる	包含	15	15 17	いいえ	割れた	一致	3	3	jmdict	はい
浮つく	包含	15 30	30	いいえ	割れた	割れた	3	3	jmdict	いいえ
浴びせる	包含	15	15 35	いいえ	割れた	割れた	3	3	jmdict	はい
浸かる	包含	15 17	15	いいえ	割れた	割れた	3	3	jmdict	はい
消えゆく	包含	12 15	12	いいえ	割れた	一致	3	3	jmdict	いいえ
消え入る	包含	12 15	12	いいえ	一致	一致	3	3	jmdict	はい
消え去る	包含	12 15	12	いいえ	一致	割れた	3	3	jmdict	はい
消え失せる	包含	12 15	12	いいえ	割れた	一致	3	3	jmdict	いいえ
消え果てる	包含	12 15	12	いいえ	一致	割れた	3	3	jmdict	いいえ
消え残る	包含	12 15	12	いいえ	割れた	一致	3	3	jmdict	いいえ
消し去る	包含	12 15	15	いいえ	一致	一致	3	3	jmdict	はい
消し止める	包含	15	15 51	いいえ	一致	一致	3	3	jmdict	はい
消し飛ばす	包含	12 15	15	いいえ	割れた	割れた	3	3	jmdict	いいえ
消し飛ぶ	包含	12 15	12	いいえ	割れた	割れた	3	3	jmdict	いいえ
消す	包含	15	15 51 57	いいえ	一致	割れた	3	3	jmdict	はい
涼む	包含	33 56	33	いいえ	割れた	割れた	3	3	jmdict	はい
深める	包含	15 30	15 30 35	いいえ	割れた	割れた	3	3	jmdict	はい
混じる	包含	15	11 15	いいえ	一致	割れた	3	3	jmdict	はい
混ぜ返す	包含	15 35	15	いいえ	一致	割れた	3	3	jmdict	いいえ
添い遂げる	包含	15 33 35	35	いいえ	割れた	割れた	3	3	jmdict	いいえ
添える	包含	15 33	15	いいえ	一致	割れた	3	3	jmdict	はい
添わせる	包含	15 17	17	いいえ	一致	割れた	3	3	jmdict	いいえ
清める	包含	15 33	15	いいえ	一致	割れた	3	3	jmdict	いいえ
済ます	包含	15 34	15 34 37	いいえ	割れた	割れた	3	3	jmdict	はい
渋る	包含	30 34	30	いいえ	一致	割れた	3	3	jmdict	はい
渡す	包含	15 37	15 17 35 37	いいえ	一致	割れた	3	3	jmdict	はい
渦巻く	包含	15 50	15 30 50	いいえ	割れた	一致	3	3	jmdict	はい
測りかねる	包含	13 30	13 19 30	いいえ	一致	一致	3	3	jmdict	いいえ
湧かす	包含	15	15 30 51	いいえ	割れた	割れた	3	3	jmdict	いいえ
満ち足りる	包含	19 30	30	いいえ	割れた	割れた	3	3	jmdict	はい
溜まる	包含	15 19	19	いいえ	一致	一致	3	3	jmdict	はい
溜める	包含	19 37	19	いいえ	割れた	割れた	3	3	jmdict	はい
溢れる	包含	15 19	15 19 30	いいえ	一致	割れた	3	3	jmdict	はい
溢れ出す	包含	15	15 19	いいえ	割れた	割れた	3	3	jmdict	いいえ
溢れ出る	包含	15	15 19	いいえ	割れた	割れた	3	3	jmdict	いいえ
溶きほぐす	包含	15	15 51	いいえ	一致	割れた	3	3	jmdict	いいえ
溶く	包含	15	15 51	いいえ	一致	割れた	3	3	jmdict	はい
溶け合う	包含	15	11 15 51	いいえ	割れた	割れた	3	3	jmdict	はい
溶け込む	包含	15	13 15	いいえ	割れた	割れた	3	3	jmdict	はい
溺れ込む	包含	15 30	15 30 57	いいえ	一致	割れた	3	3	jmdict	いいえ
滑らせる	包含	15	15 31	いいえ	一致	一致	3	3	jmdict	いいえ
滑り込む	包含	15 17	15 16 17	いいえ	一致	割れた	3	3	jmdict	はい
滑る	包含	15	15 34	いいえ	割れた	一致	3	3	jmdict	はい
滲み出す	包含	15 17	15	いいえ	割れた	割れた	3	3	jmdict	いいえ
滲む	包含	15	15 51	いいえ	割れた	割れた	3	3	jmdict	はい
滴らす	包含	15	15 51	いいえ	一致	割れた	3	3	jmdict	いいえ
滴り落ちる	包含	15	15 51	いいえ	割れた	一致	3	3	jmdict	いいえ
漂う	包含	15 17	15	いいえ	一致	割れた	3	3	jmdict	はい
漂わす	包含	15 17	15	いいえ	一致	一致	3	3	jmdict	いいえ
漉き返す	包含	15	15 38	いいえ	一致	割れた	3	3	jmdict	いいえ
漉く	包含	15 38	15	いいえ	一致	割れた	3	3	jmdict	いいえ
漏れる	包含	15	15 31 51	いいえ	割れた	割れた	3	3	jmdict	はい
漏れ伝わる	包含	15 31	31	いいえ	一致	一致	3	3	jmdict	いいえ
演じる	包含	32 33	32	いいえ	割れた	一致	3	3	jmdict	はい
演ずる	包含	32 33	32	いいえ	一致	一致	3	3	jmdict	はい
演る	包含	32 33	32	いいえ	割れた	一致	3	3	jmdict	いいえ
漕ぐ	包含	15 17	15	いいえ	割れた	一致	3	3	jmdict	はい
漬ける	包含	15	15 51	いいえ	割れた	割れた	3	3	jmdict	はい
漱ぐ	包含	33 56	33	いいえ	割れた	割れた	3	3	jmdict	いいえ
潜らせる	包含	15	15 17	いいえ	一致	割れた	3	3	jmdict	いいえ
潤す	包含	15 51	15 19 51	いいえ	一致	割れた	3	3	jmdict	はい
潰える	包含	12	12 34	いいえ	割れた	割れた	3	3	jmdict	いいえ
潰す	包含	15 34	15 16 34	いいえ	割れた	割れた	3	3	jmdict	はい
潰れる	包含	15 38	15 34 38	いいえ	割れた	割れた	3	3	jmdict	はい
澄ます	包含	15	15 30	いいえ	割れた	割れた	3	3	jmdict	はい
澄み切る	包含	13 15	13	いいえ	割れた	割れた	3	3	jmdict	はい
濡らす	包含	15	15 51	いいえ	一致	割れた	3	3	jmdict	はい
濡れそぼつ	包含	15	15 51	いいえ	割れた	割れた	3	3	jmdict	いいえ
炊き上げる	包含	33	15 33	いいえ	一致	割れた	3	3	jmdict	いいえ
炊き出す	包含	33 38	33	いいえ	一致	一致	3	3	jmdict	いいえ
点じる	包含	15	15 51	いいえ	割れた	割れた	3	3	jmdict	いいえ
点てる	包含	32 33	33	いいえ	一致	一致	3	3	jmdict	いいえ
無くす	包含	12 15	12	いいえ	割れた	割れた	3	3	jmdict	はい
焼きつく	包含	15 51	15 30 51	いいえ	割れた	一致	3	3	jmdict	いいえ
焼き付ける	包含	15 32	15 30 32 51	いいえ	割れた	割れた	3	3	jmdict	いいえ
焼き捨てる	包含	15	15 51	いいえ	割れた	一致	3	3	jmdict	いいえ
焼き殺す	包含	15 57	15 51 57	いいえ	一致	割れた	3	3	jmdict	いいえ
焼け死ぬ	包含	57	51 57	いいえ	一致	一致	3	3	jmdict	いいえ
煎じ出す	包含	15	15 51	いいえ	割れた	割れた	3	3	jmdict	いいえ
煎じ詰める	包含	30 31	30	いいえ	割れた	割れた	3	3	jmdict	いいえ
煎りつく	包含	15	15 51	いいえ	割れた	割れた	3	3	jmdict	いいえ
煙る	包含	50 51	51	いいえ	一致	一致	3	3	jmdict	はい
照らし合わせる	包含	11 30	11	いいえ	一致	一致	3	3	jmdict	はい
照る	包含	50 52	52	いいえ	割れた	一致	3	3	jmdict	はい
煩わせる	包含	30 35	35	いいえ	割れた	一致	3	3	jmdict	いいえ
煮えくり返る	包含	30	30 51	いいえ	割れた	一致	3	3	jmdict	いいえ
煮上がる	包含	15	15 51	いいえ	割れた	割れた	3	3	jmdict	いいえ
煮付ける	包含	15 33	33	いいえ	一致	割れた	3	3	jmdict	いいえ
煮染める	包含	15 33	15 33 51	いいえ	割れた	割れた	3	3	jmdict	いいえ
煮詰まる	包含	15	15 34 51	いいえ	割れた	割れた	3	3	jmdict	はい
煮込む	包含	33	15 33 51	いいえ	割れた	割れた	3	3	jmdict	はい
燃え尽きる	包含	15 51	15 30 51	いいえ	一致	割れた	3	3	jmdict	はい
爛らかす	包含	15	15 56	いいえ	一致	割れた	3	3	jmdict	いいえ
爪繰る	包含	15 33	33	いいえ	割れた	一致	3	3	jmdict	いいえ
片付ける	包含	15 33	15 33 34	いいえ	割れた	割れた	3	3	jmdict	はい
物語る	包含	31	11 31	いいえ	一致	割れた	3	3	jmdict	はい
狙いすます	包含	30 34	30	いいえ	割れた	一致	3	3	jmdict	いいえ
狙う	包含	30 34	30	いいえ	一致	割れた	3	3	jmdict	はい
狡ける	包含	34	33 34	いいえ	一致	割れた	3	3	jmdict	いいえ
狩る	包含	33 38	33	いいえ	一致	割れた	3	3	jmdict	いいえ
狭める	包含	15 19	15	いいえ	割れた	一致	3	3	jmdict	はい
獲れる	包含	34 37	37	いいえ	割れた	一致	3	3	jmdict	いいえ
現ずる	包含	12 15	12	いいえ	割れた	一致	3	3	jmdict	いいえ
現れる	包含	12 15	12	いいえ	一致	一致	3	3	jmdict	はい
現れ出る	包含	12 15	12	いいえ	一致	一致	3	3	jmdict	いいえ
理解しあう	包含	30 35	30	いいえ	一致	割れた	3	3	jmdict	いいえ
甘える	包含	30 35	35	いいえ	一致	一致	3	3	jmdict	はい
甘んじる	包含	30 34	30	いいえ	割れた	割れた	3	3	jmdict	はい
甘んずる	包含	30 34	30	いいえ	割れた	一致	3	3	jmdict	いいえ
生き急ぐ	包含	16 33 57	16 57	いいえ	割れた	割れた	3	3	jmdict	いいえ
生ける	包含	32 33	32	いいえ	割れた	割れた	3	3	jmdict	はい
生け捕る	包含	34 35	34	いいえ	割れた	割れた	3	3	jmdict	いいえ
生じる	包含	12 15	12	いいえ	一致	割れた	3	3	jmdict	はい
田舎びる	包含	13	13 15	いいえ	割れた	割れた	3	3	jmdict	いいえ
申し上げる	包含	31 36	31	いいえ	割れた	一致	3	3	jmdict	はい
申し出る	包含	31 35	31	いいえ	割れた	割れた	3	3	jmdict	はい
申し合わせる	包含	31 35	35	いいえ	一致	割れた	3	3	jmdict	はい
申し込む	包含	31 34	31	いいえ	割れた	割れた	3	3	jmdict	はい
申し送る	包含	31 36	31	いいえ	一致	一致	3	3	jmdict	いいえ
申し遅れる	包含	31	16 31	いいえ	一致	一致	3	3	jmdict	いいえ
畏まる	包含	33	33 35	いいえ	一致	割れた	3	3	jmdict	いいえ
留める	包含	15	15 17	いいえ	割れた	割れた	3	3	jmdict	はい
畝る	包含	15 38	15	いいえ	割れた	割れた	3	3	jmdict	はい
畳み掛ける	包含	15 35	35	いいえ	一致	割れた	3	3	jmdict	いいえ
疎む	包含	30 35	30	いいえ	割れた	一致	3	3	jmdict	いいえ
疎んずる	包含	30 35	30	いいえ	一致	割れた	3	3	jmdict	いいえ
疎抜く	包含	15	15 38	いいえ	一致	割れた	3	3	jmdict	いいえ
疑う	包含	30	10 30	いいえ	一致	割れた	3	3	jmdict	はい
疲れ果てる	包含	56 57	56	いいえ	割れた	割れた	3	3	jmdict	はい
痛める	包含	15 56	15 30 56	いいえ	一致	割れた	3	3	jmdict	はい
白ける	包含	13 30	30	いいえ	一致	一致	3	3	jmdict	いいえ
白茶ける	包含	15 50	15	いいえ	一致	割れた	3	3	jmdict	いいえ
皺ばむ	包含	15	15 56	いいえ	割れた	一致	3	3	jmdict	いいえ
盗み取る	包含	34 37	37	いいえ	一致	一致	3	3	jmdict	いいえ
盗む	包含	34 37	37	いいえ	割れた	一致	3	3	jmdict	はい
盛り上げる	包含	15	15 30	いいえ	割れた	一致	3	3	jmdict	はい
盛り立てる	包含	34 36	36	いいえ	割れた	割れた	3	3	jmdict	いいえ
盛り返す	包含	15 34	15	いいえ	割れた	割れた	3	3	jmdict	はい
盛る	包含	15 19	15 19 31 33	いいえ	一致	割れた	3	3	jmdict	はい
盛れる	包含	15 19	19	いいえ	割れた	割れた	3	3	jmdict	いいえ
目っける	包含	30	12 30	いいえ	割れた	割れた	3	3	jmdict	いいえ
目掛ける	包含	17 34	17	いいえ	一致	一致	3	3	jmdict	いいえ
目立ちたがる	包含	30 34	30	いいえ	割れた	一致	3	3	jmdict	いいえ
目覚ます	包含	30	30 57	いいえ	一致	割れた	3	3	jmdict	いいえ
相まる	包含	11 15	11	いいえ	一致	割れた	3	3	jmdict	いいえ
相分かる	包含	30 35	30	いいえ	一致	一致	3	3	jmdict	いいえ
相和す	包含	13 35	13	いいえ	割れた	割れた	3	3	jmdict	いいえ
相憐れむ	包含	30 35	30	いいえ	一致	一致	3	3	jmdict	いいえ
相整う	包含	11 13	13	いいえ	一致	割れた	3	3	jmdict	いいえ
相隣る	包含	11 17	17	いいえ	割れた	割れた	3	3	jmdict	いいえ
看る	包含	33	33 56	いいえ	割れた	割れた	3	3	jmdict	はい
眺め渡す	包含	30	17 30	いいえ	一致	割れた	3	3	jmdict	いいえ
着く	包含	15 17	17	いいえ	一致	割れた	3	3	jmdict	はい
着こなす	包含	33 34	33	いいえ	一致	一致	3	3	jmdict	はい
着崩す	包含	15 33	33	いいえ	一致	一致	3	3	jmdict	いいえ
着崩れる	包含	15 33	15	いいえ	割れた	割れた	3	3	jmdict	いいえ
着潰す	包含	15	15 33	いいえ	一致	一致	3	3	jmdict	いいえ
睨まれる	包含	30 35	35	いいえ	割れた	一致	3	3	jmdict	いいえ
睨みつける	包含	33 35	35	いいえ	割れた	割れた	3	3	jmdict	いいえ
睨み倒す	包含	33 35	35	いいえ	割れた	割れた	3	3	jmdict	いいえ
睨め付ける	包含	33 35	35	いいえ	割れた	割れた	3	3	jmdict	いいえ
睨め回す	包含	30 33	33	いいえ	割れた	割れた	3	3	jmdict	いいえ
知り合う	包含	30 35	35	いいえ	一致	一致	3	3	jmdict	はい
短すぎる	包含	13 19	19	いいえ	割れた	割れた	3	3	jmdict	いいえ
研ぎ上げる	包含	15 32	15	いいえ	一致	割れた	3	3	jmdict	いいえ
研ぎ澄ます	包含	15	15 30	いいえ	割れた	一致	3	3	jmdict	はい
砕く	包含	15	15 31	いいえ	一致	割れた	3	3	jmdict	はい
砕ける	包含	15	13 15	いいえ	一致	割れた	3	3	jmdict	はい
破れる	包含	15	15 34	いいえ	割れた	割れた	3	3	jmdict	はい
確かめる	包含	30	10 30	いいえ	一致	割れた	3	3	jmdict	はい
磨き上げる	包含	15 32	15	いいえ	一致	割れた	3	3	jmdict	いいえ
磨き立てる	包含	15 32	15	いいえ	割れた	一致	3	3	jmdict	いいえ
磨き込む	包含	15 32	15	いいえ	割れた	一致	3	3	jmdict	いいえ
磨り出す	包含	15 32	15	いいえ	割れた	割れた	3	3	jmdict	いいえ
磨り減る	包含	15	15 19	いいえ	割れた	割れた	3	3	jmdict	いいえ
示し合わせる	包含	31 35	35	いいえ	割れた	割れた	3	3	jmdict	はい
礼す	包含	33 35	35	いいえ	割れた	割れた	3	3	jmdict	いいえ
祈る	包含	30 31	30	いいえ	割れた	一致	3	3	jmdict	はい
祝す	包含	31 35	35	いいえ	割れた	割れた	3	3	jmdict	いいえ
秀でる	包含	13 34	13	いいえ	割れた	一致	3	3	jmdict	はい
称える	包含	31 36	36	いいえ	一致	一致	3	3	jmdict	いいえ
移し変える	包含	15	15 17	いいえ	割れた	一致	3	3	jmdict	いいえ
稼ぎ出す	包含	37 38	37	いいえ	一致	一致	3	3	jmdict	いいえ
稼ぐ	包含	37 38	37	いいえ	一致	割れた	3	3	jmdict	はい
積みすぎる	包含	19	15 19	いいえ	割れた	一致	3	3	jmdict	いいえ
積み上げる	包含	15	15 19	いいえ	割れた	割れた	3	3	jmdict	はい
積み下ろす	包含	15	15 33	いいえ	割れた	割れた	3	3	jmdict	いいえ
積み替える	包含	15 38	15	いいえ	割れた	割れた	3	3	jmdict	いいえ
積もり積もる	包含	15 19	19	いいえ	一致	割れた	3	3	jmdict	いいえ
究める	包含	30 34	30	いいえ	割れた	割れた	3	3	jmdict	いいえ
空ける	包含	15	15 17 19	いいえ	一致	割れた	3	3	jmdict	はい
空しくなる	包含	13 30	30	いいえ	割れた	割れた	3	3	jmdict	いいえ
空嘯く	包含	31 33	31	いいえ	一致	割れた	3	3	jmdict	いいえ
空振る	包含	34	15 34	いいえ	割れた	割れた	3	3	jmdict	いいえ
空飛ぶ	包含	15 17	17	いいえ	割れた	割れた	3	3	jmdict	いいえ
穿る	包含	15 30	15	いいえ	一致	割れた	3	3	jmdict	いいえ
突きのける	包含	15 35	15	いいえ	割れた	割れた	3	3	jmdict	いいえ
突き上げる	包含	15 35	15	いいえ	割れた	割れた	3	3	jmdict	はい
突き入れる	包含	15 17	15	いいえ	割れた	一致	3	3	jmdict	いいえ
突き刺さる	包含	15	15 30	いいえ	一致	一致	3	3	jmdict	はい
突き崩す	包含	15 34	15	いいえ	一致	一致	3	3	jmdict	はい
突き抜ける	包含	15	15 17	いいえ	割れた	割れた	3	3	jmdict	はい
突き止める	包含	30 34	30	いいえ	一致	一致	3	3	jmdict	はい
突き殺す	包含	15 34 57	15 57	いいえ	割れた	一致	3	3	jmdict	いいえ
突き破る	包含	15	14 15	いいえ	割れた	割れた	3	3	jmdict	はい
突き落とす	包含	15 34	15	いいえ	一致	一致	3	3	jmdict	はい
突き詰める	包含	15 30	30	いいえ	割れた	一致	3	3	jmdict	はい
突っかかる	包含	35	15 35	いいえ	割れた	割れた	3	3	jmdict	いいえ
突っ伏す	包含	33	33 56	いいえ	一致	割れた	3	3	jmdict	いいえ
突っ立てる	包含	15 33	15	いいえ	一致	割れた	3	3	jmdict	いいえ
突っ走る	包含	15 34	15	いいえ	一致	割れた	3	3	jmdict	はい
立ち働く	包含	33 38	33	いいえ	一致	一致	3	3	jmdict	いいえ
立ち入る	包含	15 17	17	いいえ	割れた	割れた	3	3	jmdict	はい
立ち向かう	包含	34 35	35	いいえ	一致	一致	3	3	jmdict	はい
立ち寄る	包含	17	15 17	いいえ	割れた	割れた	3	3	jmdict	はい
立ち後れる	包含	15 16	16	いいえ	割れた	一致	3	3	jmdict	はい
立ち振る舞う	包含	33 34	33	いいえ	割れた	一致	3	3	jmdict	いいえ
立ち消える	包含	12 15	12	いいえ	割れた	割れた	3	3	jmdict	いいえ
立ち現れる	包含	12 15	12	いいえ	一致	一致	3	3	jmdict	いいえ
立ち続ける	包含	15 33	33	いいえ	割れた	割れた	3	3	jmdict	いいえ
立ち聞く	包含	31 33	31	いいえ	割れた	割れた	3	3	jmdict	いいえ
立ち至る	包含	15 17	15	いいえ	割れた	一致	3	3	jmdict	はい
立ち越える	包含	15 17	15	いいえ	一致	割れた	3	3	jmdict	いいえ
立ち返る	包含	15	15 17	いいえ	割れた	割れた	3	3	jmdict	はい
立ち騒ぐ	包含	33 35	33	いいえ	一致	一致	3	3	jmdict	いいえ
立つ	包含	15 17	15 17 33	いいえ	割れた	割れた	3	3	jmdict	はい
立て直る	包含	15 34	15	いいえ	一致	割れた	3	3	jmdict	いいえ
立て込める	包含	15 38	15	いいえ	割れた	割れた	3	3	jmdict	いいえ
竦める	包含	33	33 56	いいえ	割れた	一致	3	3	jmdict	いいえ
競う	包含	34 35	35	いいえ	割れた	一致	3	3	jmdict	はい
競る	包含	35	35 37	いいえ	一致	割れた	3	3	jmdict	はい
笑いかける	包含	33 35	33	いいえ	割れた	割れた	3	3	jmdict	いいえ
笑い飛ばす	包含	30 31	30	いいえ	割れた	割れた	3	3	jmdict	いいえ
笑える	包含	30 33	30	いいえ	割れた	一致	3	3	jmdict	いいえ
笑かす	包含	30 33	30	いいえ	割れた	一致	3	3	jmdict	いいえ
笑み割れる	包含	30 33	30	いいえ	割れた	割れた	3	3	jmdict	いいえ
笑み崩れる	包含	30 33	30	いいえ	一致	一致	3	3	jmdict	いいえ
笑む	包含	30 33	33	いいえ	割れた	割れた	3	3	jmdict	いいえ
笑わかす	包含	30 33	30	いいえ	割れた	割れた	3	3	jmdict	いいえ
笑わせる	包含	30 33	30	いいえ	一致	一致	3	3	jmdict	いいえ
答える	包含	31 35	31	いいえ	割れた	一致	3	3	jmdict	はい
築き上げる	包含	15 32 38	15 38	いいえ	一致	割れた	3	3	jmdict	はい
篩う	包含	15	15 34	いいえ	割れた	割れた	3	3	jmdict	いいえ
籠もる	包含	15 17	17	いいえ	割れた	割れた	3	3	jmdict	はい
粋がる	包含	30 33	33	いいえ	一致	割れた	3	3	jmdict	いいえ
系統立てる	包含	15 32	15	いいえ	一致	割れた	3	3	jmdict	いいえ
紐づける	包含	11 15	11	いいえ	一致	一致	3	3	jmdict	いいえ
紛らせる	包含	15 30	30	いいえ	割れた	一致	3	3	jmdict	いいえ
素っ惚ける	包含	30	10 30	いいえ	割れた	割れた	3	3	jmdict	いいえ
紡ぎ出す	包含	32	15 32	いいえ	一致	割れた	3	3	jmdict	いいえ
紡ぐ	包含	32	15 32	いいえ	割れた	一致	3	3	jmdict	はい
紫がかる	包含	15 50	15	いいえ	割れた	割れた	3	3	jmdict	いいえ
細める	包含	15	15 56	いいえ	割れた	割れた	3	3	jmdict	はい
終わりかける	包含	15 16	15	いいえ	割れた	割れた	3	3	jmdict	いいえ
組みあがる	包含	15	12 15	いいえ	割れた	一致	3	3	jmdict	いいえ
組み上げる	包含	15 32	15	いいえ	一致	一致	3	3	jmdict	はい
組み付ける	包含	15 35	15	いいえ	一致	割れた	3	3	jmdict	いいえ
組み入れる	包含	15	11 15	いいえ	一致	割れた	3	3	jmdict	はい
組み合わす	包含	15	11 15	いいえ	割れた	一致	3	3	jmdict	いいえ
組み合わせる	包含	15	11 15	いいえ	割れた	割れた	3	3	jmdict	はい
組み込む	包含	15 38	15	いいえ	一致	割れた	3	3	jmdict	はい
組む	包含	15 35	15 33 35	いいえ	一致	割れた	3	3	jmdict	はい
絆される	包含	30 35	30	いいえ	割れた	割れた	3	3	jmdict	いいえ
経る	包含	16	16 17	いいえ	一致	割れた	3	3	jmdict	はい
結い付ける	包含	15 33	15	いいえ	割れた	一致	3	3	jmdict	いいえ
結う	包含	33	15 33	いいえ	一致	割れた	3	3	jmdict	はい
結ばれる	包含	35	11 15 35	いいえ	割れた	割れた	3	3	jmdict	いいえ
結ぶ	包含	15 35	11 15 35	いいえ	一致	割れた	3	3	jmdict	はい
結論づける	包含	30 31	30	いいえ	割れた	一致	3	3	jmdict	いいえ
絞める	包含	15	15 56	いいえ	割れた	割れた	3	3	jmdict	はい
絞り出す	包含	15	15 30	いいえ	割れた	割れた	3	3	jmdict	いいえ
絞る	包含	15	15 19	いいえ	割れた	割れた	3	3	jmdict	はい
絡まる	包含	15	11 15	いいえ	割れた	割れた	3	3	jmdict	はい
絡みつく	包含	15 17	15	いいえ	割れた	割れた	3	3	jmdict	いいえ
絡む	包含	15 35	11 15 35	いいえ	一致	一致	3	3	jmdict	はい
絡めあう	包含	15 35	15	いいえ	一致	割れた	3	3	jmdict	いいえ
絶える	包含	12	12 57	いいえ	割れた	割れた	3	3	jmdict	はい
絶やす	包含	12	12 51 57	いいえ	割れた	割れた	3	3	jmdict	はい
継ぎ合わせる	包含	15	11 15	いいえ	一致	割れた	3	3	jmdict	いいえ
継ぐ	包含	15	11 15 36	いいえ	割れた	割れた	3	3	jmdict	はい
綴じ合わせる	包含	15 33	15	いいえ	割れた	一致	3	3	jmdict	いいえ
綴る	包含	31 32	32	いいえ	一致	割れた	3	3	jmdict	はい
綻ばせる	包含	15	15 30	いいえ	一致	一致	3	3	jmdict	いいえ
締めくくる	包含	15 16	15	いいえ	割れた	割れた	3	3	jmdict	いいえ
締め付ける	包含	15	15 36	いいえ	割れた	割れた	3	3	jmdict	はい
締め切る	包含	15	15 16	いいえ	割れた	一致	3	3	jmdict	はい
緩まる	包含	13 15	15	いいえ	一致	一致	3	3	jmdict	いいえ
緩む	包含	15	13 15	いいえ	割れた	割れた	3	3	jmdict	はい
緩める	包含	15	15 16	いいえ	一致	割れた	3	3	jmdict	はい
練り合わせる	包含	15 32	15	いいえ	一致	一致	3	3	jmdict	いいえ
練り固める	包含	15 32	15	いいえ	割れた	割れた	3	3	jmdict	いいえ
練り歩く	包含	33	15 17 33	いいえ	割れた	割れた	3	3	jmdict	いいえ
練り込む	包含	15 32	15	いいえ	一致	割れた	3	3	jmdict	いいえ
練り返す	包含	15	15 32	いいえ	割れた	割れた	3	3	jmdict	いいえ
練る	包含	32	15 30 32	いいえ	割れた	割れた	3	3	jmdict	はい
縋りつく	包含	15 35	15	いいえ	割れた	割れた	3	3	jmdict	いいえ
縋る	包含	35	17 35	いいえ	一致	割れた	3	3	jmdict	はい
縫い付ける	包含	15 33	15	いいえ	一致	割れた	3	3	jmdict	はい
縫い取る	包含	32 33	32	いいえ	一致	割れた	3	3	jmdict	いいえ
縫い止める	包含	15 33	15	いいえ	一致	割れた	3	3	jmdict	いいえ
縫い込む	包含	15 33	15	いいえ	割れた	割れた	3	3	jmdict	いいえ
縫う	包含	33 38	33	いいえ	割れた	割れた	3	3	jmdict	はい
縮まる	包含	15 19	15	いいえ	割れた	一致	3	3	jmdict	はい
縺れる	包含	15	15 35	いいえ	割れた	割れた	3	3	jmdict	はい
繋がる	包含	11 15	11	いいえ	一致	割れた	3	3	jmdict	はい
繋ぎかえる	包含	15	11 15	いいえ	一致	一致	3	3	jmdict	いいえ
繋ぎ止める	包含	15	15 35	いいえ	割れた	割れた	3	3	jmdict	いいえ
織り上げる	包含	32 38	32	いいえ	一致	割れた	3	3	jmdict	いいえ
織り交ぜる	包含	15 32	15	いいえ	一致	割れた	3	3	jmdict	いいえ
織り出す	包含	15 32	32	いいえ	割れた	一致	3	3	jmdict	いいえ
織り合わせる	包含	15 32	15	いいえ	一致	割れた	3	3	jmdict	いいえ
織り込む	包含	15 32	15	いいえ	一致	割れた	3	3	jmdict	はい
織る	包含	32 33	32	いいえ	割れた	一致	3	3	jmdict	はい
繕い立てる	包含	15 33	15	いいえ	割れた	割れた	3	3	jmdict	いいえ
繕う	包含	33	15 33	いいえ	一致	割れた	3	3	jmdict	はい
繰り上がる	包含	15 16	16	いいえ	割れた	割れた	3	3	jmdict	はい
繰り出す	包含	15 34	15	いいえ	一致	割れた	3	3	jmdict	はい
繰り回す	包含	15	15 37 38	いいえ	一致	割れた	3	3	jmdict	いいえ
繰り広げる	包含	15 32	15	いいえ	一致	一致	3	3	jmdict	はい
繰り越す	包含	15 16	16	いいえ	一致	割れた	3	3	jmdict	いいえ
繰り込む	包含	15	15 17	いいえ	一致	一致	3	3	jmdict	いいえ
纏いつく	包含	15	15 17	いいえ	割れた	割れた	3	3	jmdict	いいえ
纏る	包含	15 33	33	いいえ	割れた	一致	3	3	jmdict	いいえ
纏わり付く	包含	15	15 17	いいえ	割れた	割れた	3	3	jmdict	いいえ
置き換わる	包含	15	11 15	いいえ	一致	割れた	3	3	jmdict	いいえ
置く	包含	15 17	17	いいえ	一致	割れた	3	3	jmdict	はい
群れ遊ぶ	包含	33 35	33	いいえ	一致	割れた	3	3	jmdict	いいえ
群れ飛ぶ	包含	15 17	15	いいえ	割れた	割れた	3	3	jmdict	いいえ
義務付ける	包含	36	34 36	いいえ	一致	割れた	2	3	jmdict	はい
羽ばたく	包含	15 56	15	いいえ	割れた	割れた	3	3	jmdict	はい
習慣づける	包含	15 33	15	いいえ	一致	割れた	3	3	jmdict	いいえ
翔る	包含	15	15 17	いいえ	一致	割れた	3	3	jmdict	はい
翻す	包含	15	15 30	いいえ	一致	割れた	3	3	jmdict	はい
聞きかじる	包含	30 31	30	いいえ	一致	割れた	3	3	jmdict	いいえ
聞きとがめる	包含	30 31 35	31 35	いいえ	割れた	割れた	3	3	jmdict	いいえ
聞きなす	包含	30 31	30	いいえ	割れた	一致	3	3	jmdict	いいえ
聞き入る	包含	31 35	31	いいえ	割れた	割れた	3	3	jmdict	はい
聞き入れる	包含	31 35	35	いいえ	割れた	割れた	3	3	jmdict	いいえ
聞き出す	包含	31 34	31	いいえ	割れた	割れた	3	3	jmdict	はい
聞き分ける	包含	30	11 30	いいえ	割れた	割れた	3	3	jmdict	いいえ
聞き取る	包含	31	31 56	いいえ	割れた	割れた	3	3	jmdict	はい
聞き合わせる	包含	31 35	31	いいえ	一致	割れた	3	3	jmdict	いいえ
聞き忘れる	包含	30	30 31	いいえ	一致	割れた	3	3	jmdict	いいえ
聞き惚れる	包含	30	30 31	いいえ	一致	割れた	3	3	jmdict	いいえ
聞き損なう	包含	31	31 34	いいえ	割れた	割れた	3	3	jmdict	いいえ
聞き流す	包含	31	30 31	いいえ	割れた	割れた	3	3	jmdict	はい
聞き置く	包含	30 31	31	いいえ	割れた	一致	3	3	jmdict	いいえ
聞き落とす	包含	15 31	31	いいえ	割れた	割れた	3	3	jmdict	いいえ
聞き覚える	包含	30 31	30	いいえ	割れた	割れた	3	3	jmdict	いいえ
聞き込む	包含	31 34	31	いいえ	割れた	割れた	3	3	jmdict	いいえ
聞き返す	包含	31 35	31	いいえ	一致	割れた	3	3	jmdict	はい
聞き逃す	包含	15 31	31	いいえ	割れた	一致	3	3	jmdict	いいえ
聞き違う	包含	31	30 31	いいえ	割れた	割れた	3	3	jmdict	いいえ
聞き間違える	包含	30 31	31	いいえ	割れた	割れた	3	3	jmdict	いいえ
聞き飽きる	包含	30	30 31	いいえ	一致	割れた	3	3	jmdict	いいえ
聞こし召す	包含	31 36	31	いいえ	割れた	割れた	3	3	jmdict	いいえ
肌で感じる	包含	30	30 56	いいえ	割れた	割れた	3	3	jmdict	いいえ
肌脱ぐ	包含	33	33 56	いいえ	割れた	割れた	3	3	jmdict	いいえ
肖る	包含	11	11 37	いいえ	一致	割れた	3	3	jmdict	いいえ
背く	包含	34 35	34 35 36	いいえ	割れた	割れた	3	3	jmdict	はい
背ける	包含	15 17	15 17 33	いいえ	割れた	割れた	3	3	jmdict	いいえ
背負い込む	包含	34	15 34	いいえ	割れた	割れた	3	3	jmdict	いいえ
能う	包含	13 34	13	いいえ	割れた	割れた	3	3	jmdict	いいえ
脅かす	包含	30 35	35	いいえ	一致	割れた	3	3	jmdict	はい
脅しつける	包含	35 36	35	いいえ	割れた	割れた	3	3	jmdict	いいえ
脅す	包含	35 36	35	いいえ	一致	一致	3	3	jmdict	はい
脱がす	包含	33	15 33	いいえ	割れた	割れた	3	3	jmdict	いいえ
脱ぎ揃える	包含	33	15 33	いいえ	割れた	一致	3	3	jmdict	いいえ
脱ぎ散らかす	包含	15 33	33	いいえ	一致	割れた	3	3	jmdict	いいえ
腐らせる	包含	15	15 51	いいえ	割れた	一致	3	3	jmdict	いいえ
腐る	包含	15	15 51	いいえ	割れた	割れた	3	3	jmdict	はい
腑抜ける	包含	13 30	30	いいえ	一致	割れた	3	3	jmdict	いいえ
膨らせる	包含	15 19	15	いいえ	割れた	割れた	3	3	jmdict	いいえ
臥し転ぶ	包含	15 33	33	いいえ	一致	一致	3	3	jmdict	いいえ
臥す	包含	33	33 56	いいえ	一致	割れた	3	3	jmdict	いいえ
致しかねる	包含	13 34	13	いいえ	一致	一致	3	3	jmdict	いいえ
興す	包含	15 34 38	15 38	いいえ	割れた	一致	3	3	jmdict	はい
興る	包含	12 15 38	12 38	いいえ	割れた	割れた	3	3	jmdict	いいえ
舐め腐る	包含	34 35	35	いいえ	割れた	割れた	3	3	jmdict	いいえ
舞い戻る	包含	15 17	15	いいえ	一致	割れた	3	3	jmdict	はい
舞い散る	包含	15 50	15	いいえ	割れた	一致	3	3	jmdict	いいえ
舞い立つ	包含	15 33	15	いいえ	割れた	割れた	3	3	jmdict	いいえ
舞い落ちる	包含	15 17	15	いいえ	割れた	割れた	3	3	jmdict	いいえ
舞い込む	包含	15 17	15	いいえ	割れた	割れた	3	3	jmdict	はい
舞う	包含	33	15 33	いいえ	割れた	割れた	3	3	jmdict	はい
色めき立つ	包含	15 30	30	いいえ	割れた	一致	3	3	jmdict	いいえ
色付ける	包含	15	15 32	いいえ	割れた	割れた	3	3	jmdict	いいえ
艶めく	包含	13 50	13	いいえ	割れた	割れた	3	3	jmdict	いいえ
苦しがる	包含	30	30 56	いいえ	一致	一致	3	3	jmdict	いいえ
苦しむ	包含	30	30 56	いいえ	一致	割れた	3	3	jmdict	はい
茶化す	包含	31 35	35	いいえ	一致	割れた	3	3	jmdict	いいえ
荒ぶ	包含	15 30	30	いいえ	割れた	一致	3	3	jmdict	いいえ
荒ぶる	包含	15 30	30	いいえ	割れた	割れた	3	3	jmdict	いいえ
荒む	包含	15 30	30	いいえ	割れた	割れた	3	3	jmdict	いいえ
荒らす	包含	15 34	15	いいえ	割れた	割れた	3	3	jmdict	はい
荒れ果てる	包含	15 50	15	いいえ	一致	一致	3	3	jmdict	はい
荒立つ	包含	15 35	35	いいえ	一致	割れた	3	3	jmdict	いいえ
萌える	包含	30	30 57	いいえ	一致	一致	3	3	jmdict	はい
落ちぶれる	包含	15 34	15	いいえ	割れた	割れた	3	3	jmdict	はい
落ち合う	包含	15 35	35	いいえ	一致	一致	3	3	jmdict	はい
落ち延びる	包含	15 34	15	いいえ	割れた	割れた	3	3	jmdict	いいえ
落ち着き払う	包含	30 33	30	いいえ	割れた	一致	3	3	jmdict	はい
落ち着ける	包含	13 30	30	いいえ	一致	割れた	3	3	jmdict	いいえ
葬り去る	包含	15 57	15 34 57	いいえ	割れた	割れた	3	3	jmdict	はい
葺き替える	包含	15 33	15	いいえ	割れた	割れた	3	3	jmdict	いいえ
葺く	包含	33 38	38	いいえ	割れた	割れた	3	3	jmdict	いいえ
蒸かす	包含	15 33	15	いいえ	一致	割れた	3	3	jmdict	はい
蓄える	包含	37	19 30 37	いいえ	割れた	割れた	3	3	jmdict	はい
蓬ける	包含	15	15 56	いいえ	割れた	一致	3	3	jmdict	いいえ
蕩かす	包含	30	15 30 51	いいえ	一致	割れた	3	3	jmdict	いいえ
薄める	包含	15 19	15 19 51	いいえ	割れた	割れた	3	3	jmdict	はい
薄れる	包含	15	15 30	いいえ	割れた	割れた	3	3	jmdict	はい
薄れ行く	包含	13 15	15	いいえ	割れた	割れた	3	3	jmdict	いいえ
薄汚れる	包含	15	15 51	いいえ	一致	割れた	3	3	jmdict	いいえ
薙ぎ払う	包含	15 34	15	いいえ	割れた	一致	3	3	jmdict	いいえ
薫く	包含	50 51	51	いいえ	割れた	割れた	3	3	jmdict	いいえ
蠢く	包含	15 33	15	いいえ	割れた	一致	3	3	jmdict	いいえ
血塗る	包含	15	15 51	いいえ	一致	割れた	3	3	jmdict	いいえ
行き会う	包含	15 35	35	いいえ	一致	一致	3	3	jmdict	いいえ
行き出す	包含	15	15 17	いいえ	割れた	割れた	3	3	jmdict	いいえ
行き合わせる	包含	15 35	35	いいえ	一致	一致	3	3	jmdict	いいえ
行き当たる	包含	15 17	15	いいえ	一致	割れた	3	3	jmdict	いいえ
行き掛かる	包含	15 35	15	いいえ	一致	割れた	3	3	jmdict	いいえ
行き損なう	包含	15 34	34	いいえ	一致	割れた	3	3	jmdict	いいえ
行き渡る	包含	15 17	17	いいえ	一致	割れた	3	3	jmdict	はい
行き詰まる	包含	13 15	13	いいえ	一致	割れた	3	3	jmdict	はい
行き過ぎる	包含	15 17	15 17 19	いいえ	割れた	割れた	3	3	jmdict	はい
行われる	包含	15 34	34	いいえ	一致	割れた	3	3	jmdict	いいえ
衰える	包含	15 57	15	いいえ	割れた	割れた	3	3	jmdict	はい
衰え果てる	包含	15 57	15	いいえ	一致	割れた	3	3	jmdict	いいえ
被さる	包含	15 17	17	いいえ	一致	一致	3	3	jmdict	いいえ
被せる	包含	15	15 36	いいえ	一致	割れた	3	3	jmdict	はい
裁ち出す	包含	15 32	15	いいえ	一致	割れた	3	3	jmdict	いいえ
裁ち掛ける	包含	15	15 33	いいえ	割れた	割れた	3	3	jmdict	いいえ
装う	包含	33	10 33	いいえ	一致	一致	3	3	jmdict	はい
装る	包含	33	10 33	いいえ	一致	割れた	2	3	jmdict	いいえ
補う	包含	15 19	19	いいえ	割れた	一致	3	3	jmdict	はい
褒め奉る	包含	31 36	36	いいえ	割れた	一致	3	3	jmdict	いいえ
褒め殺す	包含	35 36	36	いいえ	割れた	割れた	3	3	jmdict	いいえ
褒め称える	包含	31 36	36	いいえ	一致	一致	3	3	jmdict	いいえ
褒め立てる	包含	31 36	36	いいえ	割れた	一致	3	3	jmdict	いいえ
褪せる	包含	15	15 51	いいえ	割れた	割れた	3	3	jmdict	はい
褪める	包含	15	15 51	いいえ	割れた	割れた	3	3	jmdict	いいえ
襲い攻める	包含	15 35	35	いいえ	割れた	割れた	3	3	jmdict	いいえ
襲う	包含	15 35	35	いいえ	割れた	一致	3	3	jmdict	はい
覆い尽くす	包含	15	15 17	いいえ	割れた	割れた	3	3	jmdict	いいえ
覆い被せる	包含	15	15 17	いいえ	割れた	割れた	3	3	jmdict	いいえ
覆う	包含	15 17	15	いいえ	一致	割れた	3	3	jmdict	はい
覆す	包含	15 34	15	いいえ	一致	割れた	3	3	jmdict	はい
見える	包含	30	12 30	いいえ	割れた	割れた	3	3	jmdict	はい
見え透く	包含	10 30	10	いいえ	一致	割れた	3	3	jmdict	いいえ
見かねる	包含	30 34	30	いいえ	割れた	一致	3	3	jmdict	いいえ
見せびらかす	包含	31 34	31	いいえ	一致	割れた	3	3	jmdict	はい
見せる	包含	31 34	31	いいえ	割れた	一致	3	3	jmdict	はい
見つかる	包含	12 30	12	いいえ	割れた	一致	3	3	jmdict	はい
見つける	包含	30 34	30	いいえ	割れた	割れた	3	3	jmdict	はい
見つけ出す	包含	30 34	30	いいえ	割れた	割れた	3	3	jmdict	いいえ
見やる	包含	30	17 30	いいえ	割れた	割れた	3	3	jmdict	いいえ
見上げる	包含	17	17 33	いいえ	割れた	割れた	3	3	jmdict	はい
見下げ果てる	包含	30 36	30	いいえ	一致	一致	3	3	jmdict	いいえ
見分ける	包含	30	11 30	いいえ	一致	割れた	3	3	jmdict	はい
見切れる	包含	15	15 17	いいえ	割れた	割れた	3	3	jmdict	いいえ
見劣る	包含	13	11 13	いいえ	一致	割れた	3	3	jmdict	いいえ
見向く	包含	30	17 30	いいえ	割れた	割れた	3	3	jmdict	はい
見咎める	包含	36	30 36	いいえ	割れた	割れた	3	3	jmdict	いいえ
見変える	包含	15 30	30	いいえ	割れた	一致	3	3	jmdict	いいえ
見失う	包含	15 30	30	いいえ	割れた	割れた	3	3	jmdict	はい
見守る	包含	30 34	30	いいえ	一致	割れた	3	3	jmdict	はい
見届ける	包含	30 34	30	いいえ	割れた	一致	3	3	jmdict	はい
見張る	包含	34 36	36	いいえ	割れた	割れた	3	3	jmdict	はい
見損ねる	包含	30 34	30	いいえ	割れた	割れた	3	3	jmdict	いいえ
見放す	包含	35 36	35	いいえ	割れた	一致	3	3	jmdict	はい
見晴るかす	包含	15 17	17	いいえ	割れた	一致	3	3	jmdict	いいえ
見果てる	包含	15 30	15	いいえ	一致	割れた	3	3	jmdict	いいえ
見残す	包含	15	15 34	いいえ	一致	割れた	3	3	jmdict	いいえ
見渡せる	包含	30	17 30	いいえ	一致	割れた	3	3	jmdict	いいえ
見直す	包含	30 34	30	いいえ	割れた	割れた	3	3	jmdict	はい
見破る	包含	30	10 30	いいえ	一致	一致	3	3	jmdict	はい
見積もる	包含	30	19 30	いいえ	一致	一致	3	3	jmdict	はい
見立てる	包含	30	11 30	いいえ	割れた	割れた	3	3	jmdict	はい
見紛う	包含	30	11 30	いいえ	割れた	割れた	3	3	jmdict	いいえ
見終える	包含	15 30	15	いいえ	割れた	一致	3	3	jmdict	いいえ
見習う	包含	30 34	30	いいえ	一致	一致	3	3	jmdict	はい
見舞う	包含	35	35 50	いいえ	一致	割れた	3	3	jmdict	はい
見計らう	包含	30	16 30	いいえ	割れた	割れた	3	3	jmdict	はい
見返す	包含	35	17 30 35	いいえ	割れた	割れた	3	3	jmdict	はい
見送る	包含	35	16 35	いいえ	割れた	割れた	3	3	jmdict	はい
見通す	包含	30	17 30	いいえ	一致	一致	3	3	jmdict	はい
見違う	包含	30	11 30	いいえ	割れた	割れた	3	3	jmdict	いいえ
見間違える	包含	30	11 30	いいえ	一致	割れた	3	3	jmdict	いいえ
覗く	包含	30 33	33	いいえ	割れた	割れた	3	3	jmdict	はい
覚める	包含	15 30	15 30 57	いいえ	割れた	割れた	3	3	jmdict	はい
親しむ	包含	35	30 35	いいえ	割れた	一致	3	3	jmdict	はい
角張る	包含	13 15	15	いいえ	割れた	割れた	3	3	jmdict	いいえ
角立てる	包含	15 35	35	いいえ	一致	割れた	3	3	jmdict	いいえ
解きほぐす	包含	15	15 30	いいえ	一致	一致	3	3	jmdict	はい
解き明かす	包含	30 31	30	いいえ	割れた	割れた	3	3	jmdict	いいえ
解ける	包含	15	15 30	いいえ	割れた	割れた	3	3	jmdict	はい
解れる	包含	15	15 30	いいえ	一致	割れた	3	3	jmdict	いいえ
触れ合う	包含	35	35 56	いいえ	割れた	一致	3	3	jmdict	はい
言いかける	包含	31	15 31	いいえ	一致	割れた	3	3	jmdict	いいえ
言いかねる	包含	13 31	31	いいえ	割れた	割れた	3	3	jmdict	いいえ
言いさす	包含	31	15 31	いいえ	一致	一致	3	3	jmdict	いいえ
言いそびれる	包含	31	31 34	いいえ	一致	割れた	3	3	jmdict	いいえ
言いのける	包含	31 34	31	いいえ	割れた	割れた	3	3	jmdict	いいえ
言いふらす	包含	31	31 35	いいえ	一致	割れた	3	3	jmdict	いいえ
言いやる	包含	31 35	31	いいえ	割れた	一致	3	3	jmdict	いいえ
言い丸める	包含	31	31 35	いいえ	一致	一致	3	3	jmdict	いいえ
言い出す	包含	31	15 31	いいえ	割れた	割れた	3	3	jmdict	はい
言い切る	包含	31 34	31	いいえ	割れた	割れた	3	3	jmdict	はい
言い募る	包含	31	31 35	いいえ	割れた	一致	3	3	jmdict	いいえ
言い含める	包含	31 36	31	いいえ	一致	割れた	3	3	jmdict	いいえ
言い囃す	包含	31	31 36	いいえ	割れた	割れた	3	3	jmdict	いいえ
言い始める	包含	31	15 31	いいえ	一致	一致	3	3	jmdict	いいえ
言い寄る	包含	31 35	35	いいえ	割れた	一致	3	3	jmdict	いいえ
言い張る	包含	31 34	31	いいえ	一致	割れた	3	3	jmdict	はい
言い忘れる	包含	31	30 31	いいえ	一致	一致	3	3	jmdict	いいえ
言い損なう	包含	31	31 34	いいえ	一致	割れた	3	3	jmdict	いいえ
言い立てる	包含	31 35	31	いいえ	割れた	一致	3	3	jmdict	いいえ
言い続ける	包含	31	16 31	いいえ	割れた	割れた	3	3	jmdict	いいえ
言い負かす	包含	35	31 35	いいえ	割れた	一致	3	3	jmdict	いいえ
言い負ける	包含	35	31 34 35	いいえ	割れた	割れた	3	3	jmdict	いいえ
言い通す	包含	31 34	31	いいえ	一致	割れた	3	3	jmdict	いいえ
言い過ぎる	包含	19 31	31	いいえ	割れた	割れた	3	3	jmdict	はい
言付かる	包含	31	31 36	いいえ	割れた	割れた	3	3	jmdict	いいえ
計る	包含	19 30	19	いいえ	割れた	割れた	3	3	jmdict	はい
討ち入る	包含	35	15 35	いいえ	割れた	割れた	3	3	jmdict	いいえ
討ち漏らす	包含	15 34	34	いいえ	割れた	割れた	3	3	jmdict	いいえ
討つ	包含	35	35 57	いいえ	割れた	一致	3	3	jmdict	はい
託す	包含	36 37	36	いいえ	一致	一致	3	3	jmdict	はい
記す	包含	31 32	31	いいえ	一致	一致	3	3	jmdict	はい
記号で表す	包含	31 32	31	いいえ	一致	一致	3	3	jmdict	いいえ
訛る	包含	15 31	31	いいえ	割れた	一致	3	3	jmdict	いいえ
設ける	包含	15 38	12 15 38	いいえ	割れた	割れた	3	3	jmdict	はい
許す	包含	36	35 36	いいえ	一致	割れた	3	3	jmdict	はい
訴えかける	包含	31 35	31	いいえ	一致	割れた	3	3	jmdict	いいえ
詠ずる	包含	31 32	32	いいえ	割れた	割れた	3	3	jmdict	いいえ
詠み込む	包含	31 32	32	いいえ	割れた	一致	3	3	jmdict	いいえ
詠む	包含	31 32	32	いいえ	割れた	一致	3	3	jmdict	はい
試す	包含	30 34	34	いいえ	割れた	割れた	3	3	jmdict	はい
詰め切る	包含	15 34	15 19 34	いいえ	割れた	割れた	3	3	jmdict	いいえ
詰め合わせる	包含	15 37	15	いいえ	割れた	一致	3	3	jmdict	いいえ
詰め掛ける	包含	15 17	17	いいえ	割れた	割れた	3	3	jmdict	はい
詰め替える	包含	15 37	15	いいえ	割れた	一致	3	3	jmdict	はい
詰め込む	包含	15 19	15 19 30	いいえ	一致	割れた	3	3	jmdict	はい
誂える	包含	32 37	37	いいえ	一致	一致	3	3	jmdict	はい
誇る	包含	30	30 31	いいえ	一致	割れた	3	3	jmdict	はい
認める	包含	10 30	10 30 36	いいえ	割れた	一致	3	3	jmdict	はい
誑かす	包含	30 35	35	いいえ	一致	一致	3	3	jmdict	いいえ
誓い合う	包含	31 35	31 34 35	いいえ	割れた	割れた	3	3	jmdict	いいえ
誘いかける	包含	31 35	35	いいえ	割れた	一致	3	3	jmdict	いいえ
誘い出す	包含	35	15 35	いいえ	割れた	一致	3	3	jmdict	はい
誘い込む	包含	35	15 35	いいえ	割れた	割れた	3	3	jmdict	いいえ
語らしめる	包含	31 36	31	いいえ	割れた	割れた	3	3	jmdict	いいえ
語り明かす	包含	31	16 31	いいえ	一致	割れた	3	3	jmdict	いいえ
誤る	包含	10 34	10	いいえ	一致	割れた	3	3	jmdict	はい
説き分ける	包含	31	11 31	いいえ	一致	割れた	3	3	jmdict	いいえ
説き勧める	包含	31	31 35	いいえ	割れた	一致	3	3	jmdict	いいえ
説き示す	包含	31 36	31	いいえ	割れた	一致	3	3	jmdict	いいえ
説き聞かせる	包含	31 36	31	いいえ	割れた	割れた	3	3	jmdict	いいえ
読みきる	包含	30 31	31	いいえ	割れた	割れた	3	3	jmdict	はい
読みすぎる	包含	19	19 31	いいえ	割れた	割れた	3	3	jmdict	いいえ
読み直す	包含	15 31	31	いいえ	割れた	一致	3	3	jmdict	はい
読み聞かす	包含	31 33	31	いいえ	一致	一致	3	3	jmdict	いいえ
読み聞かせる	包含	31 33	31	いいえ	割れた	一致	3	3	jmdict	はい
読み落とす	包含	15 31	31	いいえ	割れた	割れた	3	3	jmdict	いいえ
読み込む	包含	30 31	15 30 31	いいえ	一致	割れた	3	3	jmdict	いいえ
読み返す	包含	15 31	31	いいえ	割れた	一致	3	3	jmdict	はい
読み過ごす	包含	15 31	31	いいえ	割れた	割れた	3	3	jmdict	いいえ
読み違う	包含	30	30 31	いいえ	一致	割れた	3	3	jmdict	いいえ
読み違える	包含	30	30 31	いいえ	割れた	一致	3	3	jmdict	いいえ
読み飛ばす	包含	15 31	31	いいえ	割れた	割れた	3	3	jmdict	いいえ
読める	包含	30 31	31	いいえ	割れた	割れた	3	3	jmdict	いいえ
課す	包含	36	34 36	いいえ	割れた	割れた	3	3	jmdict	はい
調べて置く	包含	30 34	30	いいえ	割れた	割れた	3	3	jmdict	いいえ
調べる	包含	30 34	30	いいえ	一致	一致	3	3	jmdict	はい
調べ出す	包含	30 34	30	いいえ	割れた	一致	3	3	jmdict	いいえ
諂う	包含	31 35	35	いいえ	割れた	割れた	3	3	jmdict	いいえ
談ずる	包含	31 35	31	いいえ	割れた	割れた	3	3	jmdict	いいえ
請け合う	包含	31 34	34	いいえ	割れた	一致	3	3	jmdict	はい
請ずる	包含	31	31 35	いいえ	割れた	割れた	3	3	jmdict	いいえ
論ずる	包含	30 31	31	いいえ	割れた	一致	3	3	jmdict	はい
諦める	包含	30 34	30	いいえ	割れた	一致	3	3	jmdict	はい
諳んずる	包含	30 31	31	いいえ	割れた	割れた	3	3	jmdict	いいえ
謀る	包含	30 34 35	30 34	いいえ	割れた	割れた	3	3	jmdict	はい
謝す	包含	31 35	35	いいえ	割れた	一致	3	3	jmdict	いいえ
謝る	包含	31 35	35	いいえ	一致	割れた	3	3	jmdict	はい
謡う	包含	31 32	32	いいえ	一致	一致	3	3	jmdict	いいえ
議す	包含	31 35	31	いいえ	割れた	割れた	3	3	jmdict	いいえ
譲る	包含	37	35 37	いいえ	割れた	一致	3	3	jmdict	はい
負かる	包含	34 35	34	いいえ	割れた	一致	3	3	jmdict	いいえ
負ける	包含	34 35	34	いいえ	一致	割れた	3	3	jmdict	はい
負ぶさる	包含	15 33	33	いいえ	割れた	割れた	3	3	jmdict	いいえ
負わす	包含	34 36	15 34 36	いいえ	一致	割れた	3	3	jmdict	いいえ
貪る	包含	30 33	33	いいえ	割れた	割れた	3	3	jmdict	はい
責め付ける	包含	35 36	35	いいえ	割れた	割れた	3	3	jmdict	いいえ
責め立てる	包含	35 36	35	いいえ	一致	一致	3	3	jmdict	いいえ
責め苛む	包含	35 36	35	いいえ	割れた	割れた	3	3	jmdict	いいえ
責め落とす	包含	34 35 36	35	いいえ	割れた	割れた	3	3	jmdict	いいえ
貯まる	包含	19 37	19	いいえ	一致	割れた	3	3	jmdict	いいえ
貯める	包含	37	19 37	いいえ	一致	一致	3	3	jmdict	いいえ
貶す	包含	31 36	36	いいえ	一致	割れた	3	3	jmdict	はい
買い与える	包含	37	35 37	いいえ	一致	割れた	3	3	jmdict	いいえ
買い出す	包含	37	15 37	いいえ	割れた	一致	3	3	jmdict	いいえ
買い換える	包含	37	15 37	いいえ	割れた	一致	3	3	jmdict	いいえ
買う	包含	37	35 37	いいえ	一致	割れた	3	3	jmdict	はい
費やす	包含	19 37	16 19 37	いいえ	割れた	割れた	3	3	jmdict	はい
貼り込む	包含	15 33	15	いいえ	割れた	一致	3	3	jmdict	いいえ
賄う	包含	37 38	37	いいえ	割れた	割れた	3	3	jmdict	はい
賑わす	包含	15 35	13 15 35	いいえ	割れた	割れた	3	3	jmdict	いいえ
賑わせる	包含	15	15 35	いいえ	割れた	割れた	3	3	jmdict	いいえ
賜る	包含	37	36 37	いいえ	一致	割れた	3	3	jmdict	いいえ
質す	包含	31 34	31	いいえ	割れた	一致	3	3	jmdict	いいえ
賭ける	包含	34 37	37	いいえ	一致	一致	3	3	jmdict	はい
賭す	包含	34 37	34	いいえ	割れた	割れた	3	3	jmdict	いいえ
赤茶ける	包含	15 50	15	いいえ	一致	割れた	3	3	jmdict	はい
走りすぎる	包含	15	15 16	いいえ	割れた	割れた	3	3	jmdict	いいえ
走り出す	包含	15 33	15	いいえ	一致	一致	3	3	jmdict	はい
走り回る	包含	15 33	15 17 33	いいえ	割れた	割れた	3	3	jmdict	はい
走り抜く	包含	15 33	15	いいえ	割れた	一致	3	3	jmdict	いいえ
走り続ける	包含	15 33	15	いいえ	割れた	割れた	3	3	jmdict	いいえ
走り込む	包含	15 33	15	いいえ	一致	割れた	3	3	jmdict	いいえ
起き直る	包含	15 33	15	いいえ	一致	割れた	3	3	jmdict	いいえ
起こす	包含	15	15 38 56	いいえ	割れた	割れた	3	3	jmdict	はい
越える	包含	15 17	15 17 19	いいえ	一致	割れた	3	3	jmdict	はい
越す	包含	15 17	15 17 19	いいえ	一致	割れた	3	3	jmdict	はい
足す	包含	19	15 19	いいえ	割れた	一致	3	3	jmdict	はい
跨ぐ	包含	15 17	15 16 17	いいえ	一致	割れた	3	3	jmdict	はい
跨る	包含	15 17	17	いいえ	一致	割れた	2	3	jmdict	はい
跳ねる	包含	15 33	15	いいえ	割れた	割れた	3	3	jmdict	はい
跳ね上げる	包含	15	15 19	いいえ	一致	割れた	3	3	jmdict	いいえ
跳ね出る	包含	15	15 17	いいえ	割れた	一致	3	3	jmdict	いいえ
跳ね回る	包含	15 33	15	いいえ	割れた	割れた	3	3	jmdict	いいえ
跳ね掛ける	包含	15	15 51	いいえ	割れた	割れた	3	3	jmdict	いいえ
跳ね返す	包含	15	14 15	いいえ	割れた	割れた	3	3	jmdict	いいえ
踊らす	包含	36	15 36	いいえ	割れた	割れた	3	3	jmdict	いいえ
踊らせる	包含	36	15 36	いいえ	割れた	割れた	3	3	jmdict	いいえ
踊り明かす	包含	33	16 33	いいえ	割れた	一致	3	3	jmdict	いいえ
踏まえる	包含	30 34	30	いいえ	一致	割れた	3	3	jmdict	はい
踏みしだく	包含	15 34	15	いいえ	一致	割れた	3	3	jmdict	いいえ
踏みしめる	包含	15 33	15	いいえ	一致	一致	3	3	jmdict	いいえ
踏みつける	包含	15 34	15	いいえ	割れた	割れた	3	3	jmdict	いいえ
踏みならす	包含	15 33	15	いいえ	一致	割れた	3	3	jmdict	いいえ
踏みにじる	包含	15 34 35	15 35	いいえ	割れた	割れた	3	3	jmdict	いいえ
踏み替える	包含	15	15 33	いいえ	割れた	割れた	3	3	jmdict	いいえ
踏み歩く	包含	33	15 33	いいえ	割れた	一致	3	3	jmdict	いいえ
踏み殺す	包含	15 34 57	15 57	いいえ	割れた	一致	3	3	jmdict	いいえ
踏み消す	包含	15	15 51	いいえ	一致	一致	3	3	jmdict	いいえ
踏み荒らす	包含	15 34	15	いいえ	割れた	一致	3	3	jmdict	いいえ
踏み込む	包含	15 17 34	15 17	いいえ	一致	割れた	3	3	jmdict	はい
踏んづける	包含	15 34	15	いいえ	割れた	割れた	3	3	jmdict	いいえ
蹴っ飛ばす	包含	15 34	15	いいえ	割れた	割れた	3	3	jmdict	いいえ
蹴り入れる	包含	15 34	15	いいえ	一致	割れた	3	3	jmdict	いいえ
蹴り出す	包含	15 34	15	いいえ	割れた	割れた	3	3	jmdict	いいえ
蹴り込む	包含	15 34	15	いいえ	一致	一致	3	3	jmdict	いいえ
蹴り返す	包含	15 35	15	いいえ	一致	割れた	3	3	jmdict	いいえ
蹴倒す	包含	15 34	15	いいえ	一致	一致	3	3	jmdict	いいえ
蹴散らす	包含	15	15 35	いいえ	割れた	割れた	3	3	jmdict	いいえ
蹴破る	包含	15 34	15	いいえ	割れた	一致	3	3	jmdict	いいえ
蹴立てる	包含	15 36	15	いいえ	一致	割れた	3	3	jmdict	いいえ
蹴落とす	包含	15 34 35	15 35	いいえ	割れた	一致	3	3	jmdict	いいえ
蹴飛ばす	包含	15 34	15	いいえ	割れた	一致	3	3	jmdict	いいえ
躄る	包含	33	15 33	いいえ	割れた	割れた	3	3	jmdict	いいえ
躍らす	包含	15 33	15 30 33	いいえ	一致	割れた	3	3	jmdict	いいえ
躍らせる	包含	15 33	15 30 33	いいえ	一致	割れた	3	3	jmdict	いいえ
躍り出る	包含	15	15 17	いいえ	割れた	割れた	3	3	jmdict	いいえ
躍る	包含	33	15 30 33	いいえ	一致	割れた	3	3	jmdict	はい
躙る	包含	15 34	15	いいえ	割れた	割れた	3	3	jmdict	いいえ
身じろぐ	包含	33	33 56	いいえ	一致	一致	3	3	jmdict	いいえ
身を慎む	包含	33 34	34	いいえ	割れた	一致	3	3	jmdict	いいえ
身構える	包含	33 34	33	いいえ	一致	割れた	3	3	jmdict	いいえ
躱す	包含	15 34	15	いいえ	割れた	割れた	3	3	jmdict	いいえ
転がり出る	包含	15 17	15	いいえ	割れた	割れた	3	3	jmdict	いいえ
転がり落ちる	包含	15 17	15	いいえ	割れた	割れた	3	3	jmdict	いいえ
転げまわる	包含	15 17	15	いいえ	割れた	割れた	3	3	jmdict	いいえ
転げ落ちる	包含	15 17	15	いいえ	割れた	割れた	3	3	jmdict	はい
転げ込む	包含	15 17	15 17 37	いいえ	一致	割れた	3	3	jmdict	いいえ
軽しめる	包含	30 36	30	いいえ	割れた	割れた	3	3	jmdict	いいえ
軽んじる	包含	30 36	30	いいえ	割れた	一致	3	3	jmdict	はい
軽んずる	包含	30 36	30	いいえ	一致	一致	3	3	jmdict	いいえ
輝かす	包含	15 50	15	いいえ	一致	割れた	3	3	jmdict	はい
輪姦す	包含	34 35	35	いいえ	割れた	割れた	3	3	jmdict	いいえ
辞す	包含	34	15 34	いいえ	一致	割れた	3	3	jmdict	はい
辞めさせる	包含	34	34 36	いいえ	割れた	割れた	3	3	jmdict	いいえ
込む	包含	15 17	15 17 19	いいえ	割れた	割れた	3	3	jmdict	はい
辿る	包含	15 17	17	いいえ	一致	割れた	3	3	jmdict	はい
迎える	包含	35	16 35	いいえ	割れた	一致	3	3	jmdict	はい
近づく	包含	17	16 17	いいえ	割れた	割れた	3	3	jmdict	はい
近寄せる	包含	15 17	17	いいえ	割れた	割れた	3	3	jmdict	はい
返る	包含	15	15 17	いいえ	割れた	割れた	3	3	jmdict	はい
迫り来る	包含	15 17	15 16 17	いいえ	一致	割れた	3	3	jmdict	いいえ
迸しり出る	包含	15	15 51	いいえ	割れた	割れた	3	3	jmdict	いいえ
追いかける	包含	15 34	15	いいえ	割れた	割れた	3	3	jmdict	はい
追いまくる	包含	15 35	15	いいえ	割れた	割れた	3	3	jmdict	いいえ
追い回す	包含	15 35	15	いいえ	割れた	割れた	3	3	jmdict	はい
追い落とす	包含	15 34 36	15 36	いいえ	割れた	割れた	3	3	jmdict	はい
追い詰める	包含	15 35	14 15 35	いいえ	割れた	割れた	3	3	jmdict	はい
追う	包含	15 34	15	いいえ	割れた	割れた	3	3	jmdict	はい
追っかける	包含	15 34	15	いいえ	割れた	一致	3	3	jmdict	はい
追ん出す	包含	15	15 36	いいえ	割れた	一致	3	3	jmdict	いいえ
追ん出る	包含	15	15 36	いいえ	割れた	割れた	3	3	jmdict	いいえ
退ける	包含	15 34	15 34 35	いいえ	割れた	割れた	3	3	jmdict	はい
退治る	包含	34	15 34	いいえ	割れた	割れた	3	3	jmdict	いいえ
送りつける	包含	15 37	15	いいえ	割れた	割れた	3	3	jmdict	はい
送り出す	包含	15	15 35	いいえ	割れた	割れた	3	3	jmdict	はい
送り合う	包含	35	15 35	いいえ	割れた	割れた	3	3	jmdict	いいえ
送り届ける	包含	15 17	15	いいえ	割れた	割れた	3	3	jmdict	はい
逃げる	包含	15 34	15	いいえ	一致	一致	3	3	jmdict	はい
逃げ出す	包含	15 34	15	いいえ	一致	一致	3	3	jmdict	はい
逃げ去る	包含	15 34	15	いいえ	一致	一致	3	3	jmdict	いいえ
逃げ回る	包含	15 34	15	いいえ	割れた	一致	3	3	jmdict	はい
逃げ惑う	包含	15 34	15	いいえ	割れた	割れた	3	3	jmdict	はい
逃げ散る	包含	15 34	15	いいえ	割れた	一致	3	3	jmdict	いいえ
逃げ走る	包含	15 34	15	いいえ	一致	割れた	3	3	jmdict	いいえ
逃げ隠れる	包含	15 34	15	いいえ	割れた	割れた	3	3	jmdict	いいえ
逃れ出る	包含	15 34	15	いいえ	一致	割れた	3	3	jmdict	いいえ
逆上せる	包含	30	30 56	いいえ	一致	一致	3	3	jmdict	はい
逆立つ	包含	15	15 56	いいえ	割れた	割れた	3	3	jmdict	いいえ
逆立てる	包含	15	15 56	いいえ	割れた	割れた	3	3	jmdict	いいえ
透かす	包含	15	15 17	いいえ	一致	割れた	3	3	jmdict	いいえ
途切れる	包含	15 16	15	いいえ	割れた	割れた	3	3	jmdict	はい
這いずり回る	包含	15 33	15	いいえ	割れた	割れた	3	3	jmdict	いいえ
這い上がる	包含	15 17 34	15 17	いいえ	割れた	割れた	3	3	jmdict	いいえ
這い出る	包含	15 17 33	15 17	いいえ	割れた	一致	3	3	jmdict	いいえ
這い回る	包含	15 17 33	15 17	いいえ	割れた	割れた	3	3	jmdict	いいえ
通いつめる	包含	15 17 33	17	いいえ	割れた	割れた	3	3	jmdict	いいえ
通じ合う	包含	31 35	11 31 35	いいえ	一致	割れた	3	3	jmdict	はい
通す	包含	15 17	15 17 34	いいえ	割れた	一致	3	3	jmdict	はい
通ずる	包含	11 31	11 17 31	いいえ	一致	割れた	3	3	jmdict	いいえ
通ぶる	包含	33	30 33	いいえ	割れた	割れた	3	3	jmdict	いいえ
通りすがる	包含	15 17	17	いいえ	一致	割れた	3	3	jmdict	いいえ
通り合わせる	包含	15 35	35	いいえ	割れた	割れた	3	3	jmdict	いいえ
通る	包含	15 17	15 17 31 34	いいえ	一致	割れた	3	3	jmdict	はい
連ねる	包含	15 17	15 17 31	いいえ	一致	割れた	3	3	jmdict	はい
連れ戻す	包含	15 17	15	いいえ	一致	割れた	3	3	jmdict	いいえ
連れ添う	包含	33 35	35	いいえ	一致	割れた	3	3	jmdict	はい
進める	包含	15 16 34	15 16	いいえ	割れた	割れた	3	3	jmdict	はい
逸す	包含	34	17 34	いいえ	割れた	割れた	3	3	jmdict	いいえ
逸る	包含	30	16 30	いいえ	一致	割れた	3	3	jmdict	いいえ
逸れる	包含	15 17	17	いいえ	一致	割れた	3	3	jmdict	はい
遂げる	包含	34	15 34 57	いいえ	一致	割れた	3	3	jmdict	はい
遊ばす	包含	15 33	33	いいえ	割れた	割れた	3	3	jmdict	はい
遊びまわる	包含	33	17 33	いいえ	一致	割れた	3	3	jmdict	いいえ
遊び歩く	包含	33	17 33	いいえ	割れた	割れた	3	3	jmdict	いいえ
遊び疲れる	包含	33	33 56	いいえ	割れた	一致	3	3	jmdict	いいえ
運び出す	包含	15 17	15	いいえ	割れた	割れた	3	3	jmdict	はい
運び去る	包含	15 17	15	いいえ	一致	一致	3	3	jmdict	いいえ
運命づける	包含	11 15	11	いいえ	割れた	割れた	3	3	jmdict	いいえ
過ぎる	包含	15 16	15 16 19	いいえ	割れた	割れた	3	3	jmdict	はい
道化る	包含	33 34	33	いいえ	割れた	一致	3	3	jmdict	いいえ
達す	包含	15 34	15 17 19 34	いいえ	割れた	割れた	3	3	jmdict	いいえ
違う	包含	11	10 11	いいえ	一致	一致	3	3	jmdict	はい
遠ざかる	包含	17	15 17	いいえ	割れた	一致	3	3	jmdict	はい
遡る	包含	15 17	15 16 17	いいえ	割れた	一致	3	3	jmdict	はい
遣っ付ける	包含	15 34	15 34 35	いいえ	一致	割れた	3	3	jmdict	はい
遣り熟す	包含	34 38	34	いいえ	割れた	一致	3	3	jmdict	いいえ
遣り通す	包含	15 34	34	いいえ	割れた	一致	3	3	jmdict	いいえ
適う	包含	11 13	13	いいえ	割れた	割れた	3	3	jmdict	いいえ
遮る	包含	15 35	15	いいえ	割れた	割れた	3	3	jmdict	はい
選り出す	包含	15 34	34	いいえ	一致	割れた	3	3	jmdict	いいえ
選り抜く	包含	34	30 34	いいえ	割れた	割れた	3	3	jmdict	いいえ
選る	包含	15 34	34	いいえ	割れた	一致	3	3	jmdict	はい
遺す	包含	37	15 37	いいえ	割れた	割れた	3	3	jmdict	いいえ
避ける	包含	15 34	15	いいえ	割れた	割れた	3	3	jmdict	はい
酌み交わす	包含	35	33 35	いいえ	割れた	割れた	3	3	jmdict	いいえ
酔いしれる	包含	30	30 57	いいえ	割れた	割れた	3	3	jmdict	いいえ
酔わせる	包含	15 30	15 30 56	いいえ	割れた	割れた	3	3	jmdict	いいえ
醸し出す	包含	15 32	15	いいえ	一致	割れた	3	3	jmdict	はい
醸す	包含	15	15 51	いいえ	割れた	割れた	3	3	jmdict	いいえ
重なる	包含	15 17	11 15 16 17	いいえ	割れた	割れた	3	3	jmdict	はい
重ねる	包含	15	15 19	いいえ	一致	割れた	3	3	jmdict	はい
重ね合う	包含	15	11 15	いいえ	割れた	割れた	3	3	jmdict	いいえ
重ね合わせる	包含	15	11 15	いいえ	割れた	割れた	3	3	jmdict	いいえ
重んじる	包含	30 36	30	いいえ	一致	一致	3	3	jmdict	はい
重んずる	包含	30 36	30	いいえ	割れた	一致	3	3	jmdict	はい
釣り上がる	包含	15	15 19	いいえ	一致	割れた	3	3	jmdict	いいえ
釣り上げる	包含	15	15 37	いいえ	割れた	割れた	3	3	jmdict	いいえ
釣り合う	包含	11 13	13	いいえ	一致	割れた	3	3	jmdict	はい
釣り込む	包含	15 35	35	いいえ	割れた	一致	3	3	jmdict	いいえ
鈍す	包含	13 15	15	いいえ	一致	割れた	3	3	jmdict	いいえ
鈍らす	包含	13 15	15	いいえ	一致	割れた	3	3	jmdict	はい
鉢合わせる	包含	15 35	35	いいえ	一致	一致	3	3	jmdict	いいえ
鍛え上げる	包含	15 38	15	いいえ	割れた	割れた	3	3	jmdict	いいえ
長ける	包含	13 34	13	いいえ	割れた	割れた	3	3	jmdict	いいえ
長すぎる	包含	13 19	19	いいえ	一致	一致	3	3	jmdict	いいえ
長引く	包含	15 16	16	いいえ	割れた	一致	3	3	jmdict	はい
閃かす	包含	30	30 51	いいえ	割れた	割れた	3	3	jmdict	いいえ
閃く	包含	30	30 50	いいえ	一致	一致	3	3	jmdict	はい
閉ざす	包含	15	15 30	いいえ	一致	割れた	3	3	jmdict	はい
閊える	包含	15	13 15	いいえ	割れた	割れた	3	3	jmdict	はい
開き直る	包含	30 34	30	いいえ	割れた	割れた	3	3	jmdict	はい
開く	包含	15	15 38	いいえ	一致	割れた	3	3	jmdict	はい
開け広げる	包含	15	15 17	いいえ	一致	一致	3	3	jmdict	いいえ
開け払う	包含	15	15 17	いいえ	割れた	割れた	3	3	jmdict	いいえ
間に合う	包含	13 16	16	いいえ	一致	割れた	3	3	jmdict	はい
間違う	包含	10 30	10	いいえ	一致	一致	3	3	jmdict	はい
関係づける	包含	11 15	11	いいえ	割れた	一致	3	3	jmdict	いいえ
関連付ける	包含	11 15	11	いいえ	割れた	一致	3	3	jmdict	いいえ
降りかかる	包含	15 17	15	いいえ	割れた	割れた	3	3	jmdict	いいえ
降りる	包含	15 17	15 17 34	いいえ	一致	一致	3	3	jmdict	はい
陣取る	包含	17 36	17	いいえ	割れた	一致	3	3	jmdict	はい
隈取る	包含	32 33	32	いいえ	割れた	割れた	3	3	jmdict	いいえ
隔てる	包含	15 17	17	いいえ	割れた	割れた	3	3	jmdict	はい
際立つ	包含	13 15	13	いいえ	割れた	一致	3	3	jmdict	はい
障子貼る	包含	33 38	33	いいえ	割れた	割れた	3	3	jmdict	いいえ
隠し持つ	包含	37	33 37	いいえ	割れた	割れた	3	3	jmdict	いいえ
隠れ住む	包含	33	12 33	いいえ	一致	割れた	3	3	jmdict	いいえ
隣り合う	包含	11 17	17	いいえ	一致	割れた	3	3	jmdict	はい
集まる	包含	15 35	15	いいえ	一致	割れた	3	3	jmdict	はい
集め始める	包含	15 19	15	いいえ	割れた	割れた	3	3	jmdict	いいえ
雇い入れる	包含	36 38	38	いいえ	一致	一致	3	3	jmdict	いいえ
雇う	包含	36 38	38	いいえ	一致	一致	3	3	jmdict	はい
離れる	包含	15 17	11 15 17	いいえ	一致	割れた	3	3	jmdict	はい
難ずる	包含	31	31 35	いいえ	割れた	一致	3	3	jmdict	いいえ
零す	包含	15	15 31	いいえ	一致	割れた	3	3	jmdict	はい
零れだす	包含	15	15 19	いいえ	割れた	割れた	3	3	jmdict	いいえ
零れる	包含	15	15 19	いいえ	割れた	割れた	3	3	jmdict	はい
震わせる	包含	15	15 56	いいえ	割れた	割れた	3	3	jmdict	いいえ
霞む	包含	50	50 56	いいえ	割れた	割れた	3	3	jmdict	はい
静まり返る	包含	15 50	15	いいえ	割れた	割れた	3	3	jmdict	はい
静まる	包含	15	13 15	いいえ	割れた	割れた	3	3	jmdict	はい
靡かす	包含	15	15 35	いいえ	割れた	割れた	3	3	jmdict	いいえ
靡く	包含	15	15 35 50	いいえ	割れた	割れた	3	3	jmdict	はい
鞣す	包含	38	15 38	いいえ	一致	割れた	3	3	jmdict	いいえ
鞭打つ	包含	15 36	15	いいえ	一致	割れた	3	3	jmdict	いいえ
響かせる	包含	15 31	15	いいえ	割れた	割れた	3	3	jmdict	いいえ
頂く	包含	37	33 37	いいえ	一致	割れた	3	3	jmdict	はい
項垂れる	包含	33	30 33	いいえ	割れた	割れた	3	3	jmdict	いいえ
頑張る	包含	34	14 34	いいえ	一致	割れた	3	3	jmdict	はい
頼み入る	包含	35	31 35	いいえ	割れた	一致	3	3	jmdict	いいえ
額ずく	包含	33 36	33	いいえ	一致	一致	3	3	jmdict	いいえ
願い出る	包含	31 34	31	いいえ	一致	一致	3	3	jmdict	はい
願う	包含	30	30 31	いいえ	一致	割れた	3	3	jmdict	はい
顰める	包含	33 56	33	いいえ	割れた	割れた	3	3	jmdict	いいえ
風巻く	包含	50	50 51	いいえ	割れた	割れた	3	3	jmdict	いいえ
飛ばす	包含	15 17	15	いいえ	割れた	割れた	3	3	jmdict	はい
飛びすぎる	包含	15	15 19	いいえ	割れた	一致	3	3	jmdict	いいえ
飛びつく	包含	15 34	15	いいえ	一致	割れた	3	3	jmdict	いいえ
飛び上がる	包含	15 33	15	いいえ	割れた	割れた	3	3	jmdict	はい
飛び乗る	包含	15 17	15	いいえ	一致	割れた	3	3	jmdict	はい
飛び交う	包含	15 17	15 17 31	いいえ	一致	割れた	3	3	jmdict	はい
飛び散る	包含	15 17	15	いいえ	一致	一致	3	3	jmdict	はい
飛び翔る	包含	15 17	15	いいえ	一致	割れた	3	3	jmdict	いいえ
飛び起きる	包含	15 33	15	いいえ	一致	割れた	3	3	jmdict	はい
飛び跳ねる	包含	15 33	15	いいえ	割れた	割れた	3	3	jmdict	いいえ
飛び違う	包含	15 17	17	いいえ	割れた	割れた	3	3	jmdict	いいえ
食いちぎる	包含	15 33	15	いいえ	一致	割れた	3	3	jmdict	いいえ
食いつぶす	包含	37	15 19 37	いいえ	割れた	割れた	3	3	jmdict	いいえ
食い下がる	包含	34 35	35	いいえ	割れた	割れた	3	3	jmdict	はい
食い倒す	包含	37	33 37	いいえ	割れた	割れた	3	3	jmdict	いいえ
食い入る	包含	15	15 30	いいえ	割れた	割れた	3	3	jmdict	はい
食い切る	包含	15 33	15	いいえ	割れた	割れた	3	3	jmdict	いいえ
食い合う	包含	35	35 56	いいえ	一致	割れた	3	3	jmdict	いいえ
食い合わす	包含	35	15 35	いいえ	割れた	割れた	3	3	jmdict	いいえ
食い散らす	包含	15 33	33	いいえ	一致	割れた	3	3	jmdict	いいえ
食い止める	包含	15 34	15	いいえ	一致	一致	3	3	jmdict	はい
食い残す	包含	15 33	33	いいえ	割れた	割れた	3	3	jmdict	いいえ
食い殺す	包含	15 34 57	15 57	いいえ	割れた	割れた	3	3	jmdict	いいえ
食い破る	包含	15	15 56	いいえ	割れた	割れた	3	3	jmdict	いいえ
食い繋ぐ	包含	33 37	33	いいえ	一致	割れた	3	3	jmdict	いいえ
食い荒らす	包含	15 33	15	いいえ	割れた	割れた	3	3	jmdict	いいえ
食い詰める	包含	33 37	33	いいえ	割れた	割れた	3	3	jmdict	いいえ
食い違う	包含	11 15	11	いいえ	一致	一致	3	3	jmdict	はい
食い齧る	包含	33	33 56	いいえ	一致	割れた	2	3	jmdict	いいえ
食べ尽くす	包含	33	19 33	いいえ	割れた	割れた	3	3	jmdict	いいえ
食べ歩く	包含	33	17 33	いいえ	割れた	割れた	3	3	jmdict	いいえ
食べ残す	包含	33	15 33	いいえ	割れた	割れた	3	3	jmdict	はい
食べ汚す	包含	15 33	33	いいえ	一致	一致	3	3	jmdict	いいえ
食らわせる	包含	15 35	15 33 35	いいえ	割れた	割れた	3	3	jmdict	いいえ
食わせる	包含	33	33 35 57	いいえ	割れた	割れた	3	3	jmdict	いいえ
飢え凍える	包含	57	51 57	いいえ	一致	割れた	3	3	jmdict	いいえ
飲まれる	包含	30	15 30	いいえ	割れた	割れた	3	3	jmdict	いいえ
飲みかける	包含	15 33	15	いいえ	割れた	割れた	3	3	jmdict	いいえ
飲みすぎる	包含	19 33	19	いいえ	一致	割れた	3	3	jmdict	いいえ
飲みなおす	包含	15 33	33	いいえ	一致	割れた	3	3	jmdict	いいえ
飲み付ける	包含	15 33	33	いいえ	一致	割れた	3	3	jmdict	いいえ
飲み回る	包含	33	15 33	いいえ	割れた	割れた	3	3	jmdict	はい
飲み始める	包含	15 33	15	いいえ	一致	割れた	3	3	jmdict	いいえ
飲み歩く	包含	33	15 33	いいえ	一致	割れた	3	3	jmdict	いいえ
飼う	包含	33 38	33	いいえ	一致	割れた	3	3	jmdict	はい
飽き足りる	包含	19 30	30	いいえ	割れた	割れた	3	3	jmdict	いいえ
飾り立てる	包含	32 33	32	いいえ	割れた	割れた	3	3	jmdict	いいえ
首切る	包含	36	15 36 56	いいえ	割れた	割れた	3	3	jmdict	いいえ
馳せ参じる	包含	15 34 35	15 35	いいえ	割れた	一致	3	3	jmdict	いいえ
馴染ませる	包含	15	13 15	いいえ	割れた	割れた	3	3	jmdict	いいえ
馴染む	包含	13 35	13	いいえ	一致	割れた	3	3	jmdict	はい
駆ける	包含	15	15 17	いいえ	割れた	割れた	3	3	jmdict	はい
駆け出す	包含	15 34	15	いいえ	割れた	割れた	3	3	jmdict	はい
駆け回る	包含	15 17	15	いいえ	一致	割れた	3	3	jmdict	はい
駆られる	包含	14 30	30	いいえ	割れた	一致	3	3	jmdict	いいえ
駆り集める	包含	15 36	15	いいえ	割れた	一致	3	3	jmdict	いいえ
騒がせる	包含	31 35	35	いいえ	割れた	割れた	3	3	jmdict	いいえ
騒がれる	包含	31 35	35	いいえ	一致	割れた	3	3	jmdict	いいえ
騒く	包含	31 33	33	いいえ	一致	一致	3	3	jmdict	いいえ
騒ぐ	包含	30 31 33	33	いいえ	割れた	割れた	3	3	jmdict	はい
騙くらかす	包含	35	10 35	いいえ	一致	割れた	3	3	jmdict	いいえ
骨折る	包含	33 34	34	いいえ	割れた	割れた	3	3	jmdict	いいえ
高すぎる	包含	13 19	19	いいえ	一致	割れた	3	3	jmdict	いいえ
高める	包含	15 19	15	いいえ	一致	割れた	3	3	jmdict	はい
魅せる	包含	30 32	30	いいえ	割れた	割れた	3	3	jmdict	いいえ
魘される	包含	30 57	30	いいえ	一致	一致	3	3	jmdict	いいえ
魘われる	包含	30 57	30	いいえ	割れた	割れた	3	3	jmdict	いいえ
鯱張る	包含	33	13 33 56	いいえ	割れた	割れた	3	3	jmdict	いいえ
鳴らす	包含	15 50	15	いいえ	一致	割れた	3	3	jmdict	はい
黄ばむ	包含	15	15 51	いいえ	割れた	割れた	3	3	jmdict	はい
黒む	包含	15 50	15	いいえ	一致	割れた	3	3	jmdict	いいえ
黒める	包含	15	15 51	いいえ	一致	割れた	3	3	jmdict	いいえ
黙す	包含	31 33	31	いいえ	割れた	一致	3	3	jmdict	いいえ
黙りこくる	包含	31 33	31	いいえ	割れた	一致	3	3	jmdict	いいえ
黙る	包含	31 33	31	いいえ	一致	一致	3	3	jmdict	はい
鼓す	包含	30 31	30	いいえ	割れた	一致	3	3	jmdict	いいえ
齎す	包含	15	11 15	いいえ	一致	一致	3	3	jmdict	はい
