word	kept	dropped	passes	tier
あざ笑う	35	30	35 | 30 35 | 35	jmdict
あぶり出す	15	30	15 | 15 | 15 30	jmdict
あり合わせる	19 34	13	13 | 19 34 | 19 34	jmdict
いい子ぶる	33	34	33 | 34 | 33	jmdict
いかす	34 57	15	34 57 | 15 34 | 34 57	jmdict
いきり勃つ	56 57	30	56 57 | 30 | 56 57	jmdict
いじめ抜く	35	15	35 | 35 | 15 35	jmdict
いじり回す	15	33	15 | 15 33 | 15	jmdict
いぶし出す	15	35 51	15 51 | 15 35 | 15	jmdict
うじゃける	15	50 51 57	15 57 | 15 50 | 15 51	jmdict
うつ伏せる	33	56	33 | 33 56 | 33	jmdict
えぐり出す	15	30	15 30 | 15 | 15	jmdict
おだつ	30	33	30 | 30 | 30 33	jmdict
おっ立つ	33	56	33 | 33 | 33 56	jmdict
お出でなさる	12 17	15	12 17 | 15 17 | 12 17	jmdict
かき上げる	15 33	32 56	15 56 | 15 33 | 15 32 33	jmdict
かき出す	15	31	15 | 15 | 15 31	jmdict
かき合わせる	15	11 33	15 33 | 15 | 11 15	jmdict
かき寄せる	15	17	15 17 | 15 | 15	jmdict
かき撫でる	33 56	15	56 | 33 56 | 15 33	jmdict
かき曇る	50	30 51	30 51 | 50 | 50	jmdict
かき消す	15	31	15 31 | 15 | 15	jmdict
かき起こす	15 51	31 56	15 31 | 15 51 | 15 51 56	jmdict
かき込む	33	31 56	33 | 31 56 | 33	jmdict
かき集める	15	37	15 | 15 | 15 37	jmdict
かき鳴らす	32	15	32 | 32 | 15 32	jmdict
かち上げる	15	35	15 | 15 | 15 35	jmdict
かっ飛ばす	15	14	14 15 | 15 | 15	jmdict
かなぐり捨てる	15	34	15 | 15 | 15 34	jmdict
かみ合わせる	11 15	13	11 15 | 13 15 | 11 15	jmdict
がさつく	33 50	15	33 50 | 33 | 15 50	jmdict
がたつく	15	50	15 50 | 15 | 15	jmdict
がなり立てる	31	35	31 35 | 31 | 31	jmdict
がぶる	56	33	56 | 33 | 56	jmdict
くぐもる	31	13	31 | 13 31 | 31	jmdict
くたばる	57	33	57 | 57 | 33 57	jmdict
くらい込む	15	16 17 19	15 17 | 15 | 15 16 19	jmdict
くり下がる	16	15 19	15 16 | 16 | 16 19	jmdict
ぐら付く	15	13 30	13 15 | 15 | 15 30	jmdict
けつかる	35	34	35 | 34 | 35	jmdict
こき下ろす	31 35	36	31 36 | 31 35 | 31 35	jmdict
こき使う	36	38	36 | 36 38 | 36	jmdict
こき落とす	15	31	15 | 31 | 15	jmdict
こぎ着ける	34	15	34 | 34 | 15 34	jmdict
こじ入れる	15 17	14	15 17 | 14 15 | 15 17	jmdict
こすみつける	15	35	15 | 15 | 15 35	jmdict
こすり合わせる	15	11	15 | 11 15 | 15	jmdict
こせつく		13 30 34	13 | 30 | 34	jmdict
こね回す	15 30	31	15 30 | 15 30 31 | 15	jmdict
こびり付く	15	17	15 | 15 | 15 17	jmdict
こぼれ落ちる	15	17	15 | 15 17 | 15	jmdict
こみ上げる	15 30	57	15 30 57 | 15 30 | 15 30	jmdict
ごちゃつく	13	15	13 15 | 13 | 13	jmdict
ごった返す	13	12	13 | 13 | 12	jmdict
ごてつく	13	15	13 15 | 13 | 13	jmdict
ごろつく	33	15	33 | 33 | 15 33	jmdict
さざめく	31	50	31 | 31 50 | 31	jmdict
さす	15 17 33 50	52	15 17 33 52 | 15 17 33 50 | 15 17 33 50	jmdict
させる		11 14 36	14 | 36 | 11	jmdict
さて置く	15	16	15 16 | 15 | 15	jmdict
さらけ出す	31	15	15 | 31 | 31	jmdict
さらす	15	31	15 | 15 | 15 31	jmdict
ざらつく	13	51	13 | 13 51 | 13	jmdict
しがみ付く	15	33	15 33 | 15 | 15	jmdict
したる	51	15	51 | 51 | 15	jmdict
して遣る	34	35	34 | 34 | 34 35	jmdict
しとく	34	15 16	16 34 | 15 | 34	jmdict
しな垂れる	15	33 56	15 | 15 33 | 56	jmdict
しばく	15	35	35 | 15 | 15	jmdict
しまい込む	15	17	15 17 | 15 | 15	jmdict
しみったれる	37	19 30	30 37 | 37 | 19	jmdict
しみ出る	15 51	12	15 51 | 12 | 15 51	jmdict
しめる	15 19	36 51 56	15 19 | 15 | 15 19 36 51 56	jmdict
しゃくり上げる	56	30	30 56 | 56 | 56	jmdict
しゃしゃり出る	35	15 17	17 35 | 15 35 | 35	jmdict
しゃぶり付く	56	15	15 56 | 56 | 56	jmdict
しょっ引く	36	15	36 | 15 36 | 36	jmdict
し兼ねる	13	34	13 | 13 34 | 13	jmdict
し出す	15	38	15 38 | 15 | 15	jmdict
し続ける	15	16	15 | 16 | 15	jmdict
し過ぎる	19	15	19 | 19 | 15 19	jmdict
じっと見返す	30	33 35	30 35 | 33 | 30	jmdict
じゃら付く	50	33	50 | 33 | 50	jmdict
じゃれ付く	35	33	35 | 35 | 33 35	jmdict
じゃれ合う	35	33	35 | 35 | 33 35	jmdict
すくい上げる	15	17 34	15 17 | 15 34 | 15	jmdict
すくい出す	15	34	15 | 15 34 | 15	jmdict
すくみ上がる	30 56	15	15 30 | 30 56 | 30 56	jmdict
すすり上げる	56	15 30	15 30 56 | 56 | 56	jmdict
すすり込む		15 33 56 57	57 | 33 | 15 56	jmdict
すっこける	15	33 34	15 | 15 33 | 15 34	jmdict
すっぱ抜く	31	34	31 34 | 31 | 31	jmdict
すっぽ抜ける	15	17	15 | 15 17 | 15	jmdict
すっ飛ばす	15 16	14 17	15 16 17 | 14 15 16 | 15 16	jmdict
すり寄せる	11 15	17	11 15 17 | 15 | 11 15	jmdict
すり抜ける	15 17	34	15 17 34 | 15 17 | 15 17	jmdict
すり替える	11 15	34	15 34 | 11 15 | 11 15	jmdict
すれ違う	11 15	17 35	11 17 35 | 11 15 | 11 15	jmdict
ずば抜ける	13	11	13 | 13 | 11 13	jmdict
ずり下ろす	15	17	15 17 | 15 | 15	jmdict
ずる	15	17 34	15 | 15 17 | 15 34	jmdict
せき込む	56	57	56 | 56 57 | 56	jmdict
せぐり上げる	30 56	15	15 30 | 30 56 | 56	jmdict
せせら笑う	35	30	35 | 30 35 | 35	jmdict
せり上げる	15 19	17 37	15 17 | 19 37 | 15 19	jmdict
せる	34	15	15 | 34 | 34	jmdict
そぐう	13	11	11 13 | 13 | 13	jmdict
そそける	15	51	15 | 15 | 15 51	jmdict
そそけ立つ	56	15 51	56 | 15 51 56 | 56	jmdict
そそり勃つ	56	57	57 | 56 | 56	jmdict
そそり立つ	17	50	17 | 17 50 | 17	jmdict
そぞろ歩く	17	15 33	17 33 | 17 | 15	jmdict
そっくり返る	33	15 30	15 30 | 33 | 33	jmdict
そぼ降る	51	50	51 | 51 | 50	jmdict
そり立つ	17	15	17 | 17 | 15 17	jmdict
たげる	37	34	34 | 37 | 37	jmdict
たたっ斬る	15	35	15 35 | 15 | 15	jmdict
たでる	51	15 33	15 51 | 51 | 33 51	jmdict
だぶつく	19	13	19 | 19 | 13 19	jmdict
だれる	13	30	13 | 13 30 | 13	jmdict
ちびる	15 57	19	57 | 15 57 | 15 19 57	jmdict
ちゃう	15	30	15 30 | 15 | 15	jmdict
ちょる	12	15	15 | 12 | 12	jmdict
ちらつかせる	15 31 50	36	15 31 36 | 15 50 | 31 50	jmdict
ついて行く	17 35	15	15 17 35 | 17 35 | 17	jmdict
つかみ出す	15	17	15 | 15 | 15 17	jmdict
つかみ合う	35	14	14 35 | 35 | 35	jmdict
つぎ込む	37	15	37 | 37 | 15 37	jmdict
つつある	15	16	15 | 16 | 15	jmdict
つなぎ合わせる	15	11	15 | 11 15 | 15	jmdict
つまみ上げる	15	33	15 33 | 15 | 15	jmdict
てく	17	15	17 | 17 | 15 17	jmdict
でもある	12	10	12 | 10 12 | 12	jmdict
でんぐり返る	15 33	56	33 | 15 33 | 15 56	jmdict
とく	15 30 31	51	15 30 31 | 15 30 31 | 15 30 31 51	jmdict
とっ捕まえる	15 35	36	15 35 | 15 35 | 15 36	jmdict
とっ捕まる	35	36	35 | 35 | 35 36	jmdict
どきつく	56	30	30 56 | 56 | 56	jmdict
どやし付ける	35	31 36	36 | 31 35 | 35	jmdict
どやす	31 35	15	15 31 35 | 31 35 | 31 35	jmdict
なう	15	33	15 | 15 | 33	jmdict
なぎ倒す	15	34 35	15 | 15 34 | 15 35	jmdict
なのである	10	31	10 | 10 | 10 31	jmdict
にじみ出る	15 30	12 51	15 30 | 12 15 30 | 15 30 51	jmdict
にたつく	30	33	30 | 30 | 30 33	jmdict
ぬるつく	51	13	51 | 51 | 13	jmdict
ねじ伏せる	14 35	36	14 35 | 14 35 | 14 35 36	jmdict
のし上がる	15 36	34	15 36 | 34 36 | 15 36	jmdict
のた打ち回る	56	15	56 | 15 56 | 56	jmdict
のぼせ上がる	30	56	30 | 30 | 30 56	jmdict
のめす		14 15 34 35	14 | 35 | 15 34	jmdict
のめり込む	17 30	15	15 30 | 17 30 | 17 30	jmdict
はぎ合わせる	15	33	15 | 15 33 | 15	jmdict
はぐらかす	35	31	35 | 31 35 | 35	jmdict
はげ上がる	56	57	56 | 56 57 | 56	jmdict
はじき出す	15 36	19 30	15 30 36 | 15 19 36 | 15 36	jmdict
はためく	15	50	15 | 15 | 15 50	jmdict
はち切れる	15	56	15 56 | 15 | 15	jmdict
はっ倒す	15 35	14	14 15 35 | 15 35 | 15 35	jmdict
はめ倒す	35	15	35 | 35 | 15 35	jmdict
はる	15	19	15 | 15 19 | 15	jmdict
ばたつかせる	15	56	15 | 15 | 15 56	jmdict
ばむ	15	13	15 | 15 | 13	jmdict
ばらす	15 31	57	15 31 57 | 15 31 | 15 31	jmdict
ばらつく	11 19	13	11 19 | 11 19 | 11 13	jmdict
ばれる	10	31	10 | 10 | 10 31	jmdict
ぱぐれる	17	11 35	17 | 35 | 11 17	jmdict
ぱらつく	51	50	51 | 51 | 50 51	jmdict
ひた走る	15	17	15 | 15 | 15 17	jmdict
ひっくり返す	15	17 34 35 36	15 36 | 15 17 35 | 15 34	jmdict
ひっくり返る	15	17	15 | 15 17 | 15	jmdict
ひっ捕まえる	15 36	35	15 36 | 35 | 15 36	jmdict
ひっ捕らえる	34	15 35	34 | 15 35 | 34	jmdict
ひねくり回す	15	30	15 | 15 | 15 30	jmdict
ひねり回す	15	30	15 | 15 | 15 30	jmdict
ひねり殺す	15 57	14 56	15 56 57 | 15 57 | 14 57	jmdict
ひょろける	33	15 56	33 56 | 33 | 15 33	jmdict
ひん剥く	15	56	15 | 15 56 | 15	jmdict
びる	15	13 30	30 | 13 15 | 15	jmdict
ふける	16 30 57	15 52	30 52 57 | 16 30 57 | 15 16 30 57	jmdict
ふざく	33	15	15 | 33 | 33	jmdict
ふためく	30	33	30 | 33 | 30	jmdict
ふやかす	15	51	15 | 15 | 15 51	jmdict
ふらつく	15 30 56	33	15 30 33 | 15 30 56 | 15 56	jmdict
ふるい分ける	15	11	15 | 15 | 11 15	jmdict
ふんだくる	37	34 35	34 37 | 37 | 35 37	jmdict
ふん捕まえる	15 35	34	15 34 | 35 | 15 35	jmdict
ぶち上げる	31	15 34 38	31 | 31 34 | 15 31 38	jmdict
ぶち当たる	15	13	13 15 | 15 | 15	jmdict
ぶち抜く	15	14 17	15 | 14 15 | 15 17	jmdict
ぶち破る	15	14	15 | 14 15 | 15	jmdict
ぶち込む	15	36 37	15 | 15 36 37 | 15	jmdict
ぶっ倒れる	15	56	15 | 15 56 | 15	jmdict
ぶっ叩く	15	56	15 56 | 15 | 15	jmdict
ぶっ殺す	57	15	15 57 | 57 | 57	jmdict
ぶっ潰す	15	34	15 | 15 34 | 15	jmdict
ぶっ込む	15	17	15 17 | 15 | 15	jmdict
ぶっ飛ばす	14 15	35	14 15 | 14 15 | 15 35	jmdict
ぶらつく	17 33	15	15 17 | 17 33 | 17 33	jmdict
ぶら下がる	17	15	17 | 17 | 15 17	jmdict
ぶるう	56	15	56 | 56 | 15 56	jmdict
ぶん回す	15	14	14 15 | 15 | 15	jmdict
へたばる	56	15	56 | 56 | 15 56	jmdict
へたる	14 15	56	14 15 | 15 56 | 14 15	jmdict
へばる	56	57	56 | 56 | 56 57	jmdict
べた付く	15	51	15 | 51 | 15	jmdict
べとつく	51	13	51 | 13 51 | 51	jmdict
ほかす	15	34	15 | 15 34 | 15	jmdict
ほかっておく	34	15	34 | 34 | 15 34	jmdict
ほくそ笑む	30	33	30 | 30 33 | 30	jmdict
ほじくり出す	15	30	15 | 15 30 | 15	jmdict
ほじくり返す	15	30	15 30 | 15 | 15	jmdict
ほっつき歩く	17	15 33	17 33 | 15 17 | 17	jmdict
ほっぽらかす	15 34	33	34 | 15 33 | 15 34	jmdict
ほっぽり出す	15 34	35	15 34 | 15 34 | 15 35	jmdict
ぼやかす	15 31	13	15 31 | 15 31 | 13	jmdict
ぼやく	31	30	30 31 | 31 | 31	jmdict
まう	15 33	17	15 33 | 17 33 | 15 33	jmdict
まかり出る	17	12	17 | 17 | 12 17	jmdict
まかり越す	17	15	17 | 17 | 15	jmdict
まかり通る	34	15	34 | 15 34 | 34	jmdict
まくり上げる	15	17	15 | 15 17 | 15	jmdict
まとめ上げる	15 32	34	15 32 | 15 34 | 15 32	jmdict
まやかす	10	35	10 | 10 35 | 10	jmdict
むかつく	30 56	57	30 56 | 30 56 | 30 57	jmdict
むき出す	15	30	15 30 | 15 | 15	jmdict
むしゃぶり付く	33	15 56	33 | 33 | 15 56	jmdict
むせび泣く	30	56	30 56 | 30 | 30	jmdict
むせ返る	56	57	56 | 56 | 56 57	jmdict
めく	13	15	13 | 15 | 13	jmdict
もがき苦しむ	14 30	15 56	15 30 | 14 30 | 14 30 56	jmdict
もじ付く	30	33	30 | 33 | 30	jmdict
もたつく	16	13	16 | 16 | 13 16	jmdict
もつれ込む	15	11 16 35	11 15 16 | 15 | 15 35	jmdict
もみ消す	36 51	15	15 36 51 | 36 51 | 36 51	jmdict
もみ込む	15	51	15 | 15 51 | 15	jmdict
もんどり打つ	15 33	56	15 33 | 33 56 | 15	jmdict
やがる	30	35	30 | 30 | 35	jmdict
やって行く	33	15	15 33 | 33 | 33	jmdict
やに下がる	30	33	30 | 30 | 30 33	jmdict
やり付ける		13 33 34	34 | 33 | 13	jmdict
やり切る	34	15	15 34 | 34 | 34	jmdict
れる	15	13	15 | 15 | 13	jmdict
わめき散らす	31	35	31 | 31 35 | 31	jmdict
アジる	31 35	36	31 35 | 31 35 | 31 36	jmdict
イキる	33	30 35	33 | 30 33 | 33 35	jmdict
イレブる		15 33 34	33 | 15 | 34	jmdict
ウィキる	30	31	30 31 | 30 | 30	jmdict
オケる	32	33	33 | 32 | 32	jmdict
カンコる	12	38	12 38 | 12 | 12	jmdict
ガシる	57	33	57 | 33 | 57	jmdict
ガスる	50	51	51 | 50 | 50	jmdict
ケラケラ笑う	30	33	30 | 30 | 30 33	jmdict
ゲロる	31 57	56	31 57 | 31 57 | 31 56	jmdict
サボる	34	38	34 | 34 38 | 34	jmdict
ジャムる	15	13	13 15 | 15 | 15	jmdict
スタンバる	33	16	33 | 33 | 16 33	jmdict
ステる	15	34	15 | 34 | 15	jmdict
タクる	17	33	17 | 17 33 | 17	jmdict
チキる	30	34	30 34 | 30 | 30	jmdict
チリつく	30	15	30 | 15 | 30	jmdict
チルる	33	30	30 | 33 | 33	jmdict
ツモる		15 34 37	37 | 34 | 15	jmdict
テロる	35	34	34 35 | 35 | 35	jmdict
デブる	56	19	56 | 19 56 | 56	jmdict
トラブる	13	35 38	13 38 | 13 35 | 13	jmdict
ドヤる	31	33 35	31 35 | 31 | 33	jmdict
ド突く	15	35	15 | 15 35 | 15	jmdict
ニチャる	33	30	30 33 | 33 | 33	jmdict
ハモる	32	13	13 | 32 | 32	jmdict
パクつく	33	57	33 | 57 | 33	jmdict
パコる	57	35	57 | 35 | 57	jmdict
パサつく	51	13 15	15 51 | 13 | 51	jmdict
ビニる	33	37	33 | 37 | 33	jmdict
ピクつく	56	15	15 56 | 56 | 56	jmdict
ピリつく	13	56	13 56 | 13 | 13	jmdict
ブチる	34	35	35 | 34 | 34	jmdict
ブチ撒ける	15	31	15 | 15 | 15 31	jmdict
ブヒる	30	33	30 | 33 | 30	jmdict
ブログる	32	31	31 | 32 | 32	jmdict
ブー垂れる	31	35	31 35 | 31 | 31	jmdict
ヘタレる	30	14	14 30 | 30 | 30	jmdict
ホルる	15	30	15 | 30 | 15	jmdict
ボムる	15 51	35	15 51 | 15 35 | 15 51	jmdict
ポシャる	34	38	34 | 34 | 34 38	jmdict
ポチる	37	15 33	37 | 15 37 | 33 37	jmdict
ポニョる	56	15	15 | 56 | 56	jmdict
ヤフる	31	30	30 | 31 | 31	jmdict
ラリる	56	30	30 | 56 | 56	jmdict
リムる	35	15	35 | 15 35 | 35	jmdict
一字空ける	17	31	17 31 | 17 | 17	jmdict
一札入れる	34 37	31	34 37 | 37 | 31 34	jmdict
一発やる	15 57	35 56	15 35 57 | 15 57 | 56	jmdict
一筆書く	32	31	32 | 31 | 32	jmdict
上がりこむ	15 17	35	15 17 | 15 17 35 | 15 17	jmdict
上げる	15 19 31 34	17 38	15 17 19 31 34 | 15 19 31 34 | 15 19 31 34 38	jmdict
上ずる	30	15	30 | 15 30 | 30	jmdict
上せる	15 31	17	15 31 | 15 31 | 15 17	jmdict
上る	15 17 19	52	15 17 19 52 | 15 17 19 | 15 17 19	jmdict
下がかる	15	17	15 | 15 17 | 15	jmdict
下げる	15 17 19 36	33	15 17 19 33 | 15 17 19 36 | 15 17 19 36	jmdict
下げ渋る	13 19	15 16	13 15 19 | 13 16 | 19	jmdict
下げ渡す	36	37	36 | 36 37 | 36	jmdict
下す	15 34 36 57	17 30	15 34 36 57 | 15 30 34 36 57 | 15 17 34 36 57	jmdict
下る	15 17 36	57	15 17 36 57 | 15 17 36 | 15 17	jmdict
下ろす	15 37	36	15 37 | 15 37 | 15 36 37	jmdict
下卑る	13	15	13 15 | 13 | 13	jmdict
下押す	15	14 17	15 17 | 15 | 14 15	jmdict
与える	34 36	35 37	35 36 37 | 34 | 34 36	jmdict
与え給う	37	34	37 | 34 | 37	jmdict
与太る	31	30 34	31 | 34 | 30 31	jmdict
世慣れる	13	30	13 | 13 30 | 13	jmdict
世離れる	17	11 35	35 | 11 17 | 17	jmdict
並び称される	11 31	36	31 36 | 11 31 | 11	jmdict
並べる	17	15 33	15 | 17 33 | 17	jmdict
並べ直す	15 17	16	15 17 | 15 16 | 15 17	jmdict
並べ立てる	17 31	15	17 31 | 17 31 | 15 31	jmdict
中てる	15 30	51	15 30 | 15 30 | 15 30 51	jmdict
丸まる	15	33 56	15 | 15 33 | 15 56	jmdict
丸め込む	35	15 31	15 35 | 35 | 31 35	jmdict
乗じる	19 34	35	35 | 19 34 | 19 34	jmdict
乗ずる	34	19	34 | 34 | 19 34	jmdict
乗っかる	17	35	17 | 17 35 | 17	jmdict
乗っ取る	36	15	36 | 36 | 15 36	jmdict
乗りこなす	34	14 15	14 | 34 | 15 34	jmdict
乗りはぐれる	16	17 34	16 34 | 16 | 16 17	jmdict
乗り出す	15 17 38	34	15 17 34 | 15 17 38 | 15 38	jmdict
乗り合わす	35	17	35 | 17 35 | 35	jmdict
乗り合わせる	15 35	17	15 35 | 17 35 | 15 35	jmdict
乗り回る	15 17	33	15 17 33 | 15 | 15 17	jmdict
乗り捨てる	15	34	15 | 15 34 | 15	jmdict
乗り損なう	15 34	17	17 34 | 15 34 | 15 34	jmdict
乗り損ねる	15 34	16	15 34 | 16 34 | 15 34	jmdict
乗り移す	15	17	15 | 15 | 15 17	jmdict
乗り組む		15 17 38	38 | 15 | 17	jmdict
乗り込む	15 17	35	15 17 | 15 17 | 17 35	jmdict
乗り逃す	16	15 34	16 | 15 16 | 16 34	jmdict
乗り通る	15 17	16	15 16 17 | 15 17 | 15 17	jmdict
乗り遅れる	16	15	15 16 | 16 | 16	jmdict
乗り過ごす	16	15 17	16 | 15 16 | 16 17	jmdict
乗り間違える	10 17	15	17 | 10 17 | 10 15	jmdict
乗り飛ばす	15	17	15 | 15 17 | 15	jmdict
乗る	15 17 35	13	15 17 | 13 17 35 | 15 35	jmdict
乞う	31	35	31 | 31 | 31 35	jmdict
乱れる	13 15	30	13 15 | 13 15 | 15 30	jmdict
乱れ飛ぶ	15	13 17	15 17 | 13 15 | 15	jmdict
乳繰り合う	35	56	35 | 35 | 35 56	jmdict
乾ききる	51	15	51 | 15 51 | 51	jmdict
乾く	51	56	51 56 | 51 | 51	jmdict
事寄す	11	34	11 34 | 11 | 11	jmdict
事寄せる	34	11	34 | 11 | 34	jmdict
事故る	34	15	34 | 15 | 34	jmdict
事立てる	31 35	34	31 34 | 35 | 31 35	jmdict
事足る	19	13	13 | 19 | 19	jmdict
交う	35	11 15	35 | 11 35 | 15 35	jmdict
交える	11 35	15 31	11 15 31 35 | 11 35 | 35	jmdict
交わる	11 35	17 57	11 17 35 57 | 11 35 | 11 35	jmdict
交尾む	57	35	57 | 57 | 35 57	jmdict
仄めく	31	12	31 | 12 31 | 31	jmdict
今めかす	15	13 33	15 33 | 15 | 13 15	jmdict
仕える	36	33	33 36 | 36 | 36	jmdict
仕え奉る	36	33	36 | 33 36 | 36	jmdict
仕分ける	15	11 33	15 | 11 15 | 33	jmdict
仕切る	36	15 17 38	36 38 | 15 36 | 17 36	jmdict
仕掛ける	15 35	34	15 34 35 | 15 35 | 15 35	jmdict
仕済ます	34	15	15 34 | 34 | 34	jmdict
仕立てる	15 32	33	15 32 | 15 32 | 15 33	jmdict
仕立て上げる	15 32	34	32 34 | 15 32 | 15 32	jmdict
仕立て直す	15 33	32	15 33 | 15 33 | 15 32	jmdict
仕組む		30 32 34	34 | 32 | 30	jmdict
仕込む	33 38	15 30 34	33 38 | 30 33 38 | 15 33 34 38	jmdict
付いてくる	17	15	17 | 15 | 17	jmdict
付き従う	36	17 35	36 | 17 36 | 35 36	jmdict
付く	12 15 17 30 51	11 33 36	12 15 17 30 36 51 | 12 15 17 30 51 | 11 15 17 30 33 51	jmdict
付ける	15 31 36 51	17 19 33 35 37	15 17 19 31 35 36 37 51 | 15 31 36 | 15 31 33 36 51	jmdict
付け合せる	15	11	15 | 11 15 | 15	jmdict
付け回す	17 35	15	17 35 | 15 17 35 | 17 35	jmdict
付け回る	17 35	15	17 35 | 17 35 | 15 35	jmdict
付け狙う	35	30	30 35 | 35 | 35	jmdict
付け落とす	19	31 34 38	34 | 19 31 38 | 19	jmdict
付す	15	36	15 | 15 36 | 15	jmdict
代わり合う	35	11 16	11 | 16 35 | 35	jmdict
仰ぐ	17 36	30	17 30 36 | 17 36 | 17 36	jmdict
仰け反る	33	56	56 | 33 | 33	jmdict
仰せられる	31	36	31 36 | 31 | 31	jmdict
仰のける	15 56	17 33	15 17 56 | 15 33 | 15 56	jmdict
仰向く	17	15 33	15 17 | 33 | 17	jmdict
仰向ける	33	56	33 | 33 | 56	jmdict
任じる	36	30	36 | 36 | 30 36	jmdict
伏し倒れる	15	56	15 56 | 15 | 15	jmdict
伏し拝む	33	34	33 34 | 33 | 33	jmdict
伏す	33	15	15 33 | 33 | 33	jmdict
伏せる	15	17 31 33	15 17 | 15 31 | 15 33	jmdict
休す	15	33 57	33 | 15 57 | 15	jmdict
休まる	30	56	30 56 | 30 | 30	jmdict
休む	33	15	15 33 | 33 | 33	jmdict
休める	15 33	56	33 | 15 33 56 | 15 33	jmdict
伝う	17	15	17 | 15 17 | 17	jmdict
伝わる	31	11 15 51	15 31 51 | 11 31 | 31	jmdict
伝染る	57	50	57 | 50 57 | 57	jmdict
伴う	11	15 35	11 | 11 15 | 11 35	jmdict
伸し上げる	15 36	34	15 34 | 15 36 | 15 36	jmdict
伸ばす	15 16 17	19 56	15 16 19 56 | 15 16 17 | 15 16 17	jmdict
伸びる	15 16 19 57	13 17 56	15 16 19 57 | 15 19 56 | 13 15 16 17 19 57	jmdict
伸び上がる	15 17	33 56	15 17 | 15 17 | 33 56	jmdict
伸び広がる	15 17	19	15 17 19 | 15 17 | 15	jmdict
伸び悩む	13 15	19	13 15 | 15 19 | 13 15	jmdict
伺う	31 35	17	31 35 | 31 35 | 17 31	jmdict
似合う	13	11	13 | 11 13 | 13	jmdict
佇む	33	17	33 | 17 33 | 33	jmdict
位取る		17 34 36	34 | 36 | 17	jmdict
住す	33	17	33 | 33 | 17 33	jmdict
住み分ける	11 17	33 35	33 35 | 11 17 | 11 17	jmdict
住み替える	15 17	33	15 17 33 | 15 17 | 15 17	jmdict
住み込む	33	12	33 | 12 33 | 33	jmdict
住む	17	33	17 33 | 17 | 17	jmdict
作り上げる	15 32	34	15 32 | 15 32 | 32 34	jmdict
作り付ける	15	38	15 | 15 38 | 15	jmdict
作り出す	15 32	38	15 32 | 15 32 | 15 32 38	jmdict
作り変える	15	32	15 32 | 15 | 15	jmdict
作る	15 32 38	57	15 32 38 | 15 32 38 57 | 15 32 38	jmdict
併せ持つ	11	12	11 12 | 11 | 11	jmdict
使いこなす	34	14 15 33	14 33 | 15 34 | 34	jmdict
使いすぎる	19	33 37	19 | 19 33 37 | 19	jmdict
使い出す	15	33	15 33 | 15 | 15	jmdict
使い古す	15	33	15 33 | 15 | 15	jmdict
使い尽くす	19	15	19 | 19 | 15 19	jmdict
使い慣らす	13 33	15	13 33 | 13 33 | 15	jmdict
使い慣れる	13	30	13 | 13 | 13 30	jmdict
使い捨てる	15	33	15 | 15 | 15 33	jmdict
使い込む	33 37	19	19 37 | 33 37 | 33 37	jmdict
使う		15 33 34 36 37	15 36 37 | 34 | 33	jmdict
侍らす	36	35	36 | 35 36 | 36	jmdict
侍る	35	33	35 | 33 35 | 35	jmdict
侘びる	35	30	30 35 | 35 | 35	jmdict
供える	34	33	34 | 33 | 34	jmdict
侮る	30	35	30 | 30 | 30 35	jmdict
侵す	35	15 34	34 | 15 35 | 35	jmdict
便ずる		33 34 57	57 | 33 | 34	jmdict
促す	36	34	36 | 36 | 34	jmdict
保ち続ける	15	16	15 16 | 15 | 15	jmdict
信じ込ます	30	35 36	30 36 | 30 | 30 35	jmdict
信ずる	30	10	10 30 | 30 | 30	jmdict
修める	30	34	30 34 | 30 | 30	jmdict
倒す	15 35	34	15 35 | 15 34 | 15 35	jmdict
倒れる	15	38 57	15 | 15 38 57 | 15	jmdict
倒れ伏す	15	33	15 33 | 15 | 15	jmdict
借り出す	37	15	15 37 | 37 | 37	jmdict
借り換える	37	15	37 | 37 | 15 37	jmdict
借り集める	37	15	37 | 37 | 15 37	jmdict
借金で苦しむ	30	37	30 | 30 | 30 37	jmdict
倣う	30	11	30 | 11 | 30	jmdict
値下がる	19 37	15	15 19 | 19 37 | 19 37	jmdict
偏り見る	30	36	30 | 36 | 30	jmdict
偏る	13 30	19	13 30 | 19 30 | 13	jmdict
側む	17	15 35	17 | 15 17 | 17 35	jmdict
側める	17	33	17 | 17 | 17 33	jmdict
偽る	10	31 35	10 35 | 10 31 | 10	jmdict
傅く	36	33	33 36 | 36 | 36	jmdict
備える	34	12	34 | 12 34 | 34	jmdict
備え付ける	15	33	15 | 15 33 | 15	jmdict
催す	57	30 33 34 35	35 57 | 30 33 57 | 34 57	jmdict
傷つく	30 56	15	30 56 | 30 56 | 15 30 56	jmdict
傾く	15 17	19 30 38	15 17 | 15 17 38 | 15 17 19 30	jmdict
傾ける	15 30	17	15 30 | 15 17 | 15 30	jmdict
働かす	15 38	14 30 33	14 33 | 15 38 | 15 30 38	jmdict
働かせる	30 33	15 38	15 30 38 | 33 | 30 33	jmdict
働きすぎる	19 33	38	33 38 | 19 33 | 19 33	jmdict
働き続ける	33	15	15 33 | 33 | 33	jmdict
元気づく	30	15	30 | 30 | 15 30	jmdict
元気づける	30	35 36	30 36 | 35 | 30	jmdict
充てる	19	34 36 37	19 | 19 34 | 36 37	jmdict
先んずる	16	17	16 17 | 16 | 16	jmdict
先立てる	16	17 36	16 36 | 16 17 | 16	jmdict
先走る	15 16 34	17	15 16 34 | 15 16 | 16 17 34	jmdict
光らす	15 51	50	15 51 | 15 50 | 15 51	jmdict
光り輝く	50	51	50 | 50 | 51	jmdict
光る	50	13 30 51	50 | 13 50 | 30 51	jmdict
入りきる	17 19	13	13 17 | 17 19 | 17 19	jmdict
入り乱れる	13 15	11	11 15 | 13 15 | 13	jmdict
入り揚げる	30 37	15 17	30 37 | 30 37 | 15 17	jmdict
入る	17	35 37	17 | 17 | 17 35 37	jmdict
入れる	15 17	12 14 30 35	15 17 | 15 17 | 12 14 15 17 30 35	jmdict
入れ忘れる	30	15 17	15 30 | 30 | 17 30	jmdict
入れ替える	15	11	15 | 11 15 | 15	jmdict
入れ直す	15	31	15 31 | 15 | 15	jmdict
入れ込む	15 30	37	15 30 | 15 30 | 15 30 37	jmdict
入れ違う	11 15	17 35	11 15 35 | 11 17 | 11 15	jmdict
入れ違える	11 17	15	11 17 | 11 15 | 11 17	jmdict
具す	33	15 17	33 | 15 33 | 17	jmdict
兼ね仕える	36	33	33 36 | 36 | 36	jmdict
冒す	34	57	34 | 34 | 34 57	jmdict
写す	32	31	32 | 32 | 31 32	jmdict
写る	12	15	12 | 12 | 15	jmdict
冬めく	50	51	50 | 50 | 50 51	jmdict
冴え渡る	30	51	30 | 30 51 | 30	jmdict
冴え行く	15	13	15 | 15 | 13	jmdict
冴え輝く	50	15	50 | 15 50 | 50	jmdict
冷え上がる	15 51	56	51 56 | 15 51 | 15 51	jmdict
冷める	30 51	15	15 30 51 | 30 51 | 30 51	jmdict
凄む	35	36	35 36 | 35 | 35	jmdict
凌ぐ	14 34	11 13	14 34 | 14 34 | 11 13 34	jmdict
凍え付く	51	57	51 | 51 | 51 57	jmdict
凍りつく	51	15 30	51 | 51 | 15 30 51	jmdict
凍れる	51	15	51 | 51 | 15 51	jmdict
凝らす	30	32 56	30 | 30 32 | 30 56	jmdict
凝らせる	30	15	30 | 15 30 | 30	jmdict
凝る	30 32 56	51	30 56 | 30 32 56 | 30 32 51 56	jmdict
凪ぐ	50	15 51	51 | 50 | 15 50	jmdict
凭せる	15	17	15 | 15 17 | 15	jmdict
凭れる	11 17	35	17 35 | 11 17 | 11 17	jmdict
凭れ掛かる	17	33 35 36	17 36 | 17 35 | 17 33	jmdict
凹ます	15	30 34 35	15 35 | 15 34 | 15 30	jmdict
出かかる	12 15	17	15 17 | 12 15 | 12 15	jmdict
出し切る	14 19	15	14 19 | 14 19 | 15 19	jmdict
出し合う	35 37	31	31 35 37 | 35 37 | 35 37	jmdict
出し惜しむ	19	37	19 37 | 19 | 19	jmdict
出す	15 31 32 37	12 17 33 57	15 17 31 32 33 37 57 | 12 15 31 37 | 15 31 32 37	jmdict
出で立つ	15	17	15 17 | 15 | 15	jmdict
出る	12 15 17 32 37	19 31 33 34 35 38 51 52 56 57	12 15 17 32 35 37 | 12 15 17 | 12 15 17 19 31 32 33 34 37 38 51 52 56 57	jmdict
出切る	15	19	15 19 | 15 | 15	jmdict
出回る	37	12 15	37 | 15 37 | 12 37	jmdict
出尽くす	12 19	15	12 19 | 19 | 12 15 19	jmdict
出張る	17	15 35	17 | 15 17 | 17 35	jmdict
出戻る	15	17	15 | 15 17 | 15	jmdict
出払う	12 15	17	12 15 | 12 15 | 12 17	jmdict
出損なう	34	15	34 | 34 | 15 34	jmdict
出替わる	15	11 16 35	15 35 | 15 16 | 11 15	jmdict
出来す	12	15 34	12 | 12 15 | 34	jmdict
出来すぎる	13	34	13 34 | 13 | 13	jmdict
出来る	12 13 34	15 57	12 13 | 12 13 34 | 12 13 15 34 57	jmdict
出来合う	12	35	12 | 35 | 12	jmdict
出歩く	15 17	33	15 17 33 | 15 17 | 15 17	jmdict
出盛る	12	19 50	12 19 | 50 | 12	jmdict
出違う	35	11 15	35 | 35 | 11 15	jmdict
分かち与える	34	35 37	34 | 34 | 35 37	jmdict
分かち取る	37	15 34	34 37 | 37 | 15 37	jmdict
分かる	30	11	30 | 30 | 11 30	jmdict
分ける	11 15 19	35	11 15 35 | 11 15 19 | 11 15 19	jmdict
分け取る	19 37	15	15 37 | 19 37 | 19 37	jmdict
分け合う	35	37	35 | 35 37 | 35	jmdict
分け持つ	34	33	34 | 33 | 34	jmdict
分け離す	11 15	17	11 15 | 15 17 | 11 15	jmdict
切らす	19	15 56	19 56 | 19 | 15 19	jmdict
切り伏せる	15 35	34	15 35 | 15 35 | 15 34	jmdict
切り倒す	15	38	15 38 | 15 | 15	jmdict
切り入る	15	17	15 | 15 | 15 17	jmdict
切り分かつ	15	11	11 15 | 15 | 15	jmdict
切り回す	38	15	15 38 | 38 | 38	jmdict
切り捨てる	15 34	19	15 34 | 15 19 34 | 15 34	jmdict
切り立つ	17	15	17 | 17 | 15 17	jmdict
切り立てる	15	17	15 | 15 17 | 15	jmdict
切り詰める	15 19	37	15 19 | 15 19 37 | 19	jmdict
切り込む	15 17 31	35	15 17 31 | 15 | 15 17 31 35	jmdict
切り通す	15 34	17	15 17 34 | 15 | 15 34	jmdict
切り違える	15	35	15 | 15 35 | 15	jmdict
切り開く	15	17 34 38	15 | 15 34 | 15 17 38	jmdict
切り離す	11 15	17	11 15 | 15 17 | 11 15	jmdict
切り離れる	15	11	11 15 | 15 | 15	jmdict
切る	15	35	15 | 15 35 | 15	jmdict
切羽詰まる	13	30	13 30 | 13 | 13	jmdict
刈り上げる	15 56	38	15 38 56 | 15 | 15 56	jmdict
刈り干す	15 38	51	15 38 | 15 38 | 15 51	jmdict
刈り込む	15	38	15 | 15 38 | 15	jmdict
刈る	15 38	56	15 38 56 | 15 38 | 15 38	jmdict
刎ねる	15 56	57	15 56 | 15 57 | 15 56	jmdict
判じる	30	10	30 | 10 30 | 30	jmdict
別れる	35	15	35 | 15 35 | 35	jmdict
利かせる	14	30	14 | 14 30 | 14	jmdict
制す	36	14	36 | 36 | 14 36	jmdict
刷る	32	15	15 32 | 32 | 32	jmdict
刺し違える	15 35	56	15 35 | 15 35 | 15 35 56	jmdict
刺す	15 56	35	15 35 | 15 56 | 15 56	jmdict
刻みつける	15 30	32	15 30 32 | 15 30 | 15 30	jmdict
刻み出す	15 32	17	15 17 32 | 15 32 | 15 32	jmdict
刻み込む	15 30	32	15 30 | 15 30 32 | 15 30	jmdict
剃り落とす	15	56	15 56 | 15 | 15	jmdict
削ぐ	15 19	30	15 | 15 19 30 | 15 19	jmdict
削げる	15 19	30 56	15 19 30 | 15 56 | 15 19	jmdict
剥ぎ取る	15	37	15 | 15 37 | 15	jmdict
剥く	15	56	15 56 | 15 | 15	jmdict
剥げる	15	51	15 | 15 51 | 15	jmdict
剥げ落ちる	15	51	15 51 | 15 | 15	jmdict
剥れる	15	30	15 | 30 | 15	jmdict
割り付ける	32	15 19 36 38	19 | 32 36 | 15 32 38	jmdict
割り出す	30	19	30 | 30 | 19 30	jmdict
割り切る	30	15 19	15 30 | 30 | 19 30	jmdict
割れる	11 15	51	11 15 | 11 15 | 11 15 51	jmdict
劈く	15	50	15 | 15 50 | 15	jmdict
力んで見せる	14	34	14 | 14 34 | 14	jmdict
加える	15 19	35	15 19 | 15 19 35 | 15 19	jmdict
加わる	19 35	11 15	11 15 | 19 35 | 19 35	jmdict
助ける	35	34	35 | 35 | 34	jmdict
助け上げる	15 34	35	34 | 15 34 | 15 35	jmdict
助け起こす	15 34	56	15 34 56 | 15 34 | 15 34	jmdict
励ます	30 35	36	36 | 30 35 | 30 35	jmdict
励む	33	34	33 | 33 | 33 34	jmdict
労る	35	36	35 | 36 | 35	jmdict
効く	14	11	14 | 14 | 11	jmdict
勇気づける	30	35	30 35 | 30 | 30	jmdict
動く	15	30 38	15 | 15 30 38 | 15	jmdict
務める	34 38	33	33 34 | 34 38 | 34 38	jmdict
勝ち得る	34	37	34 | 34 37 | 34	jmdict
勝ち抜く	34	35	34 | 34 35 | 34	jmdict
勝ち残る	34	12 15	12 34 | 15 34 | 34	jmdict
勝ち誇る	30 34	31	30 34 | 30 31 | 30 34	jmdict
勝つ	34	35	34 | 34 35 | 34	jmdict
募らす	30	15	15 30 | 30 | 30	jmdict
募る	30 35	19 34 37	19 35 37 | 30 35 | 30 34	jmdict
勤しむ	33	38	33 | 33 38 | 33	jmdict
勤める	33 38	34	33 38 | 33 | 34 38	jmdict
勤め上げる	34 38	15 33	34 38 | 15 38 | 33 34	jmdict
勤め働く	33	38	33 | 33 | 33 38	jmdict
匂い立つ	50	51	51 | 50 | 50	jmdict
匂う	50	56	50 | 50 56 | 50	jmdict
匂わす	31 50	51	31 50 | 31 51 | 31 50	jmdict
包み隠す	15	10 31	10 | 15 | 15 31	jmdict
包み飾る	32 33	15	32 | 15 33 | 32 33	jmdict
化かす	35	10	10 35 | 35 | 35	jmdict
匿う	35	36	35 | 36 | 35	jmdict
卑しめる	36	30 35	35 | 36 | 30 36	jmdict
占い当てる	30	10	30 | 10 30 | 30	jmdict
印す	31	32	31 32 | 31 | 31	jmdict
印象付ける	30	15	15 30 | 30 | 30	jmdict
危ながる	30	13	30 | 13 30 | 30	jmdict
去る	15 17	16 57	15 16 57 | 15 17 | 15 17	jmdict
参じる	17	15 35	15 17 | 17 | 17 35	jmdict
参ずる	17	35	17 35 | 17 | 17	jmdict
参らせる	35	34	35 | 34 35 | 35	jmdict
参る	17 34 56 57	13 15 30	17 30 34 56 57 | 17 34 57 | 13 15 17 34 56 57	jmdict
及ぼす	11 14	15	11 15 | 14 | 11 14	jmdict
反らせる	15	56	15 56 | 15 | 15	jmdict
反りくり返る	56	15 33	33 | 56 | 15 56	jmdict
反り上がる	15	17	15 | 15 17 | 15	jmdict
反り返る	15 33	56	33 | 15 33 56 | 15	jmdict
反る	15	33	15 | 15 33 | 15	jmdict
収まる	15 17	12 13 19 30 35	13 15 17 35 | 15 17 30 | 12 19	jmdict
収める	15 34 37	17 35	15 34 37 | 15 34 35 37 | 15 17 34 37	jmdict
取って参る	17 37	15	17 37 | 15 | 17 37	jmdict
取って食う	57	33 35	57 | 57 | 33 35	jmdict
取っ付く	15	11 17	15 | 15 17 | 11 15	jmdict
取っ組む	35	15	15 35 | 35 | 35	jmdict
取りこめる	15	17 35	15 35 | 15 | 15 17	jmdict
取りすがる	35	15	35 | 35 | 15 35	jmdict
取りまとめる	15 38	34	15 38 | 15 34 38 | 15 38	jmdict
取りやめる	15	34	15 34 | 15 | 15	jmdict
取り上げる	15 31 36	57	15 31 36 | 15 31 36 | 15 31 36 57	jmdict
取り下ろす	15	17 37	15 17 | 15 37 | 15	jmdict
取り付く	15	17	15 | 15 | 15 17	jmdict
取り付ける	15 35	34	15 34 | 15 35 | 15 35	jmdict
取り入れる	15 30 38	17	17 30 38 | 15 38 | 15 30 38	jmdict
取り切る	15 19	37	15 19 | 15 19 | 15 37	jmdict
取り回す	15 38	36	15 38 | 15 38 | 15 36	jmdict
取り囲む	17	15	15 17 | 17 | 17	jmdict
取り尽くす	15 19	37	15 19 | 15 19 | 15 19 37	jmdict
取り巻く	17	11	17 | 17 | 11 17	jmdict
取り憑く	12	15 30	12 30 | 12 | 15	jmdict
取り押さえる	14 35	15	14 15 | 14 35 | 14 35	jmdict
取り拉ぐ	14	34	14 | 14 34 | 14	jmdict
取り捌く	38	34	34 38 | 38 | 38	jmdict
取り揃える	15	37	15 | 37 | 15	jmdict
取り散らかす	15	33	15 | 15 33 | 15	jmdict
取り散らす	15	17	15 | 15 17 | 15	jmdict
取り替える	15	11 37	15 37 | 15 | 11 15	jmdict
取り消す	15	31 34	15 34 | 15 31 | 15	jmdict
取り潰す	15 38	36	15 36 | 15 38 | 15 38	jmdict
取り澄ます	30	33	30 | 30 33 | 30	jmdict
取り片付ける	15 33	34	15 33 | 33 34 | 15 33	jmdict
取り直す	15	30 32	15 | 15 30 | 15 32	jmdict
取り紛れる	30	11	30 | 11 30 | 30	jmdict
取り組む	34 38	35	34 38 | 34 | 35 38	jmdict
取り結ぶ	35	11	11 35 | 35 | 35	jmdict
取り繕う	15	13 34	15 | 13 15 | 34	jmdict
取り調べる	35	36	35 | 35 | 36	jmdict
取り運ぶ	15	17 38	15 17 | 15 | 15 38	jmdict
取り鎮める	35 36	15	15 35 | 35 36 | 35 36	jmdict
取る	15 37	30 32 33	15 30 33 37 | 15 37 | 15 32 37	jmdict
取れる	15 30 37	35	15 37 | 15 30 37 | 15 30 35 37	jmdict
受け取る	37	30	37 | 37 | 30 37	jmdict
受け持つ	36	34 38	36 | 36 38 | 34 36	jmdict
受け継ぐ	15	34 36 37	15 34 | 15 | 36 37	jmdict
叙す	31	36	31 | 31 | 31 36	jmdict
口説き落とす	35	31	35 | 35 | 31 35	jmdict
古びる	15	16	15 | 15 | 15 16	jmdict
古び衰える	14 15	57	14 15 | 14 15 | 15 57	jmdict
古ぼける	15	13	13 15 | 15 | 15	jmdict
叩き上げる	15 34	33	15 33 34 | 15 34 | 15 34	jmdict
叩き伏せる	15 35	34	15 34 35 | 15 35 | 15 35	jmdict
叩き出す	15 35	36	15 36 | 15 35 | 15 35	jmdict
叩き切る	15	14	14 15 | 15 | 15	jmdict
叩き潰す	15 35	14	14 15 | 15 35 | 15 35	jmdict
叩き直す	15	34	15 | 15 34 | 15	jmdict
叩き落とす	15	14	14 15 | 15 | 15	jmdict
召し上げる	36	37	36 37 | 36 | 36	jmdict
召し使う	36	38	36 | 36 | 36 38	jmdict
召し寄せる	36	15	36 | 36 | 15 36	jmdict
召し抱える	38	36	36 38 | 38 | 38	jmdict
召し連れる	35	15 17	17 35 | 35 | 15 35	jmdict
召す	33 36 56 57	35	33 36 56 | 33 36 57 | 33 35 56 57	jmdict
叱る	36	35	35 36 | 36 | 36	jmdict
叶う	34	12	34 | 34 | 12	jmdict
合す	11	15	11 | 11 15 | 11	jmdict
合わす	11 15	35	11 15 | 11 15 | 11 15 35	jmdict
合わせ行なう	34	11 35	34 35 | 11 34 | 34	jmdict
吊り下がる	17	15	15 17 | 17 | 17	jmdict
吊るし上げる	35	15 36	35 36 | 15 35 | 35	jmdict
同じる	11 35	36	11 36 | 11 35 | 35	jmdict
同ずる	35	11	35 | 11 | 35	jmdict
名乗り出る	31	15 34	15 31 | 31 | 31 34	jmdict
吐き出す	15 31 56	51	15 31 51 56 | 15 31 56 | 15 31 56	jmdict
吐き戻す	57	56	57 | 56 57 | 57	jmdict
吐き捨てる	15 31	56	15 31 | 15 31 56 | 15 31	jmdict
吐く	31 56	57	31 56 57 | 31 56 | 31 56	jmdict
向く	13 17	15	13 15 17 | 13 17 | 13 17	jmdict
吟ずる	32	31	31 32 | 32 | 32	jmdict
吠え出す	15 31	57	15 31 | 15 31 | 15 57	jmdict
否む	10 34	35	10 34 | 10 34 | 10 35	jmdict
含ます	15 19	56	15 19 | 15 56 | 15 19	jmdict
含ませる	11 15	31	11 15 31 | 11 | 15	jmdict
含む	11 30	19 56	11 | 11 30 56 | 11 19 30	jmdict
含める	11	19	11 19 | 11 | 11	jmdict
吸い上げる	15 37	31	15 37 | 15 31 37 | 15 37	jmdict
吸い付く	15	17	15 | 15 17 | 15	jmdict
吸い付ける	15	56	15 | 15 56 | 15	jmdict
吸い寄せる	15	14 30	14 15 | 15 | 15 30	jmdict
吸い込む	15 56	57	15 56 | 15 56 | 15 57	jmdict
吸う	15 56	33	15 56 | 15 33 56 | 15 56	jmdict
吹かす	31 33 51	15	15 31 33 51 | 31 51 | 31 33 51	jmdict
吹きこぼれる	15 51	19	15 51 | 19 51 | 15 51	jmdict
吹きすさぶ	50	51	51 | 50 | 50	jmdict
吹きまくる	51	50	51 | 50 | 51	jmdict
吹き下ろす	51	15	15 51 | 51 | 51	jmdict
吹き倒す	15 51	14	15 51 | 15 51 | 14 15 51	jmdict
吹き出る	12 51	15	12 51 | 12 51 | 15 51	jmdict
吹き募る	15 50	51	15 50 | 15 51 | 50	jmdict
吹き始める	15 51	50	15 51 | 15 50 | 15 51	jmdict
吹き払う	15	30	15 | 15 | 15 30	jmdict
吹き抜く	15 51	50	15 51 | 15 50 | 15 51	jmdict
吹き替える	32	31	32 | 31 32 | 32	jmdict
吹き渡る	17 51	15	15 51 | 17 51 | 17 51	jmdict
吹き荒れる	51	50	51 | 51 | 50 51	jmdict
吹き込む	15 30 32	17 31 51	15 17 30 32 | 15 31 32 51 | 15 30 32	jmdict
吹き通す	15 51	17 50	15 50 | 15 51 | 17 51	jmdict
吹き頻る	51	50	50 51 | 51 | 51	jmdict
吹き飛ばす	15	51	15 51 | 15 | 15	jmdict
吹き飛ぶ	15	30 51	15 | 15 30 51 | 15	jmdict
吹く	32 51 56	31	31 32 51 | 32 51 56 | 32 51 56	jmdict
吹っかける	35 37	51	35 37 | 35 37 51 | 35 37	jmdict
吹っ飛ぶ	15	12	15 | 15 | 12 15	jmdict
呈す	31	13 37	31 | 31 | 13 37	jmdict
呪い殺す	57	34	34 57 | 57 | 57	jmdict
呪う	30	35	30 35 | 30 | 30	jmdict
呼びにやる	31	15 35	35 | 31 | 15 31	jmdict
呼び上げる	31	35	31 | 31 35 | 31	jmdict
呼び入れる	35	15 17 31	17 31 | 15 35 | 35	jmdict
呼び出す	31 35	36	31 35 | 31 35 36 | 31 35	jmdict
呼び回る	17 31	15	17 31 | 17 31 | 15 31	jmdict
呼び寄せる	31 35	17	17 31 | 31 35 | 31 35	jmdict
呼び慣れる	30 31	13	13 | 30 31 | 30 31	jmdict
呼び止める	15 31	35	15 31 35 | 15 31 | 15 31	jmdict
呼び立てる	31 35	36	31 35 | 31 36 | 31 35	jmdict
呼び覚ます	15 30	57	30 57 | 15 30 | 15 30	jmdict
呼び起こす	15 30	31 57	15 31 | 15 30 57 | 15 30	jmdict
呼び込む	15 31 38	35	15 31 38 | 31 35 38 | 15 31	jmdict
呼び迎える	35	31	35 | 31 35 | 35	jmdict
呼び集める	31 35	15	15 31 | 31 35 | 35	jmdict
和ぐ	13 50	15 30	13 30 50 | 13 15 | 13 50	jmdict
和ます	30	13	30 | 30 | 13 30	jmdict
和む	30	13	30 | 13 30 | 30	jmdict
和らぐ	13 15	30	15 | 13 15 30 | 13 15	jmdict
咲き匂う	57	50	50 57 | 57 | 57	jmdict
咲き渡る	50	17 57	17 50 | 57 | 50	jmdict
咳き上げる	56	15 57	56 | 15 56 | 56 57	jmdict
哭く	30 56	57	30 57 | 30 56 | 30 56	jmdict
唆る	30	35	30 | 30 35 | 30	jmdict
唸り出す	15	50 51 56	15 51 56 | 15 50 | 15	jmdict
唾く	56	15	56 | 15 56 | 56	jmdict
問いかける	31	35	31 | 31 | 31 35	jmdict
問いただす	31	35	31 | 31 | 31 35	jmdict
問い合わす	31	35	31 | 31 | 31 35	jmdict
問う	31	34	31 | 31 34 | 31	jmdict
啜る	33	56	33 | 33 | 56	jmdict
善がる	30	56	30 56 | 30 | 30	jmdict
喚く	31	30	30 31 | 31 | 31	jmdict
喜ばす	30	36	30 | 30 | 30 36	jmdict
喫す	34	33	34 | 34 | 33 34	jmdict
喫む	33	56	56 | 33 | 33	jmdict
嗄れる	56	15	56 | 56 | 15 56	jmdict
嗅ぎ分ける	11 56	30	30 56 | 11 56 | 11 56	jmdict
嘆く	30	31	30 31 | 30 | 30	jmdict
嘔吐く	57	56	56 | 57 | 57	jmdict
嘲り笑う	35	30	35 | 30 35 | 35	jmdict
嘶く	57	31	57 | 57 | 31	jmdict
噎せる	56	57	56 | 56 | 57	jmdict
噛みこなす	30 56	15	15 30 | 30 56 | 30 56	jmdict
噛み分ける	11 30	56	11 56 | 11 30 | 11 30	jmdict
噛み合う	11 13	15	11 15 | 11 13 | 13	jmdict
噛み殺す	15 30 57	56	56 57 | 15 30 57 | 15 30 57	jmdict
噴く	51	15	51 | 51 | 15 51	jmdict
囃す	31 35	32	31 35 | 32 35 | 31 35	jmdict
囚われる	30	15 35 36	30 36 | 30 35 | 15 30	jmdict
四角張る	13	15	13 15 | 13 | 13	jmdict
回す	15 36	38	15 36 | 15 36 38 | 15 36	jmdict
困じる	30	13	30 | 13 30 | 30	jmdict
困ずる	30	13	30 | 13 | 30	jmdict
困らせる	13	30 35	30 35 | 13 | 13	jmdict
困る	30	13	30 | 30 | 13 30	jmdict
囲い込む	17 36	15 37	17 37 | 17 36 | 15 36	jmdict
囲う	17	36	17 | 17 36 | 17	jmdict
固まる	15 51	13	15 51 | 13 15 51 | 15 51	jmdict
固める	15	51	15 | 15 51 | 15	jmdict
圧し掛かる	14 15	30	14 15 30 | 14 15 | 14 15	jmdict
圧し込む	15	14 17	14 15 17 | 15 | 15	jmdict
均す	15	19	15 | 15 | 15 19	jmdict
垂らし込む	15	35 51	15 51 | 15 | 35	jmdict
垂れ下がる	17	15	17 | 15 17 | 17	jmdict
垂れ込める	17 51	50	17 51 | 17 50 | 51	jmdict
垢じみる	15	13	13 | 15 | 15	jmdict
垣間見える	12	17	12 | 12 17 | 12	jmdict
埋け込む	15	17	15 | 15 17 | 15	jmdict
埋まる	12 17	15 19	15 19 | 12 17 | 12 17	jmdict
埋め合わす	19	15	15 19 | 19 | 19	jmdict
埋め尽くす	15 19	17	15 19 | 15 19 | 17 19	jmdict
執る	32 36	15 38	32 36 | 32 36 | 15 32 36 38	jmdict
培う	30	15 38	30 | 15 30 | 30 38	jmdict
堪り兼ねる	13	30	13 | 13 | 30	jmdict
堪る	14	13	14 | 13 | 14	jmdict
報いる	35	36	36 | 35 | 35	jmdict
報う	34	36	34 | 34 36 | 34	jmdict
報ずる	31	34 35	31 34 | 31 | 31 35	jmdict
塗りこむ	15	32	15 | 15 | 15 32	jmdict
塗りつぶす	15	32	15 | 15 32 | 15	jmdict
塗り消す	15	31	15 31 | 15 | 15	jmdict
塗り直す	15	32	15 | 15 | 15 32	jmdict
塗り重ねる	15	32	15 32 | 15 | 15	jmdict
塗る	15	32	15 | 15 | 15 32	jmdict
増え続ける	19	15	19 | 15 19 | 19	jmdict
増す	19	13 15	19 | 15 19 | 13 19	jmdict
売りつける	37	35 36	35 37 | 36 37 | 37	jmdict
売り出す	37	15 38	37 38 | 37 | 15 37	jmdict
売り切る	37	15	37 | 37 | 15 37	jmdict
売り尽くす	37	19	19 37 | 37 | 37	jmdict
売り広める	31 37	38	31 37 | 31 37 | 31 37 38	jmdict
売り抜ける	37	34 38	37 38 | 37 | 34 37	jmdict
売り歩く	37	15 17	17 37 | 37 | 15 37	jmdict
売り渋る	37	13 30	30 37 | 37 | 13 37	jmdict
売り込む	37	38	37 38 | 37 | 37	jmdict
売る	37	35	35 37 | 37 | 37	jmdict
売れる	37	34	34 37 | 37 | 37	jmdict
変わりゆく	15	16	15 | 15 | 15 16	jmdict
変わる	15	11	15 | 15 | 11 15	jmdict
外す	15 17 34	36	15 17 | 15 17 34 36 | 15 34	jmdict
外れる	11 15 17	10 34	10 11 15 | 11 15 17 | 11 15 17 34	jmdict
大人びる	15 57	13	15 | 13 57 | 15 57	jmdict
大人ぶる	33	13	13 33 | 33 | 33	jmdict
天下る	36	15 38	38 | 15 36 | 36	jmdict
天翔る	17	52	17 52 | 17 | 17	jmdict
太る	56	19 57	19 56 | 57 | 56	jmdict
失う	12 37 57	30	37 | 12 30 37 57 | 12 37 57	jmdict
失せる	12	15	12 15 | 12 | 12	jmdict
失せ去る	12	15	12 | 12 | 12 15	jmdict
奉る	36	34	34 36 | 36 | 36	jmdict
奢る	30 37	33	30 37 | 30 37 | 33 37	jmdict
奪い去る	15 37	35	15 37 | 15 37 | 15 35 37	jmdict
奪い返す	37	15 35	35 37 | 15 37 | 37	jmdict
奪う	15 35 37	14	14 35 37 | 15 37 | 15 35 37	jmdict
奮う	14	30	14 | 14 | 14 30	jmdict
好き合う	30	35	30 35 | 30 | 30	jmdict
妨げる	14	15 34	14 34 | 14 | 14 15	jmdict
威張りくさる	35	36	35 | 35 | 36	jmdict
威張り散らす	35	36	35 | 36 | 35	jmdict
婀娜めく	13	33	13 | 33 | 13	jmdict
嬲り殺す	35 57	34	35 57 | 34 57 | 35 57	jmdict
守りきる	34 36	35	34 36 | 34 36 | 34 35	jmdict
守り抜く	34	36	34 | 34 36 | 34	jmdict
守る	34	36	34 36 | 34 | 34	jmdict
定まる	15	11 13 30	13 15 | 15 30 | 11 15	jmdict
定める	30 36	34	30 36 | 30 36 | 34 36	jmdict
宥めすかす	35	30	35 | 35 | 30 35	jmdict
宥める	35	30	35 | 30 35 | 35	jmdict
害す	14 34	15 56	14 56 | 15 34 | 14 34	jmdict
宿る	12	17 57	12 17 | 12 57 | 12	jmdict
寂れる	15	12	15 | 12 15 | 15	jmdict
寄せる	15 17 30 31	35	15 17 | 15 17 30 31 35 | 15 17 30 31	jmdict
寄せ付ける	17	15 35	17 35 | 15 | 17	jmdict
寄せ合う	17 35	15	17 | 15 35 | 17 35	jmdict
寄せ集める	15	17	15 17 | 15 | 15	jmdict
寄りかかる	17	33 56	17 56 | 17 | 17 33	jmdict
寄りすがる	17 30	35	35 | 17 30 | 17 30	jmdict
寄り切る	15 35	34	15 35 | 15 34 | 15 35	jmdict
寄り合う	17 35	15	17 35 | 17 35 | 15 35	jmdict
寄り集まる	17	12 15 35	12 | 17 35 | 15 17	jmdict
寄る	17	15	17 | 15 17 | 17	jmdict
寄越す	35 37	17	35 | 35 37 | 17 37	jmdict
富む	19	37	19 | 19 | 19 37	jmdict
寒がる	56	30	30 56 | 56 | 56	jmdict
寒気立つ	56	57	56 57 | 56 | 56	jmdict
寛ぐ	33	30	33 | 30 | 33	jmdict
寛げる	33	30	33 | 30 | 33	jmdict
寝かせる	15 57	33 37	15 33 57 | 15 57 | 15 37 57	jmdict
寝すぎる	57	19	57 | 19 57 | 57	jmdict
寝る	57	33	33 57 | 57 | 57	jmdict
寝れる	57	56	56 | 57 | 57	jmdict
寝付く	57	15	57 | 15 57 | 57	jmdict
寝忘れる	16 57	30	30 57 | 16 | 16 57	jmdict
寝直す	57	15	57 | 57 | 15 57	jmdict
寝返る	35	15 33	33 35 | 15 35 | 35	jmdict
寿ぐ	35	31	31 35 | 35 | 35	jmdict
射し込む	17 50	15 52	17 50 | 15 50 | 17 52	jmdict
射抜く	15	30	15 30 | 15 | 15	jmdict
射止める	15 34	35	15 34 | 15 34 35 | 15 34	jmdict
射落とす	15	34 57	15 | 15 34 | 15 57	jmdict
尊ぶ	30	36	30 | 30 | 36	jmdict
導く	17 36	11 15	36 | 15 17 36 | 11 17	jmdict
小ましゃくれる	30	33	30 | 30 | 33	jmdict
小洒落る	13	15	13 | 13 | 13 15	jmdict
小突き回す	15 35	56	15 35 56 | 15 35 | 15 35	jmdict
尖らす	15	30	15 | 15 | 15 30	jmdict
尖らせる	15	30	15 | 15 | 15 30	jmdict
尖る	15	30	15 | 15 | 15 30	jmdict
就く	33 38	15 17 30 36 57	15 17 30 36 38 57 | 33 38 | 33 38	jmdict
尽きる	12 19	15 57	12 19 | 12 15 | 12 19 57	jmdict
尽き果てる	12 19	15	12 19 | 12 19 | 15 19	jmdict
尽くす	19 34	14 15 36	19 34 | 19 34 36 | 14 15 34	jmdict
居合わす	12	35	12 | 12 35 | 12	jmdict
居合わせる	12	17	12 | 12 | 12 17	jmdict
居座る	17	12 33	17 | 17 33 | 12 17	jmdict
居直る	35	33	35 | 33 35 | 35	jmdict
居眠る	57	33	33 57 | 57 | 57	jmdict
居続ける	12 16	17	12 16 | 12 16 17 | 12 16	jmdict
屈む	33	56	33 | 33 | 56	jmdict
届く	17	15 19 31	15 | 17 31 | 17 19	jmdict
届ける	15 31	17 35	15 31 | 15 17 35 | 15 31	jmdict
届け出る	31	34	31 | 31 34 | 31	jmdict
屠る	57	35	35 57 | 57 | 57	jmdict
履き違える	30	11 33 56	11 30 | 30 56 | 30 33	jmdict
屯す	33	35	33 | 35 | 33	jmdict
峙つ	17	12 35	12 17 | 17 | 35	jmdict
崇めたてる	36	30	30 | 36 | 36	jmdict
崇める	30	36	30 | 30 | 36	jmdict
崩す	15 37	33 57	15 37 | 15 33 37 | 15 37 57	jmdict
崩れかかる	15	12	12 15 | 15 | 15	jmdict
嵩張る	19	17	17 19 | 19 | 19	jmdict
巡り歩く	17 33	15	17 33 | 17 33 | 15 17	jmdict
巣立つ	57	15 17	17 57 | 57 | 15 57	jmdict
巣籠る	33	12 57	12 33 | 33 57 | 33	jmdict
巫山戯る	33	35	33 | 33 | 33 35	jmdict
差し上る	15 17	52	15 52 | 15 17 | 15 17	jmdict
差し付ける	15 35	36	15 35 | 15 36 | 15 35	jmdict
差し伸べる	15 35	33 34	33 35 | 15 34 | 15 35	jmdict
差し入れる	15 35	33	15 35 | 15 35 | 15 33	jmdict
差し出す	15 35	33 34 37	15 35 | 33 35 37 | 15 34	jmdict
差し固める	15	14	15 | 14 15 | 15	jmdict
差し当たる	15	35	15 | 15 | 35	jmdict
差し戻す	15	34 36	15 | 15 34 | 15 36	jmdict
差し押さえる	36	15	36 | 36 | 15 36	jmdict
差し招く	33	35	33 | 33 | 33 35	jmdict
差し挟む	15 31	35	15 31 35 | 15 | 15 31	jmdict
差し支える	13	14	13 | 13 | 13 14	jmdict
差し置く	15	34	15 | 15 | 15 34	jmdict
差し許す	34	36	34 | 36 | 34	jmdict
差し越す	16	15 17	16 | 16 | 15 17	jmdict
差し込む	15 17 56	50	15 17 56 | 15 17 50 56 | 15 17 56	jmdict
差し迫る	16	15	15 16 | 16 | 16	jmdict
差し違える	35	15	15 35 | 35 | 35	jmdict
差し遣わす	15 36	35	15 35 | 36 | 15 36	jmdict
差し障る	13	15	13 15 | 13 | 13	jmdict
差す	15 17 30 52	33 50	15 17 30 33 52 | 15 17 30 52 | 15 17 50	jmdict
巻き上がる	15	50	15 50 | 15 | 15	jmdict
巻き起こす	15	12	15 | 12 15 | 15	jmdict
巻き返す	15 34	35	15 34 35 | 15 34 | 15	jmdict
希う	30	31	30 | 30 | 30 31	jmdict
師と仰ぐ	30	36	30 | 30 36 | 30	jmdict
帯びる	13 34 51	33	13 34 | 13 33 34 51 | 34 51	jmdict
帰す	15 17	11 35	17 35 | 11 15 | 15 17	jmdict
干し殺す	57	51	57 | 57 | 51 57	jmdict
干す	15 36 51	33	15 36 51 | 15 36 51 | 15 33 51	jmdict
干る	15 51	50 52	15 51 | 15 51 | 15 50 51 52	jmdict
干割れる	51	15	15 | 51 | 51	jmdict
平らぐ	13 15	17 30	13 30 | 13 15 17 | 13 15	jmdict
平らげる	33	15 35	33 | 33 35 | 15 33	jmdict
年老いる	57	15	57 | 15 57 | 57	jmdict
幼びる	13	57	57 | 13 | 13	jmdict
広げる	15 17	19 38	15 17 19 | 15 17 | 15 17 38	jmdict
広まる	15 17	31	15 17 31 | 15 17 | 15	jmdict
庇う	35	36	35 | 35 36 | 35	jmdict
座り直す	33	15	15 33 | 33 | 33	jmdict
廃れる	12	15	12 | 15 | 12	jmdict
建て込む	17	38	17 38 | 17 | 17	jmdict
弁える	30	34	30 34 | 30 | 30	jmdict
弄くる	15	33 35	33 | 15 | 15 35	jmdict
弄ぶ	35	15 30 33	35 | 33 35 | 15 30 35	jmdict
弄る	15	33 35	15 33 | 15 | 15 35	jmdict
弓引く	15 35	36	15 36 | 15 35 | 15 35	jmdict
引かす	15	19	15 | 15 19 | 15	jmdict
引きずられる	15	30	15 | 15 30 | 15	jmdict
引きずり降ろす	15 36	17	15 36 | 15 17 36 | 15 36	jmdict
引きつる	56	15	56 | 15 56 | 56	jmdict
引きつれる	56	15 35	15 56 | 56 | 35	jmdict
引き上げる	15 17 19	36	15 17 19 | 15 17 19 36 | 15 17 19	jmdict
引き下がる	15 35	17	17 35 | 15 35 | 15 35	jmdict
引き下ろす	15 17	36 37	15 17 | 15 17 36 | 15 37	jmdict
引き倒す	15	35	15 | 15 | 15 35	jmdict
引き写す	32	31	32 | 31 32 | 32	jmdict
引き分ける	35	34	34 35 | 35 | 35	jmdict
引き去る	15	37	15 | 15 | 15 37	jmdict
引き取る	37	15	37 | 15 37 | 37	jmdict
引き受ける	34	38	34 | 34 38 | 34	jmdict
引き合う	11 14 37	15 35	11 14 37 | 11 14 37 | 11 15 35 37	jmdict
引き回す	15 17	35 36	15 35 | 15 17 | 15 17 36	jmdict
引き抜く	15 37	38	15 37 | 15 37 | 15 38	jmdict
引き摺り回す	15	17 36	15 17 | 15 36 | 15	jmdict
引き摺り込む	15 35	17	15 35 | 15 35 | 15 17	jmdict
引き止める	15	14 35	14 15 | 15 | 15 35	jmdict
引き渡す	35 36	37	36 | 35 37 | 35 36	jmdict
引き直す	15	32	15 | 15 | 15 32	jmdict
引き結ぶ	15	35	15 | 15 35 | 15	jmdict
引き継ぐ	36	34 38	34 36 | 36 38 | 36	jmdict
引き締める	15 30	36 37	15 30 | 15 | 15 30 36 37	jmdict
引き込む	15 30	17	15 30 | 15 17 | 15 30	jmdict
引き連れる	17 36	35	17 35 | 17 36 | 17 36	jmdict
引く	15 17 19 30 32 57	14 31	14 15 19 30 32 57 | 15 17 19 30 32 57 | 15 17 19 30 31 57	jmdict
引ける	15 30	13 16 38	15 16 30 | 13 15 30 38 | 15 30	jmdict
引っかかる	15 30	35	15 30 35 | 15 30 | 15 30	jmdict
引っくるめる	11	15	11 15 | 11 | 11	jmdict
引っ付く	15	11 17	15 | 15 | 11 15 17	jmdict
引っ付ける	15	17	15 17 | 15 | 15	jmdict
引っ張り上げる	15	14 17 36	14 15 17 | 15 | 15 36	jmdict
引っ張り下ろす	14 15	17	15 | 14 15 17 | 14 15	jmdict
引っ張り合う	14 35	15	15 35 | 14 35 | 14 35	jmdict
引っ張り回す	15	17	15 17 | 15 | 15	jmdict
引っ張り込む	15 17	35	15 35 | 15 17 | 15 17	jmdict
引っ張る	15 36	14 16	15 16 36 | 15 36 | 14 15	jmdict
引っ掛ける	15 35	17	15 35 | 15 17 35 | 15 35	jmdict
引っ掴む	15	56	15 | 15 | 15 56	jmdict
引っ掻き回す	15	35	15 35 | 15 | 15	jmdict
引っ立てる	15 35	36	15 36 | 15 35 | 15 35	jmdict
引っ詰める	15	56	15 | 15 | 15 56	jmdict
引っ越す	15 17	33	15 33 | 15 17 | 15 17	jmdict
引っ込ます	15	17	15 | 15 17 | 15	jmdict
引っ込める	15	17 35	15 17 | 15 | 15 35	jmdict
弛む	15	13	15 | 15 | 13 15	jmdict
弥立つ	30 56	57	56 | 30 57 | 30 56	jmdict
弱る	14	15 56 57	15 56 | 14 | 14 57	jmdict
張り出す	17 31	15	17 31 | 17 31 | 15 17 31	jmdict
張り詰める	13 30	15	13 15 | 13 30 | 13 30	jmdict
張り込む	33 37	35	33 37 | 35 37 | 33 37	jmdict
張る	15	17 19 30 35 38	15 19 30 38 | 15 | 15 17 35	jmdict
強つく	15	13 56	15 56 | 13 15 | 15	jmdict
弾き返す	15	14	15 | 14 15 | 15	jmdict
弾き飛ばす	15	14	15 | 15 | 14 15	jmdict
弾く	15 32 34	19	15 32 | 15 32 34 | 15 19 32 34	jmdict
弾ける	15 51	32	15 32 51 | 15 51 | 15 51	jmdict
弾む	15 30	19 31 37	15 30 31 37 | 15 30 | 15 19 30	jmdict
当たり散らす	35	30	30 35 | 35 | 35	jmdict
当たる	10 15 17 34 50	11 37	10 15 17 34 | 10 11 15 34 50 | 10 15 17 34 37 50	jmdict
当てはまる	13	11	13 | 11 | 13	jmdict
当てられる	15	30 31 34	15 | 15 31 | 15 30 34	jmdict
当てる	15 30 36 37	17 34	15 17 30 34 | 15 30 36 37 | 15 30 36 37	jmdict
彩なす	32	15	15 32 | 32 | 32	jmdict
彷徨える	17	15	15 17 | 17 | 17	jmdict
役立てる	34	14	14 | 34 | 34	jmdict
往なす	35	15	35 | 15 35 | 35	jmdict
往ぬ	15	16 57	15 | 15 | 15 16 57	jmdict
征く	17	15	15 17 | 17 | 17	jmdict
待ちわびる	30	16	16 30 | 30 | 30	jmdict
待ち惚ける	16	35	16 | 16 35 | 16	jmdict
待ち構える	16 35	30	16 30 | 16 35 | 16 35	jmdict
従う	36	17	17 36 | 36 | 36	jmdict
心がける	30	34	30 | 30 34 | 30	jmdict
忍ばせる	15	33	15 | 15 | 33	jmdict
忍び泣く	30 57	56	30 57 | 30 57 | 30 56	jmdict
忍び込む	17	15	17 | 17 | 15 17	jmdict
忍ぶ	14 17	33	14 17 | 14 33 | 14 17	jmdict
応える	31 35	15 34	31 35 | 15 35 | 31 34	jmdict
応じる	35	11 34	35 | 35 | 11 34 35	jmdict
応ずる	31 35	13	35 | 13 31 35 | 31 35	jmdict
怒らせる	30	35	30 | 30 | 30 35	jmdict
怒鳴り込む	17 31 35	15	17 35 | 15 31 35 | 17 31 35	jmdict
怖気立つ	30	56	30 | 30 | 30 56	jmdict
思いとどまる	30	34	30 | 30 | 30 34	jmdict
思い描く	30	32	30 | 30 32 | 30	jmdict
思い知らせる	30	34	30 | 30 34 | 30	jmdict
思い立つ	30	15	30 | 15 30 | 30	jmdict
思い続ける	30	16	30 | 16 30 | 30	jmdict
思われる	30	13	30 | 30 | 13 30	jmdict
急かす	16	35	16 | 16 35 | 16	jmdict
急かせる	16	35 36	16 36 | 16 | 16 35	jmdict
急がす	16	14 36	16 | 14 16 | 16 36	jmdict
急がせる	16	36	16 36 | 16 | 16	jmdict
急き立てる	16 36	14 35	16 35 | 16 36 | 14 36	jmdict
怪しむ	30	10	30 | 10 30 | 30	jmdict
恥ずか死ぬ	30	57	30 57 | 30 | 30	jmdict
息せき切る	56	15	15 56 | 56 | 56	jmdict
息つく	56 57	16	16 56 | 56 57 | 57	jmdict
息づく	57	56	56 57 | 57 | 57	jmdict
息む	56 57	14	56 57 | 14 56 | 56 57	jmdict
恵まれる		13 19 37	37 | 13 | 19	jmdict
恵む	37	36	36 | 37 | 37	jmdict
悖る		11 13 34	34 | 13 | 11	jmdict
惑わす	30	35	30 | 30 35 | 30	jmdict
惚ける	30	34	30 34 | 30 | 30	jmdict
惹く	30	14 15	15 30 | 14 30 | 30	jmdict
意味づける	30	31	30 31 | 30 | 30	jmdict
愚集む	15	30	30 | 15 | 15	jmdict
慕い寄る	17 30	35	17 30 | 35 | 17 30	jmdict
慣らす	13	30	13 | 13 30 | 13	jmdict
慣れる	13	30	30 | 13 | 13	jmdict
慣れ親しむ	30 35	13	30 | 13 35 | 30 35	jmdict
慰めあう	35	30	35 | 30 35 | 35	jmdict
慰める	35	30	30 35 | 35 | 35	jmdict
憚る	30	34	30 | 30 34 | 30	jmdict
懐ける	35	36	36 | 35 | 35	jmdict
懸け隔たる	17	11	11 17 | 17 | 17	jmdict
成す	34	15	15 34 | 34 | 34	jmdict
成りすます		10 34 35	35 | 10 | 34	jmdict
成り下がる	15	13	15 | 15 | 13 15	jmdict
成り切る	15	32	15 | 15 | 15 32	jmdict
成り掛かる	15	12	15 | 12 15 | 15	jmdict
成り掛ける	15	16	15 16 | 15 | 15	jmdict
成り果てる	15	13	15 | 13 15 | 15	jmdict
成り立つ	12 13	11	12 13 | 11 12 | 12 13	jmdict
成る	11 12 15	34 57	12 15 | 11 12 15 34 57 | 11 12	jmdict
戒める	36	31	36 | 31 36 | 36	jmdict
戯える	33	35	33 | 33 35 | 33	jmdict
所帯じみる	15 33	13	13 15 33 | 15 | 33	jmdict
扇ぎ立てる	15 35	51	15 35 51 | 15 35 | 15 35	jmdict
扇ぐ	15	35 51	15 | 15 | 15 35 51	jmdict
手がける	32 38	33	33 38 | 32 38 | 32 38	jmdict
手なずける	36	35	36 | 35 36 | 36	jmdict
手仕舞う	15 38	37	15 38 | 15 38 | 15 37	jmdict
手向ける	34	33	33 | 34 | 34	jmdict
手招く	33	35	33 35 | 33 | 33	jmdict
手渡す	35	15 37	35 | 35 | 15 37	jmdict
手繰る	15 30	33	15 33 | 15 30 | 15 30	jmdict
手間取る	16	13	16 | 13 16 | 16	jmdict
才気走る	30	13	30 | 30 | 13 30	jmdict
才走る	30	13	30 | 13 | 30	jmdict
打ちひしぐ	30	15 34	15 30 | 30 34 | 30	jmdict
打ち上がる	15	17	15 | 15 | 15 17	jmdict
打ち上げる	15	17 33 38	15 17 33 | 15 | 15 38	jmdict
打ち伏す	14 15	35	15 35 | 14 15 | 14 15	jmdict
打ち倒す	15 35	34	15 35 | 15 34 | 15 35	jmdict
打ち勝つ	34	35	34 | 34 35 | 34	jmdict
打ち取る	34 57	15 35	34 57 | 15 34 | 34 35 57	jmdict
打ち合わせる	31 35	15	31 35 | 31 35 | 15 35	jmdict
打ち噛ます	15	14 35	14 15 | 15 | 15 35	jmdict
打ち守る	36	34	34 | 36 | 36	jmdict
打ち寄せる	15 50	17	15 50 | 15 50 | 15 17 50	jmdict
打ち崩す	15	34	15 | 15 | 15 34	jmdict
打ち延ばす	15	38	15 | 15 38 | 15	jmdict
打ち沈む	30	15	30 | 15 30 | 30	jmdict
打ち直す	15	31	15 | 15 31 | 15	jmdict
打ち眺める	56	30	30 | 56 | 56	jmdict
打ち破る	15 34	35	15 34 | 15 34 35 | 15 34	jmdict
打ち続く	16	15	15 16 | 16 | 16	jmdict
打ち続ける	15	16	15 | 15 | 15 16	jmdict
打ち負ける	34	35	34 | 34 35 | 34	jmdict
打ち震える	56	30	30 56 | 56 | 56	jmdict
打ち鳴らす	15	33 50	15 | 15 50 | 15 33	jmdict
打っちゃる	15	34	15 | 15 | 15 34	jmdict
打って掛かる	35	15	35 | 15 35 | 35	jmdict
打っ手繰る	37	35	37 | 37 | 35 37	jmdict
打つ	15 30 31	56	15 30 31 | 15 30 31 56 | 15 30 31	jmdict
払い出す	37	15	37 | 37 | 15 37	jmdict
扱う	15 36 38	31 33 34	15 34 36 38 | 15 31 36 | 33 36 38	jmdict
扼す	14 36	56	14 36 | 14 36 | 14 56	jmdict
承る	31	34 35	31 35 | 31 34 | 31	jmdict
抑える	14 30 36	19	14 19 30 | 14 30 36 | 14 36	jmdict
投げ下ろす	15	17	15 | 15 | 15 17	jmdict
投げ与える	15 34	35	15 34 | 15 35 | 15 34	jmdict
投げ倒す	15	14 35	15 35 | 14 15 | 15	jmdict
投げ捨てる	15	34	15 34 | 15 | 15	jmdict
投げ落とす	15	17	15 17 | 15 | 15	jmdict
投げ込む	15	17	15 | 15 | 15 17	jmdict
投げ返す	15	35	15 | 15 35 | 15	jmdict
投げ飛ばす	15	34	15 34 | 15 | 15	jmdict
投じる	15 37	34 36	15 37 | 15 34 36 37 | 15 37	jmdict
折りたたむ	15	17	15 17 | 15 | 15	jmdict
折り合う	35	11	11 35 | 35 | 35	jmdict
折り敷く	33	56	33 | 33 | 33 56	jmdict
折り重ねる	15	17	15 17 | 15 | 15	jmdict
抜かす	15 31	19	15 31 | 15 31 | 15 19 31	jmdict
抜き出る	15 34	11 13 17	11 15 | 15 34 | 13 17 34	jmdict
抜く	15 34	11 17 19 56	15 34 56 | 15 19 34 | 11 15 17 34	jmdict
抜ける	12 15 17	19 57	12 15 17 57 | 12 15 17 19 | 12 15 17	jmdict
抜け替わる	15	56	15 56 | 15 | 15	jmdict
披く	15	31	15 | 15 31 | 15	jmdict
抱える	33 38	12 30 56	12 33 | 33 38 | 30 38 56	jmdict
抱え込む	15 34	30	15 34 | 15 34 | 15 30 34	jmdict
抱きとめる	15 56	33	15 56 | 15 56 | 15 33	jmdict
抱き上げる	15	56	15 | 15 56 | 15	jmdict
抱き下ろす	15	33	15 33 | 15 | 15	jmdict
抱き合う	35 56	33	35 56 | 33 35 | 35 56	jmdict
抱き合わせる	11 15	37	11 15 | 15 37 | 11 15	jmdict
抱き寄せる	33	15 35	15 33 | 33 | 35	jmdict
抱き抱える	15 33	56	15 33 | 15 33 | 15 56	jmdict
抱き込む	35	33 36	36 | 33 35 | 35	jmdict
抱く	30 33	35 56 57	30 33 35 | 30 33 | 30 56 57	jmdict
押さえる	14 36	15 30 34 37	14 36 | 14 15 30 36 37 | 14 34	jmdict
押しやる	15	17	15 17 | 15 | 15	jmdict
押し下げる	15 17	14 19	15 17 19 | 15 | 14 15 17	jmdict
押し入る	15 17	35	17 35 | 15 17 | 15 17	jmdict
押し出す	15	17	15 | 15 17 | 15	jmdict
押し分ける	15	17	15 | 15 | 15 17	jmdict
押し切る	14 15 34	35	14 15 | 14 34 35 | 15 34	jmdict
押し包む	15	17	15 17 | 15 | 15	jmdict
押し固める	15	14	14 15 | 15 | 15	jmdict
押し当てる	15	17	15 | 15 17 | 15	jmdict
押し殺す	15 30 57	31	30 57 | 15 30 31 57 | 15 30	jmdict
押し渡る	15 17	35	15 17 | 17 | 15 17 35	jmdict
押し立てる	15 36	14	14 15 36 | 15 36 | 15 36	jmdict
押し縮める	15	19	15 | 15 | 15 19	jmdict
押し詰まる	15 16	13	15 16 | 13 15 16 | 15 16	jmdict
押し詰める	15	17	15 | 15 | 15 17	jmdict
押し込む	15	17 35	15 | 15 35 | 15 17	jmdict
押し返す	15	14 35	14 15 | 15 35 | 15	jmdict
押し迫る	16	15	15 16 | 16 | 16	jmdict
押し通す	14 34	15	14 34 | 14 34 | 14 15 34	jmdict
押し進める	15	34 38	15 34 | 15 38 | 15	jmdict
押し開ける	15	14	15 | 14 15 | 15	jmdict
押し隠す	15	34	15 | 15 | 15 34	jmdict
押す	15	14	14 15 | 15 | 15	jmdict
押っ圧折る	15	14	15 | 15 | 14 15	jmdict
押っ被せる	15 36	17	15 36 | 15 17 36 | 15 36	jmdict
担ぎ上げる	15 36	17	15 36 | 15 17 36 | 15 36	jmdict
担ぎ回る	15	17 33	15 33 | 15 | 15 17	jmdict
担ぐ	33 36	15 35	33 36 | 15 35 36 | 33	jmdict
拐かす	35	10	10 35 | 35 | 35	jmdict
拒む	35	34	35 | 35 | 34 35	jmdict
拒否る	34	35	35 | 34 | 34	jmdict
拗ける	15 30	13	15 30 | 13 30 | 15 30	jmdict
拗らせる	15 57	13	15 57 | 13 15 | 15 57	jmdict
拘う	11	30	11 | 11 | 11 30	jmdict
拘り合う	35	11 30	30 35 | 11 35 | 35	jmdict
招き入れる	17 35	15	17 35 | 15 35 | 17 35	jmdict
招き寄せる	15 35	17	17 35 | 15 35 | 15 35	jmdict
括る	15 30	31	15 | 15 30 31 | 15 30	jmdict
括れる	15	56	15 | 15 | 15 56	jmdict
拭い去る	15	30	15 | 15 | 15 30	jmdict
拭き消す	15	12	12 15 | 15 | 15	jmdict
拾い上げる	15	17 37	15 37 | 15 17 | 15	jmdict
持ち上がる	15	12	12 15 | 15 | 15	jmdict
持ち上げる	15 36	17	15 36 | 15 17 36 | 15 36	jmdict
持ち出す	15 17 31	37	15 17 31 | 15 17 31 | 15 31 37	jmdict
持ち古す	15	33	15 | 15 33 | 15	jmdict
持ち合う	11 37	35	11 37 | 11 37 | 35	jmdict
持ち回る	15	35 36	15 36 | 15 35 | 15	jmdict
持ち崩す	37	33	37 | 37 | 33 37	jmdict
持ち歩く	15	17	15 | 15 | 15 17	jmdict
持ち添える	15	33	15 33 | 15 | 15	jmdict
持ち直す	15	57	15 57 | 15 | 15	jmdict
持ち越す	16	15	15 16 | 16 | 16	jmdict
持ち込む	15 17	31	15 17 31 | 15 17 | 15 17	jmdict
持つ	12 15 34 37	13 14 16 33	12 15 16 34 | 13 15 37 | 12 14 33 34 37	jmdict
指差す	33	17	33 | 33 | 17	jmdict
指折り数える	19 30	33	19 33 | 19 30 | 19 30	jmdict
挑みかかる	35	15 34	35 | 15 35 | 34 35	jmdict
挑む	34	35	35 | 34 | 34	jmdict
挙がる	12 15 34	31	12 15 31 34 | 15 34 | 12 15	jmdict
挙げる	15 31 33 34	36 38	15 31 33 34 | 15 31 33 34 36 38 | 15 31 34	jmdict
挙る	33	19	33 | 19 | 33	jmdict
振りかける	15	19	15 19 | 15 | 15	jmdict
振りまく	15	33	15 33 | 15 | 15	jmdict
振り上げる	15	17	15 | 15 | 15 17	jmdict
振り下ろす	15	17	15 17 | 15 | 15	jmdict
振り仰ぐ	17 33	56	17 33 | 17 56 | 17 33	jmdict
振り分ける	15 36	19	19 36 | 15 36 | 15 36	jmdict
振り切る	15 35	34	15 35 | 15 35 | 15 34	jmdict
振り切れる	15	19	15 | 15 | 15 19	jmdict
振り合う	35	15 33	15 35 | 33 35 | 35	jmdict
振り向ける	17 36	37	17 36 | 17 37 | 17 36	jmdict
振り払う	15	35	15 35 | 15 | 15	jmdict
振り替える	15 37	16	15 16 37 | 15 37 | 15 37	jmdict
振り絞る	14 15	30 31	14 15 | 14 15 | 14 30 31	jmdict
振り起こす	15 30	14	15 30 | 15 30 | 14 30	jmdict
振り返す	15	17	15 | 15 17 | 15	jmdict
振り返る	15 30	17	15 30 | 15 30 | 15 17 30	jmdict
振り遅れる	16	15	15 16 | 16 | 16	jmdict
振る	15 35 36	33	15 33 35 36 | 15 35 36 | 15 35 36	jmdict
振るう	14 15	34 36	14 15 | 14 15 36 | 14 15 34	jmdict
振れる	15 17	19	15 17 19 | 15 | 15 17	jmdict
挺す	34	56	34 | 34 | 34 56	jmdict
挽き割る	15	51	15 | 15 | 15 51	jmdict
挽く	15	51	15 | 15 51 | 15	jmdict
捉える	15 30	14	15 30 | 15 30 | 14 30	jmdict
捌く	15 35 37 38	33	15 35 37 38 | 15 33 37 38 | 15 35 37 38	jmdict
捌ける	37 38	12 15 34	15 37 38 | 12 34 37 | 37 38	jmdict
捏ねる	15	30 31	15 | 15 30 31 | 15	jmdict
捕まる	35	36	35 | 35 | 35 36	jmdict
捕れる	37	15 34	37 | 37 | 15 34	jmdict
捗る	15 38	13	15 38 | 15 38 | 13 15	jmdict
捥ぐ	15	38	15 38 | 15 | 15	jmdict
捧げ持つ	33	15	33 | 15 33 | 33	jmdict
捨て置く	15	17 34	15 34 | 15 17 | 15	jmdict
捩じ取る	15	14	15 | 15 | 14 15	jmdict
据え付ける	15	38	15 | 15 38 | 15	jmdict
据え置く	15	19	15 19 | 15 | 15	jmdict
据わる	33	17 30	17 | 30 33 | 33	jmdict
捲れる	15	17	15 | 15 17 | 15	jmdict
捻くれる	15 30	13	13 15 30 | 15 30 | 15 30	jmdict
捻じ曲がる	15	17 30	15 17 30 | 15 | 15	jmdict
捻り潰す	15	14	15 | 15 | 14 15	jmdict
掃き出す	15	33 36	15 33 | 15 36 | 15	jmdict
掃き寄せる	15	17	15 | 15 | 15 17	jmdict
掃き捨てる	15	33	15 | 15 | 15 33	jmdict
掃く	33	15	33 | 33 | 15	jmdict
授かる	37	57	37 | 37 | 37 57	jmdict
掘り出す	15	37	15 37 | 15 | 15	jmdict
掘り当てる	15 34	37	15 37 | 15 34 | 15 34	jmdict
掘り込む	15	17	15 17 | 15 | 15	jmdict
掛かり合う	35	11	35 | 35 | 11 35	jmdict
掛かる	11 15 16 17 19 31	35 57	15 16 17 19 35 | 11 15 16 17 19 31 | 11 15 16 17 19 31 57	jmdict
掛ける	15 17 19 31 37	14 16 33 34 35 36 56	14 15 16 17 19 31 33 35 37 56 | 15 17 19 31 36 37 | 15 17 19 31 34 37	jmdict
掛け合わす	11 15	19	11 15 19 | 11 15 | 11 15	jmdict
掛け合わせる	15 19	11	15 19 | 11 15 19 | 15	jmdict
掛け持つ	33	38	33 | 33 | 33 38	jmdict
掛け違う	11	35	11 | 11 35 | 11	jmdict
掠める	15 37	30	15 37 | 15 30 37 | 15 37	jmdict
掠め奪う	37	15 35	15 37 | 37 | 35 37	jmdict
掠る	15	17	15 17 | 15 | 15	jmdict
掠れる	15	56	15 | 15 | 15 56	jmdict
採る	34 37 38	15	34 37 38 | 34 37 | 15 34 37 38	jmdict
採れる	37	38	37 38 | 37 | 37	jmdict
探し回る	30	17	17 30 | 30 | 30	jmdict
探り出す	30	15	15 30 | 30 | 30	jmdict
探り回る	15 30	17	15 30 | 15 17 30 | 15 30	jmdict
探り当てる	30	34	30 | 30 | 30 34	jmdict
控える	17 31 34	12 16 19	17 34 | 16 19 31 34 | 12 17 31 34	jmdict
推す		30 34 35 36	36 | 34 | 30 35	jmdict
措く	15	17	15 | 15 | 17	jmdict
掴ませる	15 37	34 35	34 37 | 15 | 15 35 37	jmdict
掴みかかる	35	14 56	14 35 | 35 | 35 56	jmdict
掴み上げる	15	14	14 15 | 15 | 15	jmdict
掴む	15 30	14 37	14 30 37 | 15 30 | 15 30	jmdict
掻い摘む	31	15	31 | 15 31 | 31	jmdict
掻き立てる	30	35 51	30 35 51 | 30 | 30	jmdict
掻っ切る	15	56	15 | 15 | 15 56	jmdict
掻っ捌く	15	56	15 | 15 | 15 56	jmdict
掻っ攫う	37	15	37 | 37 | 15 37	jmdict
揃える	15	11 13 19	15 19 | 13 15 | 11 15	jmdict
揉まれる	15 35	34	15 35 | 15 34 | 35	jmdict
揉む	15 56	30	15 30 56 | 15 | 15 56	jmdict
描き溜める	32	19	32 | 19 32 | 32	jmdict
描き足す	32	15	32 | 32 | 15 32	jmdict
描く	32	30	30 32 | 32 | 32	jmdict
揚がる	15 51	17	15 51 | 15 17 51 | 15 51	jmdict
揚げる	15 33	51	15 33 | 15 51 | 15 33	jmdict
握らす	15	33 36	33 | 15 36 | 15	jmdict
握り合う	35	56	35 | 35 | 35 56	jmdict
握り込む	15	37 56	15 56 | 15 | 15 37	jmdict
握り返す	35 56	33	33 | 35 56 | 35 56	jmdict
握る	36 56	15	36 56 | 15 56 | 36 56	jmdict
揺すり起こす	15 56	57	15 56 | 15 56 | 15 57	jmdict
揺らめく	15	50	15 | 15 50 | 15	jmdict
揺るがす	15 30	14	14 15 30 | 15 | 15 30	jmdict
搗く	15	33	15 33 | 15 | 15	jmdict
携える	17	15 33	17 | 17 33 | 15	jmdict
摂る	56	33 57	56 57 | 33 | 56	jmdict
撃ち出す	15	14	15 | 14 15 | 15	jmdict
撃ち当てる	15	34	15 | 15 34 | 15	jmdict
撃ち払う	15 35	14	15 35 | 15 35 | 14 35	jmdict
撃ち抜く	15 35	14	14 15 35 | 15 | 15 35	jmdict
撃ち込む	15	34	15 | 15 34 | 15	jmdict
撃つ	15	35	15 | 15 35 | 15	jmdict
撫ぜる	56	15	56 | 15 | 56	jmdict
撫でさする	33 56	15	15 56 | 33 | 33 56	jmdict
撫でる	33	56	33 | 33 | 56	jmdict
撫で上げる	15 33	56	15 33 | 15 33 56 | 15 33	jmdict
撫で下ろす	33	15 30 56	15 30 33 | 33 | 56	jmdict
擬す	11	32	11 | 11 32 | 11	jmdict
支える	14	15 36	14 36 | 14 15 | 14	jmdict
攻め上る	15 35	17	17 35 | 15 35 | 15 35	jmdict
攻め入る	17 35	15	17 35 | 17 35 | 15 35	jmdict
攻め取る	37	15 35 36	15 37 | 35 37 | 36	jmdict
攻め抜く	35	34	35 | 35 | 34 35	jmdict
攻め立てる	35	15	35 | 15 35 | 35	jmdict
攻め落とす	35 36	15	15 35 36 | 35 36 | 35	jmdict
攻め込む	15 35	17	15 35 | 15 35 | 17 35	jmdict
放ったらかす	34	15	34 | 34 | 15	jmdict
放っぽる	34	15	15 34 | 34 | 34	jmdict
放つ	15	51	15 | 15 51 | 15	jmdict
放り上げる	15	34	15 34 | 15 | 15	jmdict
放り込む	15	17	15 | 15 17 | 15	jmdict
救い出す	34	15	15 34 | 34 | 34	jmdict
救われる	30 34	57	30 34 | 30 34 57 | 30 34	jmdict
教える	31	30	30 31 | 31 | 31	jmdict
教え諭す	31	34 36	31 34 | 31 36 | 31	jmdict
教え込む	31	30	31 | 31 | 30 31	jmdict
散ける	15	17	15 17 | 15 | 15	jmdict
散じる	15 19 30	12 37	15 19 30 | 12 15 19 | 15 30 37	jmdict
散ずる	15	12 37	15 37 | 15 | 12 15	jmdict
散り始める	15	16	15 16 | 15 | 15	jmdict
散り残る	12	50	12 | 12 | 12 50	jmdict
散る	15	30	15 | 15 | 15 30	jmdict
敬う	36	30 35	36 | 35 36 | 30	jmdict
敬す	36	30	36 | 30 | 36	jmdict
数える	19	30	19 | 19 30 | 19	jmdict
数え直す	19	30	19 | 19 30 | 19	jmdict
数え立てる	31	19	31 | 19 31 | 31	jmdict
数に入れる	19	11	19 | 11 19 | 19	jmdict
敵う	14	11 13	11 14 | 14 | 13	jmdict
敷き詰める	15 17	19	15 17 19 | 15 | 15 17	jmdict
斎く	34	33	33 | 34 | 34	jmdict
斬り合う	35	15	15 35 | 35 | 35	jmdict
断る	35	34	35 | 34 35 | 35	jmdict
施す	34 36	37	36 | 34 37 | 34 36	jmdict
旅慣れる	13	33	13 | 13 33 | 13	jmdict
旅立つ	15	17	15 17 | 15 | 15	jmdict
早まる	16	34	16 | 16 | 16 34	jmdict
明けはなれる	52	15	52 | 15 52 | 52	jmdict
明け初める	52	15	15 52 | 52 | 52	jmdict
明け暮れる	16 33	30	16 30 | 16 33 | 16 33	jmdict
明け残る	16 52	12	12 16 | 52 | 16 52	jmdict
明け渡す	36	17	36 | 36 | 17 36	jmdict
明け渡る	52	15	52 | 52 | 15 52	jmdict
明らむ	10 52	15 50	15 52 | 10 52 | 10 50	jmdict
明らめる	30	10 31	30 | 30 | 10 30 31	jmdict
明る	50	15	50 | 50 | 15 50	jmdict
明るむ	15 50	30	50 | 15 50 | 15 30 50	jmdict
映じる		15 17 30 50	15 | 17 | 30 50	jmdict
映ずる	15	30	15 | 15 | 15 30	jmdict
映り込む	12	50	12 | 12 | 12 50	jmdict
映る	12	15 17	12 | 15 17 | 12	jmdict
時めく	34	30 36	34 36 | 34 | 30 34	jmdict
時代がかる	13	15 16	13 | 13 15 | 16	jmdict
時期に差し掛ける	16	15	15 16 | 16 | 16	jmdict
晒す	15 31	17	15 31 | 15 31 | 15 17	jmdict
晦ます	12	10 15 34	12 | 12 34 | 10 15	jmdict
晴らす	30 50	15 51	30 50 | 15 30 51 | 30 50	jmdict
晴れる	30 51	50	30 50 | 30 51 | 51	jmdict
晴れ上がる	51	15 50	51 | 15 50 | 51	jmdict
暈ける	15	30	15 | 15 30 | 15	jmdict
暗れ塞がる	50	15 30	15 50 | 30 50 | 50	jmdict
暮れかかる	16 52	15 50	15 52 | 16 52 | 16 50	jmdict
暮れ果てる	16 50	52	50 | 16 50 | 16 52	jmdict
暴き出す	31	15 30	30 31 | 15 31 | 31	jmdict
暴れまわる	15 35	33	15 35 | 33 | 15 35	jmdict
暴れる	15 35	33	33 35 | 15 35 | 15 35	jmdict
暴れ狂う	33 35	30	30 33 | 33 35 | 35	jmdict
曇らす	15 30 51	50	15 30 50 | 15 30 51 | 15 30 51	jmdict
曝す	15	31	15 31 | 15 | 15	jmdict
曲げる	15	30	15 30 | 15 | 15	jmdict
更かす	16	33	16 | 16 33 | 16	jmdict
書きなぐる	31	32	32 | 31 | 31	jmdict
書きまくる	32	31	31 | 32 | 32	jmdict
書き上げる	15 32	31 34	15 32 | 31 34 | 15 32	jmdict
書き下す	32	31	31 32 | 32 | 32	jmdict
書き付ける	31	32	31 32 | 31 | 31	jmdict
書き伝える	31	32	31 32 | 31 | 31	jmdict
書き伸ばす	32	15	15 32 | 32 | 32	jmdict
書き入れる	31	32	32 | 31 | 31	jmdict
書き捨てる	32	31	32 | 32 | 31	jmdict
書き換わる	15 32	31	15 32 | 15 31 | 15 32	jmdict
書き損なう	31 32	34	31 34 | 32 | 31 32	jmdict
書き改める	32	15	32 | 32 | 15 32	jmdict
書き散らす	32	31	32 | 32 | 31 32	jmdict
書き添える	31	32	31 | 31 | 31 32	jmdict
書き漏らす	31	32	31 | 31 | 32	jmdict
書き続ける	15 31	32	15 32 | 31 | 15 31	jmdict
書き落とす	31	19	19 31 | 31 | 31	jmdict
書き誤る	31	10	31 | 31 | 10 31	jmdict
書き足す	15 32	31	15 32 | 15 32 | 31	jmdict
書き込む	31	32	31 | 31 32 | 31	jmdict
書き送る	31	15	31 | 31 | 15 31	jmdict
書き連ねる	32	31	32 | 32 | 31 32	jmdict
書き違える	31	10 11 34	10 31 | 11 31 | 31 34	jmdict
書き集める	31	32	31 | 32 | 31	jmdict
書き飛ばす	32	31	32 | 32 | 31	jmdict
替える	15	11	15 | 15 | 11 15	jmdict
有る	12	17	12 | 12 17 | 12	jmdict
有無相通じる	35 37	11	35 37 | 11 | 35 37	jmdict
望む	30	17	30 | 30 | 17 30	jmdict
朝日る	52	31	31 | 52 | 52	jmdict
期す	30 34	16	30 34 | 16 30 34 | 30	jmdict
朽ち果てる	51	15	51 | 51 | 15 51	jmdict
束ね積む	15	33	15 | 15 | 15 33	jmdict
来つける	17	35	17 | 17 | 35	jmdict
来る	17	15 16	17 | 16 17 | 15 17	jmdict
来合わせる	15 35	16	15 16 | 35 | 15 35	jmdict
来向かう	17	15	15 17 | 17 | 17	jmdict
果たす	34	15	34 | 34 | 15 34	jmdict
果てる	15 57	12	12 15 57 | 15 57 | 15 57	jmdict
枝る	15	12 17	15 17 | 15 | 12	jmdict
枝垂れる	15	17	15 17 | 15 | 15	jmdict
枯らす	15 57	56	15 57 | 15 56 57 | 15 57	jmdict
枯ればむ	57	50	57 | 50 | 57	jmdict
枯れる	15 57	56	15 56 57 | 57 | 15 57	jmdict
枯れ果てる	57	15	57 | 57 | 15 57	jmdict
染みとおる	15	17 30 51	15 30 | 15 51 | 15 17	jmdict
染み渡る	15	30	15 | 15 | 15 30	jmdict
染み込む	15	30 51	15 | 15 30 51 | 15	jmdict
染める	15	51	15 | 15 51 | 15	jmdict
染め付ける	15 32	51	15 32 51 | 15 | 15 32	jmdict
染め出す	15 51	32	15 | 15 51 | 15 32 51	jmdict
染め分ける	15	51	15 51 | 15 | 15	jmdict
梳かす	56	33	33 56 | 56 | 56	jmdict
梳く	56	15 33	56 | 33 | 15 56	jmdict
棲む	12 17	57	12 | 12 17 57 | 12 17	jmdict
棹さす	15 17	14	14 15 17 | 15 17 | 15 17	jmdict
植える	15	33 38 57	15 | 33 57 | 15 38	jmdict
植え替える	15	38	15 38 | 15 | 15	jmdict
植わる	12	57	12 57 | 12 | 12	jmdict
極まる	13	15 30	13 30 | 13 15 | 13	jmdict
極める	30	15 34	30 34 | 15 30 | 30	jmdict
構う	35	30	30 35 | 35 | 35	jmdict
構える	15 33 38	34	15 33 34 38 | 15 33 38 | 33 38	jmdict
横向く	17	15 33	17 | 17 33 | 15 17	jmdict
欠かす	34	19	34 | 19 | 34	jmdict
欠く	19 34	15	19 34 | 19 34 | 15 19	jmdict
欹てる	33	56	33 | 33 56 | 33	jmdict
歌い始める	15 32	31	15 32 | 15 32 | 15 31 32	jmdict
正す	10 15	34	10 15 | 10 | 15 34	jmdict
正気づく	30	15	30 | 30 | 15 30	jmdict
歩き出す	15	17	15 | 15 17 | 15	jmdict
歩き回る	15 17	33	17 33 | 15 17 | 15 17	jmdict
歩き始める	15	17	15 17 | 15 | 15	jmdict
歩き疲れる	15 56	57	56 | 15 56 | 15 56 57	jmdict
歩き続ける	15	17 33	15 33 | 17 | 15	jmdict
歩き通す	15	17 34	15 | 15 | 15 17 34	jmdict
歩く	15	17	15 | 15 | 15 17	jmdict
歩み寄る	17 35	15	15 35 | 17 35 | 17 35	jmdict
歩み続ける	15	16 17	15 17 | 15 | 15 16	jmdict
歩む	15	17 33	15 17 | 15 33 | 15	jmdict
歪む	15	13 30	15 30 | 15 | 13 15	jmdict
死に急ぐ	57	16	57 | 57 | 16 57	jmdict
残す	15 19	12 32 57	15 19 32 57 | 15 19 | 12 15	jmdict
殴りかかる	15 35	14	15 35 | 15 35 | 14 35	jmdict
殴り合う	35	15	35 | 35 | 15 35	jmdict
殴り殺す	15 57	14 35	15 35 57 | 14 15 57 | 15 57	jmdict
段取る	34	38	34 | 34 | 38	jmdict
殺気立つ	30	35	30 | 30 35 | 30	jmdict
毟る	15	56	15 | 15 56 | 15	jmdict
気張る	14	30 33	14 33 | 14 | 14 30	jmdict
気遣う	30	35	30 | 30 35 | 30	jmdict
水がかかる	15 51	17	15 17 | 15 51 | 15 51	jmdict
水で薄める	15 19	51	15 19 | 15 51 | 15 19	jmdict
求まる	19	12 30	19 | 19 30 | 12	jmdict
求むる	30 37	31	30 31 37 | 30 37 | 30	jmdict
求める	30 31 37	34	30 31 37 | 30 31 37 | 30 31 34	jmdict
汚す	15	30 34	15 34 | 15 30 | 15	jmdict
汲み上げる	15 31	36	15 31 | 15 31 | 15 36	jmdict
汲み分ける	15	11	15 | 15 | 11 15	jmdict
汲み干す	15 19	51	15 51 | 15 19 | 15 19	jmdict
汲む	15 30	51	15 30 | 15 30 | 15 30 51	jmdict
決め付ける	30	36	30 | 30 | 30 36	jmdict
決る	34	11 12 13 15	13 15 34 | 11 34 | 12 34	jmdict
没す	15 52	57	15 52 | 15 52 | 15 52 57	jmdict
沸かす	30 51	15	30 51 | 15 51 | 30 51	jmdict
沸き上げる	51	15	15 51 | 51 | 51	jmdict
沸き起こる	12 30	15 51	15 30 51 | 12 | 12 30	jmdict
治す	15 56	57	15 57 | 56 | 15 56	jmdict
治まる	15	13 36	13 15 | 15 | 15 36	jmdict
泊める	33	15 17	33 | 15 17 33 | 33	jmdict
泣かされる	30	56 57	30 57 | 30 56 | 30	jmdict
泣かす	30	14 15 56	30 | 15 56 | 14 30	jmdict
泣かせる	30	56	30 | 30 | 30 56	jmdict
泣き始める	15	30 56 57	15 57 | 15 30 | 15 56	jmdict
泣き悲しむ	30	56	30 56 | 30 | 30	jmdict
泣き明かす	16 56	30	16 30 | 16 56 | 16 56	jmdict
泣き沈む	30	15	30 | 15 30 | 30	jmdict
泣き濡れる	30	56	56 | 30 | 30	jmdict
泣き立てる	56	30	56 | 30 56 | 56	jmdict
泣き落とす	35	30	35 | 35 | 30 35	jmdict
泣き通す	16 30 57	56	16 56 | 16 30 57 | 16 30 57	jmdict
泣き頻る	56	30 57	57 | 30 56 | 56	jmdict
泣ける	30 56	57	30 56 | 30 56 | 30 57	jmdict
泥む	13 30	16	13 30 | 13 16 30 | 13	jmdict
泥濘む	51	15	51 | 15 51 | 51	jmdict
注ぎ込む	15 37	19	15 37 | 15 19 | 15 37	jmdict
注ぐ	15 30	51	15 30 | 15 30 51 | 15 30	jmdict
注す	15	51	15 | 15 | 15 51	jmdict
泳がす	15 33	56	15 56 | 33 | 15 33	jmdict
泳がせる	15 36	33 56	15 56 | 33 36 | 15 36	jmdict
泳ぎだす	15 56	17	15 | 15 17 56 | 15 56	jmdict
泳ぎ回る	15 17	56	15 17 56 | 15 17 | 15	jmdict
泳ぐ	15	17 56	15 56 | 15 17 | 15	jmdict
洒落る	13 33	31	13 31 | 13 33 | 33	jmdict
洗い上げる	15	33 34 38	15 38 | 15 33 34 | 15	jmdict
洗い分ける	15 33	11	11 15 | 15 33 | 15 33	jmdict
洗い去る	15	33 51	15 51 | 15 | 15 33	jmdict
洗い晒す	15	33 51	15 | 15 33 | 15 51	jmdict
洗い落とす	15	33	15 | 15 | 15 33	jmdict
洗う	15	33	15 | 15 | 33	jmdict
流される	15 17	30	15 17 30 | 15 17 | 15	jmdict
流す	15 31	51 56	15 31 | 15 31 51 56 | 15 31	jmdict
流れる	15 16 17	34 50	15 16 17 50 | 15 16 17 34 | 15	jmdict
流れ出す	15	50 51	15 | 15 50 | 15 51	jmdict
流れ出る	15 17	51	15 17 | 15 51 | 15 17	jmdict
流れ歩く	17	15 33	17 33 | 15 17 | 17	jmdict
流行る		11 12 13 50	12 | 11 50 | 13	jmdict
流離う	17	15	17 | 17 | 15 17	jmdict
浚う	15	30 35	15 | 15 30 | 15 35	jmdict
浮かす	15 19	17	15 19 | 15 19 | 15 17	jmdict
浮かせる	15 19	17	15 19 | 17 19 | 15	jmdict
浮かび上がる	12 15	17	12 15 | 12 15 17 | 12 15	jmdict
浮かび出る	12	17 30	12 17 | 12 | 12 30	jmdict
浮かぶ	15 30	12	15 30 | 12 15 30 | 15 30	jmdict
浮かべる	15 30	17 33	15 17 30 | 15 30 | 15 30 33	jmdict
浮かれ歩く	30 33	15	15 30 | 30 33 | 30 33	jmdict
浮き出す	12	15 17	12 | 12 15 | 12 17	jmdict
浮く	13 15	17 19	13 15 | 13 15 17 | 13 15 19	jmdict
浮つく	30	13	30 | 30 | 13 30	jmdict
浴す	56	33 36 37	37 56 | 33 36 | 56	jmdict
浴びせかける	15 31	35	15 31 35 | 15 31 | 15 31	jmdict
浴びせる	15 35	31	15 35 | 15 31 35 | 15 35	jmdict
浴びる	56	15 35	35 56 | 56 | 15 56	jmdict
浸かる	15	33 56	33 56 | 15 | 15	jmdict
浸す	15	51	15 | 15 | 15 51	jmdict
消え去る	12	15	12 | 12 15 | 12	jmdict
消え果てる	12	15	12 | 12 | 12 15	jmdict
消し飛ばす	15	12	15 | 12 15 | 15	jmdict
消し飛ぶ	12	15	12 | 12 | 12 15	jmdict
消す	15 51 57	12 31 32	12 15 32 51 57 | 15 31 51 | 15 51 57	jmdict
涙ぐむ	30 56	57	30 57 | 30 56 | 56	jmdict
涸らす	15 51	19	15 19 51 | 15 51 | 15 51	jmdict
涼む	33	56	56 | 33 | 33	jmdict
深まる	15 30 35	16	15 30 35 | 15 | 15 16 30 35	jmdict
混ざり合う	15	11	15 | 15 | 11 15	jmdict
混ずる	15	11	15 | 11 15 | 15	jmdict
混ぜ合わせる	15	51	15 | 15 51 | 15	jmdict
混ぜ込む	15	13	15 | 15 | 13 15	jmdict
混ぜ返す	15	35	15 | 15 | 15 35	jmdict
混み合う	17	13	13 | 17 | 17	jmdict
混む	13	15 17	17 | 13 | 13 15	jmdict
添い遂げる	35	57	35 | 35 | 35 57	jmdict
添う	11 17	13 35	11 17 | 11 17 | 13 17 35	jmdict
添える	15	11	15 | 15 | 11 15	jmdict
添わせる	17	13 15 35	17 35 | 15 17 | 13 17	jmdict
清まる	15	13	15 | 15 | 13 15	jmdict
清める	15	33 56	15 | 33 56 | 15	jmdict
渇す	57	51 56	57 | 57 | 51 56	jmdict
済ませる	15 34	37	15 34 37 | 15 34 | 15	jmdict
済む	15 34	19	15 | 15 34 | 15 19 34	jmdict
渋る	30	34	30 34 | 30 | 30	jmdict
減る	19	15	19 | 15 19 | 19	jmdict
温まる	51	30 37	30 37 51 | 51 | 51	jmdict
温もる	51	15	51 | 15 51 | 51	jmdict
湛える	19	15 30 56	19 30 | 15 | 19 56	jmdict
湧き上がる	12 30 50	15	12 30 | 12 30 50 | 15 30 50	jmdict
湧き出す	12 50	30 51	12 30 51 | 12 50 | 12 50	jmdict
湧き出る	12 50	30	12 50 | 12 30 50 | 12 50	jmdict
湧き立つ	30 51	50	30 50 | 30 51 | 30 51	jmdict
湧く	12 50	30	12 50 | 12 50 | 12 30	jmdict
湯がく	15 51	33	15 51 | 15 33 51 | 15 51	jmdict
湯引く	15	33 51	15 51 | 15 | 15 33	jmdict
湿す	51	15	15 | 51 | 51	jmdict
満たす	19 34	30	19 34 | 19 34 | 19 30 34	jmdict
満ちる	19	30 50 52	19 | 19 30 50 52 | 19	jmdict
満ち満ちる	19	30	19 | 19 30 | 19	jmdict
満ち足りる	30	19	19 30 | 30 | 30	jmdict
準じる	11	13 34	13 | 11 | 11 34	jmdict
準ずる	11	34	11 | 11 | 11 34	jmdict
溜める	19	15	19 | 19 | 15 19	jmdict
溜め込む	19 37	33	19 | 19 37 | 19 33 37	jmdict
溢れる	15 19 30	51	15 19 30 51 | 15 19 | 19 30	jmdict
溢れ出す	15 19	30	15 19 | 15 19 | 15 19 30	jmdict
溢れ出る	15 19	12 30	15 19 30 | 12 15 | 15 19	jmdict
溶け合う	11 15 51	13	11 15 | 13 15 51 | 11 15 51	jmdict
溶け込む	13 15	51	13 15 | 13 15 51 | 13 15	jmdict
溺れ損なう	57	56	57 | 57 | 56	jmdict
滅ぼす	15	12	15 | 15 | 12 15	jmdict
滑つく	51	13 15	13 | 51 | 15 51	jmdict
滑らす	15	31	15 | 15 | 15 31	jmdict
滑り落ちる	15	17	15 | 15 | 15 17	jmdict
滲み出す	15	12 30 51	12 15 | 15 30 | 15 51	jmdict
滲む	15 51	30 56	15 51 | 15 51 | 15 30 51 56	jmdict
滴る	51	15	51 | 15 51 | 51	jmdict
滾らす	30 51	15	15 30 51 | 30 51 | 30 51	jmdict
漁す	38	15 33	33 38 | 15 38 | 38	jmdict
漁る		15 33 37 38	15 | 33 38 | 37	jmdict
漁夫る	37	35	37 | 35 37 | 37	jmdict
漂う	15	50	15 50 | 15 | 15	jmdict
漉く	15	32 38	15 32 | 15 38 | 15	jmdict
漉す	15	51	15 | 15 51 | 15	jmdict
漏らす	15 31	51 57	15 31 57 | 15 31 | 15 31 51	jmdict
漏れる	15 31 51	19	15 31 | 15 31 51 | 15 19 31 51	jmdict
漏れ出す	15	12 31	15 31 | 15 | 12 15	jmdict
漏れ聞く	31	56	31 | 31 56 | 31	jmdict
漏れ落ちる	15	19 51	15 | 15 19 | 15 51	jmdict
漬く	15	51	15 | 15 | 15 51	jmdict
漬け込む	15	51	15 51 | 15 | 15	jmdict
漱ぐ	33	56	33 | 56 | 33	jmdict
漲る	14 19 30	50	19 | 14 19 30 | 14 30 50	jmdict
潜む	12	17	12 | 12 | 12 17	jmdict
潜める	17 31	33	17 33 | 17 31 | 17 31	jmdict
潤す	15 19 51	30 37	15 19 51 | 15 19 | 30 37 51	jmdict
潤む	56	57	57 | 56 | 56	jmdict
潰す	15 16 34	19 33 38 57	15 16 33 34 38 57 | 15 19 34 | 15 16 34	jmdict
澄まし込む	33	30	33 | 30 33 | 33	jmdict
澄ます	15 30	51	15 30 51 | 15 30 | 15 30	jmdict
澄み切る	13	15 30 51	13 | 13 | 13 15 30 51	jmdict
澄み渡る	50	13	13 50 | 50 | 50	jmdict
澄む	13 51	50	13 51 | 13 51 | 13 50	jmdict
激す	30	35	30 | 30 | 30 35	jmdict
濁す	31 51	15	15 31 51 | 31 51 | 31 51	jmdict
濁る	15 51	13	15 51 | 13 15 51 | 15 51	jmdict
濡れそぼる	51	15	51 | 15 51 | 51	jmdict
濯ぐ	33	15 34	33 | 15 | 33 34	jmdict
灼く	51	15	51 | 15 51 | 51	jmdict
炊き込む	33	15	33 | 15 33 | 33	jmdict
炊ける	15 51	33	15 51 | 15 51 | 15 33	jmdict
炒める	15 51	33	15 33 | 15 51 | 15 51	jmdict
炒りつける	15 51	33	15 | 15 51 | 15 33 51	jmdict
点く	51	15	51 | 15 51 | 51	jmdict
為れる		12 13 14	14 | 12 | 13	jmdict
焙じる	51	15	15 51 | 51 | 51	jmdict
焚きつける	35 51	15	35 51 | 15 35 51 | 35 51	jmdict
焚き染める	15 51	33	15 51 | 33 51 | 15 51	jmdict
無くす	12	15	12 | 12 | 12 15	jmdict
無くなる	12	19	12 | 12 | 12 19	jmdict
焦がす	51	30	51 | 30 51 | 51	jmdict
焦らす	30	35	30 35 | 30 | 30	jmdict
焼く	15 33 51	30 32	30 32 33 51 | 15 51 | 15 33 51	jmdict
焼けただれる	51 56	15	15 51 56 | 51 56 | 51 56	jmdict
焼ける	51	15	51 | 15 51 | 51	jmdict
焼け付く	15 51	30	15 30 51 | 15 51 | 51	jmdict
焼け出される	15 51	17	15 51 | 15 17 51 | 15 51	jmdict
焼け失せる	12 51	15	12 15 51 | 12 51 | 12 51	jmdict
焼べる	51	15	51 | 51 | 15 51	jmdict
煎じる	33 51	15	15 51 | 33 | 33 51	jmdict
煎じ出す	15 51	33	15 51 | 15 51 | 15 33	jmdict
煎じ詰める	30	51	30 | 30 | 30 51	jmdict
煎ずる	51	15 33	51 | 15 | 33 51	jmdict
照らす	11 15	52	11 15 | 11 15 52 | 11 15	jmdict
照り上がる	50 52	51	51 52 | 50 52 | 50 52	jmdict
照り映える	50	13 52	50 52 | 50 | 13 50	jmdict
照り渡る	52	17 50	50 | 17 52 | 52	jmdict
照り輝く	50	51 52	50 52 | 50 | 51	jmdict
照り込む	17 52	51	17 52 | 17 52 | 17 51	jmdict
照り返す	15 51	50	15 51 | 15 51 | 15 50	jmdict
煩う	30	57	30 | 30 | 30 57	jmdict
煮えたぎる	51	30	51 | 51 | 30 51	jmdict
煮える	30 51	15	30 51 | 15 51 | 30 51	jmdict
煮え立つ	51	15	51 | 51 | 15 51	jmdict
煮やす	30	15 51	30 | 15 30 51 | 30	jmdict
煮る	33 51	15	15 51 | 33 51 | 33 51	jmdict
煮付ける	33	15 51	33 | 15 33 51 | 33	jmdict
煮切る	15 51	33	15 33 51 | 15 51 | 15 51	jmdict
煮殺す	15 57	51	15 57 | 51 57 | 15 57	jmdict
煮詰まる	15 34 51	13	15 34 51 | 15 34 51 | 13 15 51	jmdict
煮零れる	51	15	51 | 51 | 15 51	jmdict
煽てる	35	36	35 | 36 | 35	jmdict
煽り立てる	35 51	30	35 51 | 30 35 51 | 35 51	jmdict
熟す	15 57	50	15 57 | 50 | 15 57	jmdict
熟む	50	57	50 | 50 | 57	jmdict
熟れすぎる	57	15 19	19 57 | 57 | 15 57	jmdict
熟れる	57	50	57 | 50 | 57	jmdict
熾す	51	15	51 | 51 | 15 51	jmdict
燃やす	15 51	30	15 30 51 | 15 51 | 15 51	jmdict
燥ぐ	33	30	30 33 | 33 | 33	jmdict
燻べる	51	15	51 | 15 51 | 51	jmdict
燻り出す	15	51	15 51 | 15 | 15	jmdict
燻る	30 51	12	12 30 51 | 30 51 | 30 51	jmdict
爆ぜる	51	15	51 | 15 51 | 51	jmdict
爛らかす	15 56	51	15 56 | 15 51 | 15 56	jmdict
爛れる	56	57	56 57 | 56 | 56	jmdict
爪先立つ	33	56	56 | 33 | 33	jmdict
爪立つ	33	56	33 | 33 56 | 33	jmdict
片す	33	15	33 | 15 33 | 33	jmdict
物言う	31	14	31 | 14 31 | 31	jmdict
特徴付ける	11	15	11 15 | 11 | 11	jmdict
犯る	35	34	35 | 35 | 34	jmdict
狂う	13 30	16	13 30 | 13 30 | 13 16 30	jmdict
狂わす	15 30	11	15 30 | 11 15 30 | 15 30	jmdict
狂わせる	15 30	13	15 30 | 13 15 30 | 15 30	jmdict
狙い撃つ	15	34	15 | 15 | 15 34	jmdict
狙う	30	17 34	30 | 17 30 | 30 34	jmdict
狩る	33	34	33 | 33 | 34	jmdict
献じる	34	36 37	37 | 34 | 34 36	jmdict
玉散る	15	50	15 | 15 50 | 15	jmdict
理解しあう	30	35	30 35 | 30 | 30	jmdict
理論づける	30	31 32	30 31 | 30 | 30 32	jmdict
甘ったれる	35	33	33 35 | 35 | 35	jmdict
甘んじる	30	34	30 | 30 | 30 34	jmdict
甚振る	35	14	35 | 35 | 14 35	jmdict
生かす	34 57	15	15 57 | 34 57 | 34 57	jmdict
生きる	57	33	33 57 | 57 | 57	jmdict
生き急ぐ	16 57	33	16 57 | 16 33 | 16 57	jmdict
生ける	32	33	32 | 32 | 33	jmdict
生け捕る	34	15 37	15 34 | 34 | 34 37	jmdict
生じる	12	15	12 15 | 12 | 12	jmdict
生ずる	12	15	12 | 12 | 12 15	jmdict
生まれ出る	57	12	12 57 | 57 | 57	jmdict
生まれ合わせる	57	11	57 | 57 | 11 57	jmdict
生まれ持つ	12	37 57	12 | 37 57 | 12	jmdict
生み出す	32 38	15	32 38 | 32 38 | 15 32	jmdict
生む	11 15 38 57	32	11 32 57 | 11 15 38 57 | 15 38 57	jmdict
産す	57	38	57 | 38 57 | 57	jmdict
用いる	33	34 36 38	33 36 | 33 38 | 34	jmdict
用うる	34	33 38	34 | 33 38 | 34	jmdict
甲走る		15 31 50 56	56 | 15 50 | 31	jmdict
申し出る	31	34	31 | 31 34 | 31	jmdict
申し受ける	37	34	34 37 | 37 | 37	jmdict
申し合わせる	35	31	35 | 31 35 | 35	jmdict
申し込む	31	34 35	31 34 | 31 | 35	jmdict
申し開らく	31	34 35	31 34 | 31 35 | 31	jmdict
留める	15 17	30	15 17 30 | 15 | 15 17	jmdict
畝る	15	50	50 | 15 | 15	jmdict
略す	31	15	31 | 15 31 | 31	jmdict
番える	11 15	57	11 15 | 11 15 | 11 15 57	jmdict
畳み掛ける	35	14 15 31	14 31 35 | 15 35 | 35	jmdict
畳み込む	15	35	15 | 15 35 | 15	jmdict
疎んずる	30	35	30 | 30 | 30 35	jmdict
疲れる	56	57	57 | 56 | 56	jmdict
疲れ果てる	56	30	56 | 30 56 | 56	jmdict
病み惚ける	30 56	57	30 56 | 30 57 | 30 56	jmdict
痛めつける	15 56	14 35	15 35 56 | 15 56 | 14 15	jmdict
痞える	15 56	57	15 56 | 56 57 | 15 56	jmdict
痩ける	56	15	56 | 56 | 15 56	jmdict
痩せさらばえる	15 56	57	15 56 | 56 57 | 15 56	jmdict
痩せる	56	15 19	56 | 19 56 | 15 56	jmdict
白ばっくれる	10	34	10 | 10 | 10 34	jmdict
白む	15 50	51 52	15 50 | 15 50 | 51 52	jmdict
白茶ける	15	51	15 | 15 | 15 51	jmdict
盛り上がる	15 30	35	15 30 | 15 30 | 15 30 35	jmdict
盛り殺す	57	15	15 57 | 57 | 57	jmdict
盛り立てる	36	34 35 38	36 | 35 38 | 34 36	jmdict
盛り込む	15	11 32	15 32 | 15 | 11	jmdict
盛り返す	15	34	15 | 15 | 15 34	jmdict
盛る	15 19 31 33	57	15 19 31 33 | 15 19 31 33 | 15 19 31 33 57	jmdict
盛れる	19	32 33	19 32 33 | 19 | 19	jmdict
目指す	17 30	34	17 30 | 17 30 | 34	jmdict
直す	15	34	15 | 15 | 15 34	jmdict
直る	15	57	15 | 15 | 15 57	jmdict
相なる	12	15	12 | 15 | 12	jmdict
相まる	11	13	11 | 11 | 11 13	jmdict
相伴う	11	17 35	11 35 | 11 17 | 11	jmdict
相具す	35	17	35 | 17 35 | 35	jmdict
相和す	13	35	13 | 13 | 13 35	jmdict
相対す	35	17	17 35 | 35 | 35	jmdict
相打つ	35	15	35 | 15 35 | 35	jmdict
相整う	13	15	13 | 13 | 13 15	jmdict
相知る	11 30	35	11 30 | 11 30 | 30 35	jmdict
相通じる	11 31	35	11 31 35 | 11 31 | 11 31	jmdict
相通ずる	11 35	31	11 35 | 11 35 | 11 31	jmdict
相隣る	17	11	11 17 | 17 | 17	jmdict
相食む	35	33 56 57	33 35 | 35 57 | 35 56	jmdict
真で書く	31	32	32 | 31 | 31	jmdict
真似る	33	34	33 | 34 | 33	jmdict
真面目くさる	33	13	33 | 13 | 33	jmdict
眩く	56	30 50	50 56 | 30 56 | 56	jmdict
眩ます	10 12 56	15 35	15 35 | 10 12 56 | 10 12 56	jmdict
眩む	56	30	56 | 56 | 30 56	jmdict
眺めやる	30	56	56 | 30 | 30	jmdict
眺め回す	30	17 33	17 33 | 30 | 30	jmdict
眺め渡す	17 30	56	17 30 | 17 56 | 17 30	jmdict
着く	17	15 51	17 | 17 | 15 17 51	jmdict
着る	33	56	33 | 33 56 | 33	jmdict
着崩れる	15	33	15 | 15 33 | 15	jmdict
睨みつける	35	30 33	33 35 | 30 35 | 35	jmdict
睨み倒す	35	14	35 | 14 35 | 35	jmdict
睨み据える	33	35 56	33 | 33 35 | 56	jmdict
睨む	30 35	33 56	30 35 | 30 33 | 35 56	jmdict
睨め付ける	35	30 33 56	35 56 | 30 35 | 33	jmdict
睨め回す	33	30	33 | 33 | 30	jmdict
瞑る	56	34	34 56 | 56 | 56	jmdict
知る	30	11	11 30 | 30 | 30	jmdict
知れる	30	10	30 | 30 | 10 30	jmdict
短すぎる	19	13	19 | 13 | 19	jmdict
研ぎ上げる	15	30 33 38	15 33 | 15 38 | 15 30	jmdict
研ぐ	15	30	15 30 | 15 | 15	jmdict
砕く	15 31	37	15 | 15 31 37 | 15 31	jmdict
砕け散る	15	51	15 | 15 | 15 51	jmdict
碾き割る	15	38 51	15 | 15 38 | 15 51	jmdict
磨き上げる	15	30 32	15 30 | 15 32 | 15	jmdict
磨く	15 30	33 56	15 30 56 | 15 | 15 30 33	jmdict
磨り出す	15	32	15 32 | 15 | 15	jmdict
磨り崩す	15	51	15 | 15 | 15 51	jmdict
示し合わせる	35	31	35 | 35 | 31 35	jmdict
示す	31	36	31 | 31 36 | 31	jmdict
礼す	35	33	35 | 33 35 | 35	jmdict
祓う	15	34	15 34 | 15 | 15	jmdict
祝す	35	36	35 | 36 | 35	jmdict
神がかる		13 30 50	13 | 50 | 30	jmdict
神さびる	13	15	13 15 | 13 | 13	jmdict
祟る	50	11	50 | 50 | 11 50	jmdict
祭り込む	33	15	15 | 33 | 33	jmdict
祭る	33	34	33 | 33 34 | 33	jmdict
秘す	34	31	34 | 34 | 31	jmdict
秘める	30	34	30 | 34 | 30	jmdict
移る	15 17	16 50 51 57	15 16 17 50 | 15 17 | 15 17 51 57	jmdict
稼ぐ	37	38	37 | 37 38 | 37	jmdict
稼げる	37 38	16	16 37 38 | 37 38 | 37 38	jmdict
積み下ろす	15 33	38	15 33 | 15 | 15 33 38	jmdict
積み替える	15	38	15 | 15 | 15 38	jmdict
積み残す	15	19	15 19 | 15 | 15	jmdict
積み立てる	19 37	15	19 37 | 15 19 37 | 19 37	jmdict
積み込む	15	17 38	15 | 15 38 | 15 17	jmdict
積もり積もる	19	30 50 51	19 50 | 19 30 | 19 51	jmdict
積もる	19 51	15 30	15 19 30 51 | 19 51 | 19 51	jmdict
穫る	15 38	37	15 38 | 37 38 | 15 38	jmdict
究める	30	34	30 | 30 34 | 30	jmdict
空く	12 19	16 17 57	12 17 19 57 | 12 16 19 | 12	jmdict
空ける	15 17 19	16	15 17 19 | 15 16 17 19 | 15	jmdict
空しくなる	30	13 15	15 30 | 13 30 | 30	jmdict
空っ惚ける	30 34	10	30 34 | 30 | 10 34	jmdict
空嘯く	31	30 34	30 31 | 31 | 34	jmdict
空惚ける		10 33 35	33 | 10 | 35	jmdict
空飛ぶ	17	15	15 17 | 17 | 17	jmdict
穿つ	15	30	15 30 | 15 | 15	jmdict
穿る	15	56	15 | 15 56 | 15	jmdict
突きつける	15 31	36	15 36 | 15 31 | 15 31	jmdict
突きのける	15	35	15 35 | 15 | 15	jmdict
突き上げる	15	14 17 35 36	14 15 35 | 15 17 36 | 15	jmdict
突き出す	15 17	35	15 17 | 15 17 | 15 17 35	jmdict
突き刺す	15	56	15 | 15 | 15 56	jmdict
突き動かす	15 30	14	15 30 | 14 15 | 15 30	jmdict
突き当たる	13 15	17	15 17 | 13 15 | 13 15	jmdict
突き抜く	15	17	15 | 15 | 15 17	jmdict
突き抜ける	15 17	19	15 17 | 15 17 19 | 15 17	jmdict
突き放す	15 35	14	14 15 35 | 15 35 | 15 35	jmdict
突き転ばす	15	14	15 | 14 15 | 15	jmdict
突き込む	15	17	15 | 15 17 | 15	jmdict
突き飛ばす	15 35	14	15 35 | 14 15 | 15 35	jmdict
突く	15	35	15 | 15 35 | 15	jmdict
突っかける	15 33	35	15 | 33 35 | 15 33	jmdict
突っぱねる	35	15	15 35 | 35 | 35	jmdict
突っ張る	14	15 30 35 56	14 15 | 14 30 56 | 14 35	jmdict
突っ突く	15	56	15 | 15 56 | 15	jmdict
突っ立つ	33	17	17 33 | 33 | 33	jmdict
突っ立てる	15	17	15 17 | 15 | 15	jmdict
突っ走る	15	17	15 17 | 15 | 15	jmdict
突っ込む	15 17 31	30 37	15 17 30 31 | 15 31 | 15 17 31 37	jmdict
窄まる	15	17	15 17 | 15 | 15	jmdict
窄む	15	19	15 19 | 15 | 15	jmdict
窘める	36	35	36 | 35 36 | 36	jmdict
窪む	15	17	15 | 15 | 15 17	jmdict
窮す	13	30	13 30 | 13 | 13	jmdict
窶す	33	15 56	56 | 33 | 15 33	jmdict
窺う	30	17	30 | 17 30 | 30	jmdict
立ちはだかる	15 17	14 34	15 17 | 14 17 | 15 17 34	jmdict
立ちふさがる	17	15	15 17 | 17 | 17	jmdict
立ち上がる	15 33	38	15 33 | 15 38 | 15 33	jmdict
立ち上る	15 51	17	15 51 | 15 17 51 | 15 51	jmdict
立ち並ぶ	17	12	12 17 | 17 | 17	jmdict
立ち入る	17	35	17 | 17 35 | 17	jmdict
立ち回る	17 33 35	15	17 33 35 | 17 33 | 15 35	jmdict
立ち替わる	15	16	15 | 15 | 15 16	jmdict
立ち止まる	15	33	15 33 | 15 | 15	jmdict
立ち消える	12	51	12 | 12 | 12 51	jmdict
立ち続ける	33	15 16 56	16 56 | 33 | 15 33	jmdict
立ち聞く	31	35	31 | 31 | 31 35	jmdict
立ち行く	38	13	38 | 13 38 | 38	jmdict
立ち越える	15	17 34	15 34 | 15 | 15 17	jmdict
立ち込む	50	12 15 51	15 51 | 12 50 | 50	jmdict
立ち込める	50	12 51	50 | 12 50 51 | 50	jmdict
立ち迷う	30	15 17	15 30 | 17 30 | 30	jmdict
立つ	15 17 33	12 51	12 15 33 | 15 17 33 | 15 17 33 51	jmdict
立てこもる	17	35	17 | 17 | 17 35	jmdict
立てる	15 32 38	17 36	15 32 36 38 | 15 17 32 | 15 32 38	jmdict
立て切る	15	17	15 | 15 | 17	jmdict
立て直る	15	38	15 | 15 38 | 15	jmdict
立て込む	19	17	19 | 19 | 17 19	jmdict
立て込める	15	17	15 | 15 17 | 15	jmdict
端折る	15 31	19	31 | 15 19 | 15 31	jmdict
競り落とす	37	34	37 | 34 37 | 37	jmdict
競り負ける	34 35	37	34 | 34 35 37 | 34 35	jmdict
笑いかける	33	35	33 | 33 | 33 35	jmdict
笑い出す	15 30	56	15 30 56 | 15 30 | 15 30	jmdict
笑い飛ばす	30	34 35	30 | 30 35 | 30 34	jmdict
笑ける	30	33	30 | 30 | 30 33	jmdict
笑み割れる	30	57	30 | 57 | 30	jmdict
笑む	33	30	33 | 33 | 30 33	jmdict
笑わかす	30	15 35	30 | 15 35 | 30	jmdict
節くれだつ	15 56	13 50	13 56 | 15 50 56 | 15	jmdict
築き上げる	15 38	34 35	15 35 38 | 15 38 | 15 34 38	jmdict
築く	15 38	35	15 | 15 35 38 | 15 38	jmdict
籠もる	17	30 50	17 30 | 17 | 17 50	jmdict
粋がる	33	30	30 | 33 | 33	jmdict
粒立つ		12 13 15 51 56	13 | 12 | 15 51 56	jmdict
粘つく	13 51	15	13 51 | 13 | 15 51	jmdict
粘りつく	15	17	15 | 15 17 | 15	jmdict
粘り抜く	34	13	34 | 34 | 13 34	jmdict
粟立つ	56	30 57	56 | 56 57 | 30 56	jmdict
精げる	15	51	15 51 | 15 | 15	jmdict
糺す	10 31	30	30 31 | 10 31 | 10 31	jmdict
系統立てる	15	30	15 | 15 30 | 15	jmdict
糾う	31	15	31 | 15 31 | 31	jmdict
約める	15 31	19	15 31 | 15 19 31 | 15 31	jmdict
納まり返る	13	15	13 15 | 13 | 13	jmdict
紐解く	15 30	31	15 30 | 15 30 | 15 30 31	jmdict
紛う	11	10	10 11 | 11 | 11	jmdict
紛れる	11 30	17	11 17 30 | 11 30 | 11 30	jmdict
素っ惚ける	10 30	33	10 30 | 33 | 10 30	jmdict
紫がかる	15	13 51	13 15 | 51 | 15	jmdict
細る	15 19	51 56	19 | 15 19 51 56 | 15 19	jmdict
終わりかける	15	16	15 16 | 15 | 15	jmdict
組み付く	35	15	35 | 35 | 15 35	jmdict
組み付ける	15	38	15 38 | 15 | 15	jmdict
組み伏せる	14	15 35	14 15 | 14 35 | 14	jmdict
組み合わさる	11	15	11 | 11 15 | 11	jmdict
組み敷く	14 35	15	14 35 | 14 35 | 14 15	jmdict
組み込む	15	11	15 | 11 15 | 15	jmdict
組む	15 33 35	37 38	15 33 35 | 15 35 | 15 33 35 37 38	jmdict
絆される	30	35	30 | 30 | 30 35	jmdict
絆す	15 36	35	36 | 15 35 | 15 36	jmdict
経上がる	15	34 36	15 | 15 36 | 15 34	jmdict
結ぶ	11 15 35	33	11 15 35 | 11 15 35 | 11 15 33 35	jmdict
結わえ付ける	15	33	15 33 | 15 | 15	jmdict
絞める	15 56	14	15 | 14 56 | 15 56	jmdict
絞り上げる	15 37	36	15 37 | 15 36 37 | 15 37	jmdict
絞り出す	15 30	31	15 30 31 | 15 30 | 15	jmdict
絞る	15 19	14 30	14 19 | 15 30 | 15 19	jmdict
絡ます	15 35	11	15 35 | 15 35 | 11 15	jmdict
絡みだす	15	11	11 15 | 15 | 15	jmdict
絡みつく	15	17	15 | 15 | 15 17	jmdict
絡めあう	15	11 35	11 15 | 15 35 | 15	jmdict
絡める	11 15	35	11 15 | 11 15 | 15 35	jmdict
絡め取る	15 34	35	15 34 | 15 35 | 15 34	jmdict
給う	37	36	36 | 37 | 37	jmdict
統べ合わせる	11 36	15	11 36 | 11 36 | 11 15	jmdict
絶え入る	57	56	56 57 | 57 | 57	jmdict
絶え果てる	12 57	15	12 57 | 12 57 | 12 15 57	jmdict
絶やす	12 51 57	15	12 51 57 | 12 51 57 | 15 51 57	jmdict
継ぐ	11 15 36	38	11 36 | 11 15 36 38 | 15 36	jmdict
綴じる	15	32 33	15 | 15 32 33 | 15	jmdict
綴る	32	31	31 32 | 32 | 32	jmdict
綻ぶ	15	30 51 57	15 | 15 30 51 57 | 15	jmdict
緊める	15	14	15 | 15 | 14 15	jmdict
緑がかる	15	13 51	15 51 | 15 | 13	jmdict
締めくくる	15	16	15 | 15 | 15 16	jmdict
締める	15	33 36	15 33 | 15 36 | 15	jmdict
締め上げる	15 35	36	15 36 | 15 35 | 15 35	jmdict
締め付ける	15 36	14	14 15 36 | 15 | 15 36	jmdict
締め出す	35	15	35 | 15 35 | 35	jmdict
編み上げる	15 32	33	15 32 | 32 33 | 15 32	jmdict
編み合わせる	11 15	32	11 15 | 11 15 | 15 32	jmdict
編む	32 33	15	32 33 | 15 32 | 32 33	jmdict
緩む	13 15	37	13 15 37 | 13 15 | 15	jmdict
緩める	15 16	19	15 16 | 15 16 19 | 15	jmdict
練り固める	15	30	15 | 15 | 15 30	jmdict
練り直す	15 32	30	15 32 | 15 32 | 15 30 32	jmdict
練り込む	15	32 51	15 | 15 32 | 15 51	jmdict
練れる	30	13 15 32	32 | 13 30 | 15 30	jmdict
縋りつく	15	35	15 35 | 15 | 15	jmdict
縋る	17 35	11 14	17 35 | 11 17 | 14 35	jmdict
縛り上げる	15	36	15 | 15 | 15 36	jmdict
縫い付ける	15	33	15 33 | 15 | 15	jmdict
縫い取る	32	33	32 | 32 | 32 33	jmdict
縫い止める	15	33	15 | 15 33 | 15	jmdict
縫い込む	15	33	15 | 15 | 15 33	jmdict
縫う	33	15 17	33 | 15 17 33 | 33	jmdict
縮かむ	15	56	15 56 | 15 | 15	jmdict
縮こまる	15 33	30	15 33 | 15 30 | 15 33	jmdict
縮む	15	19	15 | 15 | 15 19	jmdict
縮める	15 19	16	15 19 | 15 19 | 15 16	jmdict
縮らせる	15	19	15 | 15 | 15 19	jmdict
縺れる	15 35	11 13	11 15 | 13 15 35 | 15 35	jmdict
繁吹く	51	15	51 | 51 | 15 51	jmdict
繋がる	11	15	11 | 11 | 11 15	jmdict
繋ぐ	11 15	31 57	11 15 | 11 15 31 57 | 11 15	jmdict
織り上げる	32	33	32 | 32 33 | 32	jmdict
織り交ざる	11	15	11 15 | 11 | 11	jmdict
織り交ぜる	15	13	15 | 13 15 | 15	jmdict
織り合わせる	15	32	15 | 15 | 15 32	jmdict
織り込む	15	11 19 34	11 15 | 15 19 | 15 34	jmdict
繕い立てる	15	32 33	33 | 15 32 | 15	jmdict
繰り上がる	16	15	16 | 15 16 | 16	jmdict
繰り上げる	15 16	36	15 16 | 16 36 | 15 16	jmdict
繰り入れる	15 37	19	15 19 37 | 15 37 | 15 37	jmdict
繰り出す	15	17 36	15 36 | 15 | 15 17	jmdict
繰り合わせる	16	13 19	16 | 16 19 | 13 16	jmdict
繰り替える	15	16	15 16 | 15 | 15	jmdict
繰り越す	16	19	16 19 | 16 | 16	jmdict
纏まる	13 15	11 35	11 13 15 | 13 35 | 13 15	jmdict
纏める	15 31 35	11	15 31 35 | 15 31 35 | 11 15 31	jmdict
置き去る	15 35	17	15 17 | 15 35 | 15 35	jmdict
置き忘れる	30	15	30 | 30 | 15 30	jmdict
置き換える	15	11	15 | 11 15 | 15	jmdict
置き違える	11 17	15	11 15 | 11 17 | 11 17	jmdict
置く	17	15	15 17 | 17 | 17	jmdict
罹る	57	56	56 57 | 57 | 57	jmdict
群がる	17	15 35	17 | 15 17 | 17 35	jmdict
群れる	35	12	12 35 | 35 | 35	jmdict
群れ立つ	12	15 17 35	12 35 | 12 15 | 12 17	jmdict
群れ遊ぶ	33	35	33 35 | 33 | 33	jmdict
群れ集まる		12 15 35	12 | 15 | 35	jmdict
群れ飛ぶ	15	57	15 | 15 57 | 15	jmdict
羽ばたく	15	56	15 | 15 56 | 15	jmdict
習わす	30 31	33	30 31 | 30 31 | 30 33	jmdict
習慣づける	15	33	15 | 15 | 33	jmdict
翳す	15 33	17	15 17 | 33 | 15 33	jmdict
翻す	15 30	17 50	15 | 15 17 30 50 | 15 30	jmdict
翻る	15	50	15 50 | 15 | 15	jmdict
老いさらばえる	57	15	15 57 | 57 | 57	jmdict
老いぼれる	57	56	57 | 56 57 | 57	jmdict
老い込む	57	15	15 57 | 57 | 57	jmdict
老け込む	57	15	15 57 | 57 | 57	jmdict
考えすぎる	30	19	30 | 30 | 19 30	jmdict
考え合わせる	30	11	30 | 11 30 | 30	jmdict
耐える	14	13	14 | 14 | 13 14	jmdict
耐え忍ぶ	14	13	14 | 13 14 | 14	jmdict
耳慣れる	13	30	30 | 13 | 13	jmdict
聞きかじる	30	31	30 31 | 30 | 30	jmdict
聞きそびれる	31 34	16 30	31 34 | 30 34 | 16 31	jmdict
聞きとがめる	31 35	30	30 31 | 31 35 | 31 35	jmdict
聞きなれる	13	30	13 | 13 | 30	jmdict
聞き入る	31	30	30 31 | 31 | 31	jmdict
聞き入れる	35	30	30 35 | 35 | 35	jmdict
聞き出す	31	35	31 | 31 35 | 31	jmdict
聞き取る	31 56	30	31 56 | 31 | 30 31 56	jmdict
聞き合わせる	31	11	11 31 | 31 | 31	jmdict
聞き尽くす	31	15	31 | 15 31 | 31	jmdict
聞き届ける	31 34	36	31 34 | 31 36 | 31 34	jmdict
聞き捨てる	31	34	31 | 31 34 | 31	jmdict
聞き損なう	31 34	30	31 34 | 30 34 | 31	jmdict
聞き漏らす	31	30 34	31 34 | 31 | 30	jmdict
聞き澄ます	30	31 56	30 | 30 56 | 31	jmdict
聞き直す	31	15	31 | 31 | 15 31	jmdict
聞き落とす	31	34	31 | 31 | 31 34	jmdict
聞き覚える	30	31	30 | 30 31 | 30	jmdict
聞き込む	31	30	30 31 | 31 | 31	jmdict
聞き返す	31	35	31 35 | 31 | 31	jmdict
聞き過ごす	31	30	31 | 31 | 30 31	jmdict
聞き違う	30 31	11	30 31 | 11 31 | 30 31	jmdict
聞き違える	30 31	11	30 31 | 11 31 | 30 31	jmdict
聞き間違える	31	30	31 | 31 | 30 31	jmdict
聞く	31 56	34	31 34 56 | 31 56 | 31 56	jmdict
聞こし召す	31	33	31 | 31 | 31 33	jmdict
聳える	17	12	17 | 17 | 12 17	jmdict
聳やかす	15	17 33 56	15 | 33 | 15 17 56	jmdict
肖る	11 37	30	11 30 | 11 37 | 11 37	jmdict
肥え太る	57	15 56	56 57 | 15 57 | 57	jmdict
肥やす	15 57	30 51	15 30 51 57 | 15 | 15 57	jmdict
肯んずる		10 30 35	35 | 10 | 30	jmdict
育て上げる	33 57	15	57 | 15 33 57 | 33 57	jmdict
育む	57	33	33 57 | 57 | 57	jmdict
能う	13	14	13 | 13 14 | 13	jmdict
脅かす	35	30	35 | 35 | 30 35	jmdict
脅しつける	35	36	35 36 | 35 | 35	jmdict
脱がす	15 33	56	15 33 | 15 33 | 15 56	jmdict
脱ぎ散らかす	33	15	33 | 15 33 | 33	jmdict
腐す	31	35 51	31 | 35 | 31 51	jmdict
腐る	15 51	30	15 51 | 51 | 15 30 51	jmdict
腑抜ける	30	14	14 30 | 30 | 30	jmdict
腫れ上がる	56	15	56 | 15 56 | 56	jmdict
膨らせる	15	19	15 19 | 15 | 15	jmdict
膨らます	15 19	30	15 19 30 | 15 19 | 15 19	jmdict
膨らむ	15 19	30	15 19 | 15 19 30 | 15 19	jmdict
膨れる	15 19	30	15 19 | 15 19 30 | 15 19	jmdict
膿む	57	56	57 | 57 | 56	jmdict
臥す	33 56	57	33 56 | 56 57 | 33	jmdict
臥せる	33	56	56 | 33 | 33	jmdict
臨む	17 35	34	17 34 | 17 35 | 35	jmdict
舁き上げる	15	17	15 | 15 | 15 17	jmdict
興ずる	30	33	30 33 | 30 | 30	jmdict
舐めずる	56	15	56 | 56 | 15 56	jmdict
舐め上げる	15	35 56	15 35 | 15 56 | 15	jmdict
舐め回す	56	15	56 | 56 | 15 56	jmdict
舐め腐る	35	36	35 36 | 35 | 35	jmdict
舞い上がる	15 30	17	15 17 30 | 15 30 | 15 30	jmdict
舞い戻る	15	17	15 | 15 17 | 15	jmdict
舞い立つ	15	17	15 | 15 17 | 15	jmdict
舞い落ちる	15	17	15 | 15 17 | 15	jmdict
舞い躍る	33	15	33 | 15 33 | 33	jmdict
舞い込む	15	12 17	12 15 | 15 | 15 17	jmdict
舞う	15 33	32 50	15 33 | 15 33 | 32 50	jmdict
舫う	17	15 33	17 | 15 17 | 33	jmdict
色めく	30	13 15	30 | 13 30 | 15 30	jmdict
色付ける	15 32	57	15 32 57 | 15 32 | 15 32	jmdict
色気づく	30	57	30 | 30 | 30 57	jmdict
色褪せる	15 51	13 30	15 51 | 15 30 51 | 13 51	jmdict
艶めく	13	15	13 | 13 | 15	jmdict
芋る	33	17	33 | 33 | 17	jmdict
芝居がかる	13	32 33	13 | 13 32 | 33	jmdict
苛む	30 35	14	14 35 | 30 | 30 35	jmdict
苛立てる	30	35	30 | 30 35 | 30	jmdict
若やぐ	15	13	15 | 13 15 | 15	jmdict
若気る	33	15	33 | 15 | 33	jmdict
苦しめる	30	14 35	30 35 | 30 | 14 30	jmdict
苦る	30	33	30 33 | 30 | 30	jmdict
苦労し抜く	34	13 14 33	14 33 | 13 34 | 34	jmdict
茶化す	35	31	31 35 | 35 | 35	jmdict
茹でこぼす	15 33	51	15 51 | 15 33 | 15 33	jmdict
茹で上げる	15 33	51	15 51 | 15 33 | 15 33	jmdict
草生える	57	30	30 57 | 57 | 57	jmdict
荒げる	31	30	31 | 30 31 | 31	jmdict
荒ぶる	30	13	13 30 | 30 | 30	jmdict
荒む	30	15	15 30 | 30 | 30	jmdict
荒らす	15	34 35	15 | 15 35 | 15 34	jmdict
荒れる	13 50 56	30 35 51	13 51 56 | 13 50 56 | 13 30 35 50 56	jmdict
荒立つ	35	15 50	15 35 | 35 50 | 35	jmdict
萎える	15 30	57	15 30 | 15 30 | 30 57	jmdict
萎む	15 57	30	15 57 | 15 | 15 30 57	jmdict
落ちぶれる	15	34	15 | 15 | 15 34	jmdict
落ち延びる	15	34	15 34 | 15 | 15	jmdict
落ち着ける	30	13	30 | 13 30 | 30	jmdict
落ち窪む	15	17	15 17 | 15 | 15	jmdict
落ち込む	15 30	19	15 30 | 15 30 | 15 19 30	jmdict
落っこちる	15	34	15 | 15 | 15 34	jmdict
落っこる	15	34	15 | 15 | 15 34	jmdict
落とす	15 34	19 30 37	15 34 | 15 19 30 34 37 | 15 34	jmdict
葺き替える	15	38	15 | 15 38 | 15	jmdict
葺く	38	15 33	38 | 15 | 33 38	jmdict
蒸かす	15	33 51	15 | 33 | 15 51	jmdict
蒸す	51	15 33	15 51 | 51 | 33 51	jmdict
蔓延る	12	15 50 57	12 | 12 50 | 15 57	jmdict
蕩ける	30 51	15	30 51 | 30 51 | 15 51	jmdict
薄らぐ	15	13	13 15 | 15 | 15	jmdict
薄れ行く	15	12 19 30	12 15 | 15 19 | 15 30	jmdict
薫く	51	15	51 | 15 51 | 51	jmdict
薫ずる	51	50	51 | 50 51 | 51	jmdict
藻掻く	14 15	33	14 15 | 14 15 | 33	jmdict
蘇る	30 57	12 15	12 30 57 | 30 57 | 15 57	jmdict
蝕む	15	56 57	15 56 | 15 57 | 15	jmdict
行きそびれる	16 34	15	15 16 34 | 16 34 | 16	jmdict
行き交う	15 17	35	15 35 | 15 17 | 15 17	jmdict
行き付ける	33	17	17 33 | 33 | 33	jmdict
行き当たる	15	17	15 | 15 17 | 15	jmdict
行き掛かる	15	17	15 | 15 | 15 17	jmdict
行き損なう	34	15	34 | 34 | 15 34	jmdict
行き暮れる	16 17	15 30	30 | 15 16 17 | 16 17	jmdict
行き渡る	17	15	17 | 17 | 15 17	jmdict
行き詰まる	13	15	13 15 | 13 | 13	jmdict
行き遅れる	16	35	16 | 16 35 | 16	jmdict
行き違う	11 17	15 35	11 15 | 11 17 | 17 35	jmdict
行く	15 17	34	15 | 15 17 34 | 15 17	jmdict
行われる	34	12	34 | 12 | 34	jmdict
衒う	33	34	34 | 33 | 33	jmdict
衒らかす	33	31	31 | 33 | 33	jmdict
衰える	15	14 57	14 15 | 15 57 | 15	jmdict
衰え果てる	15	14	14 15 | 15 | 15	jmdict
被く	33	37	33 | 33 37 | 33	jmdict
被ける	36	11 15	11 36 | 15 36 | 36	jmdict
被す	15	17 36	15 17 | 15 36 | 15	jmdict
被せる	15 36	17	15 36 | 15 17 | 15 36	jmdict
被る	33 34	11	33 34 | 11 33 34 | 33 34	jmdict
裁ち出す	15	38	15 38 | 15 | 15	jmdict
装る	10 33	30	30 33 | 10 33 | 10 33	jmdict
裏返す	15	17	15 | 15 17 | 15	jmdict
補い合う	19 35	11	11 19 | 19 35 | 19 35	jmdict
褒め歌う	32 36	31	32 36 | 31 32 36 | 32 36	jmdict
褒め殺す	36	31	31 36 | 36 | 36	jmdict
襲い攻める	35	15	35 | 15 35 | 35	jmdict
要る	13	19	13 | 19 | 13	jmdict
覆う	15	17	15 | 15 17 | 15	jmdict
覆す	15	10 34	15 34 | 10 15 | 15	jmdict
覆る	15	36	15 | 15 | 15 36	jmdict
見える	12 30	13 17	12 30 | 12 13 30 | 12 17	jmdict
見え透く	10	30	10 | 10 | 10 30	jmdict
見せつける	31 33	35	33 | 31 35 | 31 33	jmdict
見せびらかす	31	35	35 | 31 | 31	jmdict
見つける	30	34	30 | 30 34 | 30	jmdict
見つけ出す	30	12	12 30 | 30 | 30	jmdict
見つめる	30	33	30 | 30 | 33	jmdict
見つめ返す		30 33 35 56	30 | 56 | 33 35	jmdict
見とる	30	56	30 | 30 56 | 30	jmdict
見れる	30	14	30 | 30 | 14 30	jmdict
見上げる	17 33	56	17 33 | 17 33 | 17 56	jmdict
見下す	17 30	36	17 36 | 17 30 | 17 30	jmdict
見下ろす	17 30	56	17 30 | 17 30 | 17 56	jmdict
見交わす	35	33	33 35 | 35 | 35	jmdict
見合う	11 35	13	11 13 | 11 35 | 11 35	jmdict
見合わす	11	16 35	11 16 | 11 | 11 35	jmdict
見合わせる	16 35	11 33	16 35 | 11 16 33 | 16 35	jmdict
見回す	17	30 33	17 33 | 17 30 | 17	jmdict
見回る	17 33	15	15 17 33 | 17 | 33	jmdict
見失う	30	17	17 30 | 30 | 30	jmdict
見守る	30	33 35	30 35 | 33 | 30	jmdict
見尽くす	30	15	15 30 | 30 | 30	jmdict
見張る	36	33	33 36 | 36 | 36	jmdict
見慣れる	30	13	30 | 13 | 30	jmdict
見抜く	30	10	30 | 30 | 10 30	jmdict
見据える	30	17 56	17 30 | 30 56 | 30	jmdict
見損なう	30	56	30 | 30 56 | 30	jmdict
見損ねる	30	34	30 | 30 | 30 34	jmdict
見果てる	15	30	15 | 15 | 15 30	jmdict
見渡す	17	56	17 | 17 | 17 56	jmdict
見直す	30	15	15 30 | 30 | 30	jmdict
見聞く	30	56	30 56 | 30 | 30	jmdict
見舞われる	35 50	57	50 57 | 35 50 | 35 50	jmdict
見誤る	30	10	30 | 10 30 | 30	jmdict
見識張る	33	30	30 | 33 | 33	jmdict
見返す	17 30 35	15	17 30 35 | 15 30 35 | 17 30 35	jmdict
見返る	33	15 17	17 | 33 | 15 33	jmdict
見送る	16 35	15 33	15 35 | 16 33 35 | 16 35	jmdict
見逃す	30 36	34	30 34 | 30 36 | 30 36	jmdict
見違う	11 30	15	30 | 11 30 | 11 15	jmdict
見違える	11	15	11 | 11 | 11 15	jmdict
見開く	15 56	32	15 56 | 15 32 56 | 15 56	jmdict
見間違う	30	11	30 | 30 | 11 30	jmdict
見間違える	11 30	10	11 | 11 30 | 10 30	jmdict
視える	56	12 30	56 | 12 56 | 30	jmdict
覗き見る	30	33	33 | 30 | 30	jmdict
覗き込む	17	15 56	17 56 | 15 17 | 17	jmdict
覗く	33	17 56	17 56 | 33 | 33	jmdict
覚ます	15 57	56	15 57 | 15 57 | 15 56	jmdict
角張る	15	13	13 | 15 | 15	jmdict
角目立つ	13	35	13 | 35 | 13	jmdict
角立つ	35	13	13 35 | 35 | 35	jmdict
角立てる	35	15	35 | 35 | 15 35	jmdict
解き放す	15	34 36	15 36 | 15 | 15 34	jmdict
解き放つ	15	36	15 36 | 15 | 15	jmdict
解き明かす	30	31	30 | 30 31 | 30	jmdict
解く	15 30	31	15 30 31 | 15 30 | 15 30	jmdict
解ける	15 30	13 51	15 30 | 15 30 51 | 13 15	jmdict
解け合う	11	13 15 35	13 | 11 35 | 11 15	jmdict
解す	15	30	15 | 15 30 | 15	jmdict
解れる	15 30	13	15 30 | 15 30 | 13 15	jmdict
触れさせる	15 56	33	15 56 | 33 | 15 56	jmdict
触れる	31 56	11 34 35	11 31 56 | 31 35 56 | 31 34 56	jmdict
言いかねる	31	30	31 | 30 31 | 31	jmdict
言いこなす	31	13	31 | 13 31 | 31	jmdict
言いそびれる	31 34	16	31 | 31 34 | 16 31 34	jmdict
言いつかる	36	31	36 | 36 | 31 36	jmdict
言いのける	31	34	31 34 | 31 | 31	jmdict
言いよどむ	31	13 16	31 | 16 31 | 13 31	jmdict
言い切る	31	15	31 | 15 31 | 31	jmdict
言い含める	31	36	31 | 31 | 31 36	jmdict
言い張る	31	34	31 34 | 31 | 31	jmdict
言い渋る	31	13 30	31 | 30 31 | 13 31	jmdict
言い直す	31	15	31 | 31 | 15 31	jmdict
言い続ける	16 31	15	15 31 | 16 31 | 16 31	jmdict
言い聞かせる	31 36	34	31 36 | 31 34 | 31 36	jmdict
言い誤る	31	10	31 | 10 31 | 31	jmdict
言い諭す	31 36	35	31 35 | 31 36 | 31 36	jmdict
言い通す	31	34	31 | 31 34 | 31	jmdict
言い過ぎる	31	19	19 31 | 31 | 31	jmdict
言い違える	31	10	31 | 31 | 10 31	jmdict
言い間違える	31	34	31 | 31 | 31 34	jmdict
言わす	31	34 36	31 | 31 34 | 31 36	jmdict
訂す	15	31	15 | 15 | 15 31	jmdict
計らう	34 36	35	34 36 | 34 36 | 34 35	jmdict
計る	19	16 30	19 | 16 19 30 | 19	jmdict
討ち入る	15 35	17	15 35 | 15 35 | 17 35	jmdict
討ち果たす	35 57	34	35 57 | 34 57 | 35 57	jmdict
討ち滅ぼす	15	34 35 57	15 57 | 15 34 | 15 35	jmdict
討ち漏らす	34	15 35	15 34 | 34 35 | 34	jmdict
託ける	34	31	31 34 | 34 | 34	jmdict
託つ	31	30	31 | 30 31 | 31	jmdict
訪ねる	35	31	31 35 | 35 | 35	jmdict
許す	35 36	34	35 36 | 34 35 | 35 36	jmdict
訴えかける	31	30 35	31 | 30 31 | 31 35	jmdict
診せる	56	33	56 | 56 | 33 56	jmdict
証拠だてる	10	31	10 | 10 31 | 10	jmdict
詐欺る	35 37	34	34 37 | 35 37 | 35 37	jmdict
評す	30	31	30 | 30 | 30 31	jmdict
詠ずる	32	31	32 | 31 32 | 32	jmdict
詣でる	33	15	33 | 15 33 | 33	jmdict
試す	34	30	34 | 34 | 30 34	jmdict
詰ます	35	13 15	15 35 | 13 35 | 35	jmdict
詰まらせる	15	17 31	15 | 15 17 31 | 15	jmdict
詰まる	15 19 31	12 13 56	13 15 19 31 56 | 15 | 12 19 31	jmdict
詰める	15 17 19	16 31 33 35 38	15 16 17 19 31 33 | 15 | 15 17 19 35 38	jmdict
詰め掛ける	17	15 35	17 35 | 17 | 15 17	jmdict
認め合う	11 35	10	11 35 | 11 35 | 10 35	jmdict
誘い込む	15 35	17	15 35 | 15 35 | 17 35	jmdict
語らしめる	31	14	31 | 14 31 | 31	jmdict
語り古す	31	15	31 | 31 | 15 31	jmdict
誤る	10	30	10 30 | 10 | 10	jmdict
説き伏せる	31 35	36	31 | 31 35 | 31 35 36	jmdict
説き出す	31	35	31 | 31 35 | 31	jmdict
説き明かす	31	30	31 | 30 31 | 31	jmdict
説き聞かせる	31	34 35	31 | 31 35 | 31 34	jmdict
説き起こす	31	15	15 31 | 31 | 31	jmdict
説く	31	30 34	30 31 | 31 34 | 31	jmdict
読みきる	31	30	31 | 30 | 31	jmdict
読み合わせる	31	11 35	31 35 | 11 31 | 31	jmdict
読み損じる	31	10 30	30 31 | 10 31 | 31	jmdict
読み損なう	31	30 34	31 | 30 31 34 | 31	jmdict
読み替える	30 31	15	15 31 | 30 31 | 30 31	jmdict
読み破る	31	30	31 | 30 31 | 31	jmdict
読み継ぐ	31	15 30	31 | 30 | 15 31	jmdict
読み落とす	31	30 34	31 34 | 31 | 30	jmdict
読み進む	15 31	32	15 32 | 31 | 15 31	jmdict
読み過ごす	31	15 16 30	15 31 | 30 | 16 31	jmdict
読み飛ばす	31	15	15 31 | 31 | 31	jmdict
読める	31	13 30	30 31 | 31 | 13 31	jmdict
課す	34 36	37	36 | 34 36 | 34 36 37	jmdict
調べて置く	30	16	16 30 | 30 | 30	jmdict
調子付く	30	13 15	30 | 15 30 | 13 30	jmdict
諂う	35	36	35 | 35 | 36	jmdict
談ずる	31	35	31 | 31 | 31 35	jmdict
請い受ける	37	31 35	37 | 31 37 | 35 37	jmdict
請い求める	31	35 37	31 37 | 31 35 | 31	jmdict
諌める	35 36	31	31 35 | 35 36 | 36	jmdict
論じる	31	30 35	31 | 30 31 35 | 31	jmdict
論じ尽くす	31	30	31 | 30 31 | 31	jmdict
諳んずる	31	30	31 | 30 31 | 31	jmdict
謀る	30 34	35	30 34 | 30 35 | 30 34	jmdict
謙る	35	36	35 | 35 | 36	jmdict
謝る	35	31	31 35 | 35 | 35	jmdict
謳う	31	32	31 | 31 32 | 31	jmdict
議す	31	30 35	30 31 | 31 | 35	jmdict
譲り合う	35	34 37	35 | 35 37 | 34 35	jmdict
負う	15 34 56	14	14 34 56 | 15 34 56 | 15 34 56	jmdict
負ける	34	11 13 14 37	13 34 | 11 14 34 37 | 34	jmdict
負け越す	34	19	34 | 19 34 | 34	jmdict
負ぶう	15	33 34 56	33 | 15 56 | 15 34	jmdict
負ぶさる	33	11 35 56	33 35 | 33 56 | 11 33	jmdict
負ぶる	15 56	34	15 56 | 15 34 | 56	jmdict
貪り尽くす	33	15 19	15 33 | 33 | 19 33	jmdict
貪り食う		33 56 57	57 | 56 | 33	jmdict
貪り食らう	33	57	33 | 57 | 33	jmdict
貪る	33	30	33 | 30 33 | 33	jmdict
責める	35	36	35 36 | 35 | 35	jmdict
責め付ける	35	36	35 | 35 36 | 35	jmdict
責め苛む	35	30	35 | 30 35 | 35	jmdict
責め落とす	35	34	35 | 35 | 34 35	jmdict
責付く	36	34 35	36 | 36 | 34 35	jmdict
貯まる	19	37	19 37 | 19 | 19	jmdict
貶す	36	31 35	36 | 36 | 31 35	jmdict
貶める	36	15 35	35 36 | 36 | 15 36	jmdict
買いあおる	37	31 38	31 37 | 37 38 | 37	jmdict
買い切る	37	15	37 | 37 | 15 37	jmdict
買い揃える	37	19	19 37 | 37 | 37	jmdict
貸し下げる	37	15	37 | 15 37 | 37	jmdict
賄う	37	33 38	37 | 37 | 33 37 38	jmdict
賑あう	13	35	35 | 13 | 13	jmdict
賑わう	13	35 38	13 35 | 13 | 13 38	jmdict
賭す	34	37	37 | 34 | 34	jmdict
赤らむ	50 56	30	30 50 56 | 50 56 | 50 56	jmdict
赤らめる	30 56	15	15 56 | 30 56 | 30 56	jmdict
赤茶ける	15	51	15 51 | 15 | 15	jmdict
走りすぎる	15 16	19	15 19 | 15 16 | 15 16	jmdict
走り掛ける	15	17	15 | 15 17 | 15	jmdict
走り続ける	15	16 17 56	15 16 | 15 56 | 15 17	jmdict
走り込む	15	17 56	15 17 | 15 56 | 15	jmdict
起きる	12 56	33	12 56 | 12 56 | 12 33	jmdict
起き上がる	15 33	17	33 | 15 17 33 | 15 33	jmdict
起き直る	15	33 56	33 56 | 15 | 15	jmdict
起き返る	15	56 57	15 57 | 15 56 | 15	jmdict
起こす	15 38 56	12 33 34	12 15 38 56 | 15 34 38 56 | 15 33 38	jmdict
起つ	15 33	34	15 33 34 | 15 33 | 15 33	jmdict
越える	15 17 19	34	15 17 19 | 15 17 19 | 15 19 34	jmdict
越す	15 17 19	16	15 16 17 19 | 15 17 | 15 17 19	jmdict
足掻く	14	15	14 | 14 15 | 14	jmdict
跡づける	30	11	11 30 | 30 | 30	jmdict
跨る	17	16 33 56	17 | 16 17 33 | 17 56	jmdict
跳ねる	15	19 50 51	15 19 50 | 15 51 | 15	jmdict
跳ね回る	15	33	15 | 15 | 15 33	jmdict
跳ね起きる	15 33	56	15 33 | 15 33 | 15 33 56	jmdict
跳ね返る	15	17	15 | 15 | 15 17	jmdict
跳ね除ける	15 35	14 34	15 34 | 14 35 | 15 35	jmdict
踊らされる	36	33	36 | 36 | 33 36	jmdict
踊らす	15 36	33	15 36 | 15 36 | 33 36	jmdict
踊らせる	15 36	33	33 36 | 15 36 | 15 36	jmdict
踊り抜く	33	15 34	15 33 | 33 34 | 33	jmdict
踏まえる	30	17	17 30 | 30 | 30	jmdict
踏みこたえる	14	34	14 | 14 34 | 14	jmdict
踏みしだく	15	14	15 | 15 | 14 15	jmdict
踏みつける	15	14 56	14 15 | 15 56 | 15	jmdict
踏みとどまる	15	34	15 | 15 34 | 15	jmdict
踏みならす	15	33	15 | 15 33 | 15	jmdict
踏み出す	15 17	34	15 17 | 15 17 34 | 15 17	jmdict
踏み固める	15	14 33	15 33 | 14 15 | 15	jmdict
踏み外す	15 34	17	15 34 | 17 34 | 15 34	jmdict
踏み越える	15 17	34	15 17 34 | 15 17 | 15 17	jmdict
踏み越す	15 17	34	15 17 | 15 17 | 17 34	jmdict
踏み込む	15 17	30 35	15 17 30 35 | 15 17 | 15 17	jmdict
踏み違える	10 15	34	15 34 | 10 | 10 15	jmdict
踏む	15 34	30 33	15 33 34 | 15 30 34 | 15	jmdict
踏んづける	15	56	15 | 15 | 15 56	jmdict
踏ん反る	33	56	33 56 | 33 | 33	jmdict
踏ん張る	14	33	14 | 14 | 14 33	jmdict
蹌踉めく	33	15 56	33 | 15 56 | 33	jmdict
蹴っ飛ばす	15	56	15 56 | 15 | 15	jmdict
蹴り入れる	15	56	15 56 | 15 | 15	jmdict
蹴り出す	15	35	15 | 15 35 | 15	jmdict
蹴り殺す	15 57	56	15 56 57 | 15 57 | 15 57	jmdict
蹴り返す	15	35	15 | 15 35 | 15	jmdict
蹴立てる	15	14	14 15 | 15 | 15	jmdict
蹴躓く	15	13 34	15 | 13 15 | 15 34	jmdict
躄る	15 33	56	15 33 | 15 56 | 33	jmdict
躍り出る	15 17	12	15 17 | 12 15 17 | 15	jmdict
躙る	15	17	15 | 15 17 | 15	jmdict
身構える	33	34	33 | 33 34 | 33	jmdict
躱す	15	34 35	15 | 15 35 | 15 34	jmdict
軋み合う	35	15 50	35 | 15 35 | 35 50	jmdict
軋む	50	11	50 | 50 | 11 50	jmdict
軋る	15 50	51	15 50 | 15 51 | 50	jmdict
転がす	15	17	15 17 | 15 | 15	jmdict
転がり出る	15	12 17	15 | 15 17 | 12 15	jmdict
転がり落ちる	15	17	15 | 15 | 15 17	jmdict
転がり込む	15 17	37	15 17 | 15 | 15 17 37	jmdict
転げまわる	15	17	15 | 15 17 | 15	jmdict
転げ落ちる	15	17	15 | 15 17 | 15	jmdict
転じる	15	17	15 | 15 17 | 15	jmdict
転ずる	15	17	15 | 15 | 15 17	jmdict
転ばす	15	14	15 | 14 15 | 15	jmdict
転ぶ	15	56	15 | 15 56 | 15	jmdict
軽しめる	30	36	36 | 30 | 30	jmdict
載る	17 31	32	17 31 | 17 32 | 17 31	jmdict
輝かす	15	50 51	15 50 | 15 51 | 15	jmdict
輝く	50	52	50 52 | 50 | 50	jmdict
輪姦す	35	56	35 | 35 56 | 35	jmdict
轟かす	15 31	50 51	50 | 15 31 | 15 31 51	jmdict
轟き渡る	50	17	17 50 | 50 | 50	jmdict
轟く	50	51	50 | 50 51 | 50	jmdict
辞す	15 34	38	15 34 | 15 34 38 | 15 34	jmdict
辞めさせる	34 36	38	34 36 | 36 38 | 34 36	jmdict
辞める	15	33 38	15 38 | 15 | 15 33	jmdict
辱める	36	35	36 | 35 36 | 36	jmdict
込み入る	13 17	15	13 15 | 13 17 | 13 17	jmdict
込む	15 17 19	12	15 17 19 | 15 17 | 12 19	jmdict
辿る	17	11 15 16 30	17 30 | 11 16 17 | 15 17	jmdict
迎え撃つ	35	15	35 | 35 | 15 35	jmdict
近づく	16 17	15 35	16 17 | 15 16 17 | 16 17 35	jmdict
近寄せる	17	15	17 | 17 | 15 17	jmdict
返す	15 31 37	35	15 31 37 | 15 31 37 | 15 31 35 37	jmdict
返り咲く	34	15 57	15 34 | 34 57 | 34	jmdict
迫る	16 17 35	14 15	14 16 17 | 17 35 | 15 16 35	jmdict
迷わす	30	17 35	17 30 | 30 | 30 35	jmdict
迸しり出る	15 51	12	12 15 51 | 15 | 15 51	jmdict
迸る	15 50	51	15 51 | 15 50 | 15 50	jmdict
追いかける	15	17	15 | 15 17 | 15	jmdict
追いすがる	15 17	35	15 17 35 | 17 | 15	jmdict
追いつく	16	15 17	16 | 15 16 | 16 17	jmdict
追いまくる	15	35	15 | 15 | 15 35	jmdict
追いやる	15 35	17	15 35 | 15 17 | 15 35	jmdict
追い回す	15	35	15 35 | 15 | 15	jmdict
追い立てる	15 36	35	15 35 36 | 15 | 15 36	jmdict
追い落とす	15 36	34 35	15 36 | 15 35 36 | 15 34	jmdict
追い越す	15 16	17	15 17 | 16 | 15 16	jmdict
追い込む	15 35	14	15 35 | 15 35 | 14 15	jmdict
追う	15	16 17	15 | 17 | 15 16	jmdict
追っつく	16	17	16 | 16 17 | 16	jmdict
追っ払う	15 35	36	15 35 | 15 35 | 15 36	jmdict
追ん出る	15 36	17	36 | 15 36 | 15 17	jmdict
退かす	15 35	17	15 17 | 15 35 | 15 35	jmdict
退く	15 17	34	15 34 | 15 17 | 15 17	jmdict
退治る	15 34	57	15 34 57 | 34 | 15 34	jmdict
送りつける	15	31 35	15 | 15 31 | 15 35	jmdict
送り出す	15 35	38	15 35 | 15 | 15 35 38	jmdict
送り合う	15 35	31	31 35 | 15 35 | 15 35	jmdict
送り届ける	15	17	15 17 | 15 | 15	jmdict
送り返す	15	35	15 | 15 35 | 15	jmdict
逃げ惑う	15	30 33	15 33 | 15 | 15 30	jmdict
逃げ走る	15	17	15 | 15 17 | 15	jmdict
逃げ隠れる	15	12 17	15 | 15 17 | 12 15	jmdict
逃れる	15 34	17	15 17 34 | 15 34 | 15 34	jmdict
逃れ出る	15	17 34	15 17 | 15 | 15 34	jmdict
逆らう	35	34 36	35 | 35 36 | 34 35	jmdict
逆立つ	15 56	30	15 56 | 15 30 56 | 56	jmdict
逆立てる	15 56	30	15 56 | 15 56 | 15 30	jmdict
透き通る	13 51	15	13 51 | 13 51 | 13 15	jmdict
透く	15	13 17	13 | 15 | 15 17	jmdict
透けて写る	15 51	12	12 15 51 | 51 | 15	jmdict
透ける	51	15 17	51 | 17 | 15 51	jmdict
途切らす	15	12 31	12 15 | 15 | 15 31	jmdict
途切らせる	15	31	15 | 15 | 15 31	jmdict
途切れる	15	12	15 | 12 15 | 15	jmdict
這いずり回る	15	17	15 | 15 17 | 15	jmdict
這いつくばる	33	17	33 | 33 | 17 33	jmdict
這い上がる	15 17	34	15 17 | 15 17 34 | 15 17	jmdict
這う	15 56	17	15 56 | 15 | 15 17 56	jmdict
通いつめる	17	15 33	17 | 17 | 15 33	jmdict
通い慣れる	13 17	30	13 | 17 30 | 13 17	jmdict
通がる	30	33	30 | 30 33 | 30	jmdict
通じる	11 17 31	30	11 17 31 | 11 17 30 31 | 17 31	jmdict
通じ合う	11 31 35	30	11 31 | 11 31 35 | 30 35	jmdict
通ずる	11 17 31	30	11 17 30 31 | 11 17 31 | 11 17 31	jmdict
通りすがる	17	15	17 | 17 | 15 17	jmdict
通り合わせる	35	15	35 | 15 35 | 35	jmdict
連ねる	15 17 31	11 32	15 17 31 | 15 32 | 11 15 17 31	jmdict
連れる	17	35	35 | 17 | 17	jmdict
連れ合う	35	33	33 35 | 35 | 35	jmdict
連れ戻す	15	17 35	15 35 | 15 | 15 17	jmdict
連れ歩く	15 35	17 33	15 35 | 15 17 35 | 15 33	jmdict
連れ添う	35	33	35 | 33 35 | 35	jmdict
連れ立つ	17 35	15	17 35 | 15 35 | 17 35	jmdict
連れ込む	15 17	35	15 17 | 17 35 | 15 17	jmdict
進む	15 17	16	15 16 17 | 15 17 | 15 17	jmdict
進める	15 16	17 38	15 | 15 16 17 38 | 15 16	jmdict
逸す	17 34	15	15 17 34 | 17 34 | 34	jmdict
逸らす	15 17	31	15 17 | 15 31 | 15 17	jmdict
逸る	16 30	15	15 30 | 16 30 | 16 30	jmdict
逸れる	17	15 31 34	15 17 31 | 17 | 17 34	jmdict
遇す	36	35	36 | 35 | 36	jmdict
遊ばす	33	36	33 36 | 33 | 33	jmdict
遊ばせる	33	15 38	15 33 | 33 38 | 33	jmdict
遊びまわる	17 33	15	17 33 | 17 33 | 15 33	jmdict
運び出す	15	17	15 | 15 | 15 17	jmdict
運命づける	11	15	11 | 11 15 | 11	jmdict
過ぎる	15 16 19	17	15 16 19 | 16 17 19 | 15 16 19	jmdict
過ぎ行く	15 16	17	15 16 | 15 16 | 15 16 17	jmdict
過つ	34	10	10 | 34 | 34	jmdict
過疎る	15	12 19	15 19 | 15 | 12	jmdict
違える	11 34	10	10 11 34 | 11 34 | 11 34	jmdict
遠のく	15 17	16 30	15 17 | 16 17 30 | 15 17	jmdict
遠のける	15 17	35	15 17 35 | 15 17 | 15 17	jmdict
遣らす	36	34	36 | 34 | 36	jmdict
遣らせる	36	34	34 36 | 36 | 36	jmdict
遣り返す	35	15	35 | 15 35 | 35	jmdict
遣る	15 34 37	17 57	15 17 34 37 57 | 15 34 37 | 15 34 37	jmdict
遣わす	15	36	15 | 15 | 15 36	jmdict
適う	13	11	13 | 13 | 11 13	jmdict
遮る	15	31	15 31 | 15 | 15	jmdict
選び出す	30	34	30 34 | 30 | 30	jmdict
選び取る	30	34 37	34 | 30 | 30 37	jmdict
選び抜く	30	34	30 | 30 | 34	jmdict
選ぶ	30	34	30 | 30 34 | 30	jmdict
選りすぐる	30	34	30 | 34 | 30	jmdict
選り出す	34	30	34 | 34 | 30 34	jmdict
選り分ける	11 15	34	11 15 | 34 | 11 15	jmdict
遺す	15 37	12	15 37 | 12 | 15 37	jmdict
避ける	15	34 35	15 | 15 35 | 34	jmdict
邌る	15 17	16	15 | 15 17 | 16 17	jmdict
酌む	30 33	15	30 33 | 15 30 | 33	jmdict
配る		30 34 35 37	35 | 30 34 | 37	jmdict
酔いつぶれる	57	15 30	15 57 | 30 57 | 57	jmdict
酔う	30 56	57	30 56 | 30 56 | 30 57	jmdict
酔っ払う	56	57	56 | 56 | 57	jmdict
酔わす	30 57	15	30 57 | 15 30 | 30 57	jmdict
酔わせる	15 30 56	57	15 56 | 30 56 | 15 30 57	jmdict
醂す	15	51	15 | 15 51 | 15	jmdict
醸し出す	15	30	15 | 15 | 15 30	jmdict
醸す	15 51	38	15 38 | 15 51 | 15 51	jmdict
重ねる	15 19	16 17	15 19 | 15 16 17 19 | 15	jmdict
重ね合う	11 15	17	11 15 | 11 | 15 17	jmdict
重ね合わせる	11 15	17	15 | 11 15 | 11 15 17	jmdict
重る	19	13 15	15 19 | 19 | 13 19	jmdict
釣られる	35	15 30 37	30 37 | 15 35 | 35	jmdict
釣り上がる	15 19	56	19 56 | 15 19 | 15 19	jmdict
釣り上げる	15 37	19	15 37 | 15 37 | 15 19 37	jmdict
釣り合う	13	11 19	11 13 | 13 | 13 19	jmdict
釣る	15 35	37	15 35 | 15 37 | 15 35	jmdict
鈍す	15	14	15 | 15 | 14 15	jmdict
鈍らす	15	14	14 15 | 15 | 15	jmdict
鈍る	13 15	16	13 15 16 | 13 15 | 15	jmdict
銘じる	30	32	30 | 30 | 30 32	jmdict
銘ずる	30	32	30 32 | 30 | 30	jmdict
銘打つ	31	32	31 32 | 31 | 31	jmdict
鋳る	15 38	51	15 38 | 15 38 | 15 38 51	jmdict
鋳潰す	15 51	38	15 51 | 15 38 51 | 15 51	jmdict
鍛える	15	14 30 56	15 30 56 | 15 | 14 15	jmdict
鍛え上げる	15	30 33 34	15 33 | 15 34 | 15 30	jmdict
鍛え抜く	33	14 15 30	14 30 33 | 15 | 33	jmdict
鍛え直す	15 30	34	15 30 | 15 34 | 15 30	jmdict
長ける	13	14 34	14 | 13 34 | 13	jmdict
長ずる	13 30 57	15	13 15 30 | 13 57 | 30 57	jmdict
閉ざす	15 30	17	15 17 30 | 15 30 | 15 30	jmdict
閉じこもる	17	15	17 | 15 17 | 17	jmdict
閉じる	15	33 38	15 33 38 | 15 | 15	jmdict
閉じ込める	15 17	36	15 17 36 | 15 | 15 17	jmdict
閉める	15	17 38	15 | 15 17 38 | 15	jmdict
閊える	13 15	56	13 15 | 13 15 | 13 56	jmdict
開かる	15	12	15 | 15 | 12 15	jmdict
開かれる	15	12 32 33	12 15 | 15 33 | 15 32	jmdict
開き直る	30	35	30 | 30 35 | 30	jmdict
開く	15 38	17 30	15 17 | 15 38 | 15 30 38	jmdict
開けっ放す	15	17	15 | 15 17 | 15	jmdict
開ける	15	17	15 17 | 15 | 15	jmdict
間に合う	16	13	16 | 16 | 13 16	jmdict
間違える	10	11	10 11 | 10 | 10	jmdict
関わり合う	35	11	35 | 35 | 11 35	jmdict
閲す	30	31	30 | 31 | 30	jmdict
防ぐ	14	34	14 | 14 | 34	jmdict
降らせる	51	15 50	15 50 | 51 | 51	jmdict
降りかかる	15	12	12 15 | 15 | 15	jmdict
降り始める	15 50	51	15 51 | 15 50 | 15 50	jmdict
降り止む	15 50	51	15 51 | 15 50 | 15 50	jmdict
降り注ぐ	51	15 17 50	15 50 | 51 | 17 51	jmdict
降り積もる	51	15 19 50	19 51 | 50 | 15 51	jmdict
降り続く	51	15	51 | 51 | 15 51	jmdict
降り込む	17 51	50	51 | 17 50 | 17 51	jmdict
降り込める	50	15 17 51	15 50 | 17 51 | 50	jmdict
限る	19	11	19 | 19 | 11 19	jmdict
除く	15	11	11 15 | 15 | 15	jmdict
陰で動く		34 35 36	34 | 35 | 36	jmdict
陰る	30 50	15	30 50 | 15 30 50 | 50	jmdict
陳こびる	57	15	57 | 15 | 57	jmdict
陳ねる	15	16 57	15 16 | 57 | 15	jmdict
隈取る	32	15 33	32 | 32 33 | 15 32	jmdict
隔てる	17	11 15	11 17 | 17 | 15 17	jmdict
障る	13	56	13 | 13 56 | 13	jmdict
障子貼る	33	15	15 33 | 33 | 33	jmdict
隠し切れる		10 15 34	10 | 34 | 15	jmdict
隠し持つ	33 37	15	33 37 | 33 | 15 37	jmdict
隠し通す	34	10 15 17	10 34 | 17 34 | 15	jmdict
隠す		12 15 17 31	15 | 17 31 | 12	jmdict
隠れ伏す	17 33	12	17 33 | 17 33 | 12 33	jmdict
隠れ住む	12 33	17	12 33 | 17 33 | 12 33	jmdict
隣り合う	17	11	17 | 17 | 11 17	jmdict
隣り合わせる	17	11	17 | 11 17 | 17	jmdict
集まる	15	12 17	12 | 15 17 | 15	jmdict
集める	15 19	37	15 19 | 15 19 37 | 15 19	jmdict
集め始める	15	19 37	15 19 | 15 | 15 37	jmdict
集る	12 37	15 35	15 37 | 12 37 | 12 35	jmdict
離れる	11 15 17	35	11 15 | 11 15 17 | 15 17 35	jmdict
難じる	31 35	36	35 | 31 36 | 31 35	jmdict
零す	15 31	19	15 31 | 15 31 | 15 19 31	jmdict
震い付く	56	33 35	56 | 33 | 35 56	jmdict
震える	56	30	56 | 30 56 | 56	jmdict
震わす	15	30	15 | 15 30 | 15	jmdict
霜枯れる	57	51	57 | 57 | 51 57	jmdict
霞む	50 56	15	50 56 | 15 50 | 50 56	jmdict
霾る	51	50	51 | 51 | 50	jmdict
靄る	50	51	50 | 51 | 50	jmdict
青ざめる	56	15 57	56 | 56 57 | 15 56	jmdict
静まり返る	15	13	15 | 13 15 | 15	jmdict
静まる	13 15	30	13 15 | 13 15 | 15 30	jmdict
靡かす	15 35	36	15 36 | 15 35 | 15 35	jmdict
靡かせる	15 35	36	15 35 | 15 35 | 15 36	jmdict
靡く	15 35 50	51	15 35 50 | 35 51 | 15 35 50	jmdict
鞣す	15 38	51	15 38 51 | 15 38 | 15 38	jmdict
鞭打つ	15	35	15 | 15 | 15 35	jmdict
響かせる	15	31 50	15 31 | 15 | 15 50	jmdict
響きあう	13 50	11	13 50 | 13 50 | 11 50	jmdict
響く	30 50	15	30 50 | 15 30 | 30 50	jmdict
響めく	50	31 35	31 50 | 50 | 35	jmdict
頂く	33 37	56	33 37 | 33 37 | 37 56	jmdict
順序だてる	16	15	16 | 15 | 16	jmdict
頬張る	56	33	33 56 | 56 | 56	jmdict
頻る		16 50 51	51 | 50 | 16	jmdict
頼む	31 35	36	31 35 | 31 35 36 | 35	jmdict
頼りに出来る	13	11	13 | 11 | 13	jmdict
頼る	11	14	14 | 11 | 11	jmdict
願い下げる	34	10 35	34 | 35 | 10 34	jmdict
願い求める	31	30	31 | 31 | 30 31	jmdict
類える	11	30	11 | 11 30 | 11	jmdict
顧みる	30	17	30 | 17 30 | 30	jmdict
顰める	33	30 56	30 33 | 56 | 33	jmdict
風立つ	51	15	15 51 | 51 | 51	jmdict
飛ばす	15	16 17	15 16 17 | 15 | 15	jmdict
飛びつく	15	30 37	15 | 15 30 | 15 37	jmdict
飛び上がる	15	17	15 | 15 17 | 15	jmdict
飛び乗る	15	17	15 | 15 17 | 15	jmdict
飛び出る	15 17	12	15 17 | 12 15 17 | 15 17	jmdict
飛び翔る	15	17	17 | 15 | 15	jmdict
飛び起きる	15	33 56 57	15 56 | 15 33 | 15 57	jmdict
飛び跳ねる	15	33	15 | 15 | 15 33	jmdict
飛び違う	17	15	15 17 | 17 | 17	jmdict
飛び離れる	11 17	15	17 | 11 15 17 | 11 17	jmdict
食いしばる	56	14 30	14 56 | 56 | 30 56	jmdict
食いすぎる	19 57	33	19 57 | 57 | 19 33	jmdict
食いちぎる	15	56	15 | 15 | 15 56	jmdict
食いつく	56	15 30 35	56 | 15 | 30 35 56	jmdict
食い下がる	35	34	35 | 35 | 34	jmdict
食い倒す	33 37	56	33 37 | 33 37 | 56	jmdict
食い切る	15	33 56	15 56 | 15 33 | 15	jmdict
食い尽くす	19 33	56	19 33 | 33 | 19 56	jmdict
食い延ばす	16	19	16 | 16 19 | 16	jmdict
食い散らかす	33	56	33 | 33 | 33 56	jmdict
食い散らす	33	15 57	33 | 33 | 15 57	jmdict
食い残す	33	15	15 | 33 | 33	jmdict
食い繋ぐ	33	37 57	33 37 | 33 57 | 33	jmdict
食い荒らす	15	33 56	15 | 15 56 | 15 33	jmdict
食い詰める	33	19 37	33 37 | 33 | 19 33	jmdict
食い逸れる	19 33	57	19 33 | 57 | 19 33	jmdict
食い齧る	33 56	57	33 56 | 56 57 | 33 56	jmdict
食う	33	56 57	33 57 | 33 56 | 33	jmdict
食える	33	38 56	33 | 33 | 38 56	jmdict
食す	33	56 57	33 | 33 56 | 57	jmdict
食べられる	33	57	57 | 33 | 33	jmdict
食べ付ける	33	57	57 | 33 | 33	jmdict
食べ合わせる	33	11 15	11 33 | 33 | 15	jmdict
食べ始める	15 57	33	15 33 | 15 57 | 15 57	jmdict
食べ尽くす	19 33	15	19 33 | 15 33 | 19 33	jmdict
食べ慣れる	13	33	13 | 13 33 | 13	jmdict
食べ散らす	33	15 56 57	33 57 | 15 33 | 33 56	jmdict
食べ歩く	17 33	15	17 33 | 15 33 | 17 33	jmdict
食べ残す	15 33	19	15 33 | 19 33 | 15	jmdict
食べ比べる	11	33 56 57	11 57 | 11 33 | 11 56	jmdict
食べ過ぎる	19 56	33	19 33 | 19 56 | 19 56	jmdict
食べ飽きる	30	57	30 | 30 57 | 30	jmdict
食む	33	56	33 | 56 | 33	jmdict
食らいつく	35 56	14 33	14 35 56 | 33 56 | 35 56	jmdict
食らう	33	15 34 35	33 34 | 15 33 | 33 35	jmdict
食らわす	15 35	14	15 35 | 15 35 | 14 35	jmdict
食わす	33	35 57	33 | 33 57 | 33 35	jmdict
食わせる	33 35 57	56	33 35 57 | 35 57 | 33 35 56	jmdict
食われる	57	33 34 56	34 57 | 56 57 | 33	jmdict
飢え凍える	51 57	56	51 57 | 56 57 | 51 57	jmdict
飲ます	56	34	56 | 56 | 34 56	jmdict
飲ませる	56	15 34	56 | 34 56 | 15 56	jmdict
飲まれる	15 30	56 57	15 30 56 | 15 30 57 | 15 30	jmdict
飲みかける	15	33 56	15 | 15 33 | 15 56	jmdict
飲みすぎる	19	33 56	56 | 19 33 | 19	jmdict
飲みつぶれる	57	15 33 56	15 57 | 57 | 33 56	jmdict
飲みなおす	33	15 57	15 33 | 57 | 33	jmdict
飲み下す	56	30	56 | 56 | 30 56	jmdict
飲み付ける	33	13 56	13 | 33 | 33 56	jmdict
飲み倒す	37	33	33 37 | 37 | 37	jmdict
飲み回る	15 33	17	17 33 | 15 33 | 15 33	jmdict
飲み始める	15	33 56 57	15 33 | 15 57 | 15 56	jmdict
飲み明かす	33	16	33 | 16 33 | 33	jmdict
飲み止す	15	33	15 | 15 33 | 15	jmdict
飲む	56	33 35	33 | 35 56 | 56	jmdict
飲める		33 56 57	33 | 56 | 57	jmdict
飼いならす	36	57	36 57 | 36 | 36	jmdict
飼う	33	57	33 | 33 57 | 33	jmdict
飽かす	30	13	13 30 | 30 | 30	jmdict
飽き足りる	30	19	30 | 30 | 19 30	jmdict
飾り立てる	32	33	33 | 32 | 32	jmdict
養う	33 57	30	30 33 57 | 33 57 | 33 57	jmdict
首切る	15 36 56	57	15 36 56 | 36 56 | 15 36 57	jmdict
馳せる	15 30	17	15 17 30 | 30 | 15 30	jmdict
馴染ませる	13 15	30	13 15 | 13 15 | 13 30	jmdict
馴染む	13	35	13 | 13 | 13 35	jmdict
駆けつける	15 17	16	15 17 | 16 17 | 15 17	jmdict
駆け出す	15	17	15 | 15 | 15 17	jmdict
駆け回る	15	17	15 | 15 | 15 17	jmdict
駆り立てる	14	15 35	14 | 14 | 14 15 35	jmdict
駐める	17	15	15 17 | 17 | 17	jmdict
騒がせる	35	15	35 | 15 35 | 35	jmdict
騒がれる	35	30 31 33	30 31 | 35 | 33 35	jmdict
騒ぎ出す	15 35	33	15 33 | 15 35 | 15 35	jmdict
騒ぎ立てる	33	35	33 | 33 35 | 33	jmdict
騒ぐ	33	30	30 33 | 33 | 33	jmdict
騒つく	30 35	15 50	30 35 | 15 30 | 35 50	jmdict
騒めく	33 50	35	33 35 | 50 | 33 50	jmdict
騙す	35	34	35 | 35 | 34 35	jmdict
騙る	31 35	10	31 35 | 10 35 | 31 35	jmdict
骨折る	34	33 56	34 56 | 34 | 33	jmdict
高じる	15	13 30	13 15 | 15 30 | 15	jmdict
高すぎる	19	17	19 | 17 19 | 19	jmdict
高まる	15 30	19	15 30 | 15 30 | 15 19 30	jmdict
高める	15	19	15 | 15 19 | 15	jmdict
高鳴る	30 56	57	30 56 | 30 57 | 30 56	jmdict
魅せる	30	32	30 | 30 32 | 30	jmdict
魘われる	30	57	30 57 | 30 | 30	jmdict
鳥肌立つ	56	30	30 56 | 56 | 56	jmdict
鳴きたてる	57	31 50	31 57 | 50 | 57	jmdict
鳴き交わす	35	31 50	35 | 35 50 | 31 35	jmdict
鳴き出す	15 57	31	15 57 | 15 57 | 15 31	jmdict
鳴き止む	15 50	31	15 50 | 15 50 | 15 31	jmdict
鳴き頻る	31	50	31 | 50 | 31	jmdict
鳴く	31	50	31 | 31 | 50	jmdict
鳴らす	15	50	15 | 15 50 | 15	jmdict
鳴り渡る	50	15	50 | 50 | 15 50	jmdict
鴨る	35 37	34	35 37 | 34 35 | 35 37	jmdict
黄昏れる	30 52	50	30 50 | 30 52 | 52	jmdict
黒む	15	51	15 | 15 | 15 51	jmdict
黴びる	51	15	51 | 15 51 | 51	jmdict
齧る	30 56	15	56 | 30 56 | 15 30 56	jmdict
